"","logFC","AveExpr","t","P.Value","adj.P.Val","B"
"ENSG00000163710",10.0603416827753,-2.82565087805375,17.6573722871064,1.5274077439963e-26,6.14048461241395e-22,46.3146736628845
"ENSG00000254649",7.06392772308467,-5.06157936858648,16.0168993089348,2.72729456500446e-24,5.48213480511547e-20,39.5341486073687
"ENSG00000123119",8.60724697722394,-4.29659444838221,15.2883104815888,3.02828823154188e-23,4.05810811614823e-19,39.6997342362416
"ENSG00000112333",7.49158956826507,-4.45853042222142,12.8121995798288,1.78684420689676e-19,1.79586777014159e-15,31.1386775819159
"ENSG00000254420",7.51613873698118,-3.71305294704028,11.8859613032896,5.61752199405156e-18,4.51671238409721e-14,28.3847671367827
"ENSG00000272396",7.94958873584351,-4.35497347560999,11.7134119786909,1.08037369645771e-17,7.23886389083216e-14,28.0325144324086
"ENSG00000134851",2.86063128991382,4.10846645132014,11.6714148971422,1.26747546772883e-17,7.27929267909063e-14,29.540808510393
"ENSG00000168615",3.44737912049191,3.31368475171968,11.4464738104145,2.99238939336896e-17,1.50375047990274e-13,28.1719832567178
"ENSG00000130779",1.86282493334294,5.6753425258028,11.3879071856096,3.74609327431722e-17,1.6733382423789e-13,28.7160139397476
"ENSG00000068024",2.25468145236,5.89384569243066,11.1520002281421,9.29602868261379e-17,3.7371894509844e-13,27.8187164718698
"ENSG00000279400",6.61303667499653,-5.06605225713817,11.1091830136812,1.09707181160565e-16,3.80322838165704e-13,25.0294781559472
"ENSG00000091436",2.83935757665608,3.51339304003573,11.0605818107508,1.32433896256016e-16,3.80545178265613e-13,26.8554902640781
"ENSG00000095203",7.85856125901939,-4.65703983639437,11.0604110727747,1.32521578421934e-16,3.80545178265613e-13,25.9198400650287
"ENSG00000169554",1.92436818581043,6.41220428445416,10.8631122965601,2.85355445730758e-16,7.64790641951195e-13,26.6320753113926
"ENSG00000150403",2.6631265314673,4.91917618413331,10.8090580982508,3.52346382501532e-16,8.85314329332911e-13,26.4505831277994
"ENSG00000124788",1.92563761688816,5.45901536658508,10.773441232297,4.04939652627559e-16,9.57610818525478e-13,26.372983781941
"ENSG00000103994",1.73115551631466,6.5826846919198,10.6176720555818,7.45296479068318e-16,1.66457828063914e-12,25.6482134730669
"ENSG00000100485",2.29412641577862,5.64672638937897,10.5194924475219,1.09619102049147e-15,2.31942481083148e-12,25.3902505233251
"ENSG00000093167",1.81411470326224,5.38179703762598,10.4671771525556,1.34693309828953e-15,2.70747022087178e-12,25.1897462348475
"ENSG00000198363",3.64442520122825,3.99033391576178,10.4318396168889,1.54825408853187e-15,2.92624054334092e-12,24.867924706581
"ENSG00000188786",2.37155844478614,5.49847929883681,10.4020948494826,1.74103069726211e-15,3.0431702648405e-12,24.9401605996171
"ENSG00000111817",2.4822850478562,4.62536068293795,10.3599800631464,2.05603842274584e-15,3.44403569463451e-12,24.6945473179925
"ENSG00000051382",1.86154668278418,4.63264196753211,10.2559637166005,3.10271328908447e-15,4.98941118591095e-12,24.3030429634587
"ENSG00000170832",1.76346781736524,6.27093576548726,10.1062304755196,5.62080848320447e-15,8.69106702468408e-12,23.7189766967493
"ENSG00000231123",6.81564280312505,-3.68054047818865,10.0593740640078,6.77240203843892e-15,1.00838558055304e-11,21.247336258499
"ENSG00000119318",1.72080235108116,6.47269607015654,10.0298630462185,7.61672294675188e-15,1.05588791691489e-11,23.423705790656
"ENSG00000153250",2.08155781520332,6.02749711751951,9.95841049690865,1.01264061134657e-14,1.35320196711781e-11,23.1627901897842
"ENSG00000183578",7.4805167772365,-4.44564639327959,9.95089500119397,1.0434620412082e-14,1.35320196711781e-11,21.4871368300675
"ENSG00000185219",1.57879315870762,5.63161146111094,9.94082117418385,1.08626049428301e-14,1.36468263722392e-11,23.1322102649221
"ENSG00000182831",1.62815661604475,6.32429159876096,9.92164140664658,1.17268745921542e-14,1.41503303959669e-11,22.9755669443475
"ENSG00000138594",1.65158786821291,5.70051751279276,9.916557403768,1.19673457405819e-14,1.41503303959669e-11,23.0371491580112
"ENSG00000138600",1.50201857374584,5.09759254873975,9.89758545940211,1.29093275616302e-14,1.48174914965332e-11,22.9718974315886
"ENSG00000054523",3.26745860636547,5.32118063764779,9.89071150864478,1.32687352339485e-14,1.48174914965332e-11,22.9476276398275
"ENSG00000084112",2.3743754432324,5.91612194256055,9.86289896643285,1.48286346065839e-14,1.61119126609159e-11,22.8277621560211
"ENSG00000115310",1.92132124769578,7.18723323157614,9.8258802489622,1.71947845666131e-14,1.81911770828153e-11,22.4543312505765
"ENSG00000151553",2.30790222772729,3.88454789944405,9.77843776434456,2.079083977458e-14,2.09837429937706e-11,22.4242943028002
"ENSG00000104447",2.35381964136685,3.35979418386184,9.77738951062332,2.08783075406901e-14,2.09837429937706e-11,22.278067535823
"ENSG00000068305",2.41642338841482,5.20686829065198,9.74910132066818,2.33836933333365e-14,2.29285668143121e-11,22.3922680636315
"ENSG00000168297",2.22868096305662,5.57135500330421,9.72958025772174,2.52868298503712e-14,2.42043127058243e-11,22.3135651217441
"ENSG00000113742",2.55137137207598,4.68144550963716,9.659287614096,3.3525142537782e-14,3.06313131887252e-11,22.0356206784547
"ENSG00000118263",2.10608665795481,5.84028272680724,9.54029982567617,5.4086641266266e-14,4.83198033819206e-11,21.5178570571973
"ENSG00000100580",2.8797447514946,4.17617829582112,9.52243104770848,5.81200498433406e-14,4.95996311991391e-11,21.4230145633299
"ENSG00000116793",2.63907147818838,3.67737974626159,9.51777205154409,5.9220493944547e-14,4.95996311991391e-11,21.3337022781582
"ENSG00000075420",2.65925980356782,5.25568526216567,9.49444674763345,6.50528359392732e-14,5.33725328659318e-11,21.3862274096928
"ENSG00000139132",2.59987950626261,3.97090492162233,9.48798333519072,6.67687850367307e-14,5.3684773920933e-11,21.3106861016467
"ENSG00000145868",1.61482366992758,5.55206947926964,9.40205348545417,9.44129396040422e-14,7.29920961146482e-11,21.007536420197
"ENSG00000109466",3.64011494912699,4.53770087110655,9.38628226108215,1.00617130937686e-13,7.52994740617873e-11,20.9381600956548
"ENSG00000197063",2.4018644284139,5.11238903254679,9.38498944907858,1.01143515231494e-13,7.52994740617873e-11,20.955101958495
"ENSG00000132205",2.46293922473637,6.99358103576409,9.37407586192029,1.05698812472815e-13,7.72600665278564e-11,20.7062098747595
"ENSG00000178904",2.59718434012626,3.60425925955929,9.35764837588711,1.12947182466052e-13,7.96710982491565e-11,20.7347847684289
"ENSG00000163605",2.15426415319289,3.98269513033866,9.35579395525377,1.13796165077369e-13,7.96710982491565e-11,20.7956521991796
"ENSG00000226479",1.79495636868277,3.79875818673516,9.33118718703877,1.25687580819727e-13,8.56422393917737e-11,20.5738755489306
"ENSG00000230291",-5.79802933488253,-1.64709106937343,-9.32020174433368,1.31391990826568e-13,8.80266141236895e-11,17.5131138721937
"ENSG00000152804",1.77897043170987,5.29120179887412,9.31614053623746,1.33566077845507e-13,8.80266141236895e-11,20.687318466477
"ENSG00000111885",2.66998811745671,4.87628607031532,9.30671098937595,1.38754365258857e-13,8.9971016002203e-11,20.6438940903329
"ENSG00000100503",1.55491482343625,6.79071514944175,9.2864678119155,1.50586518403433e-13,9.60933208389652e-11,20.3143469148099
"ENSG00000023909",2.31192217331421,3.21471490505324,9.25203288587912,1.73088953793906e-13,1.08726908131603e-10,20.0959594126345
"ENSG00000130449",1.94537943655361,4.52970407528304,9.24608731671639,1.77302982577495e-13,1.09660530855084e-10,20.4018999462057
"ENSG00000180776",2.70019294433322,5.05436232567398,9.22438876849295,1.93575521129507e-13,1.17910956067401e-10,20.3213845168244
"ENSG00000138463",1.8951444463321,3.63541506930202,9.19653839997591,2.16678901857169e-13,1.27373596704353e-10,20.0833807118209
"ENSG00000135048",1.85691210704437,5.92446088213889,9.19434110350314,2.18615446311137e-13,1.27373596704353e-10,20.1283484164317
"ENSG00000102218",2.61834962514558,3.92481307215127,9.16108183211462,2.50142963305817e-13,1.41637287476344e-10,19.9957116053562
"ENSG00000138378",-1.9516259674627,5.221545772635,-9.15580103504166,2.55552893972332e-13,1.42690797826051e-10,20.0116725304929
"ENSG00000120868",1.88983598423257,5.80304325961418,9.14373842735896,2.68355239761661e-13,1.47786539026004e-10,19.9476350450968
"ENSG00000107968",1.79787046662337,4.38499078331894,9.13934120902977,2.73180607129703e-13,1.4841090226795e-10,19.962012733322
"ENSG00000145569",1.67623973889355,4.56213824489619,9.1306028801233,2.83029876757478e-13,1.49715356650054e-10,19.9491390800029
"ENSG00000260916",1.97819646480713,3.69834549092127,9.11004957870719,3.07624836436841e-13,1.58552995826075e-10,19.7659222520886
"ENSG00000275210",3.7443280278999,2.84811594474439,9.10273757463781,3.16882876315593e-13,1.58786331761709e-10,19.3645106380639
"ENSG00000198929",6.54449741146975,-3.83538712763084,9.10265506249167,3.16988928813914e-13,1.58786331761709e-10,18.2400152611798
"ENSG00000162702",2.16878350541024,4.17605836463084,9.09923503978229,3.21416155393982e-13,1.58786331761709e-10,19.8140477623147
"ENSG00000205871",-5.76764094246483,-1.99756570088616,-9.09436624498632,3.27826116517136e-13,1.58786331761709e-10,16.7844904336745
"ENSG00000136048",2.26233084536744,4.03226674867402,9.0236628149407,4.36768726754993e-13,2.02680012947132e-10,19.4438159281005
"ENSG00000078124",2.22381225573472,4.93097446878713,9.02337434827561,4.37280589389292e-13,2.02680012947132e-10,19.5285081296295
"ENSG00000096968",2.24314304271792,4.64458388595827,9.01188163675809,4.58170918718564e-13,2.09311219026406e-10,19.482571016058
"ENSG00000129460",-1.9463872531319,3.59738916561765,-8.99223340553895,4.96232176216843e-13,2.21661399425217e-10,19.0560547234449
"ENSG00000142166",1.80418830504078,6.71969132215328,8.97721946458697,5.27441810737118e-13,2.33013359068721e-10,19.1445382915174
"ENSG00000125245",-2.80569795309192,2.96655258434337,-8.94147162665353,6.09913835330914e-13,2.58102694820773e-10,18.2623820843987
"ENSG00000197601",2.10853254821169,4.73062488704439,8.93345122889372,6.30127743078503e-13,2.6115871677569e-10,19.1686934350361
"ENSG00000175471",1.80293800764779,4.19823284782062,8.91988014404958,6.6587406319687e-13,2.72927134630659e-10,19.093725356241
"ENSG00000075151",1.82538442231361,5.38639242742815,8.91759122856507,6.72100550431202e-13,2.72927134630659e-10,19.0838232565439
"ENSG00000157800",2.90139131777155,4.09554081251808,8.90027517988268,7.21137242986053e-13,2.89911594425253e-10,18.9937528267885
"ENSG00000100697",1.84675009292403,5.66156572969957,8.89753224692028,7.29227708021961e-13,2.90261508098009e-10,18.9478831314279
"ENSG00000141293",-2.26699443517644,5.48993478241982,-8.88376668018877,7.71226517696495e-13,2.95284271089852e-10,18.9431888841065
"ENSG00000100823",-1.52017498890508,6.17918242223556,-8.87319509429401,8.05121012379229e-13,3.03027790826389e-10,18.9176531389479
"ENSG00000105851",1.79577598216747,5.43212915494309,8.8465047978535,8.97495917858494e-13,3.33750035297169e-10,18.8089859716511
"ENSG00000091106",2.66714109456406,5.48916324428328,8.84404244696685,9.06536225576989e-13,3.33750035297169e-10,18.7949768176923
"ENSG00000161217",1.54761689644313,6.62492144642092,8.84224287277107,9.13200932358803e-13,3.33750035297169e-10,18.6211465449714
"ENSG00000134698",1.89415877251827,6.8431826009339,8.83189179661661,9.52501801097008e-13,3.4497727394326e-10,18.4836370440629
"ENSG00000005302",1.59383279964911,6.65411435565207,8.81204932691018,1.03264643230504e-12,3.70664748852921e-10,18.459282616034
"ENSG00000058063",2.77808486470182,5.7824564766033,8.79561132674448,1.10414030978228e-12,3.91479118034688e-10,18.5361293162577
"ENSG00000255717",-1.95200401043182,4.17649556700088,-8.79352972413684,1.11354111733208e-12,3.91479118034688e-10,18.4703327454008
"ENSG00000232346",-4.99976613435885,-1.60112211419703,-8.79214322707961,1.11984723580889e-12,3.91479118034688e-10,15.3560500827146
"ENSG00000122406",-2.2466127667002,8.04471407813751,-8.78090405026266,1.17230575853087e-12,4.05044014575087e-10,18.1862883435261
"ENSG00000140299",2.01451097515107,5.79922739004738,8.77940842737852,1.17946990245018e-12,4.05044014575087e-10,18.4901488403811
"ENSG00000143947",-2.82088122164854,7.69847809163292,-8.77745853458391,1.18887601910005e-12,4.05044014575087e-10,18.3128050101865
"ENSG00000181163",-1.88182892728874,7.16130311428221,-8.77115936890866,1.21977986320289e-12,4.08646583837357e-10,18.3842673523867
"ENSG00000137869",6.78885276419621,-4.56918481963692,8.75404768971964,1.30785870622103e-12,4.34533352954527e-10,17.3517790020678
"ENSG00000163412",1.69603855547995,6.22561794274851,8.74932713317222,1.3332605002767e-12,4.3934211993544e-10,18.3117959200316
"ENSG00000118518",1.75542598652378,4.58733811205399,8.7365272763772,1.40465559487729e-12,4.57490363233407e-10,18.3876709807919
"ENSG00000005020",2.09240745562413,6.22555944260422,8.72419297963269,1.47707960676235e-12,4.75052434808481e-10,18.212503677149
"ENSG00000135677",1.91779486671096,7.41108731828499,8.72176308220986,1.4917829914782e-12,4.75973490661957e-10,17.9283533777834
"ENSG00000164715",2.00256426074601,4.98223680881797,8.71656714989209,1.52371812197402e-12,4.82334771177951e-10,18.3067058924204
"ENSG00000058272",1.96794295338975,5.85156916802028,8.70996587256575,1.56528151778938e-12,4.91620684204442e-10,18.1456178621471
"ENSG00000155097",1.98671268326136,5.23936829445758,8.69436115934585,1.6681101259273e-12,5.19855529321933e-10,18.2120467791041
"ENSG00000113163",1.63302952430931,5.1952220307007,8.68753653455564,1.71518530229238e-12,5.30414457867372e-10,18.1741873985804
"ENSG00000119402",1.68277969110837,6.07981122582198,8.66001968409809,1.91889998942205e-12,5.80409343038185e-10,17.9744035622257
"ENSG00000173597",2.86704342251767,5.1095820611658,8.6588997057332,1.92768690815257e-12,5.80409343038185e-10,18.0564911357201
"ENSG00000185641",-3.1180069003311,2.09013458036955,-8.65511224953949,1.95770182810283e-12,5.80409343038185e-10,16.7596268362497
"ENSG00000076641",2.65840777064141,5.71021452212003,8.65259448181821,1.97791353654622e-12,5.80409343038185e-10,17.9840723176095
"ENSG00000135503",2.4992915599927,4.92724283017385,8.64983306971981,2.00032178888293e-12,5.82731424323706e-10,18.0455532150811
"ENSG00000100731",1.77576010945443,6.95965810889965,8.63426727836774,2.13148084669486e-12,6.15848050514228e-10,17.6809742081658
"ENSG00000149177",1.78231862151386,7.73953120391714,8.62740610327795,2.19199942110334e-12,6.15848050514228e-10,17.4084516327026
"ENSG00000114331",1.67665736788383,5.7605167048375,8.62487177544229,2.21478643261647e-12,6.15848050514228e-10,17.8446256006444
"ENSG00000132405",2.0950901376795,6.92924342742153,8.62477939109811,2.21562156354897e-12,6.15848050514228e-10,17.6668596405253
"ENSG00000156052",1.64750915112167,5.87499723692911,8.62443197795831,2.21876491672904e-12,6.15848050514228e-10,17.8036391796004
"ENSG00000112242",2.30519536355691,4.40857447829142,8.62259897813859,2.23542385941395e-12,6.15848050514228e-10,17.9301352425701
"ENSG00000224631",-3.00451815939825,2.45507472518033,-8.59331250595726,2.51925481418516e-12,6.80510227314863e-10,16.8907527731805
"ENSG00000140199",1.64079046919259,7.4907334932419,8.59302981246233,2.52216367021329e-12,6.80510227314863e-10,17.3294757196429
"ENSG00000187210",1.79696778301055,3.18213613860506,8.58958881006682,2.55784194813657e-12,6.8553574665991e-10,17.5618429731422
"ENSG00000119408",2.15057593700555,4.96576724293849,8.58511809546879,2.60495366555125e-12,6.93538723592657e-10,17.7881567604357
"ENSG00000156642",1.66950355139326,5.60180792913789,8.57626882804762,2.70078643326865e-12,7.14322474935962e-10,17.7168104713222
"ENSG00000174125",1.74517157759284,6.42792864112937,8.56176897695766,2.86551207959272e-12,7.52936709959389e-10,17.4914958853313
"ENSG00000163625",3.06685952234132,5.65565359165118,8.55221310885582,2.97954029869214e-12,7.77814799272865e-10,17.5664611701017
"ENSG00000102580",1.50688483399732,5.65319323097601,8.54517861640958,3.06637808001918e-12,7.90221356236737e-10,17.5649411920465
"ENSG00000135365",1.76288639168825,7.53616079842893,8.54134380021639,3.11478100915684e-12,7.91985891249554e-10,17.1691910175946
"ENSG00000135535",1.79828860668627,6.49985991362899,8.54065158543632,3.12359936881333e-12,7.91985891249554e-10,17.3929024082825
"ENSG00000132357",2.49095726445784,5.14879915015306,8.53996852223151,3.13232567306798e-12,7.91985891249554e-10,17.6083137563876
"ENSG00000140511",-2.53597509398901,4.71089710290645,-8.53134538840531,3.24461273541955e-12,8.11957810611384e-10,17.4505667163515
"ENSG00000148110",1.95803172709322,5.61876734606184,8.53081051624719,3.25170905697311e-12,8.11957810611384e-10,17.5254855244167
"ENSG00000068366",2.71307303013744,5.233051375251,8.50956825689056,3.54647762850051e-12,8.64093900733197e-10,17.456992214049
"ENSG00000226221",-5.04085585439629,-1.33214459395905,-8.50479804847663,3.61627110974485e-12,8.75791151529895e-10,14.5028847989746
"ENSG00000198961",2.05096788264562,5.97187060841604,8.49963207158844,3.69340863900661e-12,8.89116252127806e-10,17.3269708164331
"ENSG00000198833",1.93372011129267,6.55646523538574,8.48517099006467,3.91822155717317e-12,9.32073035748377e-10,17.1977472152444
"ENSG00000070269",2.01667110394407,4.2235462827177,8.48312146163418,3.95117446086113e-12,9.34383033385524e-10,17.3709342011915
"ENSG00000197860",1.71747043991037,4.07773726759592,8.48038602260161,3.99558875732557e-12,9.39360580245629e-10,17.3510086662118
"ENSG00000096063",2.30015923597928,6.19800327292578,8.47478118859474,4.08816135728668e-12,9.55536412125809e-10,17.1949014822021
"ENSG00000133961",1.78948160709999,7.81515969423206,8.4575265908897,4.3868607921382e-12,1.01356653773299e-09,16.7169116111843
"ENSG00000132825",2.29503665365541,4.77771006797422,8.45003638134319,4.5232428195332e-12,1.03320118085724e-09,17.2509282303039
"ENSG00000069974",1.80243569078887,6.6483601483538,8.44769354129752,4.56676753697422e-12,1.03724965266349e-09,17.0048301892822
"ENSG00000090054",1.57170352047183,4.67767428252536,8.38599140825646,5.87720394166835e-12,1.30538868985056e-09,16.99597257804
"ENSG00000135932",2.07977475108388,6.74035637865467,8.38277949312043,5.95491367267361e-12,1.31538153554299e-09,16.7064199650635
"ENSG00000089009",-2.25266982855275,8.01479894465746,-8.37632497621255,6.11420234150807e-12,1.34318668050988e-09,16.5151072869013
"ENSG00000121297",2.75946174506382,3.8364485920044,8.35841442702711,6.57892455734556e-12,1.42468345649079e-09,16.826495410569
"ENSG00000111796",-4.69900303795618,3.63399934597019,-8.35405888795014,6.69718693406876e-12,1.42481363524111e-09,16.1679001476828
"ENSG00000168461",2.0855794244395,6.96903550045339,8.35401397602447,6.69841741855057e-12,1.42481363524111e-09,16.5536815379447
"ENSG00000087253",2.16134284638406,5.3286138554726,8.34791086407524,6.8677528087402e-12,1.4531442021946e-09,16.7847616637914
"ENSG00000173757",1.58890977759419,8.59723125179613,8.33957067856421,7.10611318430374e-12,1.49570660856219e-09,15.9576771686664
"ENSG00000167286",-3.18698963694036,5.35315447399708,-8.33543380320259,7.22740112719403e-12,1.51331239643466e-09,16.7722392782392
"ENSG00000196683",-3.45599059237684,4.23301525798939,-8.33111781310703,7.35615137767734e-12,1.53229014344759e-09,16.6290245482135
"ENSG00000051009",1.7029291597112,6.25971023932271,8.32416073624423,7.56854198211433e-12,1.56840476682969e-09,16.6113633838152
"ENSG00000165650",2.0822142785521,4.4123055942724,8.31698763010123,7.79396138749806e-12,1.6068350548728e-09,16.7203260936899
"ENSG00000153317",1.7341471075162,6.71175383097041,8.30934192688103,8.04164164012956e-12,1.64943916947188e-09,16.4249980798357
"ENSG00000075426",2.19689099292103,7.6411894124413,8.30567394567052,8.16324792696781e-12,1.66377024080672e-09,16.2053806836231
"ENSG00000188559",2.58989386020295,6.30282230404734,8.30351550375861,8.23566683051933e-12,1.66377024080672e-09,16.5110536051014
"ENSG00000122224",-1.91188626716399,5.4820515981507,-8.3001106775619,8.35121413391137e-12,1.67867755305752e-09,16.6515415398686
"ENSG00000067082",1.67100827102148,7.82816029739227,8.29528734548664,8.51768511201867e-12,1.70362177548943e-09,16.0495871788411
"ENSG00000113615",2.24678676752261,3.68350680339173,8.29383713532082,8.56838410232876e-12,1.70527810733575e-09,16.5294015858579
"ENSG00000235552",-2.54821149886113,2.74411691100158,-8.27453230089928,9.27278435994985e-12,1.83637673319559e-09,15.9462220242198
"ENSG00000138639",1.95576833206295,3.51889893562595,8.24660648759658,1.03956332468685e-11,2.03865974532004e-09,16.3346835396656
"ENSG00000198060",1.53840671021285,4.01777086008065,8.24491208473931,1.04679869920079e-11,2.04288355850826e-09,16.3925979090395
"ENSG00000253931",6.32132341041204,-4.56614136003047,8.23694714647206,1.08149181192442e-11,2.08188087703222e-09,15.1520075774339
"ENSG00000187605",1.63499564974374,5.38257714833219,8.23676081523949,1.08231705711092e-11,2.08188087703222e-09,16.3545321395718
"ENSG00000244716",-4.5447590939069,-1.7885876956938,-8.22918008272666,1.11643162224812e-11,2.13727543226758e-09,13.4645572429496
"ENSG00000170340",2.32789053620154,3.25754503993292,8.21843177602838,1.16665457199758e-11,2.22283635561359e-09,16.222880754734
"ENSG00000100330",1.68775931670585,7.7280616491012,8.20660014390481,1.22455936930968e-11,2.32215734740508e-09,15.7521092038803
"ENSG00000110700",-1.75369114369473,7.05554205834941,-8.20498211791158,1.23269865825508e-11,2.32661743939768e-09,16.0737661943875
"ENSG00000114541",2.78511327594359,3.42022399605534,8.16785432664239,1.43509887889134e-11,2.65870254051564e-09,15.9975428655051
"ENSG00000273611",-1.65782884928053,3.38574200432999,-8.16405332627617,1.45761179316378e-11,2.67574928350549e-09,15.8770648885868
"ENSG00000163694",2.34182904379229,6.0420440231083,8.16160843716015,1.47227911755636e-11,2.69038932200004e-09,15.938174642177
"ENSG00000119686",2.56769780073121,3.31645501946581,8.15873208886534,1.4897241280418e-11,2.70994974640437e-09,15.8977823068834
"ENSG00000231767",-2.73724578428907,1.3197805706484,-8.14088493699744,1.60268881643972e-11,2.90231062155449e-09,14.5439158282429
"ENSG00000215788",-2.68975245604743,5.75818126229256,-8.13743819422954,1.62547371176387e-11,2.93037193544086e-09,16.0072392819267
"ENSG00000163171",1.77274857340532,7.14950518503047,8.1333498925304,1.65292046446243e-11,2.96654948715708e-09,15.6155056871937
"ENSG00000162704",1.56346836943409,8.16336913809704,8.11965321781708,1.74829865680022e-11,3.1099602920656e-09,15.2363842655312
"ENSG00000156875",1.50013558301578,4.85329260749422,8.11392011347021,1.78983948288587e-11,3.16982937845717e-09,15.9122969175461
"ENSG00000146677",-2.4421551654891,2.33183078820691,-8.10650682062462,1.8450227627207e-11,3.25322829416217e-09,15.0254593240399
"ENSG00000133812",1.78987221087532,4.53086459174567,8.09850517736218,1.90649830917346e-11,3.33239326197354e-09,15.8528139676213
"ENSG00000182899",-2.28023661552071,6.61759824295847,-8.09617073172271,1.92481687733462e-11,3.33728839138177e-09,15.6840470463156
"ENSG00000134313",1.62764440270933,5.40606805723453,8.09603321434912,1.92590146460517e-11,3.33728839138177e-09,15.7597207692622
"ENSG00000157557",2.68848374607705,6.03873281343535,8.09421556371018,1.94029472103616e-11,3.34779950107706e-09,15.7079952766379
"ENSG00000101493",1.55106967760496,6.34686864036464,8.09307298277136,1.94939742789722e-11,3.34913142719334e-09,15.6554987243543
"ENSG00000058668",1.70383975874674,6.64739700884421,8.08849713165881,1.98628267129254e-11,3.38358203183487e-09,15.5103674625248
"ENSG00000070501",-1.81001194203651,3.954158260912,-8.06913211227732,2.15027418719029e-11,3.6474819777816e-09,15.6263082292752
"ENSG00000068650",2.74939771735129,6.14101210921911,8.06564584734443,2.18120550096697e-11,3.660460850324e-09,15.5603107205288
"ENSG00000136404",2.00853457979425,3.84285630670255,8.06505415265783,2.18649924253793e-11,3.660460850324e-09,15.6617246592001
"ENSG00000164125",2.69895915391027,3.91011808519637,8.06478698264356,2.18889375641195e-11,3.660460850324e-09,15.6915528098364
"ENSG00000115425",2.11140604198158,3.07723824592954,8.06417970956977,2.19434621393981e-11,3.660460850324e-09,15.5377667683991
"ENSG00000150457",1.98409893323486,3.65864514351613,8.05730465655273,2.25703072218746e-11,3.73619546541378e-09,15.6096496589401
"ENSG00000155629",2.53469146310361,6.84691923587712,8.0434565384156,2.3887863071022e-11,3.89402640898461e-09,15.3574910997386
"ENSG00000078053",7.4037729144406,-3.2161388509771,8.03613617146234,2.46151665039195e-11,3.99023759592972e-09,13.655515808585
"ENSG00000156140",6.27132609409341,-4.93606885862039,8.03370706727952,2.48613701340987e-11,4.01396306076722e-09,14.453278882958
"ENSG00000271304",6.55207258579408,-1.97872404504757,8.02531115497935,2.57314786330162e-11,4.11448272361679e-09,13.2303317226004
"ENSG00000240509",-5.08634959332006,-4.40660174412321,-8.00719991568912,2.77136046830759e-11,4.35211849792585e-09,13.6917770409816
"ENSG00000166188",1.59114971156925,5.53920253312331,7.99897695607599,2.86632842098001e-11,4.46636182869141e-09,15.4250528899672
"ENSG00000110422",2.36773393363908,5.29729153412066,7.9865219861046,3.01640995726081e-11,4.66406588853073e-09,15.3224269497558
"ENSG00000121454",6.46425976180869,-3.63105321335714,7.98359279652298,3.05283360919155e-11,4.6832825836313e-09,13.2557229593027
"ENSG00000140563",2.84397984209542,6.39338844122336,7.98271882640631,3.06378617853598e-11,4.6832825836313e-09,15.1781832287293
"ENSG00000118418",-1.71505386061884,3.9115908716124,-7.97980200671423,3.1006250352042e-11,4.70382368548224e-09,15.301186497939
"ENSG00000132170",7.54410116053156,-1.97384552517139,7.97716416830562,3.13432188728747e-11,4.73706798920041e-09,13.1750166526534
"ENSG00000226084",-4.94829496416596,-2.31366924122973,-7.95990139348858,3.36407248418649e-11,5.04635977646512e-09,12.7911309707707
"ENSG00000164430",1.73792411952618,3.46664824189679,7.95717624365543,3.40185074332645e-11,5.08405961275874e-09,15.2118726800887
"ENSG00000075303",1.9998095583317,3.33668959760633,7.95053051077171,3.49576850522779e-11,5.20506983137659e-09,15.2069150404752
"ENSG00000138246",1.84504543589667,4.90468228576345,7.9469360189345,3.54764239372085e-11,5.26281621816847e-09,15.2345549654898
"ENSG00000243181",-4.52263601398311,-2.31424528313248,-7.92035789009156,3.95587327589669e-11,5.73869395909674e-09,12.4862276537159
"ENSG00000006459",1.51540032794775,5.42223466717844,7.91958935351382,3.96835212334932e-11,5.73869395909674e-09,15.0593508418346
"ENSG00000243646",1.75280528732464,6.80570277341245,7.90152588875129,4.27326307599471e-11,6.09242624267287e-09,14.8103675428934
"ENSG00000204103",2.05120975746688,5.54143396901012,7.90080318622317,4.28593826413377e-11,6.09242624267287e-09,15.0093379032585
"ENSG00000178996",2.0360528507853,5.59437885268456,7.87577007030548,4.7489850750165e-11,6.56766588967397e-09,14.8948167892851
"ENSG00000155744",2.44163761573968,5.13967145828375,7.87551410733817,4.75396938932174e-11,6.56766588967397e-09,14.9002272968629
"ENSG00000145384",4.15668023745122,-5.94476115183218,7.87322664921129,4.79874553834559e-11,6.60682082645786e-09,13.0248695139409
"ENSG00000169504",1.99489736113798,3.28984079667574,7.86082575428239,5.04893251078789e-11,6.90398587750662e-09,14.778711342275
"ENSG00000179978",4.08803641431999,1.8381885429959,7.8595465958888,5.07547031820871e-11,6.91674771975005e-09,14.288107721574
"ENSG00000151694",1.58419410646392,5.00521837701025,7.85526961025591,5.16521907791916e-11,7.01527491116575e-09,14.8665359855002
"ENSG00000135049",1.86769912819232,5.84755297422067,7.8418558503033,5.45711933434154e-11,7.36198360668452e-09,14.653816177908
"ENSG00000085491",2.21590906619526,3.38697430366185,7.83888129151363,5.52405216297212e-11,7.39368653323989e-09,14.7754550239042
"ENSG00000135426",-2.35376456257584,6.05135347323417,-7.83755391894656,5.55418469986182e-11,7.39368653323989e-09,14.8093143905432
"ENSG00000136869",2.36899268016433,7.01947385786443,7.83238619578653,5.67307043554068e-11,7.52702236467347e-09,14.4165785862189
"ENSG00000242299",-3.47625099288785,2.70370039644291,-7.82437554203947,5.86240819866044e-11,7.74187725522907e-09,14.1626950968302
"ENSG00000173281",2.14525467274112,6.47078501566667,7.82311477413778,5.89277757350405e-11,7.74187725522907e-09,14.5165485813373
"ENSG00000081019",1.76444298436714,4.35800677417693,7.81699495244782,6.04244182275422e-11,7.88695604410276e-09,14.7334482073566
"ENSG00000182774",-3.24128529246842,5.18991471180498,-7.80265911018984,6.40808352464165e-11,8.3102507696014e-09,14.6754209114661
"ENSG00000197321",1.75914253830383,6.66412700048107,7.78158932153935,6.98600433092841e-11,9.00164570871744e-09,14.2910932010936
"ENSG00000234287",-4.4080060279814,-0.531215036167071,-7.77988681684537,7.03491726131564e-11,9.006934513994e-09,12.289919862271
"ENSG00000169756",1.52891991725203,5.41408756406422,7.76991766762197,7.32828128480135e-11,9.32315076618937e-09,14.5005527293733
"ENSG00000184205",-1.66377857821114,5.2456508702459,-7.76714780513514,7.4119402591714e-11,9.38774036211939e-09,14.5362749129894
"ENSG00000136040",2.31982997149539,7.78457439185047,7.76669347017092,7.42575353254556e-11,9.38774036211939e-09,13.8737567377629
"ENSG00000006025",-1.84041037637921,4.50833310556153,-7.76562272324633,7.45840963408761e-11,9.39946658650753e-09,14.4900029468853
"ENSG00000113460",-1.81423604380719,2.71793257857714,-7.7634113315229,7.52630876471528e-11,9.45539577997137e-09,14.1185937529731
"ENSG00000141298",1.50210400325097,7.98671159435537,7.75517760144171,7.78459805193335e-11,9.74942089980762e-09,13.703075759317
"ENSG00000228800",3.31634156121547,-6.02510791657624,7.74947758052952,7.96857813620074e-11,9.912541754591e-09,12.6208695711456
"ENSG00000111716",-2.480741134829,7.13374292401868,-7.7483244885582,8.00632189483655e-11,9.912541754591e-09,14.3305219050395
"ENSG00000083168",1.50545507944815,6.76122171533851,7.74753871547609,8.03214466645574e-11,9.912541754591e-09,14.0999322121025
"ENSG00000119669",1.81365422479699,6.41291123662159,7.74735697650645,8.03812897864948e-11,9.912541754591e-09,14.2633647948013
"ENSG00000105887",1.66964827229098,6.41525435706102,7.74289456640619,8.18647396157604e-11,1.00646063059107e-08,14.2082600914909
"ENSG00000139505",1.68290982560358,4.20395386128772,7.73858012336885,8.33250157282342e-11,1.02051649360986e-08,14.4219014659312
"ENSG00000114942",-2.93009932266496,6.05735648167032,-7.73288644676966,8.52920389685085e-11,1.03592463764712e-08,14.3357696936053
"ENSG00000091317",1.51989358254739,7.14999798482668,7.72724994770352,8.72850232897406e-11,1.0540585392501e-08,13.8892075111235
"ENSG00000103005",1.92500683855015,6.97447468360743,7.72718163606527,8.73094606164581e-11,1.0540585392501e-08,14.0584454980819
"ENSG00000138071",1.6472355043396,7.97380799923291,7.72329532443239,8.87110429435509e-11,1.06774260181369e-08,13.5975330836
"ENSG00000154016",-1.92273463701458,5.62105554740233,-7.72189319995197,8.92222152149139e-11,1.06774260181369e-08,14.3562707822114
"ENSG00000188641",1.53274360433719,5.6590599474798,7.71114283748405,9.32405563642002e-11,1.10248730792752e-08,14.1979224366267
"ENSG00000039319",1.90235837312956,3.97636880538041,7.70726605368974,9.47336045357801e-11,1.11685641335702e-08,14.2980742495371
"ENSG00000162496",-2.43036252588051,4.27659791145726,-7.70156821370313,9.69714644257899e-11,1.1359209032705e-08,14.0946877005466
"ENSG00000187554",3.31539123789986,4.95553847156926,7.70091451017499,9.72315656066998e-11,1.1359209032705e-08,14.2665642593978
"ENSG00000143815",2.01171287194857,6.44159443743906,7.70047187445238,9.74080811166614e-11,1.1359209032705e-08,13.9657200948878
"ENSG00000177189",1.52585328280642,6.02894329501863,7.68476422811772,1.03883747407724e-10,1.20355458596119e-08,14.0044381378837
"ENSG00000123983",1.63994397443245,4.473029299768,7.68247090833715,1.04864528211397e-10,1.21142636872258e-08,14.1979674524422
"ENSG00000280832",2.98580860867396,3.49242919119009,7.6795537552392,1.0612548652411e-10,1.22248046110093e-08,14.1123433788525
"ENSG00000135604",1.72203898738472,6.40081344496398,7.67476120463726,1.08230078745834e-10,1.23961983639317e-08,13.9465076092718
"ENSG00000130309",1.73251678969753,7.32092968584168,7.66673649017666,1.11847840361221e-10,1.27445221866811e-08,13.6759442748952
"ENSG00000138190",2.00692731490657,3.90221307365634,7.6645615188898,1.12849025935831e-10,1.28156964425771e-08,14.1271945910864
"ENSG00000156482",-2.51151172723643,7.99442304324952,-7.66210608469665,1.13990081102925e-10,1.28835081615092e-08,13.6434251595189
"ENSG00000109943",-2.42875308870887,2.42653591635257,-7.6597807834478,1.15081289910637e-10,1.29231788184007e-08,13.4892984284228
"ENSG00000137154",-2.50024028355464,9.00046951093349,-7.65281425790735,1.18413397076449e-10,1.32234871924095e-08,13.2759521494918
"ENSG00000105366",-7.99629836860191,0.0809976660171841,-7.65021267746185,1.19682315550357e-10,1.32982770559903e-08,13.063368806489
"ENSG00000183762",3.37393150183329,5.97831369162711,7.65008549342172,1.19744696638687e-10,1.32982770559903e-08,13.9503462616747
"ENSG00000106780",2.2086147502138,7.4570032254347,7.64890358852212,1.20325952137105e-10,1.33077473902532e-08,13.5278813028123
"ENSG00000214485",-4.6112177994719,-1.83414436411614,-7.64762006760101,1.209603757531e-10,1.33228740439072e-08,11.6866207165019
"ENSG00000204634",2.86355135334924,5.13270195629511,7.64425076312314,1.22641717171501e-10,1.34711538626467e-08,14.0211358936088
"ENSG00000180773",1.56687388263141,2.69725036045957,7.6419931240655,1.23781364521702e-10,1.35224413491887e-08,13.8663650140468
"ENSG00000122642",2.97580406667138,2.05118320856924,7.63794570411674,1.25851041569709e-10,1.36373681217937e-08,13.4681987613324
"ENSG00000120709",1.57303977926557,7.20718307855918,7.62503268827218,1.32688173530395e-10,1.42629143108795e-08,13.5825191319381
"ENSG00000106799",1.66746700328913,4.81835224648545,7.61510649571784,1.38195096795074e-10,1.47758491525414e-08,13.8888326647633
"ENSG00000179144",-2.24672330818379,6.33301456243742,-7.61194246596004,1.39998009069438e-10,1.49289123623595e-08,13.8169883971942
"ENSG00000139687",1.94883478929669,4.0975840970538,7.60776744074482,1.42413014012042e-10,1.50895415650694e-08,13.9027470174796
"ENSG00000168769",2.17459745786663,5.32875304334462,7.6076632021712,1.42473839451123e-10,1.50895415650694e-08,13.7588959559131
"ENSG00000178695",1.94398885463036,5.76590214012144,7.60739516934722,1.4263036154237e-10,1.50895415650694e-08,13.7789166873308
"ENSG00000142937",-1.9636034621599,8.40602504141395,-7.60358589968558,1.44873506460548e-10,1.52866265268424e-08,13.2541421631278
"ENSG00000145247",-3.1338754863911,3.06661796797152,-7.59935957067763,1.47403510234953e-10,1.55128688965068e-08,13.2502393946855
"ENSG00000113749",2.48830739404389,6.05040309360344,7.59698811442889,1.48842416700657e-10,1.55827157192704e-08,13.7548073633974
"ENSG00000072401",1.82872226331631,4.97384308932455,7.59536860337231,1.49833127853985e-10,1.56139370301536e-08,13.8315825039924
"ENSG00000144802",1.9252793209933,5.13022772829688,7.59523132279335,1.49917409423394e-10,1.56139370301536e-08,13.7828641243603
"ENSG00000180096",-2.11189192722549,7.00935449492356,-7.58679670517821,1.55187615990237e-10,1.60381813317211e-08,13.686349966798
"ENSG00000170802",2.27874987076464,3.96347244308999,7.57729345384661,1.61347598108936e-10,1.65471840285088e-08,13.7829844808489
"ENSG00000108582",2.39777717054383,6.23569498569046,7.57009639465586,1.66174729626644e-10,1.69988714515276e-08,13.4925246823678
"ENSG00000179715",-2.03767288762412,6.05803737937646,-7.56811962980169,1.67525635906936e-10,1.70935675500778e-08,13.7249262717
"ENSG00000198734",3.07036545341399,5.64845513786926,7.55236463526653,1.78692094441241e-10,1.81867837486753e-08,13.5610848860447
"ENSG00000091039",2.00909576118831,5.05015457912609,7.5507373669517,1.79886972614906e-10,1.82621618006678e-08,13.6006272851194
"ENSG00000104687",1.59160951008096,6.27184671634486,7.54612959682831,1.83313857103272e-10,1.85606604121892e-08,13.4757107202626
"ENSG00000171858",-2.72102881084547,6.10252063314532,-7.54532592669806,1.83918205156415e-10,1.85606604121892e-08,13.593067987741
"ENSG00000133703",1.67310403845625,4.5676006337196,7.5449357686292,1.84212315418723e-10,1.85606604121892e-08,13.6499535584841
"ENSG00000138678",2.2198004035845,5.15830879447736,7.53831784824281,1.89273232448991e-10,1.90229062272859e-08,13.5899665412698
"ENSG00000100644",1.84026349927246,6.45943995495887,7.53481066955567,1.92011332426767e-10,1.92315047932814e-08,13.3175912121223
"ENSG00000198604",2.01716424585259,6.8394571620677,7.53443687648379,1.92305480495973e-10,1.92315047932814e-08,13.1447891317415
"ENSG00000104814",-1.71899060231048,6.73577688665354,-7.53345535158115,1.93080013777336e-10,1.92556483169855e-08,13.490170881362
"ENSG00000243144",5.47375074445594,-5.08807895822928,7.51271801460246,2.10192393200976e-10,2.0510083959868e-08,12.2762160374958
"ENSG00000266472",-2.14327344708649,4.1783484076227,-7.50242558365678,2.19239973074473e-10,2.12895782549274e-08,13.4410992425453
"ENSG00000146592",1.93690009325328,6.78849897448213,7.49390552129264,2.27023043233401e-10,2.19393759232432e-08,13.0349540514289
"ENSG00000247774",-1.55307054558028,6.11917966194205,-7.4871976075936,2.33344355206786e-10,2.24961864940605e-08,13.3697009958678
"ENSG00000163938",-1.714323121127,3.93089439913086,-7.4790633739343,2.41246030088497e-10,2.30932132743475e-08,13.3578274704136
"ENSG00000166226",-1.70345814156495,4.814321396309,-7.47808754888553,2.42211729397278e-10,2.31292065207348e-08,13.3901925800926
"ENSG00000169567",-2.32824927549789,4.54064949899785,-7.47479830350599,2.45495367129868e-10,2.33534515250855e-08,13.3753800263398
"ENSG00000164587",-2.26947796475212,7.95159652397047,-7.47307295179051,2.47235512393312e-10,2.34418916727262e-08,12.9113518147387
"ENSG00000101916",2.21938674892393,6.75625355667841,7.47074057486345,2.49607482154844e-10,2.361110587668e-08,12.9672684504206
"ENSG00000269893",-3.17615707229255,2.01729149261286,-7.46179114080976,2.58921612038825e-10,2.42637917183796e-08,12.685844244617
"ENSG00000035862",1.7972055707594,7.68831831385402,7.45972303156362,2.61122895593169e-10,2.44131689503176e-08,12.7627370130341
"ENSG00000211772",-2.7229143229902,7.63105109693269,-7.45612168713171,2.65000839410197e-10,2.46610271897424e-08,13.1038680325938
"ENSG00000150054",1.77444902639331,3.57924022412245,7.45168964673265,2.69852294968347e-10,2.50545079961143e-08,13.2795101740981
"ENSG00000139496",1.56638228465276,4.77872967095729,7.44218543200233,2.80556966144621e-10,2.59710061936517e-08,13.2368788676934
"ENSG00000130332",-1.66894338536172,4.86166868382997,-7.44178639422817,2.81015563758979e-10,2.59710061936517e-08,13.2465265464275
"ENSG00000169826",3.04089501380907,5.0355976547768,7.44078264748516,2.82172440100209e-10,2.6018111093827e-08,13.1952980997995
"ENSG00000095015",1.87599179293729,5.88687356859905,7.43803542083637,2.85363152131695e-10,2.62308135152589e-08,13.0235485971843
"ENSG00000107566",2.44957836960038,4.39914797388102,7.43767518989044,2.85784197793229e-10,2.62308135152589e-08,13.2305926259393
"ENSG00000179299",3.39914112539629,2.67744397641187,7.43100838786204,2.93689420459414e-10,2.67124481477587e-08,12.9582483678197
"ENSG00000104408",-2.125245278422,6.45861903279366,-7.42134908061974,3.05531890561564e-10,2.76643987935945e-08,13.0142724635069
"ENSG00000170837",2.35894137908853,4.59063650863094,7.41414974257857,3.1466739484535e-10,2.84275474327478e-08,13.1382635842116
"ENSG00000173930",2.58436904847309,3.32660170509237,7.41160664656147,3.17959179336411e-10,2.86605267436825e-08,13.1025614627724
"ENSG00000280276",5.87158002169017,-4.72376528393116,7.40795113195091,3.22751188738031e-10,2.90273899097233e-08,11.9422317240499
"ENSG00000064999",1.97508851295998,5.01892333915346,7.40512278556049,3.265082766821e-10,2.92997449535129e-08,13.0858476021233
"ENSG00000175581",-2.09973506995424,2.68045154214853,-7.40157579625246,3.31281753187195e-10,2.96618909613176e-08,12.6986009067401
"ENSG00000138434",1.79637408740328,4.85401358329292,7.39990397911794,3.33555748328398e-10,2.97991293206628e-08,13.0419824062889
"ENSG00000121964",1.52323473793357,4.1417191380037,7.39626148773389,3.3856434200886e-10,3.01127514987615e-08,13.0675462552242
"ENSG00000163393",1.78712232395595,3.34396555739944,7.39300505580958,3.4310560891287e-10,3.04031940943685e-08,13.0345074996156
"ENSG00000266265",7.01314883541575,-3.37577953683024,7.39225151990305,3.44165087596609e-10,3.04031940943685e-08,12.037361148569
"ENSG00000161970",-3.04635621994746,2.44520289445864,-7.39208217968122,3.44403630598953e-10,3.04031940943685e-08,12.6800752022578
"ENSG00000127947",1.6070586627016,5.90153182674838,7.39176214949887,3.4485489545376e-10,3.04031940943685e-08,12.8742096880822
"ENSG00000196227",1.71618052824879,3.7391369099499,7.38956794681128,3.47964809860229e-10,3.06102435142252e-08,13.0354822714954
"ENSG00000116991",3.37074899077305,4.7306499109099,7.38443309807944,3.55352442323609e-10,3.10631740636641e-08,13.0115640938833
"ENSG00000273033",1.70151712348096,4.42883450732261,7.38387721019784,3.56161544511618e-10,3.10631740636641e-08,13.0133566400258
"ENSG00000085063",2.37345643251022,5.39089616714084,7.38333329096754,3.56955005970312e-10,3.10631740636641e-08,12.9678769484475
"ENSG00000168807",1.75998751829258,3.89110164736208,7.38331828123064,3.56976926954202e-10,3.10631740636641e-08,13.0143587615371
"ENSG00000100596",2.02930225188315,6.63259771013659,7.38029842707734,3.6141471758038e-10,3.13742759382256e-08,12.7018497272843
"ENSG00000211817",-4.61813462544466,0.316831724682038,-7.37753968508646,3.65516904459568e-10,3.16010980496421e-08,10.8983655995556
"ENSG00000145780",2.02180188645186,3.76940186580993,7.37694232031515,3.66411275255358e-10,3.1610442248532e-08,12.9855693249522
"ENSG00000116260",2.36223110038762,7.01880639627287,7.36721809897335,3.81281339401384e-10,3.27527188175522e-08,12.5927283731331
"ENSG00000144118",1.73363380692205,7.0466343362895,7.35609338661847,3.99033023681226e-10,3.4131756634112e-08,12.5003465195339
"ENSG00000087157",2.27299535635998,6.90217657006064,7.3541658738802,4.0219153469302e-10,3.43288833922055e-08,12.5295233395197
"ENSG00000249437",3.56378102768997,4.75369174196412,7.35225063373544,4.05354647487406e-10,3.45255668184082e-08,12.88810915031
"ENSG00000243199",-2.28559913368525,1.70284943357895,-7.35097642385809,4.07472808379402e-10,3.45595397520437e-08,12.1148736179534
"ENSG00000123643",2.39827805531704,5.29133282602121,7.34137956169995,4.23784919997578e-10,3.57903739031072e-08,12.785221957051
"ENSG00000111678",-2.83882547515778,4.34707567054899,-7.34087767776436,4.24655697522067e-10,3.57903739031072e-08,12.7564819460285
"ENSG00000141447",2.01801582215702,2.32626145252478,7.33763553350476,4.30324059082862e-10,3.61922339398519e-08,12.5962094350548
"ENSG00000251431",4.24082873828675,-5.5555548073498,7.32614235941721,4.51033117985363e-10,3.78547670339197e-08,11.2698449671172
"ENSG00000198814",2.03889621561525,5.67385865975198,7.32511100056484,4.52939409184125e-10,3.79355627667088e-08,12.6328515117003
"ENSG00000132356",1.56417424640658,4.48214660494895,7.32205972888032,4.58626371619454e-10,3.82524842154467e-08,12.747830485347
"ENSG00000224094",-4.60795443194789,-3.57030996053675,-7.31131832196149,4.79219070412616e-10,3.98811667329062e-08,10.8090189200943
"ENSG00000183621",2.06905511387394,4.96408541040821,7.31034530178634,4.81129442949592e-10,3.98811667329062e-08,12.7020800121188
"ENSG00000139178",1.64062580628141,6.92642664282187,7.30651566334163,4.88722432902873e-10,4.04272000978628e-08,12.3261019286579
"ENSG00000137078",-2.15011510943419,4.97374129640705,-7.29701079262424,5.08088275025371e-10,4.17712982261145e-08,12.6568382589455
"ENSG00000008988",-2.69316711546061,8.17310492533819,-7.29505041694552,5.12176729571476e-10,4.20165562627477e-08,12.1670480783864
"ENSG00000271522",3.11190478130949,-5.99550518229324,7.29458043761474,5.13161761231012e-10,4.20165562627477e-08,11.1567032895639
"ENSG00000134243",3.02430899166874,5.98161725030001,7.29363776981958,5.15143203918859e-10,4.20541599675853e-08,12.4904873031316
"ENSG00000234797",-4.03133185103251,-0.057384658573504,-7.29336727934934,5.15713170091527e-10,4.20541599675853e-08,11.1493981454512
"ENSG00000227008",-4.44232092897416,-3.82485147400497,-7.28731547771151,5.28631083289544e-10,4.28468282467868e-08,10.619366955045
"ENSG00000171316",1.58001111150867,4.96749879866706,7.28558850547641,5.32376258961774e-10,4.30635620981514e-08,12.5832817466103
"ENSG00000090006",-1.82566095479123,5.6238333044731,-7.27164702785463,5.63595950952972e-10,4.54061812028284e-08,12.5635282984263
"ENSG00000065154",1.54314658628758,4.50388646605091,7.27059935271195,5.66014534288531e-10,4.54393228555365e-08,12.5679503841441
"ENSG00000089012",-2.70765973062234,4.65684566664814,-7.27048987367628,5.66267866042083e-10,4.54393228555365e-08,12.5006122055344
"ENSG00000085662",-1.63338022110071,5.14113130122034,-7.26585141821734,5.77105696701804e-10,4.62167394796931e-08,12.5526299004864
"ENSG00000139626",-1.55007207635899,7.24754401623499,-7.26361113318671,5.82414022091989e-10,4.65491222984933e-08,12.279377608758
"ENSG00000124224",1.60131087157469,3.98890062406396,7.2607873265589,5.89174439348897e-10,4.69960135133023e-08,12.5305867794432
"ENSG00000166441",-1.97664303448866,8.96644871748177,-7.25473118029417,6.03938465757472e-10,4.79207238652913e-08,11.6350575868747
"ENSG00000112062",3.0821177067008,7.37595557897615,7.25312355523402,6.07919237134933e-10,4.79207238652913e-08,11.9948569090732
"ENSG00000159128",1.51153682836205,7.81843143154434,7.24013581015358,6.41054103700644e-10,5.00609209408794e-08,11.7999190609325
"ENSG00000089902",1.51844442361466,5.41236175803092,7.23909495188978,6.43786282434571e-10,5.00609209408794e-08,12.339568109588
"ENSG00000158470",2.69855891435525,6.79319817704132,7.23606322230373,6.5181072120632e-10,5.05870552392596e-08,12.0888283574758
"ENSG00000212664",-4.48540821801927,-2.75186359946794,-7.23540977734511,6.53553297894544e-10,5.06245658611878e-08,10.3571605107102
"ENSG00000111906",-2.29809772836007,2.92414765926711,-7.22621976840931,6.78558754851333e-10,5.22594234914431e-08,12.1050378694076
"ENSG00000106789",2.00998013761395,4.19364087378075,7.22496667076904,6.82041484121499e-10,5.24272117488575e-08,12.390935953488
"ENSG00000271109",-3.70483653306496,2.38028562464552,-7.22211689832043,6.90028365576368e-10,5.29399243375976e-08,11.3082893969745
"ENSG00000137720",-3.83860021999259,1.075122979018,-7.21776726492138,7.02399024217904e-10,5.35822496614956e-08,10.8258960034519
"ENSG00000163349",1.60967739844751,6.01841219832441,7.20911246935083,7.276756370214e-10,5.51962565274233e-08,12.0829286685153
"ENSG00000101474",2.06840742547032,8.08566196932171,7.20627041138773,7.36172241533572e-10,5.57355865426227e-08,11.5763479887192
"ENSG00000143797",2.17439010278013,4.52006409276564,7.19732230640609,7.63574981752705e-10,5.71643229356094e-08,12.2688573418072
"ENSG00000072364",1.50577856219671,4.54467688442254,7.19561478302908,7.68918546104067e-10,5.7457366896795e-08,12.2466810792407
"ENSG00000108946",1.63274781449612,6.55001260606424,7.18943728748781,7.88563946106096e-10,5.8707125483995e-08,11.880878190123
"ENSG00000177721",-1.92644087999081,3.5653275054506,-7.18724582546033,7.95652757756746e-10,5.9010004572966e-08,12.119467307955
"ENSG00000177125",1.70439963552435,4.55895540445803,7.18682054297551,7.97035781382035e-10,5.9010004572966e-08,12.219833652686
"ENSG00000197208",2.55683291198642,4.44493317001813,7.18527258048821,8.0209004757634e-10,5.92750442879854e-08,12.2345784363563
"ENSG00000133116",6.3805307176199,-2.56854169147642,7.18465485912891,8.04115885746647e-10,5.93157189702508e-08,10.210704627498
"ENSG00000145649",-3.51675551795327,4.60295467573395,-7.18200123979215,8.12876719456204e-10,5.95538017026823e-08,12.1816895196973
"ENSG00000245910",-1.56773440874646,3.98854562543335,-7.18188311176006,8.13268920321691e-10,5.95538017026823e-08,12.1938453002124
"ENSG00000100934",1.54089101717053,3.85934642051372,7.17926196078675,8.22020204063473e-10,6.00851931704722e-08,12.2103630952955
"ENSG00000101224",-2.00579517048721,7.39364667983078,-7.17700167858857,8.2964201112945e-10,6.05322470624794e-08,11.9424509752408
"ENSG00000177663",1.8741047807296,9.19335994815001,7.17552774970385,8.34650106049685e-10,6.07873252960316e-08,10.9063744306826
"ENSG00000220749",-4.05497485461997,0.614272164875553,-7.17391714848716,8.40157058034423e-10,6.09674982799637e-08,10.7921163275822
"ENSG00000079277",2.42398848750802,7.14513663598818,7.1659596561799,8.6790153955115e-10,6.2641611657155e-08,11.6787940183201
"ENSG00000163235",2.45930081027953,4.0100777931135,7.16199952335257,8.82047457333769e-10,6.35485159134985e-08,12.1445763078561
"ENSG00000211747",-3.0132076521605,3.430162481141,-7.1593983622393,8.91463875301615e-10,6.41120406348399e-08,11.7673714794346
"ENSG00000125743",-2.51329906265212,4.72935853426631,-7.15173285845834,9.19800566000106e-10,6.5796836929424e-08,12.0986042325683
"ENSG00000138449",2.13505971272544,5.69634720591321,7.14839154254641,9.32431617901835e-10,6.64638579838468e-08,11.9512876876968
"ENSG00000198113",1.60196299048875,6.61261210880533,7.14454308111368,9.47194256936472e-10,6.73966433935576e-08,11.8119927133721
"ENSG00000114779",-1.67807913262226,5.54155308312649,-7.13781569133535,9.73562305192813e-10,6.89792148136067e-08,12.0440399077342
"ENSG00000163932",1.59196041210643,8.51437831006857,7.13738633641523,9.75269794654485e-10,6.89792148136067e-08,11.1297441364881
"ENSG00000110931",1.63665957040832,7.54954545608411,7.13712789536845,9.76299020669176e-10,6.89792148136067e-08,11.48220437222
"ENSG00000136942",-2.56741864510999,6.60749272502667,-7.13242382973708,9.95223057888388e-10,7.00699778865657e-08,11.8732301522346
"ENSG00000236439",-4.52253326935094,-0.0464220881027942,-7.12889530482808,1.00965763734123e-09,7.08369407889252e-08,10.3900806489646
"ENSG00000111052",1.67675356613645,4.31428844867383,7.12847218119359,1.01140251760716e-09,7.08369407889252e-08,11.99699947552
"ENSG00000230897",-3.46510962556655,-0.507744431639917,-7.12657519780353,1.01926233619455e-09,7.11421700074105e-08,10.0037190464893
"ENSG00000115594",3.35499321650497,4.22102796905029,7.12656619460192,1.01929978419652e-09,7.11421700074105e-08,12.0050910034018
"ENSG00000231500",-2.84929749132704,8.18464191413772,-7.12527978688102,1.02466460427092e-09,7.13926627745229e-08,11.4727166341138
"ENSG00000014257",1.73611150735844,4.02086089833374,7.12424857683632,1.02898547040478e-09,7.15696779951783e-08,11.995179661685
"ENSG00000138613",1.5426660978542,4.44279849217332,7.1231498030184,1.03360942503277e-09,7.17671262610836e-08,11.9882719329436
"ENSG00000131370",1.80907204004246,6.26632318712113,7.11801312994761,1.05550229179022e-09,7.31608674733625e-08,11.7631238690681
"ENSG00000251633",4.57288256151972,-4.55520378086925,7.11564702946408,1.0657416962858e-09,7.37434555491938e-08,10.292871518863
"ENSG00000152229",2.64600251607814,5.62576722913571,7.11140807025007,1.08433421183118e-09,7.49010377732599e-08,11.7936542802388
"ENSG00000186431",3.32304428900688,5.57360823129006,7.10947314835146,1.09292811972089e-09,7.52589567457569e-08,11.8330480690277
"ENSG00000129450",2.0483596629559,6.77377637776178,7.10775625511123,1.1006104917787e-09,7.53777563722101e-08,11.5996919687987
"ENSG00000155096",1.69362739280403,5.14949347638249,7.10418219073655,1.11677601483664e-09,7.62251771620757e-08,11.8468174238754
"ENSG00000075651",1.94763140277806,2.57104536278632,7.10373662444064,1.1188078362978e-09,7.6234428194651e-08,11.7395446938363
"ENSG00000136149",-2.26177928888407,3.73084144903327,-7.08288410675341,1.21813463311085e-09,8.2582543879127e-08,11.7491140006475
"ENSG00000109046",2.16172469692847,6.8862881903239,7.08017818077077,1.23165204039651e-09,8.33583759730983e-08,11.3075488257201
"ENSG00000143641",2.69979013241885,6.44231522682487,7.07788686960103,1.2432150745835e-09,8.39995502998416e-08,11.5733094158687
"ENSG00000139641",-1.56033318430968,7.23297493099354,-7.07588150753589,1.25342382322666e-09,8.44056022468311e-08,11.5026149135516
"ENSG00000104375",2.45481480479312,2.14879086549316,7.06679165438225,1.30075552978019e-09,8.71549563470388e-08,11.5667274010742
"ENSG00000145592",-2.01743841806049,8.27661178744249,-7.06519333895671,1.30926036605298e-09,8.75788439867916e-08,11.1449890345849
"ENSG00000105202",-1.75076332162953,6.41262675502444,-7.06441265122206,1.31343462623613e-09,8.77121243254895e-08,11.634757993349
"ENSG00000204933",8.46983360692624,-2.93787784930902,7.06312175771341,1.32036602443391e-09,8.80287809523918e-08,10.2085854728971
"ENSG00000134294",1.85595146684636,5.30221283455394,7.06226971511127,1.32496099090851e-09,8.81888770803047e-08,11.6292563706487
"ENSG00000279274",-4.77521420625906,-2.48903309545187,-7.06081258124285,1.33285610543446e-09,8.85677374391339e-08,9.95558487721594
"ENSG00000196205",-1.81558387348572,5.59611804507465,-7.05877441489942,1.3439781145257e-09,8.9012534036511e-08,11.6814855176837
"ENSG00000159399",2.04750819551403,5.36591652513145,7.05729323977654,1.35211868031053e-09,8.94043999767167e-08,11.6183242412995
"ENSG00000131873",2.25208715781906,5.10487908543459,7.05676491691138,1.35503422678527e-09,8.94500590890334e-08,11.6596926251688
"ENSG00000204387",-1.6270985525181,5.1918412773945,-7.05602641672574,1.35912013805755e-09,8.95727012953931e-08,11.7125193432732
"ENSG00000106133",-1.75465204647505,4.16383903829622,-7.05361070986738,1.37257152097346e-09,9.03111624978314e-08,11.699736618902
"ENSG00000164346",-1.57502990896737,5.1717784466224,-7.05019888292444,1.39179591066621e-09,9.09804539847203e-08,11.6876037190172
"ENSG00000139537",-5.143888229667,0.672464710407923,-7.04155485590788,1.44171140460635e-09,9.39378960907363e-08,10.0850778609255
"ENSG00000276644",4.7815116556083,0.70733169406767,7.04069632668797,1.44676539094561e-09,9.41146638297661e-08,10.7050282031904
"ENSG00000163659",2.03161530798262,4.20345562407789,7.03752103333909,1.46561157401835e-09,9.50330911269122e-08,11.6560695868431
"ENSG00000166734",1.59873474250015,4.79998201726381,7.03705283165039,1.46841109034811e-09,9.50612925187997e-08,11.5977210958829
"ENSG00000064393",1.75878176050693,5.34963938731103,7.03540598694821,1.47830046307812e-09,9.55476450428723e-08,11.5292329477702
"ENSG00000233013",2.71271423991992,1.58877659298493,7.02995070180072,1.51153616905627e-09,9.75389680070631e-08,11.3034838408812
"ENSG00000097033",1.86256553354379,7.07492583135,7.02800240151134,1.52358553916435e-09,9.81589516754571e-08,11.1683873840636
"ENSG00000135842",2.4205938283054,8.66120479366625,7.01824977703547,1.58535507353781e-09,1.01326621091204e-07,10.5252027663495
"ENSG00000120896",-1.6471506713986,5.3678079096031,-7.00656398093931,1.66266292354576e-09,1.05596168803138e-07,11.529015438679
"ENSG00000115339",2.01490446074663,3.6184514774345,6.99837060193328,1.71909547042706e-09,1.08665213997026e-07,11.4969192223884
"ENSG00000121060",2.18860464049096,8.15846755536886,6.98398694820691,1.82281793833795e-09,1.14860386766555e-07,10.6036861189941
"ENSG00000198053",2.20733704070804,8.62944859948188,6.97936515272741,1.85745204454685e-09,1.16756166116409e-07,10.4229674113546
"ENSG00000196782",1.53538238759061,4.39927428626752,6.97919861766479,1.85871216144723e-09,1.16756166116409e-07,11.4240446114719
"ENSG00000136717",-1.61285182813629,7.00259811458407,-6.97680861121654,1.87689065838842e-09,1.17530776088055e-07,11.2089063940097
"ENSG00000143771",1.55449090165137,4.50192956237317,6.97074905496087,1.92377757964051e-09,1.20092711578739e-07,11.3748826585952
"ENSG00000198918",-3.52779321969161,4.49048308874156,-6.96610567150344,1.96049462391122e-09,1.21629328503826e-07,11.3764422692687
"ENSG00000204475",-2.6532499102287,3.92642289151196,-6.96273438181786,1.98758933682946e-09,1.22929497263616e-07,11.1970384070899
"ENSG00000161921",2.0524404767256,6.48492453834131,6.95952755656725,2.01370831631407e-09,1.23784559223942e-07,11.0862790126097
"ENSG00000114391",-2.33841955566794,7.41144621901252,-6.957840431352,2.0275865891215e-09,1.24447383291393e-07,10.981953607376
"ENSG00000067900",1.61164461118553,6.11796875602282,6.95173188215224,2.07863714114762e-09,1.27320683343726e-07,10.9550716051968
"ENSG00000164741",7.36339439504298,-2.45187553276946,6.94254863652646,2.15780249915623e-09,1.31436327380422e-07,9.64732110650723
"ENSG00000145332",1.74583871581935,3.79979800490372,6.94063182032073,2.17470171541715e-09,1.32265292531316e-07,11.2767829845498
"ENSG00000112419",1.53888951764547,3.72741185410164,6.93502259785476,2.22491529679502e-09,1.3511487124132e-07,11.2541622330161
"ENSG00000185101",-2.03354966270969,5.12873994861064,-6.93362798737624,2.23757801187009e-09,1.35678900804225e-07,11.246837559484
"ENSG00000172594",3.39097217844606,2.4794352805841,6.92809196175641,2.28855564975402e-09,1.38352652979566e-07,11.0713075755817
"ENSG00000092200",-4.06268587136446,2.17109132568424,-6.92453939986027,2.32187645896303e-09,1.39946143033331e-07,10.3246356570257
"ENSG00000101236",1.67704961212303,7.97808329847194,6.92224115660303,2.34368947745037e-09,1.41049407743203e-07,10.3931858183665
"ENSG00000215114",1.66422114801355,6.27859254853855,6.91762467291937,2.38812390321659e-09,1.43508755092845e-07,10.8846253306046
"ENSG00000213261",-3.54811196697119,-3.08537208012075,-6.91711110022786,2.39311869317008e-09,1.43594265228095e-07,8.98748654308336
"ENSG00000156671",1.61650713275784,4.13094367697795,6.90952576722604,2.46811355407991e-09,1.47873474070224e-07,11.1461327885682
"ENSG00000090266",-1.76574731273407,3.85581389414285,-6.90200971920351,2.54473125089707e-09,1.52010825777955e-07,11.0994988381219
"ENSG00000176731",-1.87472768013913,2.57074149369048,-6.90095775790676,2.55564209331456e-09,1.52436088183134e-07,10.965068635771
"ENSG00000136021",1.55076647791581,4.25929078164375,6.89729937024243,2.59395050789951e-09,1.54035448033347e-07,11.0907214964283
"ENSG00000072071",-1.56481519058492,4.62860903334436,-6.89215471940858,2.64879147096007e-09,1.56828740376343e-07,11.0858572878382
"ENSG00000257743",4.50350284210044,2.20849441932225,6.89008644789649,2.67116282117467e-09,1.57688821933721e-07,10.916185282334
"ENSG00000110448",-2.03632661637144,6.5738016583311,-6.88878433682576,2.68534343974695e-09,1.58061752510552e-07,10.9503539245608
"ENSG00000123349",-2.08473217670363,6.2275453153039,-6.87909710906768,2.79322194525245e-09,1.6393154546429e-07,10.8023523079277
"ENSG00000102908",1.76708582973607,4.46127539596166,6.87096407636653,2.88711717743972e-09,1.68948886124354e-07,10.9569571501087
"ENSG00000203710",3.55592371341257,6.39938796084655,6.86684839584159,2.93582321073469e-09,1.71372132416509e-07,10.6786003543749
"ENSG00000163531",5.2464048201994,-4.03872462469358,6.86446866469985,2.96435791938258e-09,1.72714662427563e-07,9.89701946440902
"ENSG00000159753",-1.72365223603432,6.01763944742984,-6.86209254459675,2.99312480219703e-09,1.738867099681e-07,10.8939286864661
"ENSG00000136051",1.73655276406062,4.88632815489647,6.85830268635557,3.03958355246414e-09,1.76076855873434e-07,10.8566674312077
"ENSG00000144713",-2.29577522058951,8.59369370607289,-6.85766871202396,3.04742504552042e-09,1.76277095942463e-07,10.282128557665
"ENSG00000182957",1.50702419935584,5.67505929741325,6.84728324811723,3.17878563039064e-09,1.82562199875663e-07,10.7026938989759
"ENSG00000182866",-2.037930195923,7.52215633147724,-6.84672549782107,3.18599769414953e-09,1.82715377033094e-07,10.6101292285114
"ENSG00000236552",-2.27981774229288,4.29396805835561,-6.84583139373718,3.19759302505842e-09,1.82988809361298e-07,10.8924201948236
"ENSG00000155438",-1.83881647226601,3.42992623563019,-6.84435775802421,3.21679585209498e-09,1.83695492678867e-07,10.8296259777577
"ENSG00000243592",-3.99616005656799,-5.57796480465533,-6.84140421787565,3.25562948496246e-09,1.85649385183633e-07,9.30366467284047
"ENSG00000180211",-4.36925124851077,-3.59274805040806,-6.83570874929695,3.33183685981924e-09,1.88923138841259e-07,9.19844371756005
"ENSG00000164379",5.18581485927742,-4.90305762874774,6.83377050524063,3.35817412728153e-09,1.89880894887443e-07,9.80515582968989
"ENSG00000233896",4.25946938602369,-5.49155457837005,6.83339304500051,3.36332719317154e-09,1.89905168286351e-07,9.6070311183955
"ENSG00000099985",2.86618940178295,2.54085022052589,6.82948331769369,3.41716775697042e-09,1.92404731324545e-07,10.712118247881
"ENSG00000165802",-1.51227361001542,5.67223004244812,-6.8265315196952,3.45838433329153e-09,1.94453100653127e-07,10.7799473352397
"ENSG00000106070",4.07353109025965,3.4638995799696,6.82312590642089,3.50655276459116e-09,1.96886081343707e-07,10.7865542641741
"ENSG00000245164",-2.01026832311126,7.18180966202779,-6.82008234911091,3.55016507815527e-09,1.99056815163177e-07,10.5244637866582
"ENSG00000139266",-1.56849471537255,4.79088448946866,-6.81965236177111,3.5563699036903e-09,1.99126995638102e-07,10.8045488891881
"ENSG00000121064",2.01214875412444,6.57720448023254,6.81896162013857,3.56636008397584e-09,1.99408634347701e-07,10.4602103197609
"ENSG00000120063",1.61444281723538,5.60835826640687,6.81511533501905,3.6225017809132e-09,2.01487472745261e-07,10.6151256132832
"ENSG00000143862",1.63428991233497,6.70535154349742,6.81259170662497,3.65981455216087e-09,2.03220807494435e-07,10.4387069091874
"ENSG00000140575",1.5743267528825,8.62841512701032,6.80683146618405,3.74642099770875e-09,2.07171412585814e-07,9.51909082989963
"ENSG00000232112",-2.19593605776891,4.3328640812003,-6.80620040270331,3.75603227913536e-09,2.07417595722252e-07,10.7426602129583
"ENSG00000220793",-3.77409327526979,-2.80367737535757,-6.80164368385123,3.82616461909272e-09,2.11000644741791e-07,8.74255071626165
"ENSG00000142405",1.96628670663963,7.54283823728631,6.80070362584864,3.84079439175875e-09,2.11361493648607e-07,10.1700753353039
"ENSG00000165097",1.51217458646648,4.716078741574,6.80054791565267,3.84322302017641e-09,2.11361493648607e-07,10.6933885040813
"ENSG00000198216",2.84748978343456,3.20801216505827,6.80019845632729,3.84867913973524e-09,2.11372402698957e-07,10.7190905925795
"ENSG00000124588",2.67492360728676,6.43706601245238,6.79588448148109,3.91667171035332e-09,2.14813146111356e-07,10.4199871806308
"ENSG00000105639",1.69787362802899,9.13166660714402,6.79464537386398,3.93642135183562e-09,2.15602195076969e-07,9.34971398592678
"ENSG00000183023",1.86601274318958,4.01482237854837,6.78698558801299,4.06072654585935e-09,2.20905722052284e-07,10.6648629888924
"ENSG00000139193",-2.66904478488187,6.38525342865032,-6.78020811638356,4.1739661740936e-09,2.25540037810364e-07,10.6028227975339
"ENSG00000242692",-4.89710949610385,-1.20918852136463,-6.76602957887354,4.42112856650963e-09,2.36693848171375e-07,8.97163487578753
"ENSG00000214389",-4.69231240352625,-0.160120669873473,-6.75703104013034,4.58549163671356e-09,2.45140870716966e-07,9.1879501174892
"ENSG00000135632",-1.55270639145954,4.07829865807827,-6.75639382387885,4.59735861610018e-09,2.45258962983604e-07,10.5200319237609
"ENSG00000007255",-1.76307282248036,4.19896779627651,-6.75625746864859,4.59990194740653e-09,2.45258962983604e-07,10.5283811595083
"ENSG00000228071",-4.60283702334367,-3.97608046847859,-6.75588723254154,4.6068147456163e-09,2.45302207156645e-07,9.2982851780328
"ENSG00000021300",-2.48190975283056,4.33102149898331,-6.75402397362057,4.64176147401759e-09,2.46836104204306e-07,10.4717683414211
"ENSG00000128923",1.84284429745983,2.86276365246018,6.75266656213283,4.66738663240358e-09,2.47721597122861e-07,10.5150887513703
"ENSG00000224129",3.43669619971235,-5.90339976839687,6.75239906512133,4.67245300678414e-09,2.47721597122861e-07,9.31969589722116
"ENSG00000054793",4.55079048322,2.7139749729594,6.75057818861392,4.70708597210462e-09,2.48665269711629e-07,10.4383123377313
"ENSG00000070540",1.68209647913303,4.85577466320884,6.74384112803106,4.83745971346183e-09,2.54882772477841e-07,10.4756590799524
"ENSG00000128594",1.85990977094562,5.72102919158117,6.74126019257475,4.88835161066155e-09,2.57227109230125e-07,10.3780436993175
"ENSG00000277734",-2.34181786004085,8.04486795992659,-6.73542786386063,5.00532610554076e-09,2.62119522752055e-07,10.0835209413704
"ENSG00000213741",-2.7374407085703,6.44430579418275,-6.73532532176466,5.00740742932138e-09,2.62119522752055e-07,10.2744850163755
"ENSG00000120699",-1.56300362598322,3.34502965263621,-6.73077886688787,5.10055854151623e-09,2.65956750306142e-07,10.3688396592442
"ENSG00000197457",-2.10007851390941,5.46433951444208,-6.72352380851532,5.25278853188474e-09,2.72238094776006e-07,10.4045138846352
"ENSG00000103227",-1.57041456425495,4.14764224779339,-6.72310777987324,5.2616536401412e-09,2.72238094776006e-07,10.4040603704774
"ENSG00000198755",-1.68102016470195,8.24112386342387,-6.7176693236534,5.37891928209095e-09,2.77947703057353e-07,9.74192018940061
"ENSG00000058091",2.05545492068014,3.2676355914247,6.71574804819496,5.42096485465085e-09,2.79760756208823e-07,10.3650091436025
"ENSG00000127507",1.90058524809843,7.58797630113352,6.71470007697571,5.44403649472528e-09,2.80591224565315e-07,9.77840450623925
"ENSG00000227063",-5.4551022037365,0.270200151206709,-6.7123572457815,5.49596902966624e-09,2.82905181729375e-07,9.0045571144431
"ENSG00000105516",-1.79954394722012,4.68589569842649,-6.71098281777484,5.52666442308176e-09,2.83758573610131e-07,10.3801582102572
"ENSG00000211716",-4.01034226055808,1.40556406575343,-6.70295638446277,5.70935659915797e-09,2.92019788803243e-07,9.05995130894524
"ENSG00000137575",1.60137470677437,8.41454185675951,6.70153890562926,5.74223874906098e-09,2.93328439885324e-07,9.33505897316527
"ENSG00000174080",-2.86066942820881,3.04631639927499,-6.69996023678221,5.7790818815379e-09,2.94835850002013e-07,9.98074628744769
"ENSG00000232472",-3.28900806108914,0.00779602822503435,-6.69828359719616,5.81846895529843e-09,2.96093783469503e-07,9.00686188929164
"ENSG00000198821",-2.12966442544758,7.27644697962219,-6.69753020965624,5.83625412331733e-09,2.9662337328142e-07,10.0761121571038
"ENSG00000120915",-2.42336422089036,3.67200548625856,-6.6971059745984,5.8462927969692e-09,2.96758412908783e-07,10.2127575994408
"ENSG00000187504",-4.22634188581219,-4.36745038673931,-6.69412060660701,5.91742288097499e-09,2.99990207643072e-07,8.90039145442371
"ENSG00000118181",-2.75023900693933,7.92213340525636,-6.68868187344013,6.04922701043505e-09,3.05516362152651e-07,9.83626457208461
"ENSG00000148154",3.2097032417589,4.22963650933913,6.67770904091589,6.32409970093042e-09,3.18105235049236e-07,10.2324713725528
"ENSG00000007237",2.77980692038333,7.57335212343211,6.67515981722094,6.38971615804293e-09,3.20348497406352e-07,9.62771123792976
"ENSG00000211803",-3.72477736176559,1.04687988442436,-6.67504960443674,6.39256822920528e-09,3.20348497406352e-07,8.85213362898643
"ENSG00000218426",-2.05184983918377,3.55148101108077,-6.67481348577139,6.3986827376076e-09,3.20348497406352e-07,10.1751980500099
"ENSG00000055044",-1.51373121273376,4.32986574862203,-6.67171700788761,6.47940919803069e-09,3.2358411003631e-07,10.229378674731
"ENSG00000173517",1.60965225352703,3.51705272665058,6.66347529756611,6.69924327425468e-09,3.33320517464835e-07,10.1962117680376
"ENSG00000146416",1.63819725777009,2.91302897648688,6.66120513692352,6.76108831342091e-09,3.35981795273359e-07,10.1071066930122
"ENSG00000112053",3.01733833826377,3.77884359895441,6.6552342969999,6.92647305663719e-09,3.42928657417399e-07,10.1654594008481
"ENSG00000224032",-1.91750372222406,2.84286294079974,-6.65150838672149,7.03170805731825e-09,3.46977710871775e-07,9.95794059941953
"ENSG00000116688",1.59276330904597,7.10116044461059,6.65142264385515,7.03414840954422e-09,3.46977710871775e-07,9.7016904745835
"ENSG00000084731",2.21848003195571,4.07450595566112,6.64985878805351,7.07880580027526e-09,3.48325765951855e-07,10.1449742056057
"ENSG00000167664",-2.826831753401,3.81344945529658,-6.64675240842293,7.16834926827301e-09,3.51870546133225e-07,9.98932857261793
"ENSG00000211829",-4.20914630953052,4.11421611780445,-6.64304773937577,7.27661242438992e-09,3.55827873865435e-07,9.96449328098277
"ENSG00000242574",-2.02004224883545,5.88896369624367,-6.64278430781078,7.28437242403991e-09,3.55827873865435e-07,10.0377199355303
"ENSG00000219626",1.79183672709626,2.08230348179975,6.63995190861099,7.36832907219576e-09,3.59492190971376e-07,9.92917497055664
"ENSG00000164919",-2.39120561339047,3.04033033728611,-6.63574730201193,7.49473739544383e-09,3.65216282147434e-07,10.029498129494
"ENSG00000171658",5.55925200446835,-3.39231977292766,6.63513744155074,7.51325056820346e-09,3.65660789212075e-07,9.10505424167815
"ENSG00000124243",-1.99430489343651,3.55496288466896,-6.63484807936993,7.52205046212592e-09,3.65660789212075e-07,10.0154369678426
"ENSG00000167272",-1.56522762363959,3.35686352014036,-6.63155880577041,7.62280491395197e-09,3.69664660012904e-07,9.98318393683613
"ENSG00000137070",-1.82710738362022,4.50094339950209,-6.62963331108315,7.68240660875088e-09,3.72106157210847e-07,10.0666263061505
"ENSG00000133321",-2.02922151462921,5.78177730287849,-6.62833646343682,7.7228100709527e-09,3.73613008992107e-07,10.0175416847104
"ENSG00000205269",2.00230974853533,3.63574242752157,6.62666330458662,7.77524981689401e-09,3.75697828291794e-07,10.054130741205
"ENSG00000125691",-3.8171286971171,6.15960355593999,-6.62281646707057,7.89716297357092e-09,3.80673556191245e-07,9.89284130607593
"ENSG00000173744",2.74697558033976,6.10693713533556,6.62075958302283,7.96312711878351e-09,3.82934971805424e-07,9.77449376356213
"ENSG00000134755",2.84309655224485,3.41706388179564,6.61976700929388,7.99515455902841e-09,3.83557522174296e-07,10.0256623942254
"ENSG00000156273",1.68642025699549,6.07520137058234,6.61653598169646,8.10029989065608e-09,3.87676495481138e-07,9.70817422009347
"ENSG00000282508",1.98651461752844,4.54198311884371,6.61595865140053,8.11923183300901e-09,3.88120520987667e-07,9.98492872288952
"ENSG00000220583",-4.12625184365409,-3.00474178449579,-6.60845525402094,8.3693229703512e-09,3.99126360680971e-07,8.3637828271316
"ENSG00000171862",1.50130894829676,7.4673823790263,6.60662242377245,8.43156666051577e-09,4.01618297258359e-07,9.27783229351396
"ENSG00000116824",-1.83895968592076,6.85446029460164,-6.6062885441262,8.4429548032564e-09,4.01684815385224e-07,9.77080791739362
"ENSG00000183723",2.55943570968276,1.76431505218982,6.60328829304813,8.54597742407337e-09,4.05626191738604e-07,9.77748683257055
"ENSG00000185187",-1.62837998116124,7.00366781700172,-6.59774380622988,8.73966348532791e-09,4.13783121235413e-07,9.65899530021597
"ENSG00000164506",1.63971615689078,4.59173793900341,6.59748782460305,8.74871033904038e-09,4.13783121235413e-07,9.89929726874255
"ENSG00000008324",-1.73105511230003,2.38989700671074,-6.59709736086073,8.76252796647062e-09,4.1394964666046e-07,9.71344755447683
"ENSG00000112306",-1.99175939654564,8.56767507592301,-6.59552271898155,8.81847146080691e-09,4.16103508999248e-07,9.15265970858161
"ENSG00000271605",2.38315102848677,4.5578023226418,6.59163281951712,8.95819732818765e-09,4.22200995296366e-07,9.90320529521328
"ENSG00000186810",-2.18167944253334,4.54647019223939,-6.58613224065755,9.15954288463727e-09,4.30177503560967e-07,9.86945063619545
"ENSG00000137054",-1.71264228711911,3.36630087171922,-6.58417133396865,9.23240308627478e-09,4.31582638226068e-07,9.80635341211477
"ENSG00000223117",5.83525082229836,-3.66310794572374,6.57947727734478,9.40916571294769e-09,4.3933481996739e-07,8.32686982854532
"ENSG00000170860",-3.12103313255768,2.50918065361754,-6.5726543939346,9.67210715154644e-09,4.49523759198231e-07,9.56272141575515
"ENSG00000239887",5.89979660487557,-2.06802335008294,6.57100941531927,9.73658652727158e-09,4.51476645408734e-07,8.15583180885566
"ENSG00000105355",1.90913353235041,7.28358094402203,6.56996791213302,9.77763174278155e-09,4.52857547607493e-07,9.35080655548237
"ENSG00000227081",-4.41210432033443,2.39283775174992,-6.55977302065087,1.01885998672844e-08,4.70235466963537e-07,9.39589586687955
"ENSG00000242894",3.89688943167298,-5.7121716018068,6.55659469565934,1.03201983246112e-08,4.75229722606661e-07,8.65752467613397
"ENSG00000131469",-2.314515552406,7.07832000833157,-6.54997600603158,1.05996909319003e-08,4.85507043575762e-07,9.33264751557402
"ENSG00000137970",-4.3433754374273,1.52555363906927,-6.54989091270698,1.06033327759693e-08,4.85507043575762e-07,9.14516779746584
"ENSG00000140396",1.65549003952808,5.00974491406968,6.54821595340537,1.06752717340752e-08,4.88244908137987e-07,9.6288420940599
"ENSG00000273716",-4.80170306390915,-0.788118379105902,-6.54731824591182,1.07140273986356e-08,4.89460601681761e-07,8.27398768046817
"ENSG00000234851",-1.824157361785,4.47603168414364,-6.53598602162284,1.12154506932259e-08,5.10626895548206e-07,9.70005342131866
"ENSG00000169442",-3.42302257151418,7.21453303699992,-6.52809989385686,1.15780849600856e-08,5.23722690985554e-07,9.41221108468303
"ENSG00000217128",1.51480354618263,4.90252987020965,6.52805589944639,1.15801403225755e-08,5.23722690985554e-07,9.57829120938639
"ENSG00000196663",1.61665049293474,7.00319184291334,6.52803211853687,1.15812514871439e-08,5.23722690985554e-07,9.19418010980247
"ENSG00000133318",1.75209452537697,8.49360332015457,6.52674983649719,1.16413233237164e-08,5.25777748849094e-07,8.65697785066635
"ENSG00000113368",1.72894930591797,6.27019948324948,6.52650449007366,1.16528524507373e-08,5.25777748849094e-07,9.35684834440068
"ENSG00000165312",1.90016343541906,3.96759770526174,6.52251481024523,1.18419325083575e-08,5.33710056839674e-07,9.65004338240798
"ENSG00000225912",-4.79380860330134,-4.1743692220489,-6.52206522300219,1.18634296667442e-08,5.34080178569376e-07,8.5347104571162
"ENSG00000251576",6.04642329890523,-4.8531442590777,6.51951644734985,1.19860352119861e-08,5.38393952617055e-07,8.85509798993123
"ENSG00000114268",1.57245626777975,6.88553863194706,6.51485948557512,1.22133127515697e-08,5.47990624150229e-07,9.18616557838453
"ENSG00000172116",-2.71007615673482,5.3658028250086,-6.5131744393099,1.22966000776666e-08,5.51112504261265e-07,9.60585584464815
"ENSG00000282572",2.13122989213564,3.50836641879123,6.51283990962878,1.23132019944311e-08,5.51242034053584e-07,9.61162745998832
"ENSG00000013725",-1.97929706017105,7.47928419611376,-6.51024855756419,1.24425612961104e-08,5.55795388029144e-07,9.25519573521759
"ENSG00000213172",5.48532471863387,-4.28337683340847,6.5084318960126,1.2534052511287e-08,5.59260798067437e-07,8.56210141187881
"ENSG00000234389",3.9417691039182,2.91734491984514,6.50606491562671,1.26542624404812e-08,5.62750728575472e-07,9.55749859729497
"ENSG00000125520",-1.77959711686526,5.98335623115396,-6.50573884236637,1.26709119725521e-08,5.62868511735401e-07,9.50267824813985
"ENSG00000244527",-4.43823769333739,-3.08033857121195,-6.50373557498076,1.27736788484551e-08,5.66507428008791e-07,8.21192787865792
"ENSG00000233559",5.64056104184237,-4.30850368703661,6.49286361188808,1.33460182788291e-08,5.86378827153539e-07,8.46323270783826
"ENSG00000169740",-2.79904618468104,2.50123600650756,-6.49028281212586,1.34855799881252e-08,5.91218415139159e-07,9.19789476287145
"ENSG00000244482",2.88753553515308,6.65594919094734,6.48836302774601,1.35903354430651e-08,5.93874190098796e-07,9.20111923891388
"ENSG00000130255",-1.56423588023255,8.24670557915127,-6.48699978334551,1.36652130006271e-08,5.96491740555062e-07,8.84587762395442
"ENSG00000237254",-3.88121428668244,0.996961531429332,-6.48477782373308,1.37881356203013e-08,6.00660056440392e-07,8.21545189342308
"ENSG00000237729",-4.42159486933941,-2.29904431747107,-6.48404265022692,1.38290480137571e-08,6.0168332061587e-07,7.96101962522988
"ENSG00000186908",1.65635068369917,3.53220450822107,6.48168187461849,1.39612422109621e-08,6.06122958277644e-07,9.48625319832677
"ENSG00000174444",-1.96371617045121,9.410300968418,-6.47911189160527,1.4106578502088e-08,6.11112789807047e-07,8.30178686487397
"ENSG00000254087",1.63691234916621,9.00205815168036,6.47721624017975,1.4214742488428e-08,6.15135713153696e-07,8.19322050423464
"ENSG00000137393",1.59481622202305,5.31038939785892,6.4768315138635,1.42367949439847e-08,6.15273863342676e-07,9.30402598655837
"ENSG00000008283",-1.66053904336159,4.42850409793065,-6.47295348400052,1.4460989465948e-08,6.23777573508627e-07,9.45560302140691
"ENSG00000109475",-4.90823870124264,4.05076297189132,-6.46758049902521,1.47774153755686e-08,6.34025243253586e-07,9.4271254247953
"ENSG00000118508",1.94470776756435,5.06754251469569,6.46471558032241,1.49489374339743e-08,6.40700621237349e-07,9.36662289506507
"ENSG00000241494",-4.59381890521356,-2.96000274583376,-6.46290281285973,1.50584873262052e-08,6.44022667540532e-07,8.01832665959941
"ENSG00000185950",2.31797463443083,5.31129854530717,6.46254649005847,1.50801143512934e-08,6.44262228640487e-07,9.27693302554408
"ENSG00000258227",4.09855251869867,2.80256157067104,6.46084647337826,1.51837223676444e-08,6.48000007031891e-07,9.27636055619168
"ENSG00000213860",-4.02849068375805,-2.26721839951028,-6.45933588784079,1.52763784743609e-08,6.50573058714257e-07,7.76932747086123
"ENSG00000276649",2.10318106391262,2.10907982336399,6.4574937133387,1.5390133829495e-08,6.54723979061755e-07,9.24243049771506
"ENSG00000174837",2.47902391563984,5.98530799432112,6.45402240498049,1.56067802141598e-08,6.6323866614128e-07,9.13798259440757
"ENSG00000165030",1.97916799340569,5.91507502775092,6.45249761956649,1.57028977979572e-08,6.65915503453032e-07,9.18136401263632
"ENSG00000197958",-2.07300298950195,9.03146130114002,-6.45142774919619,1.57706897305507e-08,6.68085635982719e-07,8.47838055951271
"ENSG00000102543",2.0138931211895,2.44857474281479,6.44989433703555,1.58683609414224e-08,6.71515627965331e-07,9.2551302947432
"ENSG00000225422",3.04614208883378,-2.3265808911746,6.44937688829863,1.59014553880375e-08,6.72208527350033e-07,7.38849191746592
"ENSG00000142676",-2.93468326027648,7.99247363042326,-6.44493732799677,1.61882276483986e-08,6.82895202435384e-07,8.7268732657351
"ENSG00000197093",-3.06086007722821,3.17647941014665,-6.44215116304846,1.63708161797553e-08,6.89873744296146e-07,9.11755031031478
"ENSG00000119121",1.72344758211323,3.99614977116295,6.43727081480196,1.66955868585633e-08,7.00622111574074e-07,9.31391137344787
"ENSG00000111832",-1.83881443420409,3.44100487208081,-6.43674447023443,1.6730993278347e-08,7.01191793441676e-07,9.30604623112339
"ENSG00000109686",-5.0290474461104,-3.07030825790171,-6.43655071590542,1.67440456122583e-08,7.01191793441676e-07,7.99820066462296
"ENSG00000026508",1.92171349081386,9.05118016342745,6.43230034873352,1.70329307316288e-08,7.1254722296872e-07,7.94844793962662
"ENSG00000182197",2.10009594027226,4.01781727305873,6.43033417918721,1.71682345629768e-08,7.16714160866017e-07,9.29734024936949
"ENSG00000244313",-2.46016876250265,2.14042559402477,-6.4269815362539,1.74014157687467e-08,7.24194323742397e-07,8.9925832721154
"ENSG00000182541",2.17680295123758,8.07504839822761,6.42047413274692,1.78630277408856e-08,7.41869257478391e-07,8.39773222667939
"ENSG00000113282",1.73861542150793,5.52495629270701,6.41673966162486,1.81334075007492e-08,7.52321205722519e-07,9.07331915666024
"ENSG00000163001",-1.79621315705665,2.39502216450811,-6.41285315478381,1.8419110167007e-08,7.63386666942286e-07,9.03170591825477
"ENSG00000027869",-1.9715684554672,5.51152075222606,-6.40838190939207,1.87533299662592e-08,7.73252688516464e-07,9.19176963915999
"ENSG00000198832",-2.47810131972765,2.66742015441637,-6.40605054890417,1.89299772719398e-08,7.79736625293569e-07,8.85263265138191
"ENSG00000145730",1.55061564266296,4.25074260305321,6.40362071087515,1.91158444627755e-08,7.85782391710123e-07,9.17624067303564
"ENSG00000166313",-2.05290353275424,5.28112928327531,-6.40032666773625,1.93707139970419e-08,7.93015727198655e-07,9.16471640328792
"ENSG00000196371",1.51479640313449,3.12839938031718,6.39822207759905,1.95353154819095e-08,7.9731853096825e-07,9.13704073673435
"ENSG00000226950",-1.66082236835402,3.63434198760632,-6.39729606491814,1.96081787740596e-08,7.99480733341527e-07,9.11284448861029
"ENSG00000158089",4.34349769240092,2.97242540509367,6.38988050557258,2.02014868113656e-08,8.22837054499007e-07,9.03297626533256
"ENSG00000182173",-1.83308368579407,4.90398971324238,-6.388531996114,2.03112784102628e-08,8.26184070991023e-07,9.13383788542407
"ENSG00000135074",1.60285721766891,7.43922336305593,6.3883668946569,2.03247611116393e-08,8.26184070991023e-07,8.51820794506846
"ENSG00000268734",2.76815356838004,4.52226125025814,6.38730674219754,2.04115484149568e-08,8.28164866364147e-07,9.10001282657018
"ENSG00000244538",-4.66273716075938,-2.80375016220527,-6.37955808406212,2.10571466676517e-08,8.49527417903601e-07,7.83412405763961
"ENSG00000211746",-2.9641429999092,2.93212769078227,-6.37942893385698,2.10680771018827e-08,8.49527417903601e-07,8.77693437865197
"ENSG00000107036",1.58144923445453,4.11210859549727,6.37049843728491,2.18377155172138e-08,8.74422150620548e-07,9.05408082094143
"ENSG00000008394",1.72277604623214,3.02247579363265,6.3687299155601,2.19934066423447e-08,8.782892778341e-07,9.02299396490741
"ENSG00000241612",-3.78870899832777,-2.61822402833695,-6.36865718014242,2.19998334107492e-08,8.782892778341e-07,7.42022914072718
"ENSG00000178429",-4.65032916455378,-3.09338788644244,-6.36192355940424,2.26029492038903e-08,9.0147198799087e-07,7.68913737355642
"ENSG00000214784",-4.39134529874527,-2.39039573673741,-6.35361593747632,2.33697003645296e-08,9.27636005516349e-07,7.50004593414177
"ENSG00000138385",-1.61899787648972,4.72743637800894,-6.35356648063495,2.3374341415553e-08,9.27636005516349e-07,8.98775587662102
"ENSG00000181524",-2.67628639561189,0.728734102894584,-6.35108899523056,2.36080040766546e-08,9.34170945391668e-07,8.06923970265501
"ENSG00000078596",-1.96106643385187,4.02583109505172,-6.3510814631119,2.36087179871134e-08,9.34170945391668e-07,8.98266694596316
"ENSG00000171130",-1.81053063925097,5.18474833997766,-6.34110942190895,2.45729301844223e-08,9.69461176912804e-07,8.94300018602008
"ENSG00000226360",-2.25388389411934,2.5452533091768,-6.33604029422298,2.50779523111337e-08,9.8648125128395e-07,8.67756851883291
"ENSG00000159618",-1.92627268442286,4.55221219923238,-6.33275890037427,2.5410345678552e-08,9.98579390976682e-07,8.92439237636983
"ENSG00000183918",-2.75427729020656,3.09931738694121,-6.3291245282803,2.57835989105862e-08,1.00930111334312e-06,8.81278350835621
"ENSG00000211751",-2.3205580031709,7.03815074036912,-6.32597104072004,2.61118699261141e-08,1.02016462076739e-06,8.67334661068296
"ENSG00000100031",2.03534471229879,5.28972165930915,6.3215751821792,2.65763995023891e-08,1.03529497363861e-06,8.79567000373798
"ENSG00000166046",1.71109228355124,5.00562718323058,6.31985336794039,2.67605778976606e-08,1.04146055434826e-06,8.73330517116946
"ENSG00000127184",-2.88061117769738,3.89034906560006,-6.31886698091608,2.68666593895292e-08,1.04356854181435e-06,8.8684106587333
"ENSG00000237943",-1.96437299374994,3.68919703627569,-6.31610474043881,2.71659513355328e-08,1.05417526601456e-06,8.83061208061024
"ENSG00000142185",3.05306077868952,5.33335452906513,6.31511719644939,2.72737536939544e-08,1.05733794214499e-06,8.73102935504355
"ENSG00000114480",1.65013154614537,3.50004438884235,6.31224146963414,2.75900976086273e-08,1.06549193473779e-06,8.84596502971378
"ENSG00000197540",-2.56656502457557,5.30333259513837,-6.30597007840968,2.82926633138591e-08,1.09052890752039e-06,8.81849559747605
"ENSG00000171863",-3.52687719842984,5.59845838613552,-6.30058702105607,2.89098486971906e-08,1.11112211981306e-06,8.6703797135593
"ENSG00000108984",2.43272167612878,3.66897993247342,6.29809635112391,2.91999141376999e-08,1.12119861333698e-06,8.79122779535127
"ENSG00000233461",2.47718678280987,2.75156644066008,6.28604548362375,3.06446639230203e-08,1.16885842413023e-06,8.66419949896152
"ENSG00000116574",3.10116021072757,3.00513996271612,6.28117932195728,3.12479566832529e-08,1.18736328410221e-06,8.70518328598043
"ENSG00000172005",-2.57632509973412,5.06279619165901,-6.28086534107039,3.12872852677852e-08,1.18773507302691e-06,8.72619960359243
"ENSG00000225783",1.97112497263931,6.81336601330824,6.28037293666271,3.13490617116975e-08,1.18895752729591e-06,8.26198573394457
"ENSG00000162244",-1.7744808008843,8.39142017364708,-6.27729422673415,3.17380654129528e-08,1.20144416735549e-06,7.98838067009626
"ENSG00000204228",-2.58223684100596,2.58342747030011,-6.27642565365049,3.18486754570502e-08,1.20336508526723e-06,8.33217631828893
"ENSG00000123728",1.56614153315026,4.25963165018757,6.27610461272878,3.18896557210628e-08,1.20378210262739e-06,8.674426324856
"ENSG00000211689",-3.70259570229741,3.11368011752389,-6.26616370948012,3.31848074346497e-08,1.25032392548059e-06,8.38464743585977
"ENSG00000173334",2.26790831180599,5.30337370161624,6.26377412275654,3.35038332854465e-08,1.26116208402764e-06,8.55843284749013
"ENSG00000145391",1.50979621761168,3.4627335525047,6.26274473927853,3.36421986006297e-08,1.265185844848e-06,8.65688212503326
"ENSG00000113088",-4.23719463259477,3.51831289613136,-6.25827769593072,3.42492351730118e-08,1.28441021681476e-06,8.32292391680581
"ENSG00000281655",2.66717755378735,-6.08686976187193,6.25208246383731,3.51091383812953e-08,1.31298379646961e-06,7.78587724091353
"ENSG00000116251",-2.25012442885329,7.10763333819758,-6.25167763296575,3.51660687307921e-08,1.31389060884322e-06,8.27043951319317
"ENSG00000171843",-2.08675756203665,2.96767593574263,-6.24821295780766,3.56570570050903e-08,1.32976345613974e-06,8.47276021461311
"ENSG00000197006",2.2348083116123,7.09141974727425,6.24591327051716,3.5986699481698e-08,1.33957156718817e-06,8.04774557524141
"ENSG00000122026",-3.73747232916492,7.25354051817136,-6.24088673190833,3.67177744079696e-08,1.36299904593647e-06,8.24860302861744
"ENSG00000186468",-2.59429146582415,7.87619579858758,-6.2387505578171,3.70329080172163e-08,1.37216310424712e-06,8.0511112586536
"ENSG00000177917",1.53971131707889,2.86622539616323,6.237558440219,3.72099366384769e-08,1.37745292149176e-06,8.52397353355529
"ENSG00000071082",-4.11419748466529,5.2998254304353,-6.23323096248621,3.78596452105211e-08,1.39764321097646e-06,8.4690588669107
"ENSG00000019991",3.8164572899333,1.96400144523028,6.23139032831588,3.81393883175127e-08,1.4053892659401e-06,8.43793971171754
"ENSG00000277443",2.3215282736364,7.49977691991149,6.23085380234602,3.82213156878821e-08,1.40711843707348e-06,7.88943705118737
"ENSG00000111886",5.19807839843332,-1.2074283990913,6.22811493688669,3.86422667651158e-08,1.42131418892149e-06,7.15572826929897
"ENSG00000089505",3.09509197727094,2.97985376848401,6.2226463804988,3.94965600281868e-08,1.44875976847917e-06,8.44800738326699
"ENSG00000213339",-1.64274910103727,4.03191119409888,-6.22220503965533,3.95663170714004e-08,1.44999551404233e-06,8.49519935063631
"ENSG00000160185",-1.99837452596865,4.84679860353461,-6.21692188858173,4.04109005558649e-08,1.47556677942496e-06,8.48141760091758
"ENSG00000229278",4.18601173569218,-5.54506635349579,6.2151244267644,4.07023053437635e-08,1.48485851127947e-06,7.52394987774766
"ENSG00000220842",-4.62499902282437,1.89585628275687,-6.20919051858454,4.16791833384131e-08,1.51636789915917e-06,7.89299591219125
"ENSG00000073331",1.51833862365474,6.76350983042497,6.20049330005058,4.31531228605431e-08,1.56010957305715e-06,7.8996835331133
"ENSG00000241657",-4.47040429299804,0.694872564614586,-6.1919923891484,4.46437050456998e-08,1.60965581188092e-06,7.1867652764572
"ENSG00000161010",-1.51895652716416,4.9153272359035,-6.18660046298251,4.5615484342129e-08,1.64028059170149e-06,8.34436104850139
"ENSG00000102531",1.81052731177527,3.85204217511442,6.1853588408433,4.58422137610078e-08,1.64681945215379e-06,8.34764143528924
"ENSG00000211745",-3.91778519673187,1.66122543073642,-6.17708489038079,4.73818873496036e-08,1.69013538591569e-06,7.39526840415547
"ENSG00000170909",2.01758283080915,7.60638531034488,6.17611423268847,4.75658404018634e-08,1.69374837540807e-06,7.66260056726458
"ENSG00000166199",-1.55594527950639,3.18502603665814,-6.17413263365131,4.79435814014549e-08,1.70568837124008e-06,8.23470097014965
"ENSG00000198018",4.35329298018456,1.6174497641884,6.17197345197918,4.83585595857043e-08,1.71867699530594e-06,8.11295910780482
"ENSG00000065717",-3.63327987602628,2.91773510784243,-6.16875055724069,4.89846071404811e-08,1.73657775684446e-06,7.88787370042172
"ENSG00000177106",-2.08895403017952,2.37948872640701,-6.16367544047841,4.99867715623682e-08,1.76432676940327e-06,7.92542119817162
"ENSG00000139287",2.11504067459318,-6.2502129795623,6.16019053474661,5.06866640423329e-08,1.78121089845268e-06,7.63677709871369
"ENSG00000130956",-1.81806432982997,3.53944638182823,-6.15830339956189,5.10697124015954e-08,1.78997783606708e-06,8.20366919015053
"ENSG00000120992",1.62321548692305,3.61972841294826,6.15626138118912,5.1487431028803e-08,1.79991104540864e-06,8.24515928041587
"ENSG00000114686",-1.74660888811752,3.83090618542242,-6.15566544554228,5.16099736562317e-08,1.80262742044121e-06,8.24960365550473
"ENSG00000213757",-4.54682901121096,-3.23074567818673,-6.15177189921429,5.24177502284875e-08,1.82766556347412e-06,6.97501030923333
"ENSG00000235321",5.77835680912596,-3.49900210844874,6.15150858572813,5.24728288247681e-08,1.82800057574812e-06,7.00058259754452
"ENSG00000283063",-5.54765969287228,0.399260296304452,-6.15084572849173,5.26117360411014e-08,1.83125282452325e-06,7.16352801976773
"ENSG00000168653",-1.96183949285149,4.30068803487644,-6.13999425783981,5.4938261111987e-08,1.91057783150874e-06,8.18920690337256
"ENSG00000168028",-1.93846219923834,8.48218718102738,-6.13568082781813,5.58911118270779e-08,1.93534408068233e-06,7.3351754718625
"ENSG00000157150",5.08816816291463,-4.55290849290913,6.13185057671098,5.67509432790883e-08,1.96342635258684e-06,7.46446198274719
"ENSG00000115129",2.29060232347435,3.20032699149331,6.12120043523295,5.92112326105739e-08,2.03802223750881e-06,8.10658028847064
"ENSG00000236525",4.92485439739436,-0.472733994674756,6.11870969505489,5.98016979736372e-08,2.05658499737909e-06,7.27634593504944
"ENSG00000232533",1.8970922521821,3.22784328620857,6.11504004849814,6.06822847654708e-08,2.08330419482618e-06,8.07408520596724
"ENSG00000175061",-1.62203167921448,6.13235247253427,-6.11372668803312,6.10005570887674e-08,2.09244402396128e-06,7.82996618856462
"ENSG00000232869",-3.91508223458007,2.93491497352669,-6.11247681256608,6.13049805091335e-08,2.09859468447093e-06,7.66233281373032
"ENSG00000177706",1.92155268624511,3.58582685911576,6.1104880306933,6.17924799834363e-08,2.10702398667863e-06,8.07900995892444
"ENSG00000234031",-4.41241706843334,-4.17824718990819,-6.11027417409725,6.18451296659707e-08,2.10703212104352e-06,7.087524182147
"ENSG00000237550",-4.37301919428718,1.70613605540079,-6.10928932270904,6.20881659224616e-08,2.11180014737875e-06,7.80079042869969
"ENSG00000155307",3.01984343481448,4.60255566752139,6.10182399111164,6.39614502000792e-08,2.16628325269047e-06,7.95857128735016
"ENSG00000235576",-4.51376565189998,-0.100634224685991,-6.10117284503626,6.41274736484584e-08,2.17007802661223e-06,6.86514200113358
"ENSG00000143702",1.79644069645423,3.56895309672391,6.10071541588259,6.42443601034219e-08,2.17220501671806e-06,8.03637324011687
"ENSG00000038427",1.74994310077513,7.89213772649804,6.09971222207531,6.45014448317926e-08,2.17723516803336e-06,6.96827838935505
"ENSG00000171219",-2.06704637665088,2.57727982840747,-6.09794857558796,6.49558810643758e-08,2.1886331008464e-06,7.84935033255556
"ENSG00000151948",1.61028401798494,7.51393831967518,6.09570402435256,6.55388207770553e-08,2.20300307096921e-06,7.32108920237422
"ENSG00000161381",-2.66105421253356,3.50727058290079,-6.08681024257174,6.79000446730117e-08,2.27666458710329e-06,7.93440628555633
"ENSG00000239470",-4.19509311769506,-3.83776544057639,-6.08352771628289,6.87926548266771e-08,2.30466859111839e-06,6.91654820867551
"ENSG00000159082",1.7751661482921,4.02695819168454,6.08328391256304,6.88594136492888e-08,2.30498430268835e-06,7.95412128114804
"ENSG00000135749",-1.68620716745161,4.25824826552814,-6.08224015055029,6.91459448416452e-08,2.31264997880518e-06,7.97123043778637
"ENSG00000164483",-1.98519256286479,3.89191105290353,-6.08077603795102,6.95498609111075e-08,2.32337263540201e-06,7.95708449385949
"ENSG00000154814",-1.64015012323448,3.98522978412483,-6.080659445031,6.95821265863396e-08,2.32337263540201e-06,7.96615555017545
"ENSG00000102010",3.72704468578414,3.00844207058412,6.07940374740493,6.9930566771047e-08,2.33306941521131e-06,7.94085679568765
"ENSG00000163956",1.79589576579631,7.76773140982491,6.07781143060333,7.03749008115209e-08,2.34367750793058e-06,7.22023874957103
"ENSG00000183696",2.69254130461335,6.95415969507207,6.07722225436626,7.05400175263919e-08,2.34367750793058e-06,7.4663665687717
"ENSG00000174099",2.36135485792815,1.73738043535614,6.07662071106538,7.07089959926904e-08,2.34735182237666e-06,7.66742735545955
"ENSG00000172508",-3.27428325746162,3.44885176002855,-6.07420912889891,7.1390464233892e-08,2.36801934251727e-06,7.81201404695647
"ENSG00000211792",-3.47308754361678,1.63489464061683,-6.07374654498084,7.15219234593881e-08,2.37042404527149e-06,7.23965320486638
"ENSG00000180316",2.7654245482103,2.5899205038405,6.0727113334057,7.18169839319052e-08,2.37824249425902e-06,7.83564369701208
"ENSG00000254338",5.75740638511013,-4.89027545240717,6.07087464174101,7.23434557923851e-08,2.39173652118871e-06,7.3999888875148
"ENSG00000130787",-1.55587472168938,5.37895507101825,-6.06638346030931,7.3646970284608e-08,2.42883962213438e-06,7.84968060907146
"ENSG00000111261",2.60890706624016,6.06104580414501,6.0637517120076,7.44215866066882e-08,2.45237428259187e-06,7.64398239243096
"ENSG00000122420",5.38099227645552,-4.2165196009121,6.06081851927298,7.52944397002708e-08,2.47241324007905e-06,7.11625839584691
"ENSG00000163162",1.62929002820147,8.59989407269283,6.06067568270837,7.53372026042694e-08,2.47241324007905e-06,6.67559707718679
"ENSG00000049768",-1.80028529880889,3.60065554381451,-6.0600639718359,7.55206109552764e-08,2.47505405415218e-06,7.8061733430611
"ENSG00000244245",-3.58368651532345,-0.58307053662893,-6.05744559494323,7.63106852501978e-08,2.49824280816649e-06,6.6475057398936
"ENSG00000196405",-1.59046649881458,8.50300016440704,-6.05701283862343,7.64420519393972e-08,2.50050721893218e-06,7.07692329097019
"ENSG00000165801",1.5696960991301,7.00925190736983,6.05644285399267,7.66154171921705e-08,2.50287042759999e-06,7.29480862326485
"ENSG00000229638",-1.84764737979605,2.78220442756768,-6.05636603706541,7.66388114117603e-08,2.50287042759999e-06,7.75987821745308
"ENSG00000107742",-1.90569122268245,8.38519071455164,-6.05393864114351,7.7381717811182e-08,2.5250810222769e-06,7.17782717523847
"ENSG00000165795",-1.93832988274565,2.9361583425783,-6.05259612616096,7.77956538139003e-08,2.53447396647198e-06,7.7282078104964
"ENSG00000259922",2.47424409682187,-6.09059813072521,6.04366885090589,8.06045101896817e-08,2.61538540649361e-06,7.14150427651482
"ENSG00000140443",1.51452655681886,5.88282198337446,6.04278412798174,8.08882876613442e-08,2.62247656496884e-06,7.47254685148584
"ENSG00000067064",1.82515198630141,4.40806742314724,6.04123486483804,8.13876033358942e-08,2.63441580459712e-06,7.69880747318128
"ENSG00000239719",-5.02980653288392,-1.68752060935614,-6.04047607813492,8.16332667433097e-08,2.64024182591676e-06,6.70500717040787
"ENSG00000174171",-2.34422774791827,2.44563444018085,-6.03965758551932,8.18990836556801e-08,2.64670977582448e-06,7.62296288760032
"ENSG00000227615",-1.97609721425833,3.54568569837116,-6.03052948209203,8.49222697196861e-08,2.73342280806311e-06,7.75793250046104
"ENSG00000086300",1.88490268675425,4.39769999297823,6.02872255613092,8.55336873306327e-08,2.75090023845288e-06,7.70693397399846
"ENSG00000173559",1.55645285399876,7.08355748543736,6.02482566283769,8.68671715192495e-08,2.78265659714491e-06,6.92509657651479
"ENSG00000140564",1.65702009216285,8.52143178828699,6.02439894465487,8.70144354304992e-08,2.78515472386698e-06,6.73771340388366
"ENSG00000283041",-1.79371937221552,3.99209929364296,-6.0217910444585,8.79198294767661e-08,2.81151953100298e-06,7.74398390167388
"ENSG00000112335",1.84820562717274,6.94281811600239,6.02162439910189,8.79780003482848e-08,2.81151953100298e-06,7.21615713104414
"ENSG00000117281",-3.83013982913483,2.48295075803358,-6.01762682590302,8.93849102015673e-08,2.84968450430088e-06,7.33520895537738
"ENSG00000186854",-2.22399231001373,5.08481347312204,-6.01428472942401,9.05782088997668e-08,2.88543990030778e-06,7.68400141167418
"ENSG00000129682",6.778333121427,-1.63890903475422,6.01300619815787,9.10388687112421e-08,2.89781836890685e-06,6.65265697943165
"ENSG00000128016",1.52906685819178,8.81867813577561,6.00988919231335,9.21716806833305e-08,2.92648857921555e-06,6.447496792755
"ENSG00000134419",-2.10665017906736,4.3144295507598,-6.009727672848,9.22307604065992e-08,2.92648857921555e-06,7.66306934913092
"ENSG00000125648",-2.4675449553193,3.94465095189481,-6.00882638193145,9.25611186515624e-08,2.92984655342912e-06,7.62589252448502
"ENSG00000089351",1.70916521281141,8.3596403473613,6.00866234112889,9.26213718779786e-08,2.92984655342912e-06,6.65232331936295
"ENSG00000230629",-2.43063653064121,2.33634851968144,-6.00300134628506,9.47246514732275e-08,2.98910552474623e-06,7.47573847198234
"ENSG00000211793",-3.11749318788979,1.75889583642939,-5.99912905135885,9.61905216420987e-08,3.0306045070969e-06,7.01219918846605
"ENSG00000253983",2.5557604053448,-6.13634827906214,5.99437172840778,9.80221920223262e-08,3.08211599701671e-06,6.95349577951526
"ENSG00000156398",-2.16504814847725,2.47958089907991,-5.99428609040793,9.80554788364851e-08,3.08211599701671e-06,7.40247063778921
"ENSG00000138061",3.76871934406708,4.47379627364652,5.9939526101518,9.81852066290441e-08,3.08378256007878e-06,7.57201275312709
"ENSG00000157064",5.38215326404973,-3.0924674698742,5.98932934973024,1.00001310941626e-07,3.13837057179957e-06,6.33754614106983
"ENSG00000213942",-4.1558414213434,-3.67987292921668,-5.98612726682964,1.01278599288818e-07,3.1759767929868e-06,6.5186556496638
"ENSG00000137038",-1.85253661547945,3.42213268947363,-5.98487818385891,1.01781216086099e-07,3.18676670490137e-06,7.58663562742238
"ENSG00000215244",2.14543195327076,2.0494994194058,5.98091080155739,1.03394076498455e-07,3.22721169517927e-06,7.5487221701574
"ENSG00000187260",-3.51341081412268,0.50785405625437,-5.98064148326586,1.03504474818915e-07,3.22815119989917e-06,6.44766950341317
"ENSG00000204839",1.97010211703644,4.58744715671575,5.97776184146251,1.04692208081189e-07,3.25889254469524e-06,7.52182953159268
"ENSG00000236058",-4.3139896331015,-4.13760917868241,-5.96884193337224,1.08457570343189e-07,3.36176657126978e-06,6.40521776337067
"ENSG00000059728",1.63021082990522,9.12493276110809,5.9656663175718,1.09830191231381e-07,3.39692692497429e-06,6.06021420920507
"ENSG00000183625",-3.62283990235427,4.08135924097455,-5.96517727560985,1.10043095669533e-07,3.39781300469014e-06,7.42565964387133
"ENSG00000116406",1.84183117680256,3.9013088037872,5.95982562295058,1.1239979499474e-07,3.46525809691605e-06,7.45412995328238
"ENSG00000145555",4.70193493174474,0.400466935590023,5.9559930466256,1.1411816507429e-07,3.51015950445036e-06,7.0734485397565
"ENSG00000138031",2.67932145561675,4.79344936813027,5.95514363790159,1.1450251011404e-07,3.51928892324512e-06,7.42612749044657
"ENSG00000123700",2.01349703718203,5.14915662191561,5.95403921949301,1.15004159318998e-07,3.53200703815307e-06,7.26947404990597
"ENSG00000007968",2.11620281455827,4.67827394664129,5.94842970168962,1.17585885081016e-07,3.60029531761386e-06,7.43883082095156
"ENSG00000229160",4.31096237283539,-5.31936687600517,5.94672902021932,1.18379875988163e-07,3.61909336462064e-06,6.61420640056642
"ENSG00000164733",1.56803577464952,9.39119110323565,5.94228165347832,1.20481363781891e-07,3.68054087139787e-06,6.0088108085856
"ENSG00000153283",-1.7254099448288,5.71627150136198,-5.94005856319804,1.21545621816677e-07,3.7102331725695e-06,7.32397836868697
"ENSG00000187037",2.8425416709569,2.46980766382141,5.93540009116807,1.23806027216167e-07,3.77064386829118e-06,7.38816324557904
"ENSG00000100814",-1.52865391097904,3.00323665650976,-5.93461604542438,1.24190533271818e-07,3.77893930012022e-06,7.3516061246823
"ENSG00000184983",-1.66143608239634,3.93859056386597,-5.9326597562306,1.25155081706501e-07,3.80308737321599e-06,7.40969610514493
"ENSG00000229117",-3.15697627591091,6.97921447997152,-5.93173960039675,1.25611323798813e-07,3.81406830767363e-06,7.02196372485467
"ENSG00000170017",1.6108481525182,2.9456478016749,5.93028248728976,1.26337174245443e-07,3.83092597697669e-06,7.40085938997556
"ENSG00000154928",-2.64916194548038,3.52132309471421,-5.92959499261596,1.26681084069083e-07,3.83785451525643e-06,7.30663319439126
"ENSG00000177675",5.20234816487548,-3.27806794015512,5.92511418896839,1.28945345130246e-07,3.89339415068207e-06,6.10295906415439
"ENSG00000163564",-1.89141785535873,4.5880538743773,-5.92319397504893,1.2992788908214e-07,3.91850037275332e-06,7.3667914062144
"ENSG00000115687",-2.06150462992742,4.72130613410126,-5.92175947331565,1.30666731382832e-07,3.93193408312322e-06,7.35781633842803
"ENSG00000163681",1.53703747450352,4.51075889475405,5.91731341125266,1.32983187533098e-07,3.99565777668579e-06,7.26414516117186
"ENSG00000136002",-4.35664137340302,0.127594846944016,-5.91605480414731,1.33646284083866e-07,4.00958799458178e-06,6.3081323669058
"ENSG00000151151",2.15809987386642,2.6627987996293,5.91467834430941,1.34375216101905e-07,4.02845073656135e-06,7.34103759817369
"ENSG00000168056",-2.04601415562664,6.52755999250129,-5.91442088141897,1.34511996708022e-07,4.02954641703123e-06,7.09684647362001
"ENSG00000196284",-2.26239509317848,1.51266038683109,-5.91172359660335,1.35953270692566e-07,4.06666174730843e-06,6.91963765648313
"ENSG00000258352",-3.60200034162398,1.95445818979553,-5.90944126245047,1.37184742599091e-07,4.09435859091958e-06,6.77956021040325
"ENSG00000147604",-3.86499392251699,6.82053062357053,-5.90670806686334,1.38674009862495e-07,4.12350040273077e-06,6.98154720744212
"ENSG00000232385",-3.87122154850508,-4.07868889735252,-5.90630725425556,1.38893745483752e-07,4.12698178561551e-06,6.27868228971933
"ENSG00000242951",-4.14805480304239,-3.9225082661813,-5.90146414891217,1.41576236361941e-07,4.19428729124742e-06,6.1983744130234
"ENSG00000233476",-1.80822954140132,2.89574638745626,-5.89864436880676,1.43161587267044e-07,4.23501260582023e-06,7.22692953649482
"ENSG00000090263",-2.84254462737768,1.84568574492294,-5.89612234156185,1.44594401668477e-07,4.27143632365864e-06,6.9601944899302
"ENSG00000245937",-1.6676392904563,2.61384511240514,-5.89321305393874,1.46264850213464e-07,4.31095271868159e-06,7.13362866635048
"ENSG00000154134",-3.70431222462316,2.38740489718848,-5.89094030137352,1.47583080916199e-07,4.34661906153334e-06,6.82549688993592
"ENSG00000188042",-1.65578486720876,6.7739854362514,-5.8881644608248,1.49209058221994e-07,4.39129030647189e-06,6.93264163396726
"ENSG00000180509",3.80523312344667,3.40348144445853,5.88576178679346,1.50630744789043e-07,4.42988822385449e-06,7.23201448580517
"ENSG00000256338",-3.633947476421,0.111052022305662,-5.8851209114999,1.51012215031179e-07,4.43461874995141e-06,6.405176567544
"ENSG00000133256",-1.8361814765333,2.36257337577537,-5.88490296560552,1.51142161234211e-07,4.43519501163338e-06,6.99689320878759
"ENSG00000163959",8.14698943102593,-1.0105753142108,5.8814148784701,1.53236979054162e-07,4.49011153931152e-06,6.17552868863059
"ENSG00000253276",2.07648732692203,4.75826982242947,5.87903930227973,1.54680073513588e-07,4.52250786574057e-06,7.14339462803278
"ENSG00000175928",4.23616095415552,0.446819822179991,5.87724545602897,1.55778681858489e-07,4.55131872679868e-06,6.86679873012443
"ENSG00000234741",-1.91162210315672,4.12339852827294,-5.87704822145298,1.5589994440083e-07,4.55155378707493e-06,7.17445996569234
"ENSG00000229605",-3.60534345658508,-3.77360674296362,-5.87389019846887,1.57854301477608e-07,4.60140046936318e-06,5.90652270253545
"ENSG00000137462",1.82772025339154,7.63651331102248,5.87153402396657,1.59328193043911e-07,4.63816945456285e-06,6.3530665153103
"ENSG00000107485",-2.1071957847117,4.61369908339223,-5.87070471971928,1.59850190657672e-07,4.64999809321253e-06,7.17481954941697
"ENSG00000169174",5.54310039616379,-4.71322947963648,5.86739574241064,1.61949883108732e-07,4.70426965371189e-06,6.88392708371996
"ENSG00000153208",3.50014054918214,1.94053824087466,5.86694903134697,1.62235422378785e-07,4.70916133608079e-06,7.05279057778608
"ENSG00000102245",-2.89088190055722,4.01223810563688,-5.86517636106796,1.63373434866302e-07,4.73535604073185e-06,7.11800647595313
"ENSG00000278030",-3.2865796450692,2.87992141655388,-5.86494418356001,1.63523070753563e-07,4.73627845132185e-06,6.86035216226842
"ENSG00000149527",-2.02515672245799,4.15817424481283,-5.86444957003763,1.63842295805055e-07,4.73869638557901e-06,7.1549207283072
"ENSG00000006282",-3.02195618842872,3.85133985356501,-5.86167523158451,1.65644316751097e-07,4.78049735967522e-06,7.08636194533319
"ENSG00000138326",-3.45295826097575,6.05355183650365,-5.85708108437974,1.68671550704836e-07,4.84698619116214e-06,6.85065097541536
"ENSG00000177575",2.66599163024114,5.98978411674877,5.85350788165896,1.71063810266846e-07,4.90871327647946e-06,6.75180831083184
"ENSG00000211810",-3.4433058116607,0.897532805008575,-5.8435750754365,1.77891477984235e-07,5.08648164859332e-06,6.11838859378632
"ENSG00000164236",2.1135886400233,2.56079229704217,5.84296682262867,1.78318227590086e-07,5.0914413249834e-06,7.04049103968215
"ENSG00000100368",1.88674524319893,8.91688333367807,5.84024335277067,1.8024145572298e-07,5.13905461203918e-06,5.73431459929304
"ENSG00000186591",1.84392664755447,6.76801716615769,5.83996389203223,1.80439958286584e-07,5.14106818074928e-06,6.55809215448289
"ENSG00000173698",2.90574713407277,-5.90872656888801,5.83966598510856,1.806518012664e-07,5.14245865626987e-06,6.29659471989788
"ENSG00000211786",-3.20804175371727,0.787666230849275,-5.83806464737777,1.81794739675428e-07,5.16502623634739e-06,6.1955669324546
"ENSG00000152465",-1.74854695664436,3.52558520474862,-5.83696799824738,1.8258158275423e-07,5.18371807195307e-06,7.03195522485907
"ENSG00000156414",4.09020374978129,2.69781999776825,5.83657769130436,1.82862438583105e-07,5.18802805639942e-06,7.02395316667471
"ENSG00000162576",-5.81171962076778,-1.48856983083367,-5.83579218053403,1.83428969209248e-07,5.19676632850613e-06,6.30131203382417
"ENSG00000241081",-3.38408550502606,-1.44924791593748,-5.83385988979133,1.84829981327973e-07,5.23277106292055e-06,5.75893748703707
"ENSG00000115271",2.22184103999835,7.30002288255128,5.83324793866789,1.85275879522774e-07,5.24170366542897e-06,6.27665771329647
"ENSG00000105088",-2.71233933161453,3.36503696231411,-5.83011169700156,1.87577845330834e-07,5.29497570072655e-06,6.91516828073225
"ENSG00000236801",-3.3643656015227,-1.48600705044927,-5.82718176683045,1.89753913373446e-07,5.3458211811067e-06,5.67016902175509
"ENSG00000109472",4.6080550673094,-4.42366676462371,5.82095234595882,1.94463789783215e-07,5.46856952655429e-06,6.30270314135653
"ENSG00000145685",1.67850071735025,3.43284013726507,5.8208801595936,1.94519039425218e-07,5.46856952655429e-06,6.98986490844865
"ENSG00000133134",-3.93425734591002,1.08473600587558,-5.81698454873705,1.97523766744552e-07,5.53369370778013e-06,6.32017275562487
"ENSG00000236438",2.08187902714511,5.78199297653007,5.81420342964016,1.99696894566115e-07,5.5867881387244e-06,6.64103664735182
"ENSG00000125430",1.79002484122431,3.52735340100528,5.81029850876384,2.0278807942634e-07,5.66932292704988e-06,6.94475848219106
"ENSG00000167210",2.81703499560106,2.4029368168349,5.80914015821151,2.03714105547781e-07,5.69125397583871e-06,6.8870801314747
"ENSG00000196083",2.81320141065343,4.42145895637746,5.80849049208539,2.04235299447751e-07,5.70185243638783e-06,6.84053098542554
"ENSG00000244398",-4.83814423104101,1.33852092702397,-5.8063414211742,2.05968796883849e-07,5.74227293503779e-06,6.51268772090794
"ENSG00000155903",1.6566639923007,4.49005185714042,5.79927553219546,2.11771467487225e-07,5.88771544669531e-06,6.77507507352579
"ENSG00000189190",-2.12329727854763,3.39299655889896,-5.78615683656279,2.22976454845164e-07,6.15186916195179e-06,6.85066324826976
"ENSG00000205133",1.84795269074032,2.32847676961256,5.78577792092666,2.23308653309636e-07,6.15315591525289e-06,6.82699598422627
"ENSG00000237298",1.62905914280335,3.71612684283478,5.78007133271025,2.28371211136021e-07,6.27120056383625e-06,6.80974782506388
"ENSG00000262222",-3.63613943221808,2.05425759245559,-5.77912832340351,2.29218643570326e-07,6.29013509134077e-06,6.37544070858021
"ENSG00000198851",-2.28128117870091,8.53371136151448,-5.77646115789442,2.31632341354175e-07,6.34770510369498e-06,6.14150049063429
"ENSG00000127586",-1.53774186080592,3.83788712376994,-5.77465037695407,2.33285333426391e-07,6.38430018679904e-06,6.81862899395594
"ENSG00000085117",1.85565778884595,7.6803744457686,5.77131289690609,2.36362583590348e-07,6.45907916297873e-06,6.08257128905909
"ENSG00000171049",2.07706772186377,7.36973917783963,5.77116508987561,2.36499789261845e-07,6.45907916297873e-06,6.04352747161052
"ENSG00000271858",-2.47598784184465,1.46311608714077,-5.76813661458739,2.39328436245012e-07,6.52303850435388e-06,6.37286294619748
"ENSG00000035720",-2.45830303996525,2.2370477379503,-5.76127941133422,2.45857287515456e-07,6.68738475825193e-06,6.52027122147521
"ENSG00000115085",-1.87075861556927,7.81848983506408,-5.76092690980462,2.46197623704666e-07,6.69211417726503e-06,6.18247150763487
"ENSG00000213658",-2.30796471616121,2.08638362861955,-5.76057166927764,2.46541075208984e-07,6.69692182807538e-06,6.54946529691326
"ENSG00000109743",1.56366143787997,6.54370625180683,5.75836367873754,2.4868642975912e-07,6.74153192796773e-06,6.30657395469006
"ENSG00000204257",-1.58744268392366,6.32822520763122,-5.75245109957313,2.54522514576053e-07,6.88117964424107e-06,6.49831816639988
"ENSG00000077238",2.35449855466504,8.45687161959015,5.74815264628476,2.58850086897489e-07,6.97940388561559e-06,5.61280568113769
"ENSG00000143977",-2.50625859354673,2.35166959516956,-5.73732082248355,2.70080265950574e-07,7.25786554261028e-06,6.59550852690085
"ENSG00000188322",-2.35156289184534,5.17914536917194,-5.73625320885638,2.71212857338035e-07,7.2834330599223e-06,6.65438918341109
"ENSG00000219451",-4.28868425105819,-2.41105160491316,-5.73317488146088,2.74504868590211e-07,7.3570964847091e-06,5.58604350204558
"ENSG00000184678",1.921879665419,5.58595855647518,5.73020811088296,2.77714913643708e-07,7.43703953316939e-06,6.44940746681559
"ENSG00000186205",2.37269808508862,5.56154128662245,5.73007697652984,2.77857653321238e-07,7.43703953316939e-06,6.46869013870354
"ENSG00000263266",-3.89283586091934,0.0391801762160185,-5.7295633853273,2.78417395017304e-07,7.44706328309091e-06,6.09177562342405
"ENSG00000230099",-3.04112790129073,1.69020541543987,-5.72617578726752,2.82137395849791e-07,7.54154759837321e-06,6.06407923367171
"ENSG00000166527",2.99595383992523,2.56802137916651,5.72440578915991,2.84100552645336e-07,7.58393786019109e-06,6.63424248701303
"ENSG00000180964",-1.72992338920616,2.86251016671704,-5.72195456248708,2.86841574425028e-07,7.64188533799534e-06,6.57847746488414
"ENSG00000244582",-3.85184539530043,-3.00215175634225,-5.71885295382649,2.90347324901486e-07,7.72504510634647e-06,5.48457530090174
"ENSG00000141696",-3.15007754036001,1.37520033775682,-5.71843423277064,2.90823835698623e-07,7.72989740111057e-06,5.96981084096877
"ENSG00000225918",-3.90945457662041,-4.35135532738928,-5.71802521237483,2.91290052609265e-07,7.73477060435777e-06,5.68849099489497
"ENSG00000100749",-1.69191006195138,2.58709508268258,-5.71225328906161,2.9794833944034e-07,7.89473153957799e-06,6.51792018342461
"ENSG00000225573",-2.96110663742973,-0.79118576904492,-5.70995577178752,3.00640293601445e-07,7.95677490675793e-06,5.44470216630716
"ENSG00000152219",-1.65238597438194,3.08769331955044,-5.70863030539135,3.0220422493678e-07,7.98764908015019e-06,6.56738147353465
"ENSG00000207042",4.08790180735036,-5.21249286720198,5.70615402646789,3.05147564777117e-07,8.04956850339217e-06,5.85001275293466
"ENSG00000213442",-1.69358177371284,4.34709921996066,-5.70355094310294,3.08272144010083e-07,8.12133468774139e-06,6.55109127718268
"ENSG00000140939",2.0314130707405,2.23317548963941,5.6980905445731,3.14929461350435e-07,8.2804409451996e-06,6.45961892883828
"ENSG00000167862",-1.73136078183809,3.19264606209533,-5.69659022994457,3.16783371731144e-07,8.31830510146013e-06,6.47702220494442
"ENSG00000178814",3.57094094653197,4.34282402740065,5.69564965559189,3.17951112255907e-07,8.34351867814097e-06,6.51412991953413
"ENSG00000127948",2.13456651913595,7.00017879629117,5.69394500018389,3.20078314408319e-07,8.39386066265051e-06,5.96778497104955
"ENSG00000197635",-1.99921156014772,4.12139070528007,-5.69285473218467,3.21446196708292e-07,8.41326822921013e-06,6.51807534835079
"ENSG00000197329",1.65662078719961,5.67191945698929,5.68504613985656,3.31413213297551e-07,8.6403852146486e-06,6.15600908303195
"ENSG00000180549",2.20537711703489,5.54729414529852,5.68280567500566,3.3432888616412e-07,8.69938863361934e-06,6.3111953696661
"ENSG00000174500",-1.75826164209022,2.96039627895773,-5.6826427215896,3.34541933923076e-07,8.69938863361934e-06,6.4094264254804
"ENSG00000204219",-3.03099343978514,2.65386769808848,-5.67922079409852,3.3904689888286e-07,8.78245066294377e-06,6.21225418746906
"ENSG00000156467",-2.90706255365012,4.4005972352597,-5.678889944715,3.39485623727722e-07,8.78815263689755e-06,6.41880608144608
"ENSG00000090376",3.55671853591311,6.28772605647383,5.6778406637727,3.40880739463414e-07,8.81858911705801e-06,5.99758828554566
"ENSG00000211794",-3.02813202480394,1.43266957376847,-5.67240855248337,3.48194221416469e-07,8.97889935175425e-06,5.82722439703048
"ENSG00000143845",-3.73245984439991,-0.492289972018283,-5.67071634346943,3.50503994978633e-07,9.02688123390839e-06,5.26719935465304
"ENSG00000126368",-1.66989974171537,3.73184276905643,-5.66966683162323,3.51944113555128e-07,9.05816725553344e-06,6.42607400359779
"ENSG00000136603",1.99416286631889,2.22219005379931,5.66949348800872,3.52182533429552e-07,9.05850429234475e-06,6.43055649095206
"ENSG00000180035",-1.6417819841547,3.33943040734912,-5.66172265727015,3.63036021648876e-07,9.283082414071e-06,6.36351489273402
"ENSG00000117298",1.69974217849439,8.36502204839328,5.66159084638417,3.63222940085908e-07,9.283082414071e-06,5.33098988830522
"ENSG00000279744",1.51549153263334,2.36476191641659,5.65979813058862,3.65774606229447e-07,9.33642585373729e-06,6.38462993629309
"ENSG00000180251",4.4877038471975,-5.3311607478902,5.65804021499534,3.68293917242507e-07,9.38880916993231e-06,5.72829004575729
"ENSG00000250616",-4.86589360203322,1.89373137251859,-5.65416775248252,3.73904207638269e-07,9.5137322502998e-06,5.82344094804321
"ENSG00000163421",3.48291790558745,6.70900187623851,5.65348484582729,3.74902290800928e-07,9.53309417759578e-06,5.9397319359323
"ENSG00000213598",-3.50963915590051,-4.59578426378833,-5.64980148367262,3.80331113733521e-07,9.64493322407235e-06,5.39572465564622
"ENSG00000123545",-2.71127757526625,1.05679690549123,-5.64538137368106,3.86948297975687e-07,9.78986499384429e-06,5.89221548222355
"ENSG00000144741",-1.69181232134763,2.74278134759275,-5.64442415385592,3.88396213794756e-07,9.81972689782815e-06,6.25548471553314
"ENSG00000145425",-3.97617854185645,6.10699130749042,-5.64337890818371,3.89983386839816e-07,9.83570396344685e-06,6.07758836665664
"ENSG00000140006",-2.37073972575624,1.90734707004302,-5.64280627631966,3.9085562245253e-07,9.84906416349292e-06,6.13088870520351
"ENSG00000101842",-2.19187832034615,2.58298751297243,-5.64270958401342,3.91003094496162e-07,9.84906416349292e-06,6.18696077012474
"ENSG00000167536",1.93477522606128,5.87364642820883,5.64102833668822,3.93576074700671e-07,9.89527539406904e-06,6.04883499013152
"ENSG00000259436",-2.50533656547986,2.5255162485324,-5.63955113481332,3.95850568242483e-07,9.94545072065024e-06,6.06493332152386
"ENSG00000197880",-4.46091586803342,0.86227885631352,-5.63941131162333,3.9606652912196e-07,9.94545072065024e-06,5.55069898940027
"ENSG00000103355",-8.63355039019294,1.1926587065512,-5.63675178510618,4.0019645019668e-07,1.00428824536872e-05,6.00097598205618
"ENSG00000130164",1.75670010451864,3.878102954011,5.63287285332445,4.06296251767286e-07,1.01828584385421e-05,6.26702987699519
"ENSG00000185834",-1.94857249232583,1.50787342512287,-5.63166665036574,4.08211694372407e-07,1.02185096744455e-05,5.91551909187416
"ENSG00000176597",3.65216694901039,1.61618182462762,5.62964340422788,4.11444623022147e-07,1.0293028459699e-05,6.1933896795879
"ENSG00000178038",-2.26573325592381,3.56664582607099,-5.62758568592649,4.14758545150834e-07,1.03501694799217e-05,6.2605961802981
"ENSG00000240344",-1.54748540715961,2.41290775868282,-5.62442547921045,4.19899353799054e-07,1.04536220519347e-05,6.22005621747149
"ENSG00000145491",2.16970292860325,3.57296648187121,5.62439803537238,4.19944271774402e-07,1.04536220519347e-05,6.26639131448432
"ENSG00000211713",-5.41631321998028,-1.09977474442145,-5.62267133194869,4.22779961019737e-07,1.0517698015418e-05,5.47862985783709
"ENSG00000137675",3.55501297995199,-5.60973131838828,5.62084083274357,4.25806739782784e-07,1.05864456108519e-05,5.53626511024838
"ENSG00000104043",1.72800627179879,2.9902862482838,5.62029062936011,4.2672068721352e-07,1.05960624257924e-05,6.25187285421412
"ENSG00000256553",-4.21335089426994,1.13851744754272,-5.61999901257112,4.27205878753163e-07,1.06015621837251e-05,5.42686323944679
"ENSG00000159685",-2.5529008526333,0.795868343649255,-5.61885733995105,4.29110633838291e-07,1.06419278301198e-05,5.50598091872883
"ENSG00000219928",-3.79557952416639,-1.32456350770361,-5.61794377722001,4.30640845357095e-07,1.06670506870277e-05,5.22842433053129
"ENSG00000234742",-4.1979369807604,-2.84978274229688,-5.61678201492328,4.32594567622812e-07,1.07088465563869e-05,5.18984203716116
"ENSG00000064763",1.64133196339452,4.16790366054946,5.61096631677367,4.42506980150545e-07,1.09175596565104e-05,6.15414072920749
"ENSG00000237940",-3.41987482969354,0.84399362041344,-5.60856246347576,4.46669310616864e-07,1.09895958539897e-05,5.59195714588294
"ENSG00000232037",-2.67520413892656,-5.46446201391378,-5.60413385599503,4.54438919325884e-07,1.11330612033755e-05,5.30980597351886
"ENSG00000167088",-1.79918233549208,2.95358437679607,-5.60139561735702,4.59309462981719e-07,1.12455292513953e-05,6.16162740615194
"ENSG00000188747",-1.86775076248999,2.75385098867323,-5.60091251314148,4.60174095030945e-07,1.12543359324237e-05,6.10108870475104
"ENSG00000211780",-3.45878342846806,0.0934887591121502,-5.60082790140695,4.60325693365022e-07,1.12543359324237e-05,5.1525754602509
"ENSG00000257335",3.08704303871003,7.60522062626931,5.6007256318915,4.60508994797199e-07,1.12543359324237e-05,5.26390724474582
"ENSG00000251634",4.09647799378437,1.00109349213377,5.59632436051189,4.68466149982123e-07,1.14002882334027e-05,5.92364007492491
"ENSG00000273319",4.54082930752209,-5.25583068935371,5.59159760440034,4.77162815089715e-07,1.1597883610784e-05,5.55117399969055
"ENSG00000173762",-2.1896972784376,7.55206145125993,-5.59108204560942,4.78120959457492e-07,1.16141503396436e-05,5.70866662233185
"ENSG00000147408",2.23675665440026,4.37968806711126,5.58347947773972,4.92472298643166e-07,1.19267297289473e-05,6.03924375570201
"ENSG00000010610",-1.55421750048679,7.88164305619976,-5.57629475969421,5.06424959161054e-07,1.22395344795233e-05,5.41825985599089
"ENSG00000174292",-2.72447717640634,1.32242735999947,-5.56569620231871,5.27721767475543e-07,1.26810941398994e-05,5.5497701148198
"ENSG00000231621",-4.83183957258056,-0.770675213511359,-5.56501333691157,5.29123809726301e-07,1.27071896049085e-05,5.18062726647755
"ENSG00000278969",3.38917259338451,-5.64283560206876,5.56315192886529,5.32964285447367e-07,1.27841468994958e-05,5.31829822349092
"ENSG00000100906",1.83030389506354,7.368055184675,5.56225751473558,5.34819413349998e-07,1.28133552178168e-05,5.2865893938017
"ENSG00000235174",-4.30671420936492,0.2881177426885,-5.55842686936929,5.42836949072252e-07,1.29822314257006e-05,5.43865055096001
"ENSG00000105205",-4.6000409793145,3.71615288501307,-5.55777745806743,5.44207865158626e-07,1.2999551155738e-05,5.95068156360356
"ENSG00000217555",1.56805431512529,2.5811402625115,5.55750651722489,5.44780833664997e-07,1.30055101395488e-05,6.0181818253529
"ENSG00000174021",1.50794204134739,6.21427682840169,5.55730811964569,5.45200769476446e-07,1.30078108810042e-05,5.66719130550212
"ENSG00000148057",1.76424998433676,2.78549506037945,5.55348597122737,5.53353459523097e-07,1.31866720686115e-05,5.98830284461583
"ENSG00000118496",2.03234244173787,2.39119006742909,5.55058363331355,5.59624362995567e-07,1.33124370657679e-05,5.99590881835323
"ENSG00000104490",-2.53123051141392,3.13025706285959,-5.54753382050801,5.66289404124111e-07,1.3415419342721e-05,5.90212610436278
"ENSG00000225178",-2.60067942509238,3.00474247009579,-5.5467133813167,5.68095705228904e-07,1.34502847712676e-05,5.91990347356176
"ENSG00000126353",-2.26287455528991,7.27939249248244,-5.54548006888838,5.70821691549388e-07,1.34989256727462e-05,5.57090973842842
"ENSG00000187601",-1.5991559679354,2.66881027964777,-5.54503475317363,5.71809136824445e-07,1.3514327406594e-05,5.89418302726144
"ENSG00000203875",-1.77283954655043,4.01989198570197,-5.54340986562887,5.75426474206189e-07,1.3591830267942e-05,5.95884816966429
"ENSG00000159445",-1.77293393910228,4.42632833647198,-5.54314438357762,5.76019632681328e-07,1.35978515989752e-05,5.95930562500123
"ENSG00000162894",-1.94644276491061,7.81291033242138,-5.54165652939109,5.79355072491902e-07,1.36605469937358e-05,5.37803235146607
"ENSG00000127954",1.73848037996795,7.45774187003849,5.54077921112275,5.81330741990314e-07,1.36990964182266e-05,5.09907281160677
"ENSG00000231414",-4.29159702798575,-3.08966383468109,-5.54047918340685,5.82007909780511e-07,1.37070193257153e-05,5.00457878089248
"ENSG00000130590",-1.74081076867267,3.677934346709,-5.53415763423982,5.96457927394703e-07,1.40200501374282e-05,5.93053327668741
"ENSG00000257075",3.89284287874797,-5.75183329727395,5.53390483587269,5.97043078336327e-07,1.40200501374282e-05,5.32119074254286
"ENSG00000239559",-2.28656207210687,2.10366997695951,-5.53013551137273,6.05835330545692e-07,1.42099136281201e-05,5.74552809747771
"ENSG00000092036",1.58764582575759,4.00818847276106,5.52536281366825,6.17151336182419e-07,1.44500396139811e-05,5.85653007037058
"ENSG00000166262",-4.17220557260456,-1.64424953003506,-5.52406866598064,6.20255482813911e-07,1.45115391998207e-05,4.94398379781547
"ENSG00000178498",-2.56529295679414,3.73728843092036,-5.5230083891553,6.22810130945978e-07,1.45376660113582e-05,5.87790056199049
"ENSG00000110080",1.99137393724934,5.68879386584536,5.51941608535341,6.31542819240975e-07,1.47098982729581e-05,5.62977429028174
"ENSG00000211734",-2.30762113522962,2.77802168769826,-5.51554160469384,6.41096759900367e-07,1.49065193415353e-05,5.74037575069977
"ENSG00000214237",2.66351944882318,-5.97381979722242,5.5151559142,6.42055580140226e-07,1.49201840652008e-05,5.35878763825744
"ENSG00000115255",-3.00715049338254,1.46115574916357,-5.5146690961609,6.43267819767603e-07,1.49310928927813e-05,5.32225561708703
"ENSG00000251333",2.58602586974551,-0.810280890693693,5.50936790310229,6.56615379520604e-07,1.51621203259548e-05,4.84170223619721
"ENSG00000258831",5.26481407373513,-2.1103394047559,5.50750073742801,6.61381304532235e-07,1.52459009201863e-05,4.81458825838599
"ENSG00000275342",-1.57518848416384,4.65460244261372,-5.50598497008117,6.65275345422169e-07,1.53093299580206e-05,5.8020549637896
"ENSG00000184613",-3.55930793993858,4.15929447864642,-5.50564805430609,6.6614395415212e-07,1.53205487670615e-05,5.82598917007687
"ENSG00000249189",4.29468950899286,-5.48630395641897,5.50494738110127,6.67953953144504e-07,1.535339326719e-05,5.25421556003472
"ENSG00000147894",1.66069583799629,4.32901656405573,5.50422785484424,6.69817697719961e-07,1.53874349049931e-05,5.70208994063438
"ENSG00000113391",1.69958759824167,2.97426409251861,5.50331140470409,6.72198944089088e-07,1.54333192177439e-05,5.82458106526306
"ENSG00000157570",-2.0234218368627,4.49262924998785,-5.49896777614654,6.83599108768355e-07,1.56592885303165e-05,5.80690009279959
"ENSG00000157978",-1.54814051633654,7.22211986619794,-5.49836237010749,6.85203093689023e-07,1.56803046254143e-05,5.3352174156098
"ENSG00000267034",3.56918871567636,-5.84948908958698,5.49514707414976,6.93784169650112e-07,1.58384504192356e-05,5.19835888818841
"ENSG00000253683",-3.4450211136524,-2.11160623363426,-5.49005080668193,7.07602644210599e-07,1.6117303967453e-05,4.70594875140584
"ENSG00000145431",3.52705362185307,0.377757660072868,5.48959190789903,7.08860171657068e-07,1.61368044286282e-05,5.50814874400538
"ENSG00000109339",4.30322232135963,-4.92748809482093,5.4889735087854,7.10558264012557e-07,1.616630635531e-05,5.20247608535198
"ENSG00000116717",4.41726711154673,3.54417695940307,5.48845471596532,7.11985933775393e-07,1.61896258538678e-05,5.77099902621036
"ENSG00000237506",-2.87314779347302,-0.357993030592741,-5.48693315693209,7.1618944377775e-07,1.6266806790256e-05,4.86588986496386
"ENSG00000162572",-2.36016917836086,2.20415084996616,-5.48631565534893,7.1790234131067e-07,1.62965047574091e-05,5.56531383632476
"ENSG00000164405",-1.88758505228101,3.38098229714591,-5.48206283303934,7.29809437879569e-07,1.65387818611242e-05,5.74677523340169
"ENSG00000213347",1.63611620828865,5.779436455115,5.48051686730449,7.34185895823302e-07,1.66285866951484e-05,5.44099205391579
"ENSG00000109586",1.5442670960294,3.33666998084817,5.47893890932878,7.38679583781406e-07,1.67021353358718e-05,5.7239792717358
"ENSG00000110079",3.06797735602346,2.19596484884835,5.47639811003528,7.45972245557874e-07,1.68480765257964e-05,5.65018453490716
"ENSG00000072858",-1.55937213662793,4.29799546156174,-5.47615292728665,7.46679716139781e-07,1.68514569803867e-05,5.71537128320308
"ENSG00000234648",-2.48396854581876,0.204358311801459,-5.47511572294905,7.49679871265925e-07,1.69033259588518e-05,4.9996903516898
"ENSG00000083845",-1.92480074897766,7.86004617528217,-5.47235282560446,7.57729735926699e-07,1.70561314914475e-05,5.04823001358437
"ENSG00000116771",-2.42870992045081,2.10285402201723,-5.46751153653458,7.72040950754802e-07,1.73588312652374e-05,5.42096945129791
"ENSG00000112299",4.68031093115221,4.80675802280783,5.46528264770412,7.7871890926477e-07,1.74698982088517e-05,5.56141999631564
"ENSG00000162636",1.55443598612531,2.66378411737812,5.46475611583383,7.80304737551134e-07,1.74957116893646e-05,5.67892744276527
"ENSG00000115828",1.9585930460829,6.46137206753633,5.46276994087622,7.86315458214703e-07,1.76206544320778e-05,5.21983720995279
"ENSG00000160746",1.57482126415266,4.49348232209673,5.46051298815424,7.93200999561152e-07,1.77551595681277e-05,5.59548091456927
"ENSG00000079215",7.22707899723242,-0.692527389618954,5.45627417569524,8.06293720329033e-07,1.80281535843536e-05,4.87820413971092
"ENSG00000213626",-1.95708234193111,7.07626549012902,-5.45315111934392,8.16076095274643e-07,1.82063769046788e-05,5.24581597379212
"ENSG00000238009",3.71047933863028,0.264803828173668,5.44781573716216,8.33059297926022e-07,1.85338405618273e-05,5.29760316694879
"ENSG00000154358",-1.77719272271808,5.40172079327142,-5.44293349346457,8.48904839019471e-07,1.88342562573183e-05,5.47597766940143
"ENSG00000169896",2.3438813698818,8.55604819483119,5.43763686819575,8.66431038838459e-07,1.91913281671536e-05,4.32344522287355
"ENSG00000258875",-1.89919762459562,2.62612708724242,-5.4346457008009,8.76485560270443e-07,1.93819980715029e-05,5.46238535742105
"ENSG00000248487",-2.7683050218268,2.69198764731305,-5.43369011240301,8.79721830005407e-07,1.94428680648034e-05,5.38612323298727
"ENSG00000127946",2.50806744586654,6.57883771438528,5.43314718320894,8.81565795182624e-07,1.94729165373252e-05,5.09009584929402
"ENSG00000099204",-1.93421166114476,6.11735453589363,-5.43211638430427,8.85077204506802e-07,1.95183070628538e-05,5.32468595061573
"ENSG00000168779",5.73917670446266,-4.34355901412357,5.43058407461085,8.90322475521726e-07,1.96124625539312e-05,4.97128620031987
"ENSG00000150045",-2.92502053340375,2.17716299199183,-5.43040190015534,8.90948111813012e-07,1.96154961616137e-05,5.44717727899106
"ENSG00000280071",-2.71114111463597,1.35819627701638,-5.42719209704106,9.0204272211685e-07,1.98380314630972e-05,5.100621168931
"ENSG00000142173",-2.66831752617959,5.09493356544442,-5.4253294117829,9.08543313575924e-07,1.99591575368193e-05,5.49352866796659
"ENSG00000229119",-2.31619834665319,1.95326220800459,-5.42001229799522,9.27354365071759e-07,2.03390617482896e-05,5.3619744243546
"ENSG00000181754",-2.19428306541402,3.52005860210319,-5.4191854907476,9.30313718236363e-07,2.03914744241237e-05,5.50496825979384
"ENSG00000144655",1.54633640605908,5.95502986181511,5.41847438000516,9.328664004776e-07,2.04254461666722e-05,5.22638778258438
"ENSG00000083807",-3.96650527914426,0.432440073506452,-5.41463088176187,9.4678327938776e-07,2.06861855423623e-05,4.74280573374432
"ENSG00000225873",2.53310025295956,4.56528497808917,5.41348239612898,9.5098134189506e-07,2.07553484836402e-05,5.42407612661774
"ENSG00000179639",-5.10674994835232,2.39304811214064,-5.40659326568028,9.76550600360103e-07,2.12787464692015e-05,5.12231767087641
"ENSG00000181381",1.64787192380263,6.40403523586355,5.40161625838845,9.9544286435457e-07,2.16474419293268e-05,4.82824693561946
"ENSG00000215915",-4.37217610803861,-0.428466107238289,-5.40153872213956,9.95740012952627e-07,2.16474419293268e-05,4.59467656117566
"ENSG00000134198",1.59554282925785,3.64724936188911,5.40142824272368,9.96163563237017e-07,2.16474419293268e-05,5.42468908514998
"ENSG00000242571",-3.94536353725869,-3.05161659704962,-5.39988562613738,1.00209612686539e-06,2.17528447582303e-05,4.54093977202011
"ENSG00000234424",4.85078933380013,-3.76965139098676,5.3960411776213,1.01703279173923e-06,2.20295001581361e-05,4.44981921658116
"ENSG00000282431",-2.51169814239451,1.76035345168364,-5.39364979151429,1.02643427200259e-06,2.21614987127003e-05,5.08564572736188
"ENSG00000257138",2.45671520575671,-6.00810278152823,5.38858311982789,1.04663688207074e-06,2.25371697552264e-05,4.94222951193936
"ENSG00000166289",-2.03167024903396,4.66956837632515,-5.38615682279426,1.05644947586774e-06,2.26877039683947e-05,5.38874404109673
"ENSG00000204194",-3.17479297700297,-2.45891461820124,-5.38070202494526,1.07884194939443e-06,2.31438655547251e-05,4.2815808482719
"ENSG00000064886",-2.50996495114942,3.28146713688735,-5.37882051007572,1.08667358528338e-06,2.32870210424106e-05,5.33045605075088
"ENSG00000213553",-1.86116240643971,2.50746600144623,-5.37704916475431,1.09409777141273e-06,2.34086847292892e-05,5.28940324271314
"ENSG00000173578",5.58459789068579,-1.12399091007864,5.37564614045953,1.10001363280675e-06,2.34926291908132e-05,4.44396871708065
"ENSG00000167106",-2.11473731618829,7.0819237687525,-5.37429335429066,1.10574746983304e-06,2.35951485043671e-05,4.9717234111657
"ENSG00000234436",4.92034136727549,-0.771083546876842,5.37389799398621,1.10742876713143e-06,2.36060501890252e-05,4.60652348858754
"ENSG00000108950",6.90737239532924,0.704384621828918,5.37310462486142,1.11081021795156e-06,2.36654967578635e-05,4.85953804724488
"ENSG00000225200",-2.21595194077726,0.912896508300493,-5.36548748718562,1.14379699032603e-06,2.42525984204046e-05,4.92240588111101
"ENSG00000100316",-2.16320666629831,9.8380664569388,-5.36329570306264,1.15346603424532e-06,2.44447240425568e-05,3.86140137285317
"ENSG00000273812",4.99938161389919,-0.669282030295787,5.36194143493532,1.15948053503886e-06,2.45592394465923e-05,4.46814880919204
"ENSG00000272282",-3.3106799992743,1.80619639022539,-5.36172166480679,1.16045947191949e-06,2.45633626625318e-05,4.9831261032521
"ENSG00000260521",-2.88687421039383,-1.17187938869035,-5.35777704444756,1.17816919778896e-06,2.490260677682e-05,4.19162284342509
"ENSG00000236609",-2.76480451927573,2.65257441835573,-5.35734598382392,1.18012052702473e-06,2.4918560679432e-05,5.12683539069572
"ENSG00000142541",-2.02510512755215,10.054481103242,-5.35700170177419,1.18168131004764e-06,2.4918560679432e-05,3.69355923411041
"ENSG00000225067",-2.39415833931216,-0.148999074369954,-5.35692635449943,1.18202316341667e-06,2.4918560679432e-05,4.43317505046093
"ENSG00000169508",-1.91948533217812,4.1429254304717,-5.35655388295621,1.18371451056249e-06,2.49282026190794e-05,5.29145666350921
"ENSG00000120696",2.34813457788695,2.79504223322355,5.3560858194334,1.18584330573519e-06,2.49598285744326e-05,5.28405102183382
"ENSG00000069869",4.11500767302011,0.658997696356052,5.35118589365013,1.20835597056571e-06,2.53937933762062e-05,5.081775883374
"ENSG00000155893",1.66877465965709,3.02223505832466,5.34349694084215,1.24453311390747e-06,2.60994889125237e-05,5.24591489921113
"ENSG00000196189",1.72239790463405,7.86996682610299,5.34111176974531,1.25597055328425e-06,2.63256142769204e-05,4.28136723641584
"ENSG00000177954",-3.95111920975009,7.91018882408952,-5.33844551537403,1.26887827761848e-06,2.65735360188814e-05,4.59478225499178
"ENSG00000124181",-1.59080679270596,6.67879702841394,-5.33827039512863,1.26973061234705e-06,2.65735360188814e-05,4.83654111148668
"ENSG00000100410",-1.55155855764821,2.84728794170016,-5.33746899016156,1.27363835429003e-06,2.66403793544058e-05,5.21945989309018
"ENSG00000132386",-2.43932270803458,2.05793677675631,-5.33675493730734,1.27713012258026e-06,2.66856471870954e-05,5.06060843175004
"ENSG00000148926",2.21107928652619,5.80110822755846,5.33447170968282,1.28835858242555e-06,2.68783558540072e-05,4.86123174346739
"ENSG00000250182",-2.19302069821542,2.98669126945076,-5.3313390058786,1.30392276689447e-06,2.71186254913044e-05,5.18618716720027
"ENSG00000054598",5.40952360334938,-3.38890239581022,5.32948967426256,1.3131974489369e-06,2.72551181425716e-05,4.33051482930602
"ENSG00000012124",-1.73332329003794,6.24765444224367,-5.32812302607014,1.320093065653e-06,2.73699749486239e-05,4.90685784283508
"ENSG00000007866",5.51670403482149,-2.62565883557142,5.32403327170954,1.34094196536861e-06,2.77450071496392e-05,4.29465745770951
"ENSG00000243477",-2.22993458914853,3.40226032402001,-5.32327892712299,1.34482271405084e-06,2.78109890690698e-05,5.15234246677546
"ENSG00000075399",1.51360745850738,6.58139189770841,5.32219302752098,1.35042856107373e-06,2.7912559903489e-05,4.60538071167485
"ENSG00000227502",4.17300542356081,-4.9129925969846,5.30977469739357,1.41619422091868e-06,2.90924067804664e-05,4.25122072728447
"ENSG00000188313",2.76410020205914,5.74855235798949,5.30351465080953,1.45053052998826e-06,2.969156230478e-05,4.79966376996095
"ENSG00000115607",2.62423203011066,6.44225174176271,5.29415825699559,1.50338168055932e-06,3.06330209436624e-05,4.52394593940793
"ENSG00000273189",-4.53249145056568,-1.47078640657799,-5.29328120861722,1.50843182558902e-06,3.07047981024455e-05,4.28822113029242
"ENSG00000143224",-1.56788881470932,4.09657998404233,-5.29219184365078,1.51472774434428e-06,3.0817350596219e-05,5.05662758211309
"ENSG00000211785",-2.83426687553665,1.3903180365462,-5.29075929725731,1.52304640181528e-06,3.09552636227391e-05,4.62924650682857
"ENSG00000170325",1.83506419102693,2.82192119706076,5.28998818260066,1.52754276944222e-06,3.10309623128429e-05,5.05565135100884
"ENSG00000188487",5.17424337264308,-1.52411734302372,5.28758354429624,1.54164818111143e-06,3.12431059696168e-05,4.14477037718226
"ENSG00000131203",-4.97534516067699,0.691082009583188,-5.28741379230966,1.54264875751677e-06,3.12431059696168e-05,4.39748142963287
"ENSG00000158050",-1.56038347856315,3.13173176244192,-5.28676103023428,1.54650231263022e-06,3.13053806507351e-05,5.03157875563812
"ENSG00000151882",-2.32615245515923,1.88385230634659,-5.28198740210154,1.5749723627807e-06,3.17697134613697e-05,4.83160409658866
"ENSG00000212743",3.25007548338095,1.25038367992423,5.28112060048321,1.58019698518006e-06,3.18591169499543e-05,4.846600683945
"ENSG00000266970",5.4795790493179,-2.38037884724897,5.28030248245422,1.58514379693469e-06,3.19428325435431e-05,4.15449702530049
"ENSG00000117115",1.87437715981774,8.35752921950753,5.27944621134669,1.59033760979784e-06,3.20153993936369e-05,3.85341382351392
"ENSG00000131634",-2.14628477706403,4.73559430614367,-5.27693016042936,1.60569600758204e-06,3.22760954484066e-05,4.98338767250993
"ENSG00000219747",-3.02288431969911,-0.00754104494098331,-5.2722682044361,1.63453970217285e-06,3.28230594938825e-05,4.24806450932762
"ENSG00000204161",-1.67088565753441,4.38542688240328,-5.26926601586039,1.65338332850568e-06,3.31683216430068e-05,4.93830665253635
"ENSG00000163519",-3.62442062315918,2.33758158100062,-5.26696249572111,1.66798629768766e-06,3.34279088432897e-05,4.8056339992511
"ENSG00000069956",1.90626780772565,2.7370390477732,5.26477518150305,1.681969899476e-06,3.35909358662365e-05,4.96593017590957
"ENSG00000164512",2.36001031664326,3.14621096652546,5.26455104881485,1.68340928233193e-06,3.35964890608765e-05,4.96580547643988
"ENSG00000234009",-1.77267412633294,0.795389330712954,-5.26447167008822,1.68391934375569e-06,3.35964890608765e-05,4.66359284065678
"ENSG00000166428",-3.31407188483603,4.29951547071206,-5.26321548852665,1.69201140298536e-06,3.37189645306137e-05,4.95775208308282
"ENSG00000241837",-1.52220306622244,2.84551104110702,-5.26277509548699,1.69485736187892e-06,3.37477244488639e-05,4.95021196027032
"ENSG00000104964",-1.5513386216941,9.4217249012558,-5.25738173723692,1.73009490589643e-06,3.43642665053597e-05,3.70694768304752
"ENSG00000035499",4.76865711056515,-2.49110037044518,5.25680810405188,1.73388484170199e-06,3.44225374844955e-05,4.22139105935909
"ENSG00000213809",-3.27286740448836,1.30987767004802,-5.25535445455662,1.74352553163595e-06,3.45968476914256e-05,4.55505097442429
"ENSG00000173890",1.9209864369308,3.06106722007239,5.25253703870026,1.76236104282184e-06,3.49188953393414e-05,4.91163094856591
"ENSG00000177628",1.51860130467944,6.33090158569423,5.25183371448166,1.76709414176305e-06,3.49781972856515e-05,4.468956018268
"ENSG00000175274",2.01237733523378,7.46771709403429,5.24971790766111,1.78140814549018e-06,3.52441782800177e-05,4.17542517297179
"ENSG00000104951",-3.91631649000746,0.869748257280406,-5.23889688628576,1.85641581971074e-06,3.66449631620615e-05,4.3082706335503
"ENSG00000240036",-3.20133264028175,-0.674783749929249,-5.23198943017347,1.90590977511382e-06,3.75779228931465e-05,4.02556460576106
"ENSG00000116016",2.31461832123911,1.82281802456641,5.23168796200278,1.90809915904295e-06,3.76026482312964e-05,4.79282049641298
"ENSG00000164182",-1.68167727612697,1.3872727243494,-5.23084910234764,1.91420431051543e-06,3.77044790256449e-05,4.6202417308485
"ENSG00000042832",3.7749824583165,0.513308007059593,5.23018852263064,1.91902545942486e-06,3.77809312046024e-05,4.30413710282507
"ENSG00000162913",-4.42784452743389,-0.83023519389779,-5.22905088546362,1.92735632619613e-06,3.79263725040317e-05,4.09951713619278
"ENSG00000161267",-1.62121313657576,3.65869774103583,-5.22564183742059,1.95253398955916e-06,3.83842403169962e-05,4.8271368449977
"ENSG00000169020",-1.78492014745014,4.17159056581275,-5.22482627385037,1.95860510531886e-06,3.84847714780199e-05,4.79788813047965
"ENSG00000163803",2.30439827059399,5.66248395733198,5.22445961521871,1.96134057901501e-06,3.85048084245333e-05,4.53110879701044
"ENSG00000072952",1.82800198031017,6.21520379045863,5.22150182101924,1.98354503913852e-06,3.88798038339575e-05,4.39025908653583
"ENSG00000239961",-3.27168493094547,2.05457695374112,-5.2182433399465,2.00829273020746e-06,3.93073925704968e-05,4.578491217804
"ENSG00000184005",3.3284800469397,1.02748371109545,5.21801493072105,2.01003879695504e-06,3.93207233172182e-05,4.66991189750789
"ENSG00000198176",1.60796302826674,5.21056277626732,5.21789842673134,2.01092998209543e-06,3.93207233172182e-05,4.60053249568905
"ENSG00000204472",-1.62841261468615,6.96184392664568,-5.21110432544776,2.06357760045441e-06,4.0256093243427e-05,4.19772156916191
"ENSG00000100504",2.40603063417176,8.6077206973876,5.20990102142781,2.0730421346302e-06,4.04172841398658e-05,3.50332820768301
"ENSG00000181409",1.50118501898581,7.38966235111022,5.20826975486095,2.08594090407732e-06,4.0649052945088e-05,3.98377696294644
"ENSG00000219133",-3.70261282536179,-2.70634236517547,-5.20559291871111,2.10727823674274e-06,4.10052273347201e-05,3.86414355350317
"ENSG00000215196",4.94687996184741,-0.508805705389728,5.20432361417341,2.11747078102119e-06,4.11637138968152e-05,4.20677252309408
"ENSG00000185088",-2.09809955885182,2.01532790923187,-5.20174924267416,2.13829196734136e-06,4.15289185693542e-05,4.68216426406085
"ENSG00000082458",-1.50324289108433,2.77330067979968,-5.20149671534097,2.14034517375997e-06,4.15481200750836e-05,4.7139028276621
"ENSG00000186891",-3.00958743119339,2.27527594722073,-5.19648823905811,2.18146962290535e-06,4.22037737151304e-05,4.52185423669212
"ENSG00000198618",-1.57950366570953,2.23730167069598,-5.19596887236074,2.18577827910289e-06,4.22667909458848e-05,4.62278600077028
"ENSG00000188822",-1.69335356658518,3.72670492117916,-5.19501617005826,2.19370361749249e-06,4.2391809263249e-05,4.71829388224488
"ENSG00000168679",3.63111963263532,-1.80019803826829,5.19493833020067,2.19435239731409e-06,4.2391809263249e-05,3.8320452190752
"ENSG00000227825",2.63740459453894,1.73554658688235,5.19362387329666,2.20533663780318e-06,4.25631029826996e-05,4.5884453345542
"ENSG00000164258",-3.57004624276549,1.54214030090202,-5.18967617804185,2.23865113229681e-06,4.31439371143798e-05,4.44882102177627
"ENSG00000148803",-2.18555431000503,2.28944739522053,-5.18421773857404,2.28553016481857e-06,4.39210725076655e-05,4.54305420007521
"ENSG00000087903",1.79543878179143,5.21877153931265,5.18386194137265,2.28861912470881e-06,4.39594199959597e-05,4.41581123216067
"ENSG00000105409",-2.17974646550797,2.67227289841735,-5.18173962538975,2.30712998828029e-06,4.42515457007844e-05,4.6024297927688
"ENSG00000157613",4.50802851656623,-4.76097712830586,5.17490045168263,2.36778721306409e-06,4.53068926890065e-05,4.21347422084079
"ENSG00000103723",6.52990370782523,0.139698932189719,5.17455022963537,2.37093515619458e-06,4.5345544790359e-05,4.07956139848853
"ENSG00000169245",-4.96140779033484,-2.5405051423889,-5.17236138309545,2.39070273446835e-06,4.56801479710535e-05,4.11789481542452
"ENSG00000133687",5.04635478509995,1.22750123320068,5.17161804630608,2.39745258322004e-06,4.57873580763002e-05,4.37790910498129
"ENSG00000267533",-3.02122472495079,-2.5589686205834,-5.17066940332054,2.40609389154426e-06,4.59087739097591e-05,3.62235582211969
"ENSG00000134333",2.09357108337367,7.84515689881126,5.16904345709428,2.420976019809e-06,4.61489226877011e-05,3.69700421757874
"ENSG00000228929",-2.21766290801565,0.616299958208818,-5.16724857292148,2.43750937818496e-06,4.63980833436514e-05,4.20942628177029
"ENSG00000165029",2.36924295925838,4.0160649960365,5.16530938911261,2.45549652216496e-06,4.67183488803008e-05,4.54303182384921
"ENSG00000251194",4.14105339880525,-0.40968537423577,5.16400890060371,2.46763230174506e-06,4.69270358537156e-05,4.13065602362628
"ENSG00000162949",5.10969708645467,-2.48057212382705,5.15908456531656,2.51412069005393e-06,4.77208120781624e-05,3.73888436933498
"ENSG00000133657",2.08832238982899,3.4710973587751,5.15836544092894,2.52098116795756e-06,4.78284496999668e-05,4.51609373076342
"ENSG00000169583",-2.79294404385277,4.23433604443186,-5.15576463999663,2.54594668924728e-06,4.82565529472509e-05,4.57971405526146
"ENSG00000224877",-2.24773208901748,2.52626702015994,-5.15230691707238,2.57951409479102e-06,4.88237408845521e-05,4.51525702661323
"ENSG00000230383",-2.52601238282458,0.257369376162826,-5.1518592048858,2.5838921069682e-06,4.88835908161579e-05,4.09649193200651
"ENSG00000224950",1.63060227848796,3.06552676747599,5.14562860418886,2.64558121206314e-06,4.98629422819327e-05,4.54377203397056
"ENSG00000155368",-1.72870374220198,4.40468196145419,-5.14248775932847,2.67722442347979e-06,5.03413359554417e-05,4.43970137392687
"ENSG00000243517",-2.44915129146452,0.734803119857754,-5.14190152476,2.68317158928519e-06,5.04295765462567e-05,4.14788399826041
"ENSG00000062524",-3.74048188810616,2.722795506041,-5.14088141814065,2.69355117830725e-06,5.0601002088929e-05,4.34707498435941
"ENSG00000103056",-3.83575140753217,3.25629713582196,-5.139650714297,2.70612605685566e-06,5.07897664508456e-05,4.42848567585018
"ENSG00000240376",-2.10459377326525,-0.316608606046201,-5.1388009229027,2.71484252171181e-06,5.09295842547169e-05,3.7912615915108
"ENSG00000259092",-4.30532834380822,-1.1524566686734,-5.13575495822472,2.74631251914129e-06,5.14719141699385e-05,3.78963187299377
"ENSG00000267469",-2.43328466045333,2.45978452493152,-5.13155703408058,2.79027163006156e-06,5.21499302983426e-05,4.36328164547212
"ENSG00000235605",-2.72008969389541,-1.68593649920298,-5.13040137004982,2.80249404946982e-06,5.23141773398582e-05,3.50640179882485
"ENSG00000222335",1.95095190559961,-6.23474078443128,5.13023435405998,2.80426476711095e-06,5.23141773398582e-05,4.2582494551526
"ENSG00000106624",-2.10342805462046,3.32873855805973,-5.12929505179298,2.81424379916166e-06,5.2475987576019e-05,4.48446907220302
"ENSG00000258355",4.85295814748679,-4.24746201771177,5.12897823960885,2.81761742550321e-06,5.25145367362448e-05,3.77256473506987
"ENSG00000149273",-1.50224458016804,9.45187770295429,-5.12774828033676,2.83075250121811e-06,5.26851177828222e-05,3.0138877379508
"ENSG00000171806",-2.4069120725336,1.05198038416596,-5.1268484488254,2.84040009368498e-06,5.28167273664771e-05,4.22150415685695
"ENSG00000196155",-2.58102769961943,2.53405037567807,-5.12616184636647,2.84778323516443e-06,5.29295338049379e-05,4.37415138408335
"ENSG00000250687",4.05070509809318,-1.02176791000834,5.12389694336523,2.87227185664264e-06,5.33353686747102e-05,3.56498745977799
"ENSG00000106546",1.57785998017005,4.02478468655705,5.12019374245305,2.91275751108518e-06,5.39593367875458e-05,4.38389423657448
"ENSG00000211788",-2.79464720461098,2.33688264476296,-5.11972072842702,2.91796895046792e-06,5.40092945426847e-05,4.28100798294079
"ENSG00000162961",-2.05502907685225,2.58093071160947,-5.11867995503833,2.92946792080969e-06,5.41650684972776e-05,4.42192804318881
"ENSG00000218189",3.88650289419708,-5.4843282087394,5.1155458409755,2.96436434248886e-06,5.46917738856067e-05,3.97831571398819
"ENSG00000274752",-3.36353086218666,0.233761330348484,-5.11524551442865,2.96772962928396e-06,5.47287461268229e-05,3.73020299436055
"ENSG00000274373",-4.37747350527893,-3.65070997377385,-5.11462462434991,2.97469885670153e-06,5.47818797238273e-05,3.84756469490242
"ENSG00000255571",-2.50578762319186,1.4726415492355,-5.11286997801558,2.99448094324379e-06,5.51209353847468e-05,4.09245928301297
"ENSG00000123080",2.01487686978723,2.56313799074106,5.11107416379649,3.01486080125687e-06,5.54453037200955e-05,4.40180988156801
"ENSG00000273247",1.68096687431061,2.88609634539446,5.10656931480818,3.06658496737566e-06,5.63192548462477e-05,4.39938189715366
"ENSG00000261596",2.43727763390524,1.89714873346597,5.10607004653938,3.07237082316624e-06,5.63997496954014e-05,4.40426207003452
"ENSG00000186174",-1.70546910569305,7.19644056784566,-5.1047365993041,3.08787625428442e-06,5.66068404809586e-05,3.84075005911392
"ENSG00000226031",3.80601272096731,-5.64014758955665,5.10336171710746,3.10394387419058e-06,5.68754565315449e-05,3.9164394616687
"ENSG00000266109",1.84938547860772,-6.2071444907718,5.10280795606973,3.11043857165925e-06,5.69684972473099e-05,4.10681232240123
"ENSG00000106853",4.78362464536985,-2.24886742503209,5.09830778707373,3.16371480796182e-06,5.78915169365868e-05,3.55940883943567
"ENSG00000135404",2.06758279956726,8.02851035114933,5.09176888608704,3.24272576060214e-06,5.90328060370441e-05,3.37222416608511
"ENSG00000160963",-4.95339679955092,-3.50016288282114,-5.09029054345419,3.26085538815983e-06,5.92912294503851e-05,4.00506270240913
"ENSG00000136861",1.64728792919721,6.09148457138983,5.08584212062731,3.31601030908906e-06,6.01536640976012e-05,3.91952890253599
"ENSG00000204580",-1.64158751126086,2.69873271887563,-5.08574180045896,3.31726464614651e-06,6.01536640976012e-05,4.31369282934099
"ENSG00000213178",-2.37944824543995,-0.586070720482534,-5.08475298481271,3.32965306899962e-06,6.03238903469684e-05,3.53531127236671
"ENSG00000204389",1.69160057865582,7.08862650872258,5.08411353303543,3.33768861879031e-06,6.04422332669405e-05,3.62314081845807
"ENSG00000104833",-2.56786396191619,1.41068036374137,-5.08390026464551,3.34037284285142e-06,6.0463606046066e-05,3.96565820912798
"ENSG00000243836",-3.72841679051888,0.209280263927679,-5.08009542192508,3.38861846160966e-06,6.11991192244527e-05,3.67639192703846
"ENSG00000213722",1.89392498729162,5.81813958693326,5.07837903062898,3.41060545189486e-06,6.15409157886342e-05,3.96190269066406
"ENSG00000105289",-3.04141453122438,1.87020011108131,-5.07704301569267,3.4278165979814e-06,6.1796001287914e-05,4.00272078998888
"ENSG00000160654",-1.86493904389692,5.27111791673464,-5.07672393082077,3.43193977725806e-06,6.18426010422808e-05,4.15569548507462
"ENSG00000181007",-2.12901397444966,1.37508221908467,-5.07452017805991,3.46054952200734e-06,6.23022892448451e-05,4.03117359790343
"ENSG00000267128",-4.47314912805488,-1.34375937542125,-5.07316663400084,3.47823742201064e-06,6.25927040464063e-05,3.60426620848162
"ENSG00000242498",-2.87880552272328,2.26482861614147,-5.07296245115969,3.4809133356028e-06,6.26128312831784e-05,4.2040266269818
"ENSG00000205927",-5.55786767062987,-1.20768926198914,-5.07070535513237,3.51062849279412e-06,6.30908746836429e-05,3.91570062616718
"ENSG00000173825",-2.69186681460117,3.2052195494991,-5.06677562424417,3.56295890879357e-06,6.39170343825609e-05,4.2403468340394
"ENSG00000211721",-1.9626498980613,2.07310594458397,-5.06439552290944,3.59502474957196e-06,6.43773652482369e-05,4.09990192680029
"ENSG00000234449",-4.94818827322642,-1.66223858682395,-5.06416221523857,3.59818316637871e-06,6.44052358213522e-05,3.65715679584031
"ENSG00000108298",-1.60237400235758,9.92203333701993,-5.0620895082042,3.62636228412768e-06,6.48807372258572e-05,2.64402516981768
"ENSG00000146399",2.66233163192754,-5.96768063524275,5.05281611062582,3.75510955051538e-06,6.70052881268616e-05,3.8767734462313
"ENSG00000184574",-2.19961495078843,4.1719201804207,-5.05082376765039,3.78334955444712e-06,6.74387624102763e-05,4.20792335342808
"ENSG00000136026",2.85007879189823,7.37677996500894,5.05010630914431,3.79356990690876e-06,6.75715983152618e-05,3.44214159882327
"ENSG00000183691",-5.95768111975485,1.74573175919954,-5.04932698486126,3.8047022201571e-06,6.77098887360583e-05,3.79999003823919
"ENSG00000178562",-2.07108092490112,4.6543019984411,-5.04790026818477,3.82516529904798e-06,6.80439359966048e-05,4.14661795814332
"ENSG00000183474",2.09280175043293,1.6152326101164,5.04776242958795,3.82714799330694e-06,6.80490949256637e-05,4.10247109575113
"ENSG00000141401",1.59859801777257,6.19583011679366,5.04170677808721,3.91525501588332e-06,6.93091511001943e-05,3.76196074959888
"ENSG00000146955",3.98999894140863,0.411640702718191,5.03900151826571,3.95525498776771e-06,6.98941367113133e-05,3.58098878770902
"ENSG00000012779",1.71840284823981,9.24947262572459,5.03874340540578,3.95909231191566e-06,6.99312078750587e-05,2.54026517198907
"ENSG00000148908",-1.67588879697634,5.45715697412439,-5.03785761265942,3.97228902763548e-06,7.01334929683801e-05,3.9765876753919
"ENSG00000173083",1.59804897582277,5.26142959685603,5.03758975884544,3.97628805038536e-06,7.01732801587324e-05,3.94405797306306
"ENSG00000281162",2.1310657171971,4.41366053392595,5.03715331031736,3.98281262567776e-06,7.02267689374989e-05,4.04304967355402
"ENSG00000007264",-2.23351183654566,6.00587954728798,-5.03575650062608,4.00376448787431e-06,7.05280000325113e-05,3.95634894939335
"ENSG00000105426",-2.35618025948348,2.50932625984631,-5.03391750786519,4.0315138242758e-06,7.09609977073274e-05,4.1135289426354
"ENSG00000198242",-1.70142493044004,9.09485861263342,-5.03033149466006,4.08616794527027e-06,7.17032403909889e-05,2.9807530893727
"ENSG00000189127",4.34279009482154,-0.557854992880369,5.02821456605452,4.11877206337333e-06,7.22123307857542e-05,3.75341274570127
"ENSG00000103253",-1.71005194295062,2.43762736509778,-5.02776335418004,4.12575434839473e-06,7.23015698050959e-05,4.07348585995637
"ENSG00000276819",-3.83856102010752,0.704565973243805,-5.02765331564626,4.12745890012176e-06,7.23015698050959e-05,3.54567332781301
"ENSG00000233057",-3.20587044864124,-2.5573822023583,-5.0248681008347,4.17083382954674e-06,7.29659972216876e-05,3.2414752159531
"ENSG00000281571",-2.86668421066929,0.558028376492364,-5.0213103023689,4.22689067072062e-06,7.37221079151022e-05,3.58909558641067
"ENSG00000225159",-2.76926723497808,-2.94838857508853,-5.0204643548491,4.2403277286328e-06,7.38603359386897e-05,3.15283295558902
"ENSG00000204287",-2.1907619685743,8.92791363570797,-5.01991347289153,4.24910045186184e-06,7.39490633617964e-05,3.03313819008063
"ENSG00000135127",-1.69482145619554,4.23870701086199,-5.01880237590152,4.26684867521227e-06,7.41616301084668e-05,4.0846583318023
"ENSG00000213949",2.06308795339998,1.56849138561932,5.01793046918675,4.28082702144863e-06,7.43724321159368e-05,4.03886655898308
"ENSG00000233493",-1.56267765783796,2.73297586726383,-5.01697811690405,4.29614634399178e-06,7.4541940147241e-05,4.04299849807094
"ENSG00000256576",-2.1428040148745,3.00918671913248,-5.01313456830177,4.35852056783983e-06,7.55263982190935e-05,4.06079489702453
"ENSG00000260528",1.65817865531405,4.8074795730004,5.0122248524932,4.37341307790009e-06,7.56865917166334e-05,3.83738423401012
"ENSG00000269404",-2.01084197121797,3.21687371340262,-5.0118017866593,4.38035585568529e-06,7.57741248322977e-05,4.05916456973263
"ENSG00000157107",2.09556870777213,2.68975790798161,5.01072123344357,4.39813747191841e-06,7.60163038031229e-05,4.06340389588721
"ENSG00000100300",2.18019750298662,7.96481761103845,5.00886159140107,4.42890554591767e-06,7.64494893761195e-05,3.12101588501903
"ENSG00000130766",1.52906323424901,5.05412274504643,5.00648124066349,4.46859673010123e-06,7.70684366124108e-05,3.85338732919348
"ENSG00000243680",-2.55601232126511,-1.39830957413227,-5.00624699005956,4.47252152939719e-06,7.70700002249575e-05,3.20289646882576
"ENSG00000135469",-2.4556152760945,2.43722734063871,-5.00439521609286,4.50366656279672e-06,7.75402154850337e-05,3.96382672986101
"ENSG00000141736",-1.83423280364199,3.62115928103254,-5.0040483988506,4.50952327114106e-06,7.76078144462384e-05,4.04913684222237
"ENSG00000248905",2.91991481998782,1.03029408346903,5.00378102285325,4.51404354733834e-06,7.76523657210509e-05,3.98427923408276
"ENSG00000167434",3.35488819975335,5.02600637337168,5.00294414207927,4.52822062114105e-06,7.77963783808174e-05,3.87153387761983
"ENSG00000159496",2.73447511353367,5.6124333578548,5.00253534034432,4.53516172607555e-06,7.78490912517888e-05,3.71941801066748
"ENSG00000142303",-2.35142024697487,4.08630554425053,-5.00163411666163,4.5505005781012e-06,7.80790543067966e-05,4.03435002500352
"ENSG00000059588",-1.59115607408267,3.70763073484559,-4.99706378344008,4.62907363537656e-06,7.92237189706941e-05,4.00749997876536
"ENSG00000185608",-1.89711646479764,2.08335472029588,-4.99689625252483,4.6319789350573e-06,7.92237189706941e-05,3.96641470580577
"ENSG00000120306",3.49680689505737,5.89563362046431,4.99336588259972,4.69361928441883e-06,8.01924702389314e-05,3.66887910777798
"ENSG00000271795",2.38335093894712,0.306066257081801,4.99155887128474,4.72547994307778e-06,8.06340172629935e-05,3.74520729145758
"ENSG00000228053",-3.56270608767784,-4.74598428978223,-4.99133155203032,4.72950293722146e-06,8.06684247272708e-05,3.42769332320686
"ENSG00000086544",1.56342579144464,4.78707609551053,4.98864200760807,4.77735671454668e-06,8.1248126865905e-05,3.84565810501579
"ENSG00000120833",-3.1429016401086,1.99594340877315,-4.98862631963597,4.77763722976468e-06,8.1248126865905e-05,3.79177729296383
"ENSG00000241106",-1.73630134470568,2.49046529003564,-4.98099304621118,4.91605846927324e-06,8.31448811870942e-05,3.94425350125038
"ENSG00000037749",1.68870188207574,2.35062439162467,4.98084147749636,4.9188464011896e-06,8.31570492096823e-05,3.9688495445102
"ENSG00000141096",-2.0570294075859,3.37889535068972,-4.97950729314447,4.94345409072794e-06,8.35379324739154e-05,3.96341104123612
"ENSG00000165272",-1.61431460105889,5.51122362339755,-4.97919744652488,4.94918613015726e-06,8.35996558002446e-05,3.83045223415946
"ENSG00000144290",-5.46400378226283,-1.00792059266186,-4.9789504985251,4.95375923137264e-06,8.36171921881041e-05,3.4597274058007
"ENSG00000198467",-1.79948826043971,4.04934440597551,-4.97880454139867,4.95646408099726e-06,8.36171921881041e-05,3.94246472825027
"ENSG00000242324",2.37069116569177,0.853943001172427,4.97771219180024,4.97675327084262e-06,8.38890712764843e-05,3.80371946811813
"ENSG00000121742",5.02335913411714,-2.32463190109046,4.97721766712103,4.98596524949932e-06,8.40091261359478e-05,3.21482647239392
"ENSG00000189283",-2.2551602927388,3.14220146770365,-4.97690347468803,4.99182668271148e-06,8.40726503135178e-05,3.94704754667751
"ENSG00000062282",1.83269217423693,7.87896787778284,4.97593659280351,5.00990677004827e-06,8.43418224327807e-05,2.96895901551853
"ENSG00000206907",2.35455163694387,-6.00719461055763,4.97571305367387,5.01409593154412e-06,8.43770132440087e-05,3.60202491102198
"ENSG00000227191",-2.15759225993785,4.02006672256815,-4.97434851185128,5.03974216756928e-06,8.47731023517239e-05,3.9375518039691
"ENSG00000073350",-1.55007977088356,5.23625263414626,-4.97372570291087,5.05149037060066e-06,8.49351802086524e-05,3.81294161633296
"ENSG00000266998",-5.0451016254933,-0.863011339156596,-4.97094649299254,5.10424302948078e-06,8.57862785414659e-05,3.39925009397443
"ENSG00000221643",4.71000302226891,-2.58657627195383,4.96976893321761,5.12675687289591e-06,8.6128658505709e-05,3.14809801612078
"ENSG00000073737",2.32087267674232,4.88585353867359,4.96959009272893,5.13018463173023e-06,8.61349379597554e-05,3.72808119547158
"ENSG00000134193",-4.61386791490863,-1.62879265353003,-4.96952588815014,5.13141576074857e-06,8.61349379597554e-05,3.3346354564958
"ENSG00000137642",1.73036516859957,9.24169275910907,4.96929206066262,5.13590187162396e-06,8.61440086527524e-05,2.01364501186537
"ENSG00000242986",2.14303803898822,-6.26147487437468,4.96789313253877,5.16282142603942e-06,8.65176102416161e-05,3.73414380123931
"ENSG00000166446",1.9297082491762,2.12161630712547,4.96554541195679,5.20830942885411e-06,8.72071868633041e-05,3.91572317883571
"ENSG00000222009",2.09515863604164,2.6103837080182,4.96521603565087,5.21472253606451e-06,8.7278216234332e-05,3.90985025363184
"ENSG00000186204",-2.9179756630342,1.09714807070594,-4.96344137035822,5.24940938146551e-06,8.77126998976212e-05,3.64389203786112
"ENSG00000108384",-2.31289206971151,1.75652310269015,-4.96331392981856,5.25190895626232e-06,8.77180074198828e-05,3.73497206807894
"ENSG00000170128",-3.28304779357144,1.64561662881649,-4.96311813830857,5.25575141436364e-06,8.77457302160495e-05,3.59764458150848
"ENSG00000140795",4.69333147672555,-3.10848810745863,4.95957925807494,5.32567928216449e-06,8.87657373555459e-05,3.12119577346962
"ENSG00000274180",1.71163306401932,7.32703471108065,4.95749532626448,5.36728287620789e-06,8.93850481314456e-05,3.1556433299226
"ENSG00000232599",5.05481409877896,-4.39140430912022,4.95567483218192,5.40388750891984e-06,8.99573853555261e-05,3.46953565934846
"ENSG00000176826",3.56855700081741,-4.87981349306709,4.95438289638761,5.43001260229089e-06,9.0354870296895e-05,3.29439638254293
"ENSG00000165138",-1.55700764163157,2.78285904202586,-4.95128915294256,5.49307691455175e-06,9.12908962872299e-05,3.84486389674953
"ENSG00000064545",-1.68373124546032,3.42081370561038,-4.95022673097989,5.51489879698946e-06,9.16156865440373e-05,3.86287765218825
"ENSG00000114021",-2.33578388060679,2.79263240255226,-4.93889590074413,5.75297543559335e-06,9.51382634560773e-05,3.80126404313433
"ENSG00000257258",4.12095982685752,-5.23742110409333,4.93750569608513,5.78286971929005e-06,9.55147610743215e-05,3.41891792427716
"ENSG00000249855",-2.06256993322368,1.78639187828091,-4.93280782687847,5.8850198796417e-06,9.7122154844563e-05,3.72765655819256
"ENSG00000102265",1.77601973380961,7.72316273507367,4.92728343414513,6.007402961961e-06,9.89793499494901e-05,2.94308645998614
"ENSG00000261557",-2.0203998374906,1.04400035127034,-4.92250129758741,6.11535146198122e-06,0.000100675413380249,3.57366477864207
"ENSG00000204252",-1.73369379523008,4.9218481409015,-4.92183560842567,6.13052798524751e-06,0.000100842670238511,3.66036005259674
"ENSG00000275791",-2.95106717879567,1.49677138435753,-4.92157564844937,6.1364646108242e-06,0.000100857788341927,3.4483779397631
"ENSG00000163485",-4.2628201555654,-3.40706863188011,-4.91699279106231,6.24205051549607e-06,0.000102300413707286,3.23900321371676
"ENSG00000163682",-3.34293685320611,6.0970975367775,-4.9164961922031,6.25359802398407e-06,0.000102447900472782,3.34866716203076
"ENSG00000089157",-1.58117274111803,9.11223946668344,-4.91617878473417,6.26098970926148e-06,0.000102485467545493,2.40346929300381
"ENSG00000082515",-1.61548874166607,2.01208512873802,-4.9153146027267,6.28115786360354e-06,0.000102731939964438,3.70863703679737
"ENSG00000234004",-3.46624886645372,-2.34468849733643,-4.91260737499271,6.34475116927162e-06,0.000103645545106484,2.97721871060662
"ENSG00000059804",2.89176572274071,8.45739678595015,4.91051814096384,6.39425800006763e-06,0.000104411844077465,2.4998800416356
"ENSG00000202472",1.86132803483982,-6.37509979346034,4.90913288998157,6.42729132971717e-06,0.000104866057645004,3.55587539763863
"ENSG00000069535",4.58434030301673,-2.82001484389967,4.90845850373654,6.44343343160213e-06,0.000105044164970506,3.20795948193339
"ENSG00000164172",-1.96671052118509,2.59404113009628,-4.90730935891358,6.47103078577152e-06,0.000105408581705667,3.6980821045306
"ENSG00000283050",1.59536368976308,2.79651408873349,4.90681740397252,6.4828806828914e-06,0.000105558837267558,3.71336924178398
"ENSG00000167680",5.86187221910241,1.43293224440033,4.90579635273555,6.50754292109194e-06,0.000105909396929039,3.53421144814851
"ENSG00000254444",4.26105140513464,-5.00029545250857,4.90570808954209,6.50967911575678e-06,0.000105909396929039,3.02683983362587
"ENSG00000175701",-1.71030298057562,2.24819567921519,-4.90471117541253,6.53385467528878e-06,0.000106259719116489,3.66750475633258
"ENSG00000115604",4.37835283074239,4.48747622143444,4.89934145983546,6.66559106117766e-06,0.00010822701609106,3.54398588156963
"ENSG00000145287",1.8128161127116,7.17322006535227,4.89863831859201,6.68303265421248e-06,0.000108466402408014,2.91956834237135
"ENSG00000196352",2.75908426871702,7.70505119630199,4.89796123750804,6.69987001492307e-06,0.000108695792711839,2.68243477907991
"ENSG00000184220",-2.30194925863793,1.8061661403053,-4.88854161557776,6.93846270859478e-06,0.000112114179184456,3.47434025025948
"ENSG00000211796",-4.06238809507217,-0.489002290919407,-4.88683920801636,6.98246162140222e-06,0.000112734506868921,3.01614953225897
"ENSG00000073861",-1.8355248994191,6.08744588375137,-4.88237716347804,7.09908287511907e-06,0.000114404576795627,3.35708258008962
"ENSG00000189043",-1.71249835077449,3.38281485473082,-4.88233743186828,7.10012982202598e-06,0.000114404576795627,3.59422113398467
"ENSG00000231409",-4.24804297768816,-2.85729208452879,-4.88194002359906,7.11061003346825e-06,0.000114470300814621,3.0241454756267
"ENSG00000169992",-2.2041121127355,1.92945244960499,-4.88157543716356,7.12023799474228e-06,0.000114470300814621,3.56173324992574
"ENSG00000223803",-2.72530377470728,-0.758787686077337,-4.88150091735733,7.12220747511852e-06,0.000114470300814621,3.00371777776463
"ENSG00000228502",-1.95162793800686,1.93974656882616,-4.88142780004705,7.12414040689972e-06,0.000114470300814621,3.56836755954059
"ENSG00000146094",1.63483137879118,9.34549537263926,4.88118354133556,7.13060135975231e-06,0.0001145283403375,1.96945715470862
"ENSG00000125510",1.53451453136866,5.0570371765769,4.87795365344484,7.21657685370578e-06,0.00011577047991727,3.45059417080308
"ENSG00000216475",1.97530815153645,-6.33730777957593,4.87767720263028,7.22398255053775e-06,0.000115843058036186,3.4741841768526
"ENSG00000234160",-3.1417185523975,0.0611220765186866,-4.87469391086515,7.30437482396618e-06,0.000116992221782107,3.02922478568482
"ENSG00000245958",1.65071032264938,3.30113466626268,4.86902302146795,7.45961072777803e-06,0.000119146313261078,3.55359863779062
"ENSG00000248791",2.74113288905292,-0.311633213474223,4.8670770122993,7.51362106804116e-06,0.000119866108800552,3.35759161431197
"ENSG00000128218",-2.58663125912548,2.41671932931124,-4.86467269321494,7.58087986546145e-06,0.000120891127469767,3.46424703177005
"ENSG00000167861",-2.28218997982476,2.09085059710677,-4.86428199531968,7.59186477725712e-06,0.000121018298086951,3.47138444555402
"ENSG00000143185",-4.47601062228555,0.915135167681287,-4.86119640979643,7.67916811445077e-06,0.000122119429009949,3.0870847347205
"ENSG00000139187",-2.22253032178441,3.00114393737625,-4.85363870485205,7.8971733130771e-06,0.000125140781053341,3.52938216797509
"ENSG00000211790",-4.04299345913413,0.684061839505758,-4.85339260812496,7.90437287035676e-06,0.00012520551541926,3.05294658475941
"ENSG00000130653",-1.64336515378717,3.1130208600284,-4.85221661845632,7.93886513571617e-06,0.000125603406606085,3.52586753297531
"ENSG00000169255",4.23467390038913,-2.72237357197016,4.85180871071641,7.95086358018981e-06,0.000125743752026275,2.75993246765347
"ENSG00000262823",-2.40353642166529,1.79031820732731,-4.84899458747551,8.03412434159146e-06,0.000126860906041108,3.34175165010882
"ENSG00000169288",-2.38279249615578,1.0199603127185,-4.846688460031,8.10299014357944e-06,0.000127797728423766,3.37947408936999
"ENSG00000149089",-2.01708855515555,2.15743076751031,-4.84650956127078,8.10835649194958e-06,0.00012783221478014,3.47037623657106
"ENSG00000169429",-5.16546843737268,-1.17326753294601,-4.84296727838099,8.21533114569061e-06,0.000129315874204798,3.00274478980524
"ENSG00000128918",3.00768010954081,0.561918140422396,4.84217514738804,8.23944109001399e-06,0.000129593900900134,3.24447717187108
"ENSG00000172893",1.52990298066239,3.37732391333158,4.84192165239511,8.24717126984241e-06,0.000129664755334456,3.47312766552891
"ENSG00000256751",3.85998638166223,0.353179434551993,4.84120364178295,8.26910507966024e-06,0.00012990799625342,3.16975050738444
"ENSG00000091831",-4.32638981990941,-2.1382755076687,-4.83505657282089,8.4592347033637e-06,0.000132635785313817,2.89545542983753
"ENSG00000026559",-4.67999678269835,1.16689170677498,-4.83458670329477,8.47394236831396e-06,0.000132814593017917,3.10291976315135
"ENSG00000168824",-3.26352034078064,2.48796975568756,-4.83203587226534,8.55422467873337e-06,0.000133916254102196,3.28117371188769
"ENSG00000143365",-3.36548059242531,2.37520685306776,-4.82837254938572,8.67082237411699e-06,0.000135635953729281,3.27432795603395
"ENSG00000218227",-1.78506677456145,2.19112615759125,-4.82305047248364,8.84298772916191e-06,0.000137953353778722,3.36270374446253
"ENSG00000273841",-1.81597044616755,2.78507071148494,-4.82098052360123,8.91084763980028e-06,0.00013885034760281,3.41924697123631
"ENSG00000282939",-2.98565718924193,3.05418089408173,-4.82053853698095,8.92540325142356e-06,0.000139023270636858,3.36069782436548
"ENSG00000224721",4.14162625279709,-4.71736220250379,4.82014565549329,8.93836122611457e-06,0.000139155643069397,2.92128752490181
"ENSG00000211804",-4.35267724892531,-0.607055423899501,-4.80970961868555,9.28937130146417e-06,0.000144022871215373,2.85352509896603
"ENSG00000277301",-4.62123330215562,-0.483993266457897,-4.80620103621988,9.41037851635658e-06,0.000145595886242501,2.85988858301655
"ENSG00000160050",-2.80286057066058,2.12947976256286,-4.80613821046568,9.41255928422121e-06,0.000145595886242501,3.23751129793903
"ENSG00000138795",-2.22534985518432,6.5000037821793,-4.80583653649174,9.42303768052246e-06,0.000145701908012448,2.97863320498398
"ENSG00000227525",-3.60454211055392,-4.44031700360452,-4.80347855466826,9.50533387454052e-06,0.00014674862996324,2.81851382674955
"ENSG00000204020",2.34105590057739,1.40162394946046,4.80079977200951,9.59967856316024e-06,0.000147751254822423,3.34401221765074
"ENSG00000186827",-1.78860133152774,2.91905035336525,-4.79966141876491,9.64004693277297e-06,0.000148315792878431,3.33065723773977
"ENSG00000135424",5.2139595245938,1.3538951909855,4.79843180471814,9.68383792809145e-06,0.000148932537255215,3.29928910122259
"ENSG00000253230",3.40074306051927,-5.6887483587996,4.79796636118761,9.70046470744167e-06,0.000149131197770008,2.9785548294332
"ENSG00000268027",-3.01154998339291,2.3638778400239,-4.79694719232049,9.73696936296563e-06,0.000149578006239948,3.30186271760853
"ENSG00000257210",4.07107889716144,-4.08966947141776,4.795781183592,9.77889815616601e-06,0.000150107393537299,2.79936263868382
"ENSG00000138050",-2.20485269339547,1.03027137584362,-4.79443166766824,9.8276459648758e-06,0.00015079810041219,3.14768722787827
"ENSG00000273573",4.39453681524018,-5.23313410203838,4.79398754537685,9.84374060410133e-06,0.000150929847355485,3.01125421294456
"ENSG00000241889",-2.10179404045223,0.275484564673108,-4.79287532266177,9.88415974275484e-06,0.00015149179945796,2.88130082795357
"ENSG00000223865",-1.86785353838772,8.32413358046533,-4.78682072744087,1.01070487121958e-05,0.000154554420816925,2.39848635606361
"ENSG00000231680",-2.67658487905574,0.882875219815115,-4.78425165216132,1.02031013423024e-05,0.000155904629480518,2.96901701475365
"ENSG00000183134",-4.36495316721186,2.72753536747231,-4.78412811304377,1.02077426246606e-05,0.000155916287612692,3.14997955873701
"ENSG00000139572",5.01613423846344,2.51274671485614,4.78335057503467,1.02370015797017e-05,0.000156303812194139,3.28697720832411
"ENSG00000231389",-1.80544732137274,8.32292836736383,-4.78305536048917,1.0248132020729e-05,0.000156414352125037,2.35605744846918
"ENSG00000282965",4.06483923869789,-4.71636006707262,4.77994371878816,1.03661711510897e-05,0.000158095907669237,2.89658443890522
"ENSG00000184557",3.57419051130268,6.14698282755222,4.77954968370774,1.03812131456402e-05,0.00015826527526774,2.8387102682337
"ENSG00000231747",-2.81613506740465,-0.29492993432525,-4.77740646492264,1.04634029895865e-05,0.000159457819176406,2.78060326495321
"ENSG00000144834",2.08396387000513,-6.24592218325329,4.77579506281023,1.0525616514445e-05,0.000160223716438363,3.10943618578406
"ENSG00000258181",-3.75771634523008,-2.23226675816787,-4.77505828586191,1.05541824476273e-05,0.000160597745177711,2.62420652669231
"ENSG00000174705",4.56635961500258,0.570331966798812,4.77481032902099,1.05638131190219e-05,0.000160683471438108,3.06269477198557
"ENSG00000171680",-4.03079963686118,1.26768548147106,-4.77357827277897,1.06117937354716e-05,0.000161230284109383,2.94823046014855
"ENSG00000234782",-2.48631880091474,-0.0734052185576127,-4.77084016767169,1.07191885405011e-05,0.000162493521004987,2.9006611791158
"ENSG00000245205",-2.23607588083373,1.31656476858546,-4.76384424223474,1.09984282066345e-05,0.000166225116828241,3.09501664081034
"ENSG00000157152",3.68077185653532,-0.898818928575151,4.76286959192298,1.10378904316908e-05,0.000166758839208881,2.61654572115216
"ENSG00000165490",1.85960866019882,1.57868689330877,4.76144780757225,1.10957045395819e-05,0.000167443511223826,3.18694472445784
"ENSG00000155926",1.96778909065097,8.60807518838056,4.75971011019084,1.11667662641962e-05,0.000168389473875925,1.86060441321831
"ENSG00000119599",-2.03554462182244,2.57461416503645,-4.75688418555598,1.12832801562344e-05,0.00017008265048404,3.16708376699942
"ENSG00000076604",-2.04136009583057,3.18830110471328,-4.75561538598011,1.13359785313039e-05,0.000170750370442214,3.19560127277915
"ENSG00000164120",4.19752759256919,1.44764047747841,4.75561315731997,1.13360713076531e-05,0.000170750370442214,3.18609496799668
"ENSG00000244363",-3.62564985368389,-2.51330397903903,-4.75467168896869,1.13753298400766e-05,0.000171149330176183,2.56233722655002
"ENSG00000152380",2.83101882585512,0.12765261720406,4.74789813167795,1.16617215233611e-05,0.00017499982406949,3.03857541908422
"ENSG00000148459",2.19706327280458,1.77588449710247,4.74632148577863,1.17293866332284e-05,0.000175949552772033,3.16134560826313
"ENSG00000235674",3.44583378724469,-4.66712714012554,4.74484636489497,1.17930415397374e-05,0.000176706617957705,2.57867800350198
"ENSG00000196876",4.35884403897666,-1.99606597859915,4.74291176554376,1.18770353657829e-05,0.000177634142773514,2.53521015511846
"ENSG00000206557",3.68732978479944,-4.49047006711788,4.74184401141519,1.19236434778175e-05,0.000178132409920186,2.77339772448935
"ENSG00000121316",2.16646546250122,8.41623074123345,4.73841009401147,1.20747496288978e-05,0.000180184398025119,1.85271797568076
"ENSG00000250144",-2.12943875240934,2.4818456579247,-4.73821462113541,1.20834072204299e-05,0.000180184398025119,3.11963629184664
"ENSG00000215156",5.85045679937336,-0.317614373875208,4.73754382046889,1.21131634156108e-05,0.000180536572750222,2.6566650751289
"ENSG00000267194",2.45665580615342,2.06966953465267,4.73747982359177,1.21160060016939e-05,0.000180536572750222,3.13664988388387
"ENSG00000118520",4.24646414788773,2.81080317114543,4.7362000032773,1.2172989416363e-05,0.000181117143048344,3.12071091518409
"ENSG00000159247",4.93563200240718,-0.774753956352325,4.73350527656113,1.22938274363297e-05,0.000182644660234784,2.56511215549128
"ENSG00000196581",-4.34034276221084,-2.23237319196117,-4.73248654945879,1.23398139020554e-05,0.000183192466207693,2.584112984342
"ENSG00000163754",3.77320441793753,6.13529495760082,4.72950446196681,1.24753957753711e-05,0.00018500031758077,2.67515358750484
"ENSG00000133101",5.69841087851095,-1.27705904413802,4.72871635992576,1.25114693720596e-05,0.000185398485696845,2.54998597733484
"ENSG00000241052",1.67385805868392,-6.4655993103476,4.72642486617988,1.26169366247926e-05,0.000186754818184798,3.10009759463784
"ENSG00000170439",7.38976053129569,-0.750772840928566,4.72478693438298,1.26928545537585e-05,0.000187809399620979,2.63630809531204
"ENSG00000138772",2.97463094762094,5.37295651517828,4.72426891455756,1.27169573616237e-05,0.0001880576841345,2.68165119011471
"ENSG00000165886",1.61899146654601,4.74388670847646,4.72422526888353,1.27189901786405e-05,0.0001880576841345,2.95238676967124
"ENSG00000256393",-3.41557129855201,-0.239449831369989,-4.72209505431689,1.28185922505334e-05,0.00018918246903669,2.75612452160651
"ENSG00000170365",3.50114548986673,0.22446963122327,4.72038934588396,1.28988941238352e-05,0.000190158174391794,2.86086295001095
"ENSG00000128609",-1.68467072393216,2.0766437601512,-4.71784486404333,1.30195971025454e-05,0.000191656478475478,3.06947849550024
"ENSG00000160284",-2.9896721420025,2.23135943593069,-4.71661694197434,1.30782398134024e-05,0.000192378849973802,2.92662976593247
"ENSG00000139973",2.06038268166379,-6.27350643296698,4.7141754322154,1.3195607352215e-05,0.000193892473236018,2.88436181686635
"ENSG00000250138",2.24293741694737,5.14566883509253,4.71394311055803,1.32068288511319e-05,0.000193986457242676,2.78932003072328
"ENSG00000105609",3.28172006771095,0.673318588870091,4.71338312180904,1.32339154664554e-05,0.000194313319789057,2.94817528965076
"ENSG00000234663",-3.78381078362345,-0.880877138657494,-4.71012023046327,1.33928226519282e-05,0.000196431322967098,2.5530158925108
"ENSG00000256136",2.20166315864979,-6.26400987169559,4.70917573103239,1.34391674474514e-05,0.000197039172035901,2.86612099006769
"ENSG00000139679",-1.79742945853227,3.12314869523415,-4.70833464750888,1.34805695006985e-05,0.000197502133770802,3.02348701552045
"ENSG00000177586",2.34622608308676,-6.10332463657484,4.70721479346748,1.35358871281438e-05,0.000198168147970006,2.83125009290318
"ENSG00000237749",-3.26220151681905,-2.61025124950327,-4.70552931483795,1.36195627414281e-05,0.000199320590218745,2.36461093522267
"ENSG00000170089",-2.36537605652852,1.39305034588836,-4.70324815356608,1.37336151388594e-05,0.000200697490298954,2.83931134766853
"ENSG00000183837",-2.52074360804097,3.030139630891,-4.69850878511227,1.397355850002e-05,0.000203907440587225,2.99762468131218
"ENSG00000162407",4.6300431288592,-1.63220631396043,4.69687176107828,1.40573836612412e-05,0.000204907519198411,2.36876747672474
"ENSG00000211809",-3.92414888954269,-0.127267883920723,-4.69422409485387,1.4193998877406e-05,0.000206617886664567,2.44682237374657
"ENSG00000237991",-3.60290655175517,-2.61664589762755,-4.69419940484986,1.41952789156642e-05,0.000206617886664567,2.38051646078809
"ENSG00000183298",-2.60115009307889,0.395996664089262,-4.68943983615042,1.44441503962862e-05,0.00020986040268576,2.60392709860636
"ENSG00000243307",1.51091874850641,-6.21680222424367,4.68728301968089,1.45583238103898e-05,0.000211140392272879,2.93423771993338
"ENSG00000237039",-2.1719499549496,0.619769775667032,-4.68727954009115,1.45585087154972e-05,0.000211140392272879,2.61213444644283
"ENSG00000244021",-2.82673095041529,-4.44877498354288,-4.68443488656255,1.47104422416708e-05,0.000213074637836242,2.33177591888507
"ENSG00000148175",3.23730350330973,6.70903441160478,4.6815399994922,1.48666460136635e-05,0.000214834257024192,2.27173815452899
"ENSG00000168916",4.4571529848067,0.680716407401862,4.6800905945201,1.49454602489827e-05,0.000215895577768452,2.70818654226905
"ENSG00000152240",-3.47817442630931,1.35598734488713,-4.67984524846799,1.49588416844717e-05,0.000216011261996814,2.7434194204971
"ENSG00000232573",-1.61418760793604,4.15867857401981,-4.67638437548925,1.5148850833734e-05,0.000218519591394968,2.87078245422923
"ENSG00000171860",2.28873835510375,5.43743682393935,4.67606254673492,1.51666390388602e-05,0.000218697712568242,2.59270682507898
"ENSG00000260256",4.47703161587951,-3.95693655456993,4.67535357784282,1.5205897244975e-05,0.000219106624029565,2.38670127377144
"ENSG00000272529",-2.55759856368614,0.967575359455952,-4.6748239241958,1.52352907579698e-05,0.000219372907969879,2.67563273760882
"ENSG00000207956",1.65834369720735,-6.37761306688459,4.67471562153845,1.52413079116521e-05,0.000219380974101051,2.84188137723057
"ENSG00000101384",3.82885750823904,0.153837256159599,4.67381854676711,1.52912373822038e-05,0.000219942155720701,2.69341793148242
"ENSG00000134827",2.72507572256226,3.26536436877172,4.6723301895934,1.53744285424341e-05,0.000221059648162709,2.90204086415961
"ENSG00000131174",-2.53306155287498,2.64379497516562,-4.6716436747799,1.54129495986203e-05,0.000221455110708983,2.91616580625595
"ENSG00000163823",1.61218573293677,7.16943907940665,4.66993472471322,1.55092497278423e-05,0.000222759148824122,2.06675842537007
"ENSG00000221869",1.69427730665607,8.41787655134707,4.66232029958956,1.59455041008528e-05,0.000228128525217966,1.6356709985459
"ENSG00000100036",2.00198896825032,1.37623713077701,4.66120112601737,1.60106252830806e-05,0.000228697613066227,2.71245997660207
"ENSG00000101187",3.52337507107968,0.59733183687801,4.66064157162629,1.60432811398338e-05,0.000229038348147584,2.70403866247329
"ENSG00000050767",4.5910135288507,-2.62609896119483,4.66006900665382,1.60767635145239e-05,0.000229434876397191,2.2747648693764
"ENSG00000234268",-3.0448370427595,-1.29803930580716,-4.65946192435658,1.61123387950738e-05,0.000229860980922483,2.41300966741956
"ENSG00000140807",-3.40487960710367,-0.105098321645426,-4.65541986890329,1.63511691833376e-05,0.000232690160533996,2.35773264341024
"ENSG00000226979",-2.02749845155887,3.17406350129751,-4.6551808337497,1.63654004670751e-05,0.000232810272320366,2.85037036309659
"ENSG00000178896",2.70126029958444,3.93656674768457,4.65187403036233,1.65635187581686e-05,0.000235295611701729,2.79739207444864
"ENSG00000169432",3.48529620341599,-1.12687653663896,4.6512977146504,1.65982855834562e-05,0.000235706208769377,2.58362989856682
"ENSG00000141753",-2.28444582218119,2.47127208612231,-4.64935935020786,1.67157421220287e-05,0.000237039246839435,2.74939844106595
"ENSG00000264281",-3.83111739693895,-1.82956973501808,-4.64492804424856,1.69873114995786e-05,0.000240501947225714,2.30117732550144
"ENSG00000214535",-3.04089403903504,-0.521776882222096,-4.64428793454884,1.70268939189744e-05,0.000240802239458176,2.50358300681761
"ENSG00000175556",2.22708507789467,1.1375291961909,4.64405486441053,1.7041328573679e-05,0.000240891522967315,2.76886648423433
"ENSG00000217716",-2.56588198746029,-1.63732791659731,-4.63955404310243,1.73224268504049e-05,0.000244349545347361,2.16467996003433
"ENSG00000174405",2.28983844950268,1.81090777344143,4.6356178441412,1.75719618255223e-05,0.000247522077543675,2.79363840566286
"ENSG00000147403",-1.75264648390735,9.74779627695151,-4.63529732350366,1.75924347444249e-05,0.000247723664306609,1.21225211612386
"ENSG00000268034",1.89619822295274,0.0466435411092274,4.63210969717675,1.77973102533664e-05,0.000250170442939103,2.42631750958371
"ENSG00000139832",1.93385028932859,4.16699013389935,4.63114562882523,1.78597295858697e-05,0.000250872413980131,2.6927244083952
"ENSG00000239344",-2.75251638617459,-4.27832981442263,-4.63081566763781,1.78811421323395e-05,0.000251085461405628,2.22957477046076
"ENSG00000213885",-2.8930304097924,-0.743091717289267,-4.62969577580165,1.79540032436174e-05,0.000251932578848136,2.20039371619071
"ENSG00000279483",-2.93788180044585,-1.6174317867738,-4.62946280395062,1.79691968998985e-05,0.000252057799640516,2.15446986475779
"ENSG00000248477",3.02977295128552,-0.394100930628988,4.62884726112336,1.80094008813253e-05,0.000252533635936881,2.56520203625332
"ENSG00000060982",2.62303716936365,1.39154483407364,4.62764200096193,1.80883760484931e-05,0.000253552612936374,2.7577156969094
"ENSG00000279359",4.51888518518724,-5.28932134159456,4.62531275963799,1.82419578974392e-05,0.000255616309303886,2.51454299446921
"ENSG00000225770",-2.64747881973758,-4.56610154349911,-4.62445069532839,1.82991208657395e-05,0.000256327964126989,2.19650986816294
"ENSG00000188243",-2.88125454987058,1.86425225400229,-4.62405602974172,1.83253491095695e-05,0.000256605950854376,2.75596744118792
"ENSG00000154027",-4.39760041093662,2.10537626718618,-4.62324627929645,1.83792773191422e-05,0.000257181937620659,2.60546214091783
"ENSG00000275464",-2.37908355421047,2.21042999414352,-4.61961774128533,1.862283755712e-05,0.000260318259899631,2.69583190867617
"ENSG00000213891",-3.4215876655335,-3.02002642003345,-4.61717603972672,1.87885001086648e-05,0.000262363071140343,2.14329819969479
"ENSG00000224321",-3.41945357491766,-3.12311416772547,-4.61626485937192,1.88506882402027e-05,0.000263137280775219,2.22795876485425
"ENSG00000254291",3.0393758853058,-5.86493335905908,4.61600682154346,1.88683357466913e-05,0.000263292201905063,2.48106255641856
"ENSG00000158481",-1.95743254444274,2.81032164336271,-4.61043790559127,1.92531461032604e-05,0.000268010727023294,2.71287438089293
"ENSG00000169884",-2.00842247974201,1.99837560223734,-4.61033403119487,1.9260395928702e-05,0.0002680188428957,2.67216319087234
"ENSG00000147669",-2.95565313346154,0.850504366179495,-4.60563245576879,1.9591337162452e-05,0.000271402803792176,2.61981951857472
"ENSG00000129158",-1.53200290800863,2.47052480296016,-4.60553521942452,1.95982397006659e-05,0.000271404902668332,2.68310626493179
"ENSG00000035141",-1.67780104184347,3.53242318485256,-4.6050871611295,1.96300767333456e-05,0.000271752184860179,2.67919875539773
"ENSG00000227292",2.40519666732683,-6.10325629210438,4.5986515785839,2.00929566089632e-05,0.000277586612231457,2.49670000178129
"ENSG00000223799",2.79763336974623,1.20560811307169,4.59743847758649,2.0181391937013e-05,0.000278680358964931,2.58173706934493
"ENSG00000207972",1.73314666038784,-6.30620170200233,4.59690332025851,2.02205254160354e-05,0.00027906129858409,2.58780280882233
"ENSG00000100079",-3.80940757891217,2.87996755166604,-4.58957149768461,2.07641657335359e-05,0.000285485974972507,2.59848208417845
"ENSG00000244585",-3.23096822429179,-3.6525917619884,-4.58936710295856,2.0779523327332e-05,0.000285599451899282,2.11782548594938
"ENSG00000182195",-1.93395308662912,2.36006844300143,-4.58817023067989,2.08696749093687e-05,0.000286544627973512,2.5795583701556
"ENSG00000231095",3.57053351844866,-4.74519294586341,4.58638481713276,2.10048651859774e-05,0.000288105626136698,2.22615439959211
"ENSG00000151458",2.17849837543451,1.2052402058568,4.58510361297101,2.11024021959212e-05,0.000289246086969118,2.6234803841289
"ENSG00000237609",3.45842104079002,-5.87621033362149,4.58414885530402,2.11753737347598e-05,0.000290147367036405,2.36615086787537
"ENSG00000163492",-4.09341842357269,-1.70109348158598,-4.58063270208672,2.14462357062009e-05,0.000293458668434544,2.14660680543284
"ENSG00000164385",1.94563032452171,-6.2483444417039,4.57700970767014,2.17288559156071e-05,0.000296317322089293,2.55238026958071
"ENSG00000104921",-1.83837636681685,5.14782688759893,-4.5756817148701,2.18333545597931e-05,0.000297439688245612,2.41987738361195
"ENSG00000187116",2.83136845566677,8.0026783624032,4.57319964812199,2.20299796668554e-05,0.000299813555371335,1.51535717552577
"ENSG00000108474",-1.54740788975405,2.85341697739836,-4.57148309965384,2.21669689283932e-05,0.000301575798598736,2.5825749006068
"ENSG00000117318",-2.12538359229904,3.25899444742268,-4.57065212556489,2.22335824060293e-05,0.000302379729325842,2.58177128760472
"ENSG00000198056",-1.75410469080967,2.0208763190856,-4.56930105829651,2.2342304370221e-05,0.000303652914229758,2.5396971486499
"ENSG00000021355",2.06728888323248,7.89607104348686,4.56683390365013,2.25421761054102e-05,0.000305955625857428,1.39984286034803
"ENSG00000182809",-2.80962239548694,2.96457233786932,-4.56499830753619,2.26920114689714e-05,0.000307573919445579,2.53620424967341
"ENSG00000188931",4.25030900212906,-5.07949503878884,4.5645887675184,2.27255732851467e-05,0.000307925007485496,2.18281350429369
"ENSG00000117643",-1.54866939861227,4.21207144680034,-4.564273864234,2.27514124723858e-05,0.000308067458475868,2.50276599166131
"ENSG00000105808",-2.18855792043456,1.75351451709348,-4.56297888778971,2.28579718588996e-05,0.000309222615770542,2.47621401545638
"ENSG00000272989",-4.09710011143485,-2.1202007813488,-4.56234488338141,2.29103189938778e-05,0.000309801763939413,2.06954865548077
"ENSG00000160683",-1.59051453179831,4.65513349451778,-4.5612865371851,2.29979623561176e-05,0.000310882341170356,2.46492352870064
"ENSG00000236844",-3.09798517812973,-2.71722000183255,-4.55481269737512,2.35412178226674e-05,0.000317478711474967,1.88877475019073
"ENSG00000100385",-1.97471047102765,7.02657556608116,-4.5527511319819,2.37168220861257e-05,0.00031952536243513,2.02101024643509
"ENSG00000213343",-2.87076251355537,-5.06649609970377,-4.55260804867511,2.37290571265866e-05,0.000319583100369526,2.0836275590234
"ENSG00000173239",1.55334355573633,-6.31460857809033,4.55063469024066,2.3898426653175e-05,0.000321541013490944,2.4908784874936
"ENSG00000127152",-1.58402639134723,5.26186959778271,-4.54972416680872,2.39769711941697e-05,0.000322489861474744,2.26370596618019
"ENSG00000149418",1.50186637673062,5.22119125600186,4.54867612938307,2.4067689113415e-05,0.000323493559925613,2.20679782518194
"ENSG00000278195",-1.96875157424269,3.31333801041735,-4.54826686393784,2.41032056595778e-05,0.000323862658397844,2.50469436901154
"ENSG00000236992",-2.31782963076536,-0.0177677139085407,-4.54815716406176,2.4112734210472e-05,0.000323882439268091,2.10824138537442
"ENSG00000235280",-4.14162119812315,-2.01253572645187,-4.54758254848218,2.41627053395528e-05,0.000324445250521277,2.02652623648739
"ENSG00000159079",-2.08999622927014,1.67146039382555,-4.5450136305612,2.43873449221743e-05,0.000327024696651517,2.41203753551396
"ENSG00000106772",5.14004389944605,0.00206809901792079,4.54386747794213,2.44882248647375e-05,0.000328158538670726,2.14397533130154
"ENSG00000110801",1.86371131285529,2.28208500201256,4.54215688162748,2.4639540586406e-05,0.000329966292689772,2.47606865938686
"ENSG00000256039",-3.63669568795048,1.80459427825568,-4.54187087068884,2.46649291207827e-05,0.000330196297207361,2.4016566623336
"ENSG00000150687",-3.1161696632611,2.58238708872312,-4.54058055778317,2.47797840291251e-05,0.000331513104006285,2.43368058097142
"ENSG00000185052",2.14359375520241,1.66418050375724,4.53978028826497,2.48512798769727e-05,0.00033235899987161,2.43163925238961
"ENSG00000224858",-2.26327619927185,-3.0873838687437,-4.53946088392229,2.48798713725071e-05,0.000332630724615074,1.76748671147554
"ENSG00000269918",-2.21131183921642,1.16719384538562,-4.53498934749564,2.52835172119649e-05,0.00033698966137565,2.30375484258497
"ENSG00000241127",-3.28252982646404,-0.115962333610179,-4.5340892504297,2.53655358833194e-05,0.000337887764606098,2.09574203504916
"ENSG00000196935",4.80491835141092,-2.46294209559648,4.53332912360381,2.54350017289538e-05,0.000338700874298576,1.91493029822721
"ENSG00000151136",-1.91161039555258,3.26407785064338,-4.53245736019797,2.55148975788098e-05,0.000339539858478421,2.45427382028208
"ENSG00000078967",-1.81477971556532,3.04822545157542,-4.5313597147537,2.56158424849764e-05,0.000340770383713111,2.45239577575081
"ENSG00000253315",2.17539795552101,-5.98939333742097,4.5296921764076,2.57699414089191e-05,0.00034270697470108,2.21904417772723
"ENSG00000163958",5.71797567323496,2.04038478586268,4.52887170527222,2.58460926255774e-05,0.000343606023721384,2.43333335225547
"ENSG00000179840",2.59243042505446,1.70628334992597,4.52792474647153,2.59342558116146e-05,0.000344664116409432,2.35258503908695
"ENSG00000273447",-3.96474712970899,-1.52084388392135,-4.52560293269894,2.61516596741222e-05,0.000347323760230942,1.9711730479273
"ENSG00000250321",-3.52825555624592,-2.88981163422762,-4.52415232204142,2.62883868071589e-05,0.000348793969115974,1.87959175146088
"ENSG00000133112",-2.16571035487484,9.45270406183733,-4.52073793295072,2.66129597561684e-05,0.000352751140164022,0.638217740425366
"ENSG00000241061",-2.554834267721,-1.20659418518466,-4.5200934730479,2.66746580882953e-05,0.000353452407536469,1.85749132049188
"ENSG00000196684",-1.69285806350943,8.02936288129426,-4.51602861640852,2.70670315279296e-05,0.000358297267529083,1.55709593796163
"ENSG00000222112",3.596011508351,-0.958357448028172,4.51151155779568,2.75096406146306e-05,0.000363438242520335,2.21631398805011
"ENSG00000101546",-1.71390187395498,1.97498501462677,-4.51025689511042,2.76338240324748e-05,0.000364958933558985,2.31987963285052
"ENSG00000211695",-4.55223861356361,0.181704696162301,-4.51010022615865,2.76493689729752e-05,0.000365044312463563,2.07312438651609
"ENSG00000137441",-2.33112361479085,5.53151784147192,-4.50973154546418,2.76859836118216e-05,0.000365287795589909,2.17719724829694
"ENSG00000281227",4.77597974612024,-4.06914383463162,4.50785989982566,2.78725900836058e-05,0.000367629221306142,1.88079013561544
"ENSG00000157227",1.7051904396859,1.84943508523428,4.49799193001938,2.8876847358599e-05,0.000379257437932178,2.34192330385618
"ENSG00000263235",-4.09008785901216,-2.94561178646617,-4.49724483767251,2.89542949234109e-05,0.000380150412968963,1.88982562856248
"ENSG00000198019",2.04504568807683,4.23411247724717,4.49566254511102,2.91189911470019e-05,0.000381938558594378,2.14227235149094
"ENSG00000081059",-2.19294903214614,8.23470316159243,-4.49523578314671,2.91635672808274e-05,0.000382398477437646,1.46233938748779
"ENSG00000241556",-2.0538441875718,1.22464531326109,-4.49434117067568,2.92572267326248e-05,0.000383251557218958,2.15537995326749
"ENSG00000135144",-1.70800012240794,3.65222315555779,-4.49318784905142,2.93784027458486e-05,0.000384713533286191,2.3139659222908
"ENSG00000152463",6.95070980952824,-1.50222197242221,4.49192093975994,2.95120754365109e-05,0.000386086708981,1.93510605174335
"ENSG00000211784",-3.87394381610804,-0.3720135737147,-4.49008917914705,2.97063920780951e-05,0.000388123618564699,1.86470090707405
"ENSG00000237702",-2.6389182286762,1.5539766908696,-4.48870143638663,2.98544339708247e-05,0.000389554043293076,2.18136562673243
"ENSG00000213280",-2.67040660595483,-0.958928095412153,-4.48845195424621,2.98811242222828e-05,0.000389773184939719,1.82787664665558
"ENSG00000224729",-3.97713110643933,-2.83047605501619,-4.48734573579431,2.99997500709154e-05,0.000390940016969511,1.86114634380602
"ENSG00000160124",-3.19373128229446,0.607370160243233,-4.48278879314583,3.04932611542994e-05,0.000396856615385285,2.10399357830449
"ENSG00000188820",-2.43071872745683,2.65014256393062,-4.48255494243451,3.05187986258336e-05,0.00039706043441934,2.29276768060532
"ENSG00000172216",1.9641743697753,8.92871894094635,4.4803171055149,3.07642333758403e-05,0.000399994731622099,0.706109953642031
"ENSG00000263786",3.57110322220072,-0.378019515833183,4.47760265186691,3.10645166907208e-05,0.000403246916370796,1.93086811791498
"ENSG00000213051",-3.07700691495842,-3.62306611721304,-4.47682207537463,3.11513931437864e-05,0.000404113684145369,1.76859884085127
"ENSG00000211801",-3.96866844810475,1.10669290394245,-4.47494870383653,3.1360859803754e-05,0.000406175671981481,1.97953304977776
"ENSG00000170855",-1.85907188588887,1.59183579960612,-4.4740759369825,3.14589129855183e-05,0.000407314402526185,2.21462987348268
"ENSG00000213373",2.96726856211338,1.84565045285733,4.47380108252451,3.14898538409749e-05,0.000407477910346461,2.25361640862504
"ENSG00000182583",3.55838707421442,-5.55197752370222,4.47378368744889,3.1491813030358e-05,0.000407477910346461,2.03471767747727
"ENSG00000005448",-1.56455495656518,3.02493113718012,-4.47025534920547,3.18916646453581e-05,0.000411459788855162,2.25299096607451
"ENSG00000188305",1.57216504256326,6.21948687012707,4.47010963505602,3.1908283454843e-05,0.000411542127510939,1.71912112402704
"ENSG00000211791",-3.67269714521306,0.45876641653784,-4.46950681459379,3.19771250548032e-05,0.000412165559940108,1.89724839242241
"ENSG00000238241",-4.95983042631262,-0.0611462092855912,-4.4687783773449,3.20605045811344e-05,0.000412975458241193,1.90919010888326
"ENSG00000170385",1.70214231967686,2.85357969897135,4.46735005002937,3.22246097226794e-05,0.000414956361329646,2.21301361650568
"ENSG00000237668",-3.65542679972318,-3.11726366914623,-4.46607776876262,3.23714733558654e-05,0.000416580656802977,1.74179343520573
"ENSG00000105373",-1.80141602883759,9.19915793227887,-4.46494147762202,3.25031888717111e-05,0.000417740792525745,0.938270013503509
"ENSG00000223668",-2.92035491463429,-1.94403181635587,-4.46482269173066,3.2516988209019e-05,0.000417784582927127,1.65822920433239
"ENSG00000228109",-4.14440409091923,-2.01710944570349,-4.46437887572387,3.25685966269587e-05,0.00041831396856134,1.8017210509937
"ENSG00000182885",2.27568495746122,8.28870634650826,4.46120546000955,3.29399381548113e-05,0.000422813344093144,0.91016065713149
"ENSG00000167634",-3.98756409281879,-2.38946080203623,-4.45709465903285,3.34270895344281e-05,0.000428519085925726,1.76627546511229
"ENSG00000143842",-1.98667565431296,2.56189442923571,-4.45691723822303,3.34482716361448e-05,0.000428653942083613,2.20107997757918
"ENSG00000173376",4.00722891997718,-5.65282673626867,4.45197158221161,3.40440050246653e-05,0.000435178724960762,1.96223716205048
"ENSG00000065618",5.66540128978222,-1.72087276813827,4.44909137013113,3.43956794765609e-05,0.000439126901516204,1.77440929330825
"ENSG00000088543",-2.13987876152602,2.80886246174252,-4.44869491101398,3.44443626721369e-05,0.000439597545442935,2.1721847929075
"ENSG00000255202",1.84976489830267,-6.24757700257254,4.44327049839872,3.51172140021564e-05,0.000446766530795789,2.07942117952753
"ENSG00000162971",1.68348818218053,2.06290420990872,4.44208115738297,3.52664388746041e-05,0.000448239448509906,2.15268272029708
"ENSG00000166341",-1.85200432384253,3.40629097136868,-4.43837843874218,3.57349675924768e-05,0.000453907477773381,2.12784899997482
"ENSG00000122025",2.05704423459343,2.09547263372359,4.43822100689191,3.57550218569349e-05,0.000454018758273057,2.14663402836843
"ENSG00000137962",4.05918862545431,-3.18710589263786,4.43801213075214,3.57816461617441e-05,0.000454069993369456,1.61760538969969
"ENSG00000182118",2.66806004612458,0.887611537454943,4.4376869247648,3.58231367290292e-05,0.000454453058624308,2.09427324178297
"ENSG00000241947",1.62585234112924,-6.21087108232445,4.4314093657973,3.66332598268008e-05,0.000463706017492772,2.07399328680289
"ENSG00000249242",2.23047041840171,-6.24669958480785,4.43032853190566,3.67745258636477e-05,0.000465347651485794,2.00875673467395
"ENSG00000243071",-2.95095686041142,-4.83206145335281,-4.42987242737169,3.68342977574195e-05,0.000465957343751976,1.70754672928851
"ENSG00000228804",4.6252108986024,-4.27031859647192,4.42928241286317,3.69117583420473e-05,0.000466790345664356,1.65780109731008
"ENSG00000244703",4.25262871892206,-5.15238297209198,4.42722519984176,3.71830806255258e-05,0.000469778192114201,1.8654177735943
"ENSG00000172543",-2.65060907854118,7.29530974101186,-4.42378612869205,3.76409842242521e-05,0.000474519550888487,1.57492544626486
"ENSG00000243802",-3.20074056606724,-3.41196518132063,-4.42176069519559,3.79132224896526e-05,0.00047720330949562,1.59652523190036
"ENSG00000171817",-3.21400561435665,0.832460080428774,-4.42003557829413,3.81466019554094e-05,0.000479690238289449,1.89722995478301
"ENSG00000164105",1.7118175775548,2.91728448491998,4.41991332080535,3.81631941710904e-05,0.000479748821784296,2.07589491072296
"ENSG00000178719",2.13937972917727,8.96636111217273,4.41620566072315,3.8669722093526e-05,0.000485357529692142,0.610412828932128
"ENSG00000171236",2.55226448915915,7.73584109356504,4.41471531156995,3.88751623504648e-05,0.000487023769652036,1.06093624662481
"ENSG00000230724",1.67537659545402,4.22929215773656,4.41308133472312,3.91016189201713e-05,0.000489555678551456,1.8831039670182
"ENSG00000272669",1.85666115751179,3.6873038672391,4.41040209144775,3.94757155166312e-05,0.000493409429446311,1.97362178889882
"ENSG00000127585",-2.24886004995054,3.50773607423838,-4.41034971031025,3.94830638905722e-05,0.000493409429446311,2.05631378535606
"ENSG00000228261",3.52265158790646,-5.12462196086016,4.40764080037367,3.98649030741693e-05,0.000497408079884467,1.83953190022573
"ENSG00000232228",-3.98467100326425,-3.24201927980011,-4.40729410941601,3.99140294854766e-05,0.000497866526023931,1.62618292179407
"ENSG00000142675",-2.54290641523938,1.45576979924564,-4.40702119442432,3.99527431096988e-05,0.000498194844446685,1.86362944734574
"ENSG00000105048",3.25798153745176,2.69790453076923,4.40525337397175,4.02043966659453e-05,0.000500510778349381,2.01785137472963
"ENSG00000120837",-2.43982819970116,1.55483012753985,-4.40519194488403,4.0213168849025e-05,0.000500510778349381,2.01407365885636
"ENSG00000213293",-2.34622845818541,-2.98972453567385,-4.40050319612809,4.08882412243038e-05,0.00050765567439761,1.45776917350116
"ENSG00000227486",-3.64943627208669,-3.70518732735177,-4.39978560556357,4.09925235415961e-05,0.000508793279227924,1.6036125713747
"ENSG00000072163",-2.11950860657482,2.67605844256288,-4.39948502144734,4.10362819524549e-05,0.000509179199707589,2.01376004289597
"ENSG00000205981",-1.52144653670464,1.90031637111172,-4.39723284525805,4.13655945144857e-05,0.000512948683118863,2.00942008805526
"ENSG00000035115",-1.56591597560176,3.26357788007901,-4.39594323462329,4.15553142409138e-05,0.000514983582957219,1.99335236299458
"ENSG00000226125",4.39183174778599,-2.52870950065219,4.3948444270785,4.17176302015074e-05,0.000516676577129082,1.5137115111788
"ENSG00000218208",-2.81479173469481,-3.50005275263107,-4.3946601099679,4.17449177348454e-05,0.000516855307291732,1.50063796718157
"ENSG00000256590",-4.08802288848897,-3.37690152478824,-4.39258578610932,4.20532113034365e-05,0.000520512069218212,1.69511080528882
"ENSG00000143156",-2.35603940165646,0.878203552440351,-4.38920085999321,4.25610415149717e-05,0.000526149751225366,1.7876020039824
"ENSG00000151023",-3.06224691164082,0.495316145961836,-4.38564680978591,4.31006477766977e-05,0.000531839239385759,1.72247717658766
"ENSG00000241352",-3.18290677866315,-2.28827652748171,-4.38472595764873,4.32415386089842e-05,0.000533414033494441,1.49336608956081
"ENSG00000256826",4.53909547280253,-2.83512951890355,4.38201546747689,4.36588432398698e-05,0.000538066467176348,1.47074405026248
"ENSG00000261456",3.64024997997326,-4.83799967254204,4.37796314030062,4.42900320443335e-05,0.00054534391064205,1.7173288603491
"ENSG00000230734",-2.7408371286941,-0.668719154612527,-4.37763437088921,4.4341627518201e-05,0.000545644967703311,1.47884935044719
"ENSG00000137312",1.66677392920177,8.83478634612539,4.37577137187818,4.46351007408266e-05,0.000549088225208908,0.444100685571513
"ENSG00000104918",3.99431329552625,3.68524681831275,4.37025541546456,4.55151053712063e-05,0.000558887680553829,1.8593410394097
"ENSG00000254373",-3.02983076527458,-4.88287552414166,-4.36799278539414,4.58809279353808e-05,0.00056286391970039,1.5399280753798
"ENSG00000133063",3.27796830133649,1.55728942694826,4.36681642714932,4.60722469887004e-05,0.000564866262104219,1.9126141609703
"ENSG00000146021",-2.58459627227791,1.79651687842478,-4.36660333833477,4.61069857355361e-05,0.000565119829432934,1.8787931214219
"ENSG00000167074",-2.18963167475443,2.67997235489192,-4.36038366425583,4.713221339706e-05,0.000576630932132868,1.88361558869816
"ENSG00000018280",1.66558547296071,9.46218174606774,4.36001185270778,4.71941967612493e-05,0.000577038046896516,-0.0670954537073047
"ENSG00000235175",-3.16290504071227,-5.32693380888419,-4.35901373250108,4.73609809888335e-05,0.000578901233722434,1.56065327467464
"ENSG00000163661",3.51206302363874,-0.248384560451432,4.35888511117915,4.73825149290315e-05,0.000578988408868367,1.56267250350953
"ENSG00000260910",-2.26939479347115,1.48189368990243,-4.35682004043552,4.77295544014865e-05,0.000582697706057869,1.77965244691278
"ENSG00000226985",1.77045157569342,-6.53622324151564,4.35557797866201,4.79394712549478e-05,0.000584550386227301,1.87201387057611
"ENSG00000183087",1.80284670015306,3.61967040184606,4.35504055144627,4.80305773344274e-05,0.000585287134862194,1.82612561596262
"ENSG00000100583",4.62807510358383,-3.44315868819985,4.35225045955528,4.85062660446912e-05,0.00059020850712127,1.40490545526295
"ENSG00000164867",-2.6444371962091,1.6529278613217,-4.34810860093269,4.92208545567395e-05,0.000597998426983995,1.74230465619726
"ENSG00000279161",-4.40626623207253,-2.26833110296822,-4.3470373358291,4.94073333161533e-05,0.000600082662832627,1.50312294337117
"ENSG00000154102",-2.66801286254765,1.94968371448581,-4.34603853568671,4.95818147841472e-05,0.000601656540281403,1.77276331354943
"ENSG00000213621",-2.82579176905191,-2.21851903496781,-4.34497283278011,4.97686423189199e-05,0.000603559263500819,1.29729145463295
"ENSG00000232021",-4.14884597211874,-0.00231873904133018,-4.34471835707008,4.98133550996963e-05,0.000603919331036788,1.55383615525739
"ENSG00000274536",1.6901601876349,7.38879967561639,4.34178972271333,5.03307436316608e-05,0.000609640420451952,0.748026764959041
"ENSG00000264204",-5.4088950120406,1.31776265036723,-4.34120238662,5.04351309956538e-05,0.000610720824182914,1.58523201368641
"ENSG00000234814",3.80185345314705,-1.61200840898064,4.3410598653782,5.04604929523332e-05,0.000610843943893315,1.42875612663747
"ENSG00000173114",-5.45904033808103,1.40620970213253,-4.33980386445455,5.06845362166915e-05,0.000612817962401032,1.6538612543956
"ENSG00000092068",-3.01630041048437,1.24334220725727,-4.33862738205844,5.08952695905676e-05,0.000614811186322115,1.65953556059724
"ENSG00000205476",-1.9080099910905,2.36807432277788,-4.3346365994072,5.16164508336355e-05,0.000622961439932097,1.80194231962253
"ENSG00000214199",-2.16125599144263,1.12014224067409,-4.3338265705359,5.17640371526654e-05,0.000624018312084303,1.70641509963301
"ENSG00000241741",-1.83550085331868,0.336210579116985,-4.33192011820599,5.21130065918031e-05,0.000627675583184066,1.60123136055886
"ENSG00000083817",-2.1012515452409,1.72343369881061,-4.33113478813267,5.22574207023162e-05,0.000629186231528755,1.73336303989603
"ENSG00000167046",4.01678749541558,-2.56738812198054,4.32736591123252,5.29558932035659e-05,0.000636262049781756,1.29536554265971
"ENSG00000154529",4.56705965480848,-4.31862791987333,4.32691673243719,5.30397389065354e-05,0.000636888764492394,1.39098882191488
"ENSG00000232208",-4.26979274897166,-0.119592345896526,-4.32364996447951,5.36534105924515e-05,0.000643872958996339,1.48139727670603
"ENSG00000018869",-2.04233488421509,0.341334740913279,-4.32016224378869,5.43161827778208e-05,0.000651243417844901,1.59836872752193
"ENSG00000212802",-1.76149214740164,2.64226101638594,-4.31997717605248,5.43515720092634e-05,0.000651473434083603,1.76892045037499
"ENSG00000152454",-2.04178530620589,1.42759333735208,-4.31836418316164,5.46609610425738e-05,0.00065440141626967,1.66911540825771
"ENSG00000163520",-3.87190839715823,0.336248311139053,-4.30985369477751,5.63218284640002e-05,0.000671685003829645,1.49148109346913
"ENSG00000251661",1.62103572226797,2.97174846477386,4.3092636849202,5.64387669977135e-05,0.000672680495357865,1.70045709349964
"ENSG00000273706",3.59007710657804,-5.61176018596478,4.30818904887446,5.66523619600447e-05,0.000674826149783027,1.50981111080629
"ENSG00000100628",-2.21705776821752,2.05328545414887,-4.30720859314485,5.68479206771251e-05,0.000676754547545686,1.68035957549925
"ENSG00000180667",1.8430336568616,3.23783695137947,4.30535403889166,5.72196144084624e-05,0.000680710268350116,1.57536655304787
"ENSG00000237732",3.56281089585816,-4.25444610191162,4.29905199149045,5.85003601823003e-05,0.000693755598834465,1.47939312961291
"ENSG00000198682",1.98130911145408,1.03038312282374,4.29548361289838,5.9237818329555e-05,0.000701879980101612,1.65730345914174
"ENSG00000255464",2.28833413151725,-6.10008800373482,4.29193298242151,5.99805421246959e-05,0.00070963441862773,1.46395793155434
"ENSG00000160111",-1.97112818200458,2.72630038206245,-4.29147013158769,6.00780236245328e-05,0.000710578613048975,1.67878307626043
"ENSG00000246985",-2.87719747124296,0.207736410245673,-4.28946092935123,6.05029654306554e-05,0.000714763507564857,1.34557338515043
"ENSG00000134762",1.56646302733705,-6.27711931416234,4.28848247163592,6.07109595997469e-05,0.000717009987611347,1.62877793068663
"ENSG00000204316",-2.50582812993746,1.36723078641804,-4.28814053143909,6.07838101722313e-05,0.000717659540835255,1.56382023826061
"ENSG00000196381",-4.09221277081665,-2.62454505096268,-4.28792003971126,6.08308309603924e-05,0.000717793092535866,1.29165506030224
"ENSG00000279693",-4.64740152955422,-1.61938137475057,-4.28622101194819,6.11943391684631e-05,0.000721235656186032,1.33991334115945
"ENSG00000223529",-3.07532605131693,-1.97238302773312,-4.28388616264017,6.16973152919564e-05,0.000726099376278463,1.19082661467338
"ENSG00000143184",-4.16110368569547,-0.667493392271512,-4.27812487867062,6.29556043254722e-05,0.000738871961800311,1.27615214446579
"ENSG00000211778",-3.58753740483856,1.01809684472644,-4.27807591845244,6.29664031920767e-05,0.000738871961800311,1.3857308216405
"ENSG00000036530",-3.79923787054001,-2.82315388008265,-4.27774363715009,6.3039739924798e-05,0.000739516668939811,1.21788844799969
"ENSG00000266960",2.52241687542556,-5.72509124476071,4.27301053835822,6.40933887116437e-05,0.000750562893383483,1.36889445478665
"ENSG00000110455",-2.45210306301963,3.4754068070978,-4.27111634157664,6.45198210742638e-05,0.000754896928645969,1.60562970693668
"ENSG00000204791",5.23060803585566,-0.31732584583682,4.2705371410993,6.46507614279235e-05,0.000756208877196793,1.34956538023079
"ENSG00000167633",-3.14974749354945,1.87722999424834,-4.26772955333108,6.52891297396108e-05,0.000763231635298585,1.51534725168423
"ENSG00000242088",-3.31552945187456,-4.30530324587266,-4.26655281614062,6.55584983390489e-05,0.000764823781261301,1.23621310290985
"ENSG00000174715",3.8232981637447,-4.26093499040908,4.26438254920343,6.60581216739347e-05,0.000770205512626311,1.17499074419878
"ENSG00000158373",1.98028897907794,3.89452599364615,4.26354310925232,6.62523583726108e-05,0.000772205982620955,1.50280214644577
"ENSG00000138606",-3.39850199347618,-0.250683268740285,-4.26347513054013,6.62681120352792e-05,0.000772205982620955,1.2320694278407
"ENSG00000186583",3.84914454596486,-0.140904272321643,4.26129046436129,6.67763305911117e-05,0.000777677300818039,1.51368249677868
"ENSG00000197077",-2.96435875377448,1.65496077557031,-4.2605888176909,6.69403534425564e-05,0.000779136099912464,1.48345600218619
"ENSG00000161905",-8.09237003665961,1.58513300680598,-4.26041543543462,6.69809447905258e-05,0.000779382906647965,1.44593668990735
"ENSG00000105370",-3.92357061066067,-1.71506742824226,-4.25969980379231,6.7148736971827e-05,0.000781109237193689,1.21727557625171
"ENSG00000255883",-2.17642436104585,-3.94068090808417,-4.25895505469807,6.73237882196214e-05,0.00078291898582737,1.16213822133554
"ENSG00000121933",4.09571358343006,-0.487038895811182,4.25745716571041,6.76772014440574e-05,0.000786177009646555,1.31534218567503
"ENSG00000164087",1.61200146385325,1.79462810710357,4.25743615787141,6.76821707971426e-05,0.000786177009646555,1.5417781229829
"ENSG00000123689",3.09959523467204,1.7651076598094,4.25499900022718,6.82610777453106e-05,0.000792443502026271,1.56138272252013
"ENSG00000225416",-3.3052341983105,-4.60748161544498,-4.25454330130188,6.8369852067281e-05,0.000793248136452765,1.23483493644041
"ENSG00000260719",-2.05320927590424,2.65824973528378,-4.25393766310795,6.85146762086485e-05,0.000794240776510982,1.55467663747823
"ENSG00000157240",1.61122235581147,2.46371375360277,4.25239371603326,6.88852192797161e-05,0.000798306020606268,1.55017344256567
"ENSG00000228887",-2.15611142679251,0.453091212404971,-4.25131086941113,6.91462557710618e-05,0.000800513132482247,1.35964855513014
"ENSG00000105388",2.40238273775062,-5.80873881350648,4.25050881970967,6.9340218764192e-05,0.000802422416453093,1.44656636964871
"ENSG00000102007",1.55503359004639,8.35935496332258,4.25009981813104,6.94393319070196e-05,0.000803338135633382,0.23665255404047
"ENSG00000260115",1.54923196690014,-6.53940655442272,4.24946084154371,6.95944492243952e-05,0.000804901049401363,1.49549303736174
"ENSG00000152207",-2.71129483826011,1.71004489990962,-4.24739412220818,7.00984635236467e-05,0.000809798399591277,1.49566404130378
"ENSG00000226012",3.98364306951723,-5.01599875615826,4.24699148933283,7.01970645184277e-05,0.000810704506684812,1.32834441388128
"ENSG00000266315",3.45732428233452,-5.55445298861211,4.24210636932068,7.14041279863705e-05,0.000823225911473492,1.27065067246821
"ENSG00000233058",3.53598003088422,-0.994380473845984,4.24150895620183,7.15531136501329e-05,0.000824707074243877,1.23741274829507
"ENSG00000151320",-3.77149931629468,-2.39795137791014,-4.24115885667377,7.16405628263483e-05,0.000825478333833435,1.12444218509656
"ENSG00000143919",-1.82405503861814,1.73191054839119,-4.23789948844256,7.24596780732965e-05,0.000833960486087222,1.47311094998012
"ENSG00000005884",-1.87636934772386,2.17542834796463,-4.23546181925825,7.30782060731826e-05,0.000839877084206428,1.46631539333497
"ENSG00000144182",-2.78357950246737,0.502184293230455,-4.23354390043045,7.35684411968321e-05,0.000844786767493586,1.34628864096409
"ENSG00000213881",-2.45787128363606,-3.09322437068086,-4.23324164143507,7.3645990595788e-05,0.000845279299005893,0.950039847325781
"ENSG00000178026",2.95989583170617,0.78582177443828,4.23248831953852,7.38396117225986e-05,0.000846932973030502,1.39114013482443
"ENSG00000254554",3.95190197629715,-2.56741646402679,4.2294396765617,7.46282241976915e-05,0.000854998475621387,1.05094212705955
"ENSG00000271207",-2.91217928290266,-2.53198724929042,-4.22927748944119,7.46704056491391e-05,0.000854998475621387,1.00443143779833
"ENSG00000174628",-3.80543857991211,-2.00078128990696,-4.22665633681153,7.53553187108784e-05,0.000861368928864014,1.08286300481012
"ENSG00000172382",4.24970752312275,-0.829640118410523,4.22608625640951,7.55050844881649e-05,0.000862835533426152,1.08925255172336
"ENSG00000174946",-1.6218885604576,2.4743160474447,-4.22532628244325,7.57051849656381e-05,0.00086394701049911,1.46533683687414
"ENSG00000213939",-2.61425368238886,-0.575902331605342,-4.22383163850581,7.610022076296e-05,0.000867663379215121,1.10599449435733
"ENSG00000109047",3.9870153004833,-1.11590181410124,4.22213328949123,7.65515158701956e-05,0.000872066886090565,1.16759205120878
"ENSG00000154764",-3.47324249155553,0.39558497549724,-4.22035126850044,7.70278272617488e-05,0.000877244394214398,1.16385794426513
"ENSG00000251442",2.64687387874439,0.40037753978376,4.21769677935494,7.7742656692604e-05,0.000884751078729109,1.4287262473311
"ENSG00000261701",2.61285881565279,-6.05574226525353,4.21765859351302,7.77529864471902e-05,0.000884751078729109,1.30176997843815
"ENSG00000243544",2.57771135959986,0.951962124052174,4.2125610242628,7.91439238751199e-05,0.000898290239307615,1.35957844951404
"ENSG00000102554",2.40520595859609,1.05776372480477,4.21222657531288,7.92360188501718e-05,0.000898574451287618,1.41971585825037
"ENSG00000171202",-1.96106444245847,1.10685341107535,-4.21101970209717,7.95692098734044e-05,0.000901844199416578,1.37029298404562
"ENSG00000113763",2.93882515272139,-5.45711753773705,4.21010088266931,7.98237835032528e-05,0.000904219708198865,1.09444384207194
"ENSG00000196689",-1.99102014780299,1.76910265419595,-4.20947077054235,7.99988211840716e-05,0.000905947213870999,1.35650302110606
"ENSG00000243964",-1.82185931209523,0.811611422884152,-4.20903216265922,8.01208802627218e-05,0.000907073958975484,1.26630108808686
"ENSG00000143061",3.80118772987845,-4.92319816966593,4.2089154450996,8.01533916190279e-05,0.000907186556832252,1.10249759446713
"ENSG00000168273",-1.76099905695255,1.51087575366025,-4.20802875159071,8.04007945317367e-05,0.000909730577473931,1.37843815976272
"ENSG00000236762",-2.3504448029874,-0.319299520604507,-4.20653051733843,8.08205066272191e-05,0.000913708101076339,1.08860863404314
"ENSG00000166033",3.74521987959495,-0.46633027297475,4.20541007952247,8.1135767269419e-05,0.00091644683702408,1.14668459604588
"ENSG00000165626",1.94229400589743,1.2797567758018,4.20534561804934,8.11539410926254e-05,0.00091644683702408,1.37634911942342
"ENSG00000124785",4.15615000725378,-0.951847858696095,4.20293962893641,8.18350909966022e-05,0.000922583939496748,1.11193154268784
"ENSG00000251580",-3.7405677020909,-3.13737237593489,-4.20206312927111,8.20846041496257e-05,0.000924439422018761,1.02063891783114
"ENSG00000087245",3.56521630783234,-5.01013667720157,4.20103851156645,8.23772144927744e-05,0.000927395345012186,1.17844037106093
"ENSG00000105640",-1.67481261278137,9.37797416056163,-4.20077140038079,8.24536616563424e-05,0.000927996110276673,-0.106958597323587
"ENSG00000137513",-1.74775200387731,1.83165594527889,-4.20040334858262,8.25591103644428e-05,0.000928403176187785,1.3745287739905
"ENSG00000091181",-4.18200329835441,1.42744294265862,-4.20030521253902,8.25872488459888e-05,0.000928459893206499,1.24751754074706
"ENSG00000221890",-1.88308651035957,2.64240800998819,-4.19927285196308,8.2883819200404e-05,0.000930752876953811,1.38764628439059
"ENSG00000088881",-4.00400463846172,0.942754475755974,-4.1987636343129,8.30304830742082e-05,0.000931879251967984,1.20038335859411
"ENSG00000211764",-3.55021536315935,-3.68549130096575,-4.19785550809712,8.32926626845266e-05,0.000934300118650485,1.00198408738634
"ENSG00000117602",-1.56501661510697,5.08965158551149,-4.1948943765128,8.41531236304374e-05,0.000942111912055373,1.10325944467889
"ENSG00000233431",4.09795939368271,-1.10197933620194,4.19370891075379,8.45000054049055e-05,0.000945205680937121,1.03814189453383
"ENSG00000244486",-1.94821186748291,1.60584929130866,-4.19333654298506,8.46092497165693e-05,0.000945638325578404,1.31176400041695
"ENSG00000226660",-3.31721136820574,1.64038827390596,-4.19276663160513,8.47767132668021e-05,0.000946983447277571,1.27980234666477
"ENSG00000153563",-1.72218935038197,6.83498532758785,-4.19076546137887,8.53672810904678e-05,0.000953050662149121,0.766891610990315
"ENSG00000229091",-2.47362652262769,-1.18250661651502,-4.18948043184388,8.57486020506264e-05,0.000956510904450411,0.922168081166038
"ENSG00000229994",-2.71840240564545,-2.11589179037049,-4.188456414817,8.60536479836957e-05,0.000959647366502228,0.887864509530006
"ENSG00000213131",3.05577466708253,-2.55588293449272,4.1838101631874,8.74509512988417e-05,0.000972801091343673,0.809644475128983
"ENSG00000196358",1.64026366489547,7.0974876933953,4.18167097050044,8.81016347821427e-05,0.000978363583258943,0.44428578543884
"ENSG00000245970",-3.66053830595347,-0.634394972038635,-4.17879829621526,8.89827866293965e-05,0.000986293352102287,1.06430838968338
"ENSG00000166664",3.7336270789656,-4.02919653321684,4.17849622179929,8.90759369196056e-05,0.000987053697916755,0.956043428098968
"ENSG00000241886",2.60667604753011,0.321734701056794,4.17790133738337,8.92596562063555e-05,0.000988272293805537,1.31352872446835
"ENSG00000117525",4.0159800658428,-5.10439782100708,4.1777729383504,8.9299357937387e-05,0.00098843964421774,1.14980418625636
"ENSG00000217159",3.9147455666073,-4.86299831751029,4.17639228598396,8.97273432976906e-05,0.000991811563171229,1.07116251841979
"ENSG00000152495",-1.79461034853862,4.12148605470547,-4.17410965803816,9.04392805199751e-05,0.000998375338962559,1.18250783354148
"ENSG00000258034",3.20020764623147,-5.37707650194712,4.17409035023117,9.04453257176668e-05,0.000998375338962559,1.13674461894375
"ENSG00000176083",-3.50557319446892,3.36527965409607,-4.17246210529926,9.09565298280082e-05,0.0010034671822573,1.30332487201756
"ENSG00000152315",4.07087957530951,-0.239161665672489,4.16977322501821,9.18068482788166e-05,0.00101173764103755,0.975576572044768
"ENSG00000273018",4.10001120881136,-3.15827441422555,4.16907307209103,9.20295183480738e-05,0.00101363580729569,0.871046572389147
"ENSG00000230287",1.76997056025581,-6.54013469791074,4.16855655463477,9.21941210416132e-05,0.00101461485193401,1.26927183065759
"ENSG00000124507",-2.64618241491406,2.18257125426487,-4.1660033458992,9.30119586887308e-05,0.00102277537286771,1.23919983111468
"ENSG00000198547",-3.56316659221726,-4.1137941920205,-4.16147411814972,9.44800240581082e-05,0.00103749957038625,0.952256364293359
"ENSG00000240395",-2.65847762940744,-2.98035018890889,-4.15702117251809,9.59451693935007e-05,0.0010518646577468,0.777767352333738
"ENSG00000204314",-4.06608313619589,0.628122564738058,-4.15497654740035,9.66252372983694e-05,0.00105730206583262,1.02603214304392
"ENSG00000125629",1.83590986837923,2.4661592250929,4.15477085442194,9.66939105153201e-05,0.00105776560286718,1.23400626039773
"ENSG00000240392",-3.60013041509916,-4.36106075461854,-4.15393649599543,9.69729553816977e-05,0.00106024116188605,0.918583900073396
"ENSG00000219023",-3.03890890043916,-1.07641577985185,-4.15344191677064,9.71387306190869e-05,0.0010614762838675,1.02079642982339
"ENSG00000214772",4.09761478819233,-4.02177005120345,4.15289813586363,9.73213133645431e-05,0.00106289362669964,0.846021725178193
"ENSG00000249264",-1.7719735429174,2.75069389409178,-4.15190029366023,9.76572165504864e-05,0.0010654044558379,1.23115407658916
"ENSG00000276916",3.98482270250498,-2.53225824054372,4.14942680493589,9.84947004043798e-05,0.00107289518993024,0.864499807728474
"ENSG00000230829",3.24379314592934,-5.17076167846237,4.1493995745585,9.85039586595816e-05,0.00107289518993024,1.00744150893502
"ENSG00000257594",3.98448411857639,-4.54022573541824,4.14732135142106,9.92130338517789e-05,0.00107915648996461,0.811725369847907
"ENSG00000224839",-2.58928108466101,-3.3664068396303,-4.14124146390637,0.000101315863750268,0.00109994608546808,0.766204654006495
"ENSG00000212370",1.93625275809599,-6.11087681014341,4.14017412347738,0.000101689434396827,0.00110296441544554,1.11194280404476
"ENSG00000211821",-5.72643549801466,-0.00653712997593957,-4.14008499920634,0.000101720688103979,0.00110296441544554,1.00830660248493
"ENSG00000181562",1.79477018413738,-6.34471611982956,4.14005542968714,0.000101731059461521,0.00110296441544554,1.20349930480379
"ENSG00000181016",1.52101601020563,2.50157133051617,4.13739561427068,0.000102668163939301,0.00111222460972454,1.15057426758169
"ENSG00000178146",2.0606568954108,-1.45611719512031,4.13418590553359,0.000103810105304174,0.0011235797453618,0.881560284506665
"ENSG00000251297",3.49472684269562,-4.66749695209878,4.13227264263737,0.00010449662300951,0.00112929388124418,0.929643841041841
"ENSG00000149575",4.17227252121914,-4.02743232729495,4.13025778086286,0.000105224333605442,0.00113654719495055,0.825689307922948
"ENSG00000270872",3.38174556814721,-4.21940383416635,4.12924878579785,0.000105590589578103,0.00114019685259707,0.96110798855227
"ENSG00000240954",-3.44960697454664,-2.39247272417677,-4.12902128310124,0.000105673340813569,0.00114055409290813,0.81957564969964
"ENSG00000121895",-1.83800073655375,2.68375128973312,-4.12274441314446,0.000107981319901784,0.00116226640500442,1.15177104703151
"ENSG00000239466",3.06408798793151,-5.6507655445677,4.12128517475682,0.000108524804302301,0.0011668665906823,0.960173665673927
"ENSG00000179241",2.05776992396676,1.66655471879597,4.11920726510816,0.00010930326708912,0.00117460837837926,1.14167082250854
"ENSG00000221988",-2.30395645152036,0.813124289136509,-4.11876652325406,0.000109469076821153,0.00117576164209564,0.966472117325474
"ENSG00000131379",3.89509515511712,-3.15283495332781,4.11781072979715,0.000109829486398421,0.00117868793705001,0.723564504799941
"ENSG00000137496",-1.77244287998475,4.16715109139108,-4.1167500308989,0.000110230794041655,0.00118219848717995,1.05432804338142
"ENSG00000233971",-3.31145433113864,-3.28590753330208,-4.11658001031583,0.000110295251519805,0.00118242392042646,0.752895792263686
"ENSG00000230148",-3.71039664602766,0.815353769110287,-4.11577079867989,0.000110602535206824,0.00118477034915661,0.974005885136156
"ENSG00000100453",-2.05715223305085,6.35511307889328,-4.11373842170459,0.000111377941231828,0.0011918062266175,0.727473591335812
"ENSG00000230207",-2.15891278868854,1.00771322532171,-4.11106270102834,0.000112406802182188,0.00120089775746169,1.04784803342383
"ENSG00000229752",-2.81195772494138,-5.3883331883843,-4.10973004279485,0.00011292264728751,0.00120544776055562,0.86888687390263
"ENSG00000161328",-1.85001448693734,1.77317943089656,-4.10633936930961,0.000114245427292061,0.00121827444774415,1.06316429028816
"ENSG00000243779",-3.17802927745958,-3.8126600174547,-4.10615671949669,0.000114317105902961,0.00121863946508715,0.800733345705948
"ENSG00000170486",-3.97546672610832,2.53512476207495,-4.10609768345473,0.000114340283127922,0.00121863946508715,1.06377303613285
"ENSG00000172007",2.72061525543397,2.20169012738365,4.10288355066531,0.000115608998748051,0.00122955369515057,1.08247011518228
"ENSG00000196569",-3.88495086917062,-1.76692167393768,-4.10237048485265,0.000115812774189356,0.00123139517269518,0.758041615290231
"ENSG00000114698",3.15353176643166,-4.77853682548831,4.09957336063868,0.000116929821808917,0.00124130253402749,0.922515877409859
"ENSG00000196074",2.32326367135594,0.689796183952982,4.09898368222926,0.000117166636134062,0.00124283195405319,1.07953211325312
"ENSG00000240674",-3.30396745360326,-4.27390131266205,-4.09702408211973,0.000117956937502269,0.00125088493839785,0.741187516072913
"ENSG00000276386",4.20359534213768,-4.47878140100198,4.09567005667351,0.000118506013354147,0.00125472181955845,0.727738952554115
"ENSG00000256072",3.97783046270937,-4.557603820665,4.09453364032822,0.000118968747693209,0.00125928951942137,0.747990466850956
"ENSG00000274765",3.77975490651205,-3.23837077692806,4.0943622614994,0.000119038682024713,0.00125936660388356,0.660928782912658
"ENSG00000243273",4.662491768067,-0.882030813401753,4.09330103498671,0.000119472619056023,0.00126362489641942,0.817578912382868
"ENSG00000254867",1.70835096034518,-6.23048380233233,4.09255966189847,0.000119776672319469,0.00126650756985463,1.03430330603704
"ENSG00000111863",-2.26372184804904,1.64324879510227,-4.08906938474523,0.000121218166185009,0.00128006638218275,1.020996824332
"ENSG00000199753",-4.08816013496993,-0.881422152140083,-4.08860252329788,0.000121412245190759,0.00128144265716958,0.75947656072985
"ENSG00000231412",4.61977081953487,2.96241782524991,4.08561235671755,0.000122662411874478,0.00129253096251987,1.03873751977922
"ENSG00000183340",2.06822466273515,1.16929196399684,4.08533958517716,0.000122777071478675,0.00129313173371383,1.01351846099026
"ENSG00000103175",3.60549258982662,-5.08540331531921,4.08265925511011,0.000123909260126052,0.00130403143339988,0.897377421900099
"ENSG00000276248",3.17146023348816,-1.20979358652405,4.0805674138355,0.000124799854776853,0.0013120302724213,0.89087790848163
"ENSG00000143344",2.43773780956434,1.80135459247195,4.08012625506358,0.000124988463170405,0.00131366959382396,1.0182763818088
"ENSG00000232956",-1.54379391465185,3.06563069683895,-4.07929682871142,0.000125343811752479,0.00131671594462324,0.992976026855505
"ENSG00000258738",1.63742301663375,2.14155179457801,4.07901520094995,0.00012546469003373,0.00131764144951306,0.999694768492047
"ENSG00000233558",-2.60774053786034,-0.936999407929288,-4.07827273432748,0.000125783905287113,0.00132030406275523,0.661472914839815
"ENSG00000167414",-3.85918421702999,-2.21141090747719,-4.07670935846948,0.000126458623562365,0.00132600145656082,0.693801128738492
"ENSG00000180739",-1.76497807057219,5.31660274929782,-4.07501273850243,0.000127194794842336,0.00133267791041219,0.746929759519128
"ENSG00000152766",2.85131546043958,1.82525152572524,4.07473212211294,0.000127316953100438,0.00133361025235639,0.994987119799269
"ENSG00000244921",-2.53211489474294,0.693078353406413,-4.07426879623575,0.000127518896244783,0.0013353776157418,0.851737077070222
"ENSG00000224114",-4.73153160442658,-1.29142372107079,-4.07392952440014,0.000127666965554193,0.00133623206175727,0.776276893441292
"ENSG00000255860",2.77372610081586,-5.79196042147253,4.07273527378736,0.000128189495221934,0.00134030535420343,0.899634172853136
"ENSG00000204852",-1.63628994249064,2.54820264206353,-4.07201051934582,0.000128507607197368,0.00134328206566526,0.995506796028344
"ENSG00000282499",-4.35088242459621,-0.98629972797297,-4.06842536333576,0.000130092443038795,0.00135702553062939,0.708826435194769
"ENSG00000230513",-2.98657312389154,0.262640941975216,-4.06831353212598,0.000130142180331907,0.00135719220070125,0.805484728151956
"ENSG00000254946",2.65342214478618,-5.99798124835309,4.06802583407786,0.000130270219217039,0.00135817514340338,0.891930110929207
"ENSG00000013573",-1.90470055600554,4.15820982664819,-4.06393962384937,0.000132101932281622,0.00137620157594863,0.842115262563505
"ENSG00000085465",-3.51172269619746,1.1843679464374,-4.06341217735392,0.000132340170331484,0.00137789923907129,0.838080845364156
"ENSG00000232528",2.25065218351851,0.648976584915907,4.06066896851152,0.000133585920613706,0.00138914153660429,0.953096477307704
"ENSG00000099822",-1.72304629181732,2.03123700522537,-4.05687322729913,0.000135328300040009,0.00140435423805071,0.933691275432292
"ENSG00000279667",3.80930299629931,-4.29276585046804,4.05383267347841,0.000136739799376629,0.00141790389851412,0.570282694328477
"ENSG00000112655",-2.53477539974833,1.07875283393283,-4.05026838474274,0.00013841249402952,0.00143303092582405,0.859720399905828
"ENSG00000158869",1.86296031153775,9.02045988048619,4.04878367113872,0.000139115060510164,0.0014399340017069,-0.70025973113082
"ENSG00000128739",-1.63419761334322,1.20788506364165,-4.04741214376078,0.000139767119284947,0.0014459386848928,0.873546974929146
"ENSG00000067840",-1.50137017143204,5.08795809493525,-4.04709074171689,0.00013992034726055,0.00144715147943623,0.675649719731026
"ENSG00000204044",4.76553096112106,0.175529150703561,4.04471978725494,0.000141055707573935,0.00145739438599006,0.816163949485321
"ENSG00000163534",1.62079464486189,3.94133370448634,4.04178228850165,0.000142474677918769,0.00147016606819568,0.646381598655289
"ENSG00000105708",-1.67376701357643,2.38508309467161,-4.04106993048413,0.000142820851302754,0.00147322352983986,0.902560566448615
"ENSG00000223138",2.5759526030053,-5.89189082184365,4.04102180059654,0.000142844269422311,0.00147322352983986,0.767454914244984
"ENSG00000140859",1.66206233066526,3.83208888614413,4.04010363359285,0.00014329172253041,0.00147719924801564,0.817711733760301
"ENSG00000116983",-2.4072556049713,1.892869735118,-4.03884998771542,0.000143904846325754,0.00148242498636783,0.84238396980084
"ENSG00000260807",-3.25683867522854,2.39140437611798,-4.0388173996296,0.000143920817914374,0.00148242498636783,0.890298182825451
"ENSG00000077984",2.57009936490437,8.56436809305848,4.03867138069837,0.000143992403512661,0.00148278242981968,-0.497577173843001
"ENSG00000167676",1.53882552751931,5.1552402945645,4.03520074772377,0.000145704007429053,0.001497722451205,0.432215069565963
"ENSG00000264954",-3.7069873830178,-2.73072921901544,-4.03421904105971,0.000146191698002822,0.00150120016426805,0.559570686421201
"ENSG00000251468",2.16625616497815,-5.90993256053121,4.03407785633226,0.000146261964694765,0.00150153817790065,0.765398017213617
"ENSG00000265273",2.8078497791039,-0.97210943553104,4.03187948117569,0.000147360286769993,0.00151049929850262,0.614660256869692
"ENSG00000188959",3.9736713646014,-4.34777791403335,4.03006583708337,0.00014827237034515,0.00151830000830762,0.620052793445718
"ENSG00000196792",1.57134016438852,2.41863101028438,4.02953146218432,0.000148542143366366,0.0015199010556413,0.808907865556564
"ENSG00000235912",-3.2239717824251,-3.34239755474975,-4.02876739369546,0.000148928695822574,0.00152346855711428,0.51127829792996
"ENSG00000138829",1.76059366375461,1.91514141346982,4.02849668192463,0.000149065884795123,0.00152370879749137,0.848722432334204
"ENSG00000009694",3.70104817857224,1.02432014396083,4.02686297554671,0.000149896387325771,0.00153103012278218,0.844125192158129
"ENSG00000106355",-1.51493596032691,1.80558981222134,-4.02512422320119,0.00015078518467365,0.0015389352612973,0.852379625363802
"ENSG00000144152",-2.50572620541734,0.972269322624631,-4.02368797880614,0.000151523174256802,0.00154607478463755,0.712296704067136
"ENSG00000250305",4.02344135924943,-4.2774943942661,4.02239622123776,0.000152189891489345,0.00155161089442047,0.496638978232236
"ENSG00000234335",-2.28395376673783,-0.68617808397441,-4.02238617793569,0.000152195086207179,0.00155161089442047,0.530542730821668
"ENSG00000264764",4.32239209567269,-4.04148768871613,4.02233777805562,0.000152220122570875,0.00155161089442047,0.50311431822466
"ENSG00000243607",3.82990222353735,-3.84377678886623,4.01854479117655,0.000154194545461199,0.00157014415314871,0.490932455176291
"ENSG00000237984",1.55338590530861,0.118968052211999,4.01758638961809,0.000154697326069452,0.00157344789823626,0.76489545024616
"ENSG00000185875",-2.88667299315128,0.667478386753273,-4.01702445780009,0.000154992850968981,0.00157547979637294,0.721515142801348
"ENSG00000238142",-1.91198321751238,1.1559501082173,-4.0152410029071,0.000155934389902792,0.0015842492653202,0.785296577173702
"ENSG00000196735",-1.52855291694739,5.97362352561592,-4.01360496556089,0.000156802943269925,0.00159226873587713,0.376666229864424
"ENSG00000087116",7.47278515895363,-1.78082121640174,4.01252541598913,0.000157378612143257,0.00159650137910251,0.60462937549916
"ENSG00000041880",-1.79245439872812,3.10279339247243,-4.01139759429437,0.000157982194885434,0.00160180151777549,0.809264957904549
"ENSG00000126860",-1.90197660900181,3.24948416246225,-4.01074504167349,0.000158332442178542,0.00160455781206497,0.692967538978214
"ENSG00000164048",-1.89964297112329,5.12913427671849,-4.00904306038762,0.000159249474370199,0.00161263157900019,0.561225430135374
"ENSG00000173626",-3.69284500007796,-2.68841845636884,-4.00872567790724,0.000159421045557579,0.00161355611115453,0.504493068134733
"ENSG00000105369",-1.64128195557054,7.23513870561601,-4.00849096276583,0.000159548042718362,0.00161443503985995,0.10906704414936
"ENSG00000125845",3.907823516142,-3.4598603161656,4.00758247879963,0.000160040514026621,0.00161901075613946,0.434312790406054
"ENSG00000109738",1.5238215843989,-6.32889442309946,4.00741857643566,0.00016012951793563,0.00161950361762219,0.797954162477697
"ENSG00000164695",3.37338872198633,-5.07820346170574,4.00699850218823,0.0001603578484604,0.00162058979985043,0.635451726044307
"ENSG00000164023",2.25941114706905,1.64154281833031,4.00412095325504,0.000161930381283165,0.00163472293093129,0.778801174932301
"ENSG00000159055",-1.7598704541796,1.13431489257135,-4.00406766913997,0.000161959639667164,0.00163472293093129,0.743505331896425
"ENSG00000277475",1.74745647503719,-6.26305878661476,4.00114948736311,0.000163569810324863,0.00164807857510781,0.744976942183665
"ENSG00000130513",4.09588462127416,-3.57705663960314,3.99722278940393,0.000165760780428427,0.00166806380345022,0.471846550054031
"ENSG00000241945",4.08694189443833,0.336418261031356,3.99580571227896,0.00016655837675944,0.001675670636257,0.538590125969153
"ENSG00000275743",-4.013194293718,-1.33399286763012,-3.99484917430224,0.000167098846773324,0.0016798469212256,0.486017928491736
"ENSG00000101425",3.19635476887093,4.07728079407115,3.99347680295508,0.000167877222345571,0.00168658745661808,0.610507176672341
"ENSG00000233421",2.73991703721114,-5.7720683768698,3.99344517106194,0.000167895204253161,0.00168658745661808,0.672726051762052
"ENSG00000229932",1.99975385705714,-1.0665036577772,3.99307094822619,0.000168108080899406,0.00168830403905019,0.445611104796328
"ENSG00000101132",-3.79473929923736,-2.3522323455664,-3.99280172509552,0.000168261389068019,0.00168942166915896,0.533923223853107
"ENSG00000005436",-1.66138903390345,2.00074074322424,-3.99082480880567,0.000169391264998647,0.00169991703331893,0.750590676874045
"ENSG00000155265",-2.01001227438761,3.16768492745456,-3.99068195138746,0.000169473195153549,0.001700314796996,0.743925096002859
"ENSG00000232907",-3.27764422502908,-0.782813988361606,-3.99007516520593,0.000169821618183559,0.00170338540274836,0.530393868133397
"ENSG00000123836",4.97052698148444,3.72385188914909,3.98973618559563,0.0001700165638023,0.00170449024887284,0.56490643174411
"ENSG00000225764",1.52575048502503,-6.37990586832098,3.98899363683533,0.000170444352869235,0.00170835299776839,0.737820965140164
"ENSG00000113448",1.95727522178021,2.95933677440814,3.98707653544557,0.000171553605988544,0.00171647537778781,0.635166542091999
"ENSG00000249307",-3.63460697940132,-4.12329509356489,-3.98567236240872,0.000172370476863848,0.00172336182812246,0.469519120307363
"ENSG00000280091",3.3200470257067,-5.41815564466954,3.98483615977727,0.000172858710019971,0.0017269547366359,0.582958222549605
"ENSG00000130202",2.39208210440257,3.52824610009064,3.9815686902502,0.000174779271944059,0.00174440821516759,0.625640465206003
"ENSG00000253785",-2.28792096900085,-4.18549559205505,-3.97959676527455,0.000175948249525189,0.00175476842654717,0.323817580668203
"ENSG00000226915",-2.83533210475635,-1.87810495263016,-3.97300775599365,0.00017990907753107,0.00179204775394055,0.339318256544922
"ENSG00000231702",-3.48611859999776,-4.18034028978465,-3.97270211375545,0.000180094873021309,0.00179300992699422,0.415887827379097
"ENSG00000103569",1.82464637710066,9.50826100160512,3.97110093865175,0.000181071223584661,0.00180094639548505,-1.34517677669115
"ENSG00000126243",-1.6727292158941,3.15673233558275,-3.96825489349781,0.0001828192387724,0.00181474050299457,0.676566698134809
"ENSG00000234185",1.62582449213224,-6.57054594572552,3.96810381403767,0.000182912482548616,0.0018152178779115,0.604332389140989
"ENSG00000231006",-3.21183638290113,-4.40543257777166,-3.96749352567569,0.000183289608260042,0.00181716617293964,0.386209334590565
"ENSG00000232909",1.59115120799335,-6.2644856012468,3.96677440666597,0.000183734945130509,0.00182068332860161,0.672322442867545
"ENSG00000079393",4.37694477567243,-0.498613534453119,3.96523809787614,0.000184689840664354,0.00182834301265411,0.486603686710859
"ENSG00000271447",-4.29136840395862,-0.0212709782251387,-3.96117747992391,0.000187236754927833,0.00184991202300534,0.462427323437579
"ENSG00000234788",3.1702625543554,-5.03764032978352,3.960782960172,0.000187485998989039,0.00185146453730222,0.281165996933038
"ENSG00000106025",1.70397806197248,-6.2148584572981,3.9604440886008,0.000187700341082989,0.0018531260098768,0.642719596985901
"ENSG00000187498",3.62750875188211,-3.89006265012615,3.95734798811877,0.000189669617865734,0.00187164898808008,0.405233552183001
"ENSG00000234618",-2.65244669132942,-2.53360814483536,-3.95672693098295,0.000190067026374038,0.00187465029300517,0.265056859634741
"ENSG00000161149",-3.59748087798501,-1.20169605923472,-3.95292613137905,0.000192516617225221,0.00189416374099078,0.35724155046401
"ENSG00000272625",2.85408339154167,0.0868717642224821,3.95153329281752,0.000193421868324201,0.00190120927881896,0.575678641639019
"ENSG00000217027",-2.03830579874975,-0.698683465585446,-3.95078311454509,0.000193911127485944,0.00190508679061337,0.487581344925189
"ENSG00000237214",-1.60991253347454,0.628990525586642,-3.95050344455067,0.000194093829832306,0.00190607697615441,0.569836517551754
"ENSG00000112759",-1.50768972790096,3.72376843326626,-3.94931733905594,0.000194870527433003,0.00191124297239854,0.559312001249673
"ENSG00000203721",3.38035932705803,-1.6566351137167,3.94826059225651,0.000195565032783727,0.00191711910460166,0.413342020025754
"ENSG00000211815",-3.52488039293261,-1.05653146694924,-3.94791357707894,0.000195793613313455,0.00191842428526139,0.323028911426397
"ENSG00000044524",2.03734596914079,-6.19598811062834,3.94669824272877,0.000196596185988574,0.00192581868155766,0.598413079722391
"ENSG00000228037",-3.18883388463497,-0.639424245707084,-3.94549251019349,0.000197395541851707,0.00193223656525988,0.388896810513973
"ENSG00000151715",1.56023971274419,2.83550064551923,3.94496976653112,0.000197743071338491,0.00193469626525919,0.575490807596325
"ENSG00000236846",3.18168266194731,-5.39242744921493,3.9446174426522,0.000197977634298353,0.00193651991583026,0.484381328892688
"ENSG00000234337",1.92038137009401,-0.850732290124445,3.94418375290294,0.000198266734536742,0.00193793320249115,0.314668220602142
"ENSG00000005513",-3.88641116384637,-0.136054116795685,-3.94135399938958,0.000200163049557732,0.00195504249716228,0.366217803276209
"ENSG00000278931",-3.05529302070887,-5.59262569953927,-3.94098272461398,0.000200413143225756,0.00195653452743124,0.368085426297045
"ENSG00000134571",1.63086174721429,3.99843536433767,3.94000012535448,0.000201076479800719,0.00196253378027397,0.39536528783513
"ENSG00000175262",-4.1478031784909,-1.54695556590478,-3.93982960307834,0.000201191811213791,0.00196270642912323,0.354332290426285
"ENSG00000125780",-3.07857888994285,2.58284195718697,-3.93870971058054,0.000201950822877018,0.00196915522224154,0.591721452841374
"ENSG00000100721",-2.15646876262393,4.45323837522652,-3.93771698654276,0.000202625945552562,0.00197519167881928,0.452453008328329
"ENSG00000169122",3.33172613029073,0.42317824611391,3.93765500736551,0.000202668167631699,0.00197519167881928,0.519666656382349
"ENSG00000267534",-2.32394132932823,2.00848007864147,-3.93702986180977,0.000203094508515532,0.00197824400691644,0.54847675755191
"ENSG00000237719",2.01196241374515,-6.0354870099425,3.93697937099063,0.000203128980163949,0.00197824400691644,0.523016774050331
"ENSG00000130433",-4.8944223948362,-0.265528974549478,-3.93688999206442,0.000203190015714491,0.00197835916971518,0.404965365294634
"ENSG00000248385",4.13002927641181,-1.70454239094385,3.93517843097418,0.000204362220941991,0.00198929055842855,0.260289929160502
"ENSG00000029153",3.60265850888806,-1.19627429263349,3.93469833179006,0.000204692194008768,0.00199202023324631,0.31718497709266
"ENSG00000196353",3.56242711415763,-4.6967226321759,3.93460626173964,0.000204755532398773,0.00199215438371139,0.342478032335563
"ENSG00000007402",-2.184707317726,2.76927498295939,-3.93426436912701,0.00020499089779837,0.00199396178884347,0.580091727995406
"ENSG00000230783",3.36593418071909,-5.13767657476826,3.93155286472452,0.000206866777152365,0.00200977722935703,0.401422036196682
"ENSG00000169860",3.35536731202836,-1.91279912861141,3.93115899888978,0.000207140630406585,0.00201097986563765,0.378753108898933
"ENSG00000268170",2.68972202822822,-0.925944827161135,3.92929374506283,0.000208442270831996,0.00202117611480653,0.544781423458001
"ENSG00000100154",-3.30961093658052,0.304651668406718,-3.92916187484403,0.000208534591361271,0.00202158370916466,0.428962920264334
"ENSG00000188873",-2.41891796271501,-2.37383730400684,-3.92577145202331,0.000210921712692509,0.0020417709351467,0.173956066792239
"ENSG00000099889",-1.71618637399345,2.10859021808113,-3.92518940209501,0.000211334152312303,0.00204527096563775,0.54993423467306
"ENSG00000251158",5.04276083791127,-2.7418142492789,3.92240042796917,0.000213321187894697,0.00206053301195161,0.282856388932565
"ENSG00000233747",-3.15579166213394,-5.03387184698685,-3.92174787033119,0.000213788693821845,0.00206336664981389,0.344298854030246
"ENSG00000228923",4.03537038867185,-2.73108344144381,3.92156117036912,0.000213922630530094,0.00206386311316794,0.219013871817724
"ENSG00000177173",3.16339072166499,-2.31457792728936,3.92133922520648,0.00021408195665274,0.00206490470761839,0.317488092109456
"ENSG00000185808",-1.82640948033732,1.59609783918917,-3.91995606699243,0.000215077445551465,0.00207251760931447,0.501209176982399
"ENSG00000228007",-2.61942277699233,-5.46446703296002,-3.91852202453456,0.000216114250726963,0.00208200937160924,0.339879307952531
"ENSG00000274717",3.63632762868836,-0.970947850019628,3.91681576776479,0.000217354119520824,0.00209295097316794,0.372715847511505
"ENSG00000279320",2.05763186310903,0.964713146835416,3.91473018827841,0.000218878906897024,0.00210561613186747,0.520621391564245
"ENSG00000183019",4.90711254335157,5.04805199234837,3.91381371068676,0.000219552196636819,0.00211057805097881,0.19544404983771
"ENSG00000231970",4.00471809750467,-2.57958431365152,3.9131664220683,0.000220028924799152,0.00211313971208206,0.189531386192422
"ENSG00000267737",3.66540481076144,-2.75032062297123,3.91277739613582,0.000220315920538292,0.00211488553903544,0.197513297091799
"ENSG00000259519",1.66671463268538,-6.46183662704752,3.91209998699842,0.000220816523129038,0.00211817367283073,0.47016278238291
"ENSG00000175183",1.5004855990767,-6.4044445815134,3.91160556912564,0.00022118258527303,0.00212067309638596,0.514760125299388
"ENSG00000048462",-4.41240912101048,0.182588772398516,-3.91063500863485,0.000221902874194357,0.00212605799531971,0.330402889998521
"ENSG00000143994",-3.26138197143636,-1.25970415218554,-3.909702565392,0.000222596995964779,0.00213154898778139,0.214471147783509
"ENSG00000182134",-1.65732627564787,2.43674186470539,-3.90943626570235,0.000222795615029511,0.00213257840843248,0.508448687831407
"ENSG00000007350",-2.49662865342726,1.74985219294458,-3.90754134796076,0.000224213857111974,0.00214411167545566,0.432942997700001
"ENSG00000095397",-2.00987758714085,2.0262222019588,-3.90625644858452,0.000225180461295982,0.00215233117095128,0.482283147967367
"ENSG00000087995",-1.65066648028077,2.75330643094475,-3.90618492601785,0.000225234383684944,0.00215233484499694,0.49508733762169
"ENSG00000232858",-3.24321967847045,-4.88032928825759,-3.90603101924129,0.000225350459333171,0.00215293231133844,0.268317119205991
"ENSG00000228224",-2.41577287060133,-1.46881619145414,-3.90556573930743,0.000225701720289443,0.00215577585152677,0.182049111687188
"ENSG00000197903",1.55111065898063,5.77537801299236,3.90302382089781,0.000227630029927211,0.00217264540910108,0.0184268097611637
"ENSG00000152760",3.93567487005329,-4.05449081175499,3.90049262726971,0.000229565914832033,0.00218904385865213,0.213675792113304
"ENSG00000232450",3.2028201961829,-1.70808864518231,3.89805358220897,0.000231446269469704,0.00220435984961409,0.302479898134
"ENSG00000064270",4.39252940053634,-0.769650196927477,3.89615898324864,0.000232917083093719,0.00221720646894658,0.388358586899188
"ENSG00000213557",-4.01498367716205,-2.80781916730172,-3.89566065883518,0.000233305429682194,0.00221943797541021,0.217558391555089
"ENSG00000230777",-3.0418045218303,-3.53921287658877,-3.89486820520134,0.000233924272905201,0.00222479858512773,0.15701716205662
"ENSG00000235095",2.95225358342566,-4.70671108602989,3.89476256177279,0.000234006890942283,0.0022250579540354,0.182794556133287
"ENSG00000211782",-2.96252514529443,0.0369472515582028,-3.89263851706957,0.000235673946574136,0.00223773358530312,0.255803518310721
"ENSG00000079385",3.55293681651915,5.77828995365128,3.89121155885316,0.000236800288909941,0.00224630609125942,-0.114962204071711
"ENSG00000277998",-2.23122198321971,-3.74319593534051,-3.89086475876509,0.000237074808353337,0.00224809779456648,0.0856249526169641
"ENSG00000099377",2.54769098759571,2.45647584989421,3.89011693243935,0.000237667811307448,0.0022529406626225,0.434061704260269
"ENSG00000165434",1.66283930930387,2.13846350241906,3.88997453849162,0.000237780886489962,0.00225348118780515,0.425471270776464
"ENSG00000237721",3.98478581476182,-4.5504110287356,3.88952773398803,0.000238136029691287,0.00225631502843486,0.15959069968004
"ENSG00000132589",1.78276781011495,9.86465769265621,3.88880826471793,0.000238708970954708,0.00226067798594138,-1.64479524187502
"ENSG00000200648",3.67927358453362,-3.11735459093818,3.88872575093654,0.00023877476437463,0.002260768506215,0.152584018225968
"ENSG00000267336",-3.39471860330104,-3.94168509520694,-3.88757946315647,0.000239690573750939,0.00226783724310079,0.221914214335408
"ENSG00000234589",-1.88098490858646,1.689199743246,-3.88708445767813,0.000240087092214578,0.00227105441910835,0.436747780212902
"ENSG00000263800",1.61600790201479,-6.3452923584012,3.88591941150389,0.000241022824943297,0.00227936946797705,0.436937378958445
"ENSG00000260496",-3.05776753961327,0.564674676015502,-3.88573483674681,0.000241171391041125,0.00227967582430888,0.283320175258335
"ENSG00000213613",2.18761884848641,1.07638464542082,3.88571366019503,0.000241188441881419,0.00227967582430888,0.436994195284067
"ENSG00000259379",2.69563616954546,-1.33821029607778,3.88559743829892,0.000241282041501276,0.00227967582430888,0.427291740064887
"ENSG00000273445",-3.57883886167747,-2.43037464985531,-3.88207579726587,0.000244134791851836,0.00230176053049425,0.170218144692414
"ENSG00000111196",-1.74119679170587,1.39916057824264,-3.88120172753485,0.000244847840606291,0.00230794206050507,0.411562269723234
"ENSG00000156239",-1.81785310741482,1.59081607283628,-3.88106136777821,0.000244962529361816,0.00230848185780678,0.423001932896832
"ENSG00000250696",-4.34004463856185,-1.9769180952662,-3.88098863982379,0.000245021976059299,0.00230850093309959,0.196723445334667
"ENSG00000240087",-1.87328781774774,0.00191447933090018,-3.88091152792046,0.000245085021247192,0.00230855389507488,0.276824587675114
"ENSG00000278416",2.85360304222604,-4.97459510423564,3.88064813609259,0.000245300482669578,0.00231004216544445,0.29656516445176
"ENSG00000116353",-1.61704680543196,2.49326776665384,-3.88033666941547,0.000245555505116201,0.00231190220531183,0.422610972013397
"ENSG00000272902",3.60316858729187,-3.42334105865122,3.87995015124758,0.000245872331899354,0.00231434312503344,0.0856428452604909
"ENSG00000096093",-1.9256187601762,1.30736836319184,-3.87959681093936,0.000246162306112097,0.00231620839105706,0.402746525568849
"ENSG00000267787",-1.81366708060612,1.51615914440225,-3.87956829377413,0.000246185723471141,0.00231620839105706,0.404120106305291
"ENSG00000279613",3.65937857281158,-3.39796070299484,3.87859167458566,0.000246988982308134,0.0023232220558614,0.0811754503287325
"ENSG00000282988",3.19818706984988,1.16108255097814,3.87710601371275,0.000248215746554197,0.00233094357462551,0.402831306205873
"ENSG00000211797",-2.69020033403399,0.921094623371514,-3.87536701385061,0.000249659128589719,0.00234230951868468,0.319173053731336
"ENSG00000231806",1.82232484799313,-6.14650260177072,3.87474494661622,0.000250177401466633,0.00234662433358879,0.385434567328685
"ENSG00000272909",-2.50048261301839,-0.105016215686057,-3.87348105522861,0.00025123358838074,0.00235598150690051,0.255438463565973
"ENSG00000223822",-2.78410060863745,-1.86193401860338,-3.87017819914224,0.000254013895422075,0.00237761737456537,0.0938701364742061
"ENSG00000146070",-2.17298333066519,1.99271909602448,-3.8646141002588,0.000258764555580728,0.0024175813765876,0.373140758075614
"ENSG00000222179",4.27677458129748,-3.60906082503593,3.86169139561001,0.000261293997508998,0.00243894620103477,0.0874779675592059
"ENSG00000260861",3.18552412571921,-5.38722471544047,3.86027696682569,0.000262526606822208,0.00244761007594305,0.110088969298162
"ENSG00000116652",3.44968163400727,-4.36141079678313,3.85686236119462,0.000265525299572066,0.00246983991054979,0.0907157165273116
"ENSG00000248429",1.91322089113891,1.05677469208022,3.85646742390614,0.000265874243565022,0.00247110272548735,0.352552851143466
"ENSG00000235621",-2.75379362937329,0.634984398524439,-3.85340983919018,0.000268590669802381,0.00249143565006814,0.268962771215839
"ENSG00000168350",-3.37403770840129,-0.202444460261788,-3.85225475379549,0.000269623782474221,0.00249871261019563,0.162744250704974
"ENSG00000213253",-2.91220975074306,-1.41742101574486,-3.85054812305279,0.000271157175377609,0.00250879065775131,0.0217305100189842
"ENSG00000165905",-1.83434867207447,2.6010879515093,-3.85048894951079,0.00027121049198018,0.00250879065775131,0.333552116188716
"ENSG00000213083",2.1126284625052,-6.13865455375787,3.84870739322464,0.000272820426338871,0.00252136247808627,0.306137362827685
"ENSG00000206645",2.30113846407712,-6.08509748119652,3.84855858219635,0.000272955315840641,0.0025220293282982,0.293522437661107
"ENSG00000110203",2.97219475746111,5.13647567717851,3.84841391516399,0.000273086510315002,0.00252266173889791,-0.0887027933181459
"ENSG00000240003",3.92681442043008,-4.23146858262818,3.84700391668633,0.000274368368318325,0.00253101357116413,0.021471820280099
"ENSG00000138002",-1.71975869007046,2.76245868173814,-3.84499072209412,0.000276208605700812,0.00254623672698556,0.30050512603991
"ENSG00000221946",-3.58766253655276,0.675289262404001,-3.84476497663271,0.000276415693183657,0.00254756159958032,0.190819322395185
"ENSG00000096060",3.03653772933978,7.49426195319383,3.84452024872141,0.000276640362339899,0.00254846375957576,-0.7731739755075
"ENSG00000182109",-2.28379980619978,2.59323934369658,-3.84427714696203,0.000276863711930655,0.00254993698672078,0.312431816825944
"ENSG00000223189",1.5575257996729,-6.15887542025604,3.84050255679213,0.000280353870754556,0.002579717626934,0.266148232885004
"ENSG00000150337",1.97963275278978,5.08649910451679,3.83658299185338,0.000284022694526624,0.00260989265493927,-0.189244498472491
"ENSG00000226091",1.67780634772521,4.34779577603883,3.83312774041427,0.00028729502965886,0.00263574504389445,-0.0368730784337048
"ENSG00000213326",-2.71121741149202,-3.18229493678407,-3.83218912103809,0.00028819018143477,0.00264214861437643,-0.00987103992196925
"ENSG00000188868",-2.31772743335051,-0.145587837631697,-3.83133539750981,0.000289006689458212,0.0026472196239688,0.148677732432707
"ENSG00000121406",-1.77519563708649,2.3922806932317,-3.83016270101064,0.000290131880394709,0.0026555518128883,0.272725224960348
"ENSG00000166979",-1.55413987378434,2.34297251758468,-3.82851150147937,0.000291723308998151,0.00266784815021466,0.269710049205613
"ENSG00000112394",-3.24119475565563,0.0193202040267382,-3.82818115159716,0.000292042703253767,0.00267016164571479,0.160665341025234
"ENSG00000106178",2.53778586798602,-5.7336740290378,3.82775384057249,0.000292456340099951,0.00267333555813966,0.156100996648408
"ENSG00000132681",4.8266604121866,-2.65199396526679,3.82761627375912,0.000292589624109574,0.00267394591235579,0.0454358015043503
"ENSG00000163251",3.09900340598815,-0.0838131298409131,3.8269523722123,0.000293233675345531,0.00267805072648319,0.1922986126489
"ENSG00000167767",3.38536483888302,-3.84431079262047,3.8268786858197,0.000293305242244303,0.00267805072648319,0.0831830237237599
"ENSG00000211800",-2.74078032157956,0.484950475654522,-3.82608538038849,0.00029407678998729,0.00268340407195575,0.0677638627224857
"ENSG00000108679",-1.89027229444829,5.50591624536824,-3.82525302360749,0.000294888408406884,0.0026889564399779,-0.031833557129108
"ENSG00000188522",-1.68771862308589,3.0167022689793,-3.82513529541031,0.000295003376474335,0.0026892802133835,0.252834331792444
"ENSG00000029993",3.06429068276425,1.29182807140748,3.82489087721011,0.000295242201451281,0.00269084719626942,0.199819240075972
"ENSG00000233668",-2.89007410247129,-2.37353482144363,-3.82468095654472,0.000295447466187615,0.00269149762875017,-0.0382855826589301
"ENSG00000221996",1.64361977420785,-6.29441714442385,3.8232074131981,0.000296892180289493,0.00270343361993164,0.250762698080285
"ENSG00000214456",1.56122210203198,4.54154043911582,3.82313426271462,0.000296964075665392,0.00270347594427085,-0.120682148982209
"ENSG00000137876",-1.74175546794218,2.3748283742442,-3.82175204367898,0.000298325718095367,0.00271525707920986,0.171996538007061
"ENSG00000128805",-1.96288680393128,1.19907230858727,-3.82153530132036,0.000298539775636909,0.00271659032597443,0.19263733412514
"ENSG00000250151",1.87965855395818,-6.43996415151459,3.81794557666833,0.000302106505158046,0.00274469733793532,0.153262039553938
"ENSG00000269385",3.98786904624291,-4.53184247030234,3.81715589591423,0.000302896586695464,0.00275063216135782,0.00363002898267339
"ENSG00000149534",-3.43667361010477,-0.136737785380104,-3.81696836551145,0.000303084502888786,0.00275171706981368,0.0651403534169672
"ENSG00000268785",-3.56497298302284,-4.16065722071113,-3.81634504458156,0.000303709908919845,0.00275615028406221,0.0160738599815113
"ENSG00000259332",3.50011191966711,-0.69584009778914,3.81583011268076,0.000304227495560392,0.00275960148387159,0.0769115416687489
"ENSG00000241963",1.84006327835998,-6.29697683456523,3.81550965378398,0.000304550032994607,0.00276128110655146,0.23294404111408
"ENSG00000110852",-1.51904375295118,4.05174423740558,-3.81234705127546,0.000307750764459488,0.0027859032273813,-0.0795857222729959
"ENSG00000135414",-1.63141336980582,3.20375525674341,-3.81175310312847,0.000308355456039324,0.00279074877165532,0.184868034905118
"ENSG00000163083",3.84851704210821,-0.752489575847594,3.81055817070288,0.000309575451998137,0.00279926952794177,0.0280775096938513
"ENSG00000241370",-1.97538651129717,0.632471863144963,-3.80974638225877,0.000310406903171538,0.00280357715720159,0.141431195401145
"ENSG00000166136",-1.56117458046902,1.56957482670432,-3.80801340268093,0.000312189019732687,0.00281602761897751,0.2036266656761
"ENSG00000251990",2.62664802523121,-5.7686475069806,3.80787372004265,0.00031233308886715,0.00281602761897751,0.139659597248308
"ENSG00000133055",-4.94511930125807,0.181833862639467,-3.80776452014583,0.000312445762342897,0.00281635527751327,0.0596578322639543
"ENSG00000224993",-2.49021380976627,-2.11863257145952,-3.80502570765034,0.000315284458938104,0.00283939646465718,-0.112538736103863
"ENSG00000260467",3.91619432162192,-1.51759522449113,3.80426243401602,0.000316079959040772,0.00284528582923357,-0.0219958562975862
"ENSG00000176349",1.87281284443018,-6.29002033768482,3.80292714316384,0.000317476252067541,0.00285593651501886,0.181619886031998
"ENSG00000169902",2.22091287260762,2.99724601110861,3.80202818218263,0.00031841960616955,0.00286378188081169,0.111429511018566
"ENSG00000215515",1.5173434718597,-6.32573512462465,3.8009763868532,0.000319526749282831,0.00287245401938022,0.190324231564253
"ENSG00000214194",-2.17936776912355,0.932943683986108,-3.80062752014695,0.000319894787446816,0.00287511966128704,0.160966553461947
"ENSG00000186648",-2.40401555770673,1.65479864005771,-3.80030634820528,0.000320233967722292,0.00287752480339106,0.157964107523412
"ENSG00000120885",2.16987979378202,7.49732457216999,3.7988732436532,0.000321751627964515,0.00288987018485912,-0.810324317327956
"ENSG00000234484",3.77381420054328,-3.23580760700407,3.7977228740096,0.000322974851412213,0.00289956118277664,-0.110145595126366
"ENSG00000148468",-2.92026286276609,1.57962141474698,-3.7971699970708,0.000323564325359898,0.00290290850437818,0.15147666005055
"ENSG00000125459",-2.02502949569087,2.38968376988506,-3.79368549657313,0.000327303248059294,0.00292991431273207,0.16968897133274
"ENSG00000265828",2.46891974099056,-5.6001777163948,3.79289762986312,0.000328154355929938,0.0029368792112857,0.0063449008909604
"ENSG00000179855",-1.95754949345328,2.28541712346813,-3.79127051427574,0.000329918788788368,0.00294873169116718,0.162318667940283
"ENSG00000125900",1.84912505439798,1.21218749829244,3.79110338481315,0.000330100536244013,0.0029497003240902,0.160696211064852
"ENSG00000159189",4.39821141782299,0.806484932731007,3.78982189140748,0.000331497303768944,0.00296020759798291,0.123041807041201
"ENSG00000129038",3.40630130572236,0.244730666376812,3.78891594296429,0.000332488156329082,0.0029677373136638,0.0778297416606275
"ENSG00000229590",-3.06072942177252,0.0401974650352005,-3.78877209707393,0.000332645743792992,0.00296848483728432,0.0184608147655139
"ENSG00000267365",2.13709153288699,0.604723962674616,3.788609478315,0.000332823983588169,0.00296941628677576,0.154224658383008
"ENSG00000163584",-2.52552764678098,0.833157034916387,-3.78700702543523,0.000334585262345958,0.0029831637893226,0.143786922419581
"ENSG00000132832",-3.66152808853845,-0.313713642590992,-3.78627612203157,0.000335391567809194,0.00298967002418298,-0.017953214116381
"ENSG00000182004",-2.10361648869196,2.17567062483324,-3.78492028507054,0.00033689220385309,0.00299892235664891,0.127746097077329
"ENSG00000236592",3.01936398439438,-1.37998803460309,3.78379284719732,0.000338144939783038,0.00300887624372681,-0.157806360128485
"ENSG00000235840",3.06725273259639,-5.54986580010574,3.78201806712095,0.000340125997281593,0.00302281441343066,0.0397966900833495
"ENSG00000242445",-1.96556189909508,-0.116746753108601,-3.7806793275459,0.000341627678372134,0.00303382282436857,-0.0238795826405074
"ENSG00000171649",-2.34129434580473,1.37598448037143,-3.77949772722243,0.000342958363699189,0.0030436229883962,0.115806431746044
"ENSG00000262251",-1.56046819352133,0.939086381832035,-3.77850833677331,0.000344076401479875,0.00305219759318048,0.0964534023512158
"ENSG00000134545",-4.08340520200464,-0.679877874318501,-3.77818139072913,0.000344446625342593,0.00305413392854498,-0.0198526155291194
"ENSG00000282173",-3.73503155485638,-0.527893317460522,-3.77767080591187,0.000345025558781414,0.00305859261612578,-0.0601911805604205
"ENSG00000109501",-2.06496496547466,1.82342062297946,-3.77606081109959,0.000346857175887381,0.00307415171627524,0.092007191041807
"ENSG00000257074",-2.727376538599,-4.20832283510475,-3.7756562432568,0.000347318894684605,0.00307756539654187,-0.0881622593148954
"ENSG00000124145",2.83181474402753,0.67317317251574,3.77505212870044,0.000348009443835797,0.00308300477326724,0.0412921365677423
"ENSG00000211898",-1.85171718423836,6.60387535227782,-3.77451828285567,0.000348620763628823,0.00308774001749415,-0.513228878064289
"ENSG00000174669",-3.09800930547027,1.95544286451438,-3.77248903833877,0.000350953889237051,0.00310498421107128,0.0996228525629039
"ENSG00000242262",-2.27303087112156,-0.758793437291163,-3.77186764762652,0.0003516713162979,0.00311064692140994,-0.0893152475590249
"ENSG00000229325",3.96163011686647,-3.93412325846301,3.7717644921254,0.000351790550262457,0.00311101709231221,-0.165972088278009
"ENSG00000210100",-2.95708263132857,1.199667096243,-3.7708358731687,0.000352865652178747,0.00311641145625878,0.0265398393902503
"ENSG00000037241",-2.48305783490752,1.03394180060718,-3.77059473084427,0.000353145346646984,0.00311819662330377,0.0895925010531347
"ENSG00000005187",-2.8115939564853,1.36390166218986,-3.76855862092866,0.000355515446092827,0.00313774576593278,0.073238148749792
"ENSG00000234118",-2.72675355371115,-2.10681254945468,-3.76746741642168,0.000356791899309898,0.00314832044250582,-0.183129755266486
"ENSG00000273160",-3.42361991854348,-1.09570667290974,-3.7660409325442,0.000358467163381982,0.0031610214745081,-0.0975119884040634
"ENSG00000247708",-2.26127459440977,-0.376398470160617,-3.76501647068866,0.000359674931781007,0.00316958606038142,-0.0868788565388403
"ENSG00000211706",-4.0357964313447,0.361591397436603,-3.76424987989683,0.000360581233341697,0.00317618026792351,-0.0873057838769231
"ENSG00000260442",-3.49614870788258,-2.68747555987718,-3.76171057208236,0.00036359895586267,0.00319645861001335,-0.166083115023357
"ENSG00000135437",2.56080544157669,0.900269914688148,3.76059098934019,0.000364937131212337,0.00320541895324413,0.0578490125080648
"ENSG00000145736",2.21031086882811,0.765968262708097,3.7580010925124,0.000368050765822081,0.00322853521439653,0.0577081765711975
"ENSG00000196747",3.96072607016231,-2.33895857864837,3.75744622031642,0.000368721142830248,0.00323300488201999,-0.184226406898794
"ENSG00000200974",1.96959646161717,-6.13695852265163,3.75464234168252,0.000372126587174987,0.00325789047421795,0.0388220206757737
"ENSG00000156738",-1.64612332522379,5.66585512350318,-3.75348136458294,0.000373545436159183,0.00326604472041572,-0.450799696320492
"ENSG00000116106",-1.88497954770643,1.60223180659996,-3.75285390015897,0.000374314422511344,0.00327134530734805,0.0496975066693697
"ENSG00000207622",1.91733012737419,-5.94779449476935,3.75051589302593,0.000377193106657602,0.00329435526262196,0.015037819003461
"ENSG00000143167",-2.28872879955155,2.54483306129936,-3.74967989211475,0.000378227565622634,0.00330195539482327,0.0431673832916131
"ENSG00000273149",-2.83848309105609,0.0602496658549978,-3.74935705389182,0.000378627767870666,0.00330473155100663,-0.00655905412681701
"ENSG00000259090",1.52061771333357,-6.41485111499774,3.74869614829006,0.000379448314138054,0.00331117454416715,-0.00740475529514484
"ENSG00000111837",1.73251629969214,2.66438033361622,3.74841123451082,0.000379802572573602,0.00331354666289148,-0.0545441498709485
"ENSG00000214110",1.95925123391971,0.45579855114208,3.74501043171417,0.000384055578024923,0.00334484452941031,0.00871838147372728
"ENSG00000230580",-2.83102048391673,-1.06818397673676,-3.74484887796622,0.000384258743911656,0.00334584774585293,-0.199251177685989
"ENSG00000213985",2.32461197754071,-2.06519269280814,3.74319174053519,0.000386348658505462,0.00336044759178636,-0.228755304771413
"ENSG00000233533",1.63371640115044,-6.14458391352907,3.74090217650762,0.000389254047918857,0.00337913868158797,0.0129011342275707
"ENSG00000160191",-3.91742654798988,1.1403434461215,-3.74023764913609,0.000390101216506355,0.00338576189680235,-0.0558687467046592
"ENSG00000108448",-2.28950784122728,0.000144351848452416,-3.73899681472097,0.000391687806471594,0.00339513436735037,-0.12840634330239
"ENSG00000180644",-1.7174860544232,7.9736691083616,-3.73552836864854,0.000396155508543344,0.00342720642791942,-1.02024331644861
"ENSG00000204789",-3.7964679304964,-0.891042445621563,-3.73441100254667,0.000397605129709228,0.00343605361663164,-0.141378026685494
"ENSG00000164100",2.94490429032148,-5.38785083768433,3.73322638775461,0.000399147532079261,0.00344641947694382,-0.180687976088436
"ENSG00000197859",-3.66830595746739,-2.88172801216376,-3.73153121814701,0.000401364640380726,0.00346258825591973,-0.206009161957954
"ENSG00000196220",-3.15476410710032,0.161590944319247,-3.73127054843438,0.000401706611919533,0.0034640517401092,-0.116650367347301
"ENSG00000122641",3.69593886777519,-4.23348597203712,3.72972007953121,0.000403746426226649,0.00347716662964091,-0.127458415893008
"ENSG00000230508",-2.71000868885297,-3.60950934249356,-3.72952925448032,0.000403998160779195,0.00347858943235065,-0.254741755545093
"ENSG00000186994",-2.81406808837384,1.04651283957058,-3.72643755889558,0.000408097654144385,0.00350787724864498,-0.0660417862080935
"ENSG00000171596",-1.89514700639725,3.90823915473666,-3.72605286885958,0.000408610513108945,0.00351153481145913,-0.115766339687877
"ENSG00000176788",2.40457610777881,9.0760023671035,3.72246170707358,0.000413427957548197,0.0035498997755986,-1.75600975146703
"ENSG00000096872",-2.72907704699184,0.535043328549143,-3.71891506945131,0.000418238900172942,0.0035843189649867,-0.0832459709766784
"ENSG00000237135",3.23614281733839,-2.58497540145788,3.71841358898392,0.000418923448677523,0.00358909329757255,-0.200523696689503
"ENSG00000270277",2.02576572355932,0.832287065741775,3.71823571502391,0.000419166513486624,0.00358909329757255,-0.0495405129929685
"ENSG00000136378",3.94192380997506,-4.72453346329319,3.71821716879885,0.000419191864661726,0.00358909329757255,-0.204350406378816
"ENSG00000123405",1.64144702779975,9.13791660486445,3.71775147037902,0.000419828916702425,0.0035925845273033,-1.79104766026689
"ENSG00000164162",-3.16972761554667,-0.321358930467763,-3.71565806601513,0.000422704028269006,0.00361487924791972,-0.18744347677652
"ENSG00000144451",-2.93527391434515,-0.660086157733743,-3.71543236877801,0.000423015124817309,0.00361677032069448,-0.194824835836665
"ENSG00000229647",4.34857353497584,-2.8258037233154,3.71417332891738,0.000424754576784424,0.00363009853228899,-0.269841649160564
"ENSG00000189046",-1.63757959208476,2.06605937457066,-3.71360071498697,0.000425547941300438,0.00363533326310247,-0.0598676391705943
"ENSG00000213169",-2.0557860846983,0.865608579017921,-3.71167847122538,0.000428221599983785,0.00365367744346672,-0.119868781961057
"ENSG00000259704",3.60497683288873,-1.35493204110951,3.71056341137147,0.000429779887043249,0.00366292368431475,-0.244598788267679
"ENSG00000072195",-1.69830698215909,2.38269860378202,-3.71043457717655,0.000429960280392194,0.00366368444093408,-0.0733990182185558
"ENSG00000211818",-3.43816906700332,-1.26565241684386,-3.70856690979857,0.000432583520181974,0.00368447514371943,-0.296860308880344
"ENSG00000233597",-1.57618906962587,1.61018279824642,-3.7076897689737,0.000433820779956084,0.00369353571899747,-0.0802817195307775
"ENSG00000130595",-1.67675731882318,2.73830664602107,-3.70584728332482,0.000436430730204614,0.00371173856900485,-0.103386180448546
"ENSG00000175866",-1.64602555805022,3.02894610317912,-3.70504056759773,0.000437578186969558,0.00371946590945872,-0.108950955502424
"ENSG00000226525",-3.39758771295179,-2.74027049842006,-3.70501340082295,0.000437616878556781,0.00371946590945872,-0.306126676347513
"ENSG00000198034",-1.7740309009238,9.44443495601401,-3.70425478489146,0.000438698638216157,0.00372708424631571,-1.69068572499805
"ENSG00000279227",2.46929215802862,0.346092784016377,3.70346885418675,0.000439822040429958,0.00373504978229091,-0.114535707827992
"ENSG00000166265",4.18275998382809,-3.25639146825781,3.70253145041078,0.000441165548937276,0.00374566787716502,-0.32728930140686
"ENSG00000270210",1.88211325446119,1.54045787984141,3.7003820780137,0.000444260886939631,0.00376876475559128,-0.109608942016775
"ENSG00000261000",-2.63447112163496,-0.830208448206745,-3.70019940217181,0.000444524914582679,0.00377020899072845,-0.310057971924271
"ENSG00000259651",3.58494688843055,-3.21466283660488,3.69962590940837,0.000445354777058184,0.00377565431195553,-0.307452986239816
"ENSG00000205336",-1.8073711463857,6.20440325132448,-3.69911667419689,0.000446092896392693,0.00378031758448125,-0.657799776146928
"ENSG00000166813",-3.60189664354013,-3.1704677102254,-3.69729583171443,0.000448741712158501,0.00380116188626128,-0.271724267020485
"ENSG00000251002",-3.12520701730944,-0.790714348860841,-3.69699235310161,0.000449184645802296,0.00380317347259847,-0.268993346656446
"ENSG00000255074",-2.13723880941659,-5.3108064132926,-3.6960155902088,0.000450613087734413,0.0038129967066089,-0.230589186447346
"ENSG00000237892",3.41709195123909,-3.05481113490303,3.69581665712224,0.000450904543392098,0.00381388645990122,-0.336098533560673
"ENSG00000181036",-2.35055496628529,4.26811101713324,-3.69540854333846,0.000451503031806455,0.00381651069905027,-0.247414372189736
"ENSG00000229882",2.01680124328163,-6.22268732982403,3.69456517990833,0.000452742206244603,0.00382537666570945,-0.125336347390121
"ENSG00000235304",-3.46036663975418,-3.94029226898662,-3.69436535042884,0.000453036295964958,0.00382661183387077,-0.253218815749063
"ENSG00000184612",-2.96832252271862,-4.29337398858342,-3.694336506663,0.000453078760490147,0.00382661183387077,-0.287241298311287
"ENSG00000166507",2.63756791403919,-0.0699595986795567,3.69019181722967,0.000459220336008667,0.00387198700127721,-0.190204760950353
"ENSG00000234912",-1.58583885780286,2.23535218975361,-3.68884634214073,0.000461231079728699,0.00388811320345002,-0.137541144288963
"ENSG00000280027",-3.45128202643975,0.165971919648092,-3.6886515531451,0.000461522877327575,0.00388894209061479,-0.206839487924965
"ENSG00000198932",-1.68924696793286,3.2381587528572,-3.68798601705871,0.000462521192950903,0.0038949051108111,-0.206676933184745
"ENSG00000226057",3.36129471697637,-4.46462339996423,3.68759468842106,0.000463109154502617,0.00389903962917575,-0.267259906506641
"ENSG00000252126",1.89790852206935,-6.15138629499029,3.68633926101186,0.000465000221784249,0.00391338410766023,-0.15742362401553
"ENSG00000253291",-3.55917500451895,-3.52196845141309,-3.6863343666467,0.000465007608633722,0.00391338410766023,-0.258080957260353
"ENSG00000117155",-1.55164773399745,1.42431232140007,-3.68515200336783,0.000466795382454178,0.00392596400950269,-0.140441152278327
"ENSG00000115523",-2.24950023530027,8.31944762535492,-3.68378502252658,0.000468870479958008,0.00394094313929999,-1.22333548419492
"ENSG00000255833",-3.71269282807642,-1.04521779419843,-3.68298326843844,0.000470091647270446,0.0039470811202102,-0.311488329519844
"ENSG00000235043",-2.1423063188396,-0.0950601795746986,-3.68271229080465,0.000470505064400484,0.00394972741679438,-0.314697747338537
"ENSG00000227456",-3.45912294870276,-3.89540467159637,-3.68245063252792,0.000470904592682786,0.00395225604071678,-0.31361878253184
"ENSG00000143036",3.73923115412101,-3.01469805258291,3.68196034725644,0.000471654085272787,0.0039560687536275,-0.389548389542269
"ENSG00000276557",-3.14276162387181,1.70309062204197,-3.68170520279528,0.000472044571408006,0.00395851811842817,-0.175715600206456
"ENSG00000237879",4.27908782300141,-2.56631308769055,3.68106816952912,0.000473020866784394,0.00396364628372776,-0.378212701603284
"ENSG00000117569",1.81396061859118,2.08047978827119,3.68029813947579,0.000474203560671628,0.0039708251502022,-0.201785391536126
"ENSG00000120057",-4.21404237715695,-1.42605123128759,-3.67896820455714,0.000476252863701315,0.00398632471924219,-0.32081264978345
"ENSG00000213684",-2.4246357083717,-3.73554823354036,-3.67851956606872,0.000476946076938914,0.00399046538711721,-0.313576030029961
"ENSG00000113387",-1.57854318081259,4.85017837188429,-3.67838713646172,0.000477150884355018,0.00399134828398677,-0.585356258499356
"ENSG00000275234",-3.10941482137567,-0.784938026021487,-3.67720167486247,0.000478987987110415,0.00400421606525533,-0.391692682393595
"ENSG00000198744",-2.03596116663738,3.2585392252681,-3.67707723017159,0.000479181229225447,0.00400499870630383,-0.194866623726972
"ENSG00000260992",-3.39787433972316,-1.05042530897204,-3.6767647877271,0.000479666728763772,0.00400739023893623,-0.365403105514432
"ENSG00000242578",2.39611015165942,-5.75476882856633,3.6746477509106,0.000482968744347936,0.0040333006772488,-0.205414663727801
"ENSG00000021852",3.24495626430451,-5.84702123622395,3.6741414623852,0.000483761627258611,0.00403908306106971,-0.222864241693167
"ENSG00000258215",2.11335216675084,-6.09124263740298,3.67305301360773,0.000485470420091293,0.00404998585360244,-0.216964158870133
"ENSG00000239246",-2.213826251091,-2.51837857006863,-3.67288232507793,0.000485738911577199,0.00405138500481878,-0.446866215044698
"ENSG00000228570",3.69249042263955,-4.42884209757211,3.67246854662805,0.000486390369319078,0.00405395937423927,-0.289429858432013
"ENSG00000259612",-1.9356927218671,0.571761690557939,-3.67223816718564,0.000486753442601188,0.00405395937423927,-0.214536347918957
"ENSG00000255423",2.14866759557055,-0.894727442579704,3.67042985159551,0.00048961230362328,0.00407360720056442,-0.185251945431579
"ENSG00000146373",2.08712295250194,0.211713589343002,3.66997440012683,0.000490334871841269,0.00407871767385945,-0.199628702357145
"ENSG00000175707",-3.39512183114028,-0.831600683352905,-3.66922408867089,0.000491527450484382,0.00408694654899134,-0.387766653916374
"ENSG00000216867",-3.17915203192988,-2.8041351412195,-3.66909769727468,0.000491728614723086,0.00408777373223687,-0.408319692297689
"ENSG00000169242",3.0675791976705,-0.273768549257876,3.66826931666185,0.00049304900861491,0.00409620918461182,-0.314371479094287
"ENSG00000138738",2.5759491970648,-0.69843006123587,3.66741273643362,0.000494417907341854,0.00410503690850005,-0.200187622753748
"ENSG00000274173",3.8346694764096,0.783405097076342,3.66670121239681,0.000495557747618145,0.00411261005396098,-0.192728032515251
"ENSG00000170525",4.1619956251444,6.64189339544148,3.66665184457596,0.000495636926308167,0.00411261005396098,-0.994007995967753
"ENSG00000246263",1.79036917871678,3.04838095327086,3.66578489711329,0.000497029349993008,0.00412246212676272,-0.301281516602418
"ENSG00000228013",-3.4001870804986,-2.18499250721075,-3.6593156164916,0.000507538230216929,0.00420095777870722,-0.411711583234599
"ENSG00000008438",2.44517065001806,5.86199985769272,3.65916245788696,0.000507789574624772,0.00420217300927647,-0.799413854049627
"ENSG00000241478",-2.69217493066472,-2.12455519097484,-3.65802226986321,0.000509664440389574,0.00421142974033804,-0.474939924592881
"ENSG00000163600",-2.68587301157371,2.09547185828316,-3.65794466654789,0.000509792286870332,0.00421142974033804,-0.217047240445537
"ENSG00000229000",3.29951243294678,-3.96804600467295,3.65728655901247,0.000510877706738202,0.0042165587363541,-0.480631795700767
"ENSG00000211752",-3.23252709383946,1.63984716987999,-3.65727824185488,0.000510891438355823,0.0042165587363541,-0.255419440912485
"ENSG00000256862",-3.66163468334747,-0.0158205610888554,-3.65654911054079,0.000512096602048441,0.00422390389732282,-0.340811843764397
"ENSG00000168004",-3.32144367626834,-2.18828036566956,-3.65455695812474,0.000515403219501749,0.00424682111711607,-0.445756579173985
"ENSG00000156787",-1.57014066916539,2.73068643449677,-3.65423747680265,0.000515935391939206,0.00425033496449589,-0.261741444732039
"ENSG00000186152",3.19777425418292,-1.04443305732748,3.65403269072486,0.000516276787551307,0.00425227605268135,-0.35817723963989
"ENSG00000233707",-2.81169946209614,-4.25583398050607,-3.65173022470899,0.000520130045814411,0.00427793739344571,-0.385299843882808
"ENSG00000230979",-1.71259077460048,3.42512016808097,-3.65167872741438,0.000520216541040019,0.00427793739344571,-0.299996544394904
"ENSG00000206561",-1.67394121251505,3.13932777501199,-3.6509071902204,0.000521514063326486,0.00428680277941038,-0.271629468120658
"ENSG00000184903",-2.73522086673565,-0.448242600383288,-3.65085874784777,0.00052159563348911,0.00428680277941038,-0.348870492294238
"ENSG00000179044",-4.08637118183602,0.225743444806176,-3.65083139965015,0.000521641689390468,0.00428680277941038,-0.356088166567798
"ENSG00000163751",-3.49781675924287,1.09564373577851,-3.6486335727049,0.000525355655181515,0.0043120351265021,-0.295842861514678
"ENSG00000149571",-3.75005486618663,-2.92267381695993,-3.64801035595309,0.000526413367681495,0.00431807186442185,-0.397363987738497
"ENSG00000149328",-3.65710481800666,-0.130769172946561,-3.64719435120712,0.000527801345903483,0.00432857399184248,-0.364141289984816
"ENSG00000184925",-3.47869783957034,-1.01397062380839,-3.64694932014361,0.000528218810556449,0.00433111413868863,-0.397873861530493
"ENSG00000234506",-2.10985613201354,1.00538877675517,-3.64636810994169,0.000529210289875312,0.00433747442886183,-0.260834329003579
"ENSG00000207248",3.80818392986753,-3.74304893410596,3.64570971318261,0.000530335583736455,0.00434404057403687,-0.478631077597075
"ENSG00000239593",1.59157176505718,-6.31596975221602,3.64556479754032,0.000530583571283748,0.0043451865416071,-0.255363776672276
"ENSG00000258777",3.41799993377932,-4.35070734086112,3.64131511307807,0.000537905204645234,0.004400664435724,-0.43137934201837
"ENSG00000232677",-1.76832587240709,1.43768839214861,-3.63930795093545,0.000541396659802832,0.0044274264681435,-0.287689444058296
"ENSG00000100450",-2.18569261975544,5.86053234247084,-3.63907267749962,0.000541807328867791,0.00442988371672625,-0.725332735252628
"ENSG00000242276",-2.72722983883594,-3.20880527211657,-3.63663777215803,0.000546074919478403,0.00445963754231614,-0.513433014773002
"ENSG00000128536",-3.33120001914706,0.314575297147059,-3.63661668106881,0.000546112024795342,0.00445963754231614,-0.343953084901711
"ENSG00000119714",-2.04987424276316,3.0002845103558,-3.63648350766946,0.000546346370750213,0.00446064516590172,-0.294303265479092
"ENSG00000280239",-2.57852909548117,0.546675920026669,-3.63544706964315,0.000548173474156719,0.00447102252141376,-0.355108547853275
"ENSG00000167094",-1.59611667567053,4.15697838416374,-3.63452907187149,0.000549796644081748,0.00448153379671014,-0.45984127946808
"ENSG00000236090",2.72593522470933,-4.97890878022195,3.63410348369272,0.000550550706263561,0.00448677062501676,-0.419416305724605
"ENSG00000168734",-1.58866060833066,2.98833836570135,-3.63300370246113,0.000552503877984259,0.00449893904026493,-0.318531945323822
"ENSG00000158352",4.33957130355334,-2.29263903334376,3.63175586780439,0.000554727982361326,0.00451440776252835,-0.476554947377414
"ENSG00000173369",3.17461329082282,2.58488410158618,3.62948037058137,0.000558805741461646,0.00454155912160276,-0.346840851500164
"ENSG00000213058",-4.81905788391397,-2.0149477802487,-3.62845592324159,0.000560650889971717,0.00455339132901878,-0.407104416901537
"ENSG00000230539",2.51560716453854,-0.974530900163276,3.62833611051766,0.00056086706531344,0.00455422697631406,-0.334734097889942
"ENSG00000280136",3.11952309275682,-2.97766856480356,3.62720052372438,0.000562919925294729,0.00456905044148974,-0.563598131782315
"ENSG00000160172",-2.9548644915355,-0.0689397108080613,-3.6260516526139,0.000565004082967521,0.00458226631903576,-0.441179227325287
"ENSG00000101188",4.50929005722612,1.65208338206931,3.62288968761633,0.000570778200466412,0.00462163649851978,-0.337948371449663
"ENSG00000204001",-4.20046371848472,-2.96130542162203,-3.62021533333025,0.00057570571622184,0.00465590851006848,-0.458777454813452
"ENSG00000259162",-3.5816859379588,-2.9314408876388,-3.61913864833578,0.000577700932676464,0.00466897011842613,-0.481027002229173
"ENSG00000237788",3.24179327017678,-1.7938980683615,3.61728008285272,0.000581160565313347,0.0046905876423865,-0.517534554656947
"ENSG00000245954",-1.96529507612593,3.02930284353982,-3.61702994391207,0.000581627690987007,0.00469341558270969,-0.339703650695599
"ENSG00000280285",1.77027768664117,-6.16433682463813,3.61576831615291,0.000583989191468822,0.00470681280916499,-0.337163371145212
"ENSG00000115468",-3.81482614773677,-1.60106275501919,-3.6156084184992,0.000584289137214294,0.00470733304494771,-0.501762619232755
"ENSG00000274008",2.12295081471376,0.082684604325184,3.61392779228617,0.0005874506455843,0.004728066236993,-0.35485415047397
"ENSG00000222623",2.27383311034763,-5.88730015821898,3.6113984535785,0.000592239432113248,0.004760422175178,-0.411333698702186
"ENSG00000250654",-3.49344186907661,-1.737324044665,-3.61130446628336,0.000592418092194805,0.004760422175178,-0.528537840895204
"ENSG00000185522",-1.50356490863092,2.29236581588248,-3.61114561095201,0.000592720176348631,0.00476189778768339,-0.355768839544603
"ENSG00000277449",2.09766346717312,2.05118303781026,3.61106259427659,0.00059287810174341,0.00476221487438333,-0.393604970768953
"ENSG00000123454",-2.89629844142668,-4.64889617242006,-3.6109122426216,0.000593164222714896,0.0047635613427056,-0.460820569488046
"ENSG00000267990",2.26311990081272,1.08384207687368,3.61022670720035,0.000594470471916514,0.00477309804513436,-0.358804378334053
"ENSG00000278156",-3.48957583931643,-0.90460887995347,-3.60930828937638,0.000596224758585253,0.00478431691509867,-0.477505027199816
"ENSG00000165591",-3.0592817331067,-0.434303587859044,-3.60528760881786,0.000603962921386242,0.00483344718087935,-0.513786783990652
"ENSG00000278875",3.56180911810324,-3.8903120386861,3.60519057901047,0.000604150840354179,0.00483344718087935,-0.574535784453033
"ENSG00000228549",2.66579547415552,-5.73149577898828,3.60479905052666,0.000604909684592958,0.00483855534023201,-0.406140875531547
"ENSG00000259015",-3.3953223433877,-3.07916118095594,-3.60345363604666,0.000607524233262419,0.00485482607726712,-0.562552304684067
"ENSG00000241431",-2.60628726633926,-2.74094734020181,-3.60344161905972,0.000607547634314981,0.00485482607726712,-0.612678912123528
"ENSG00000138207",3.6687756621795,-5.0594317759033,3.60282162003013,0.000608756142564769,0.00486222972672847,-0.417657605774525
"ENSG00000232973",2.65940730282112,0.838488019365852,3.60241243819368,0.000609554976966489,0.00486603041779324,-0.373278482313258
"ENSG00000163170",-2.5499747059024,0.559476646818488,-3.60140413118475,0.00061152772817822,0.00487984075589933,-0.454469648683187
"ENSG00000135298",2.79505449213882,-5.24616266832474,3.60096080416876,0.000612397018966908,0.00488524723823752,-0.427772334720468
"ENSG00000172460",-3.54823367599657,0.756126501725887,-3.60011239460657,0.000614063889920967,0.00489619129365385,-0.445091157513457
"ENSG00000125968",3.62071657309172,-4.06937081484802,3.59888114252478,0.000616490615023068,0.00491359153551891,-0.578116792426834
"ENSG00000211807",-1.91608123308545,1.43475828210572,-3.59542759551356,0.000623346155516796,0.00496036463659664,-0.419442498980833
"ENSG00000227268",2.14870117091429,0.14288348123719,3.59492599022579,0.00062434789233124,0.00496735285325559,-0.412168025830242
"ENSG00000113319",-1.5243369765403,2.93340238591617,-3.59460803907993,0.000624983653593901,0.0049704436877907,-0.455703770351983
"ENSG00000198816",-1.75463936841435,3.13398007012867,-3.59445248800064,0.000625294911149871,0.00497193552572134,-0.42589830592689
"ENSG00000278869",2.30940832410425,1.02974448615404,3.59395564279481,0.000626290086351856,0.00497886376340069,-0.39621495772248
"ENSG00000265800",3.13145422011211,-1.4440426573111,3.59289504785352,0.000628419491045494,0.00499381703479165,-0.537503099704447
"ENSG00000149557",-3.56431719279495,0.619971846196856,-3.59273159867979,0.000628748267477232,0.00499445521618646,-0.493487597300192
"ENSG00000163687",-3.75274005133869,-1.13052156602481,-3.59251574589249,0.000629182704098786,0.00499654258532843,-0.550408880188508
"ENSG00000096006",3.98079453359248,0.975197694066353,3.59080701948114,0.000632631871334897,0.00502034474761262,-0.411474045521571
"ENSG00000238005",1.69550497687388,2.38063801432386,3.59051994580121,0.000633213109334152,0.00502241337635039,-0.44324964950843
"ENSG00000105278",-3.52604687371432,-0.860080210083373,-3.58941472744534,0.000635455592226587,0.00503823013373204,-0.561652738643046
"ENSG00000232517",3.63903672051588,-5.29427727638868,3.58805556825645,0.000638223681112968,0.00505374599726286,-0.456373106016913
"ENSG00000207583",-1.53737595950083,-6.52640713239123,-3.58780344842177,0.000638738412953295,0.00505583021806425,-0.422238967804967
"ENSG00000265787",-3.25044767938268,-0.0767431927926169,-3.58684544614328,0.000640697889796715,0.00506793652449771,-0.507725107877932
"ENSG00000125498",-2.41396866859169,1.18953073950916,-3.58580877042344,0.000642824726202133,0.00508117177404211,-0.453044062621518
"ENSG00000128040",-3.44783459305617,-3.70999598606331,-3.58542027955783,0.000643623480186037,0.00508648538439926,-0.58318556154067
"ENSG00000242258",-3.17480662512469,-0.1166693644202,-3.58141949658414,0.000651904383101619,0.00514182068068497,-0.550603207236471
"ENSG00000105255",-2.90704677094277,0.729693710028318,-3.58069481328658,0.000653415148905952,0.00515070506202296,-0.500803736798025
"ENSG00000211750",-3.54431908701837,0.444706416550534,-3.58028541203496,0.000654270109799947,0.00515643343543961,-0.52361116949424
"ENSG00000269877",3.45248720831569,-0.469753842319947,3.57814145282787,0.000658764788592117,0.00518778884054462,-0.552782641785569
"ENSG00000118156",-3.41088050913874,-2.10603373172066,-3.57804732977406,0.000658962783257112,0.00518833172982812,-0.612777599221413
"ENSG00000159708",-3.36821454407089,-3.72624648666973,-3.57788989866063,0.000659294077533934,0.00518904514396868,-0.617797343745291
"ENSG00000215817",2.4722631964691,-1.77756889834377,3.57720117716037,0.000660745270070637,0.00519626004447961,-0.642795910736683
"ENSG00000211776",-3.45078151053728,-0.106411258168133,-3.57711634997654,0.000660924217892137,0.00519665077404648,-0.587175316199043
"ENSG00000185252",-1.68560155954981,2.96539200926539,-3.57676941417538,0.000661656578829482,0.00520037493296243,-0.471483049035675
"ENSG00000237676",-2.58045572179067,-3.74262912681536,-3.57604689923271,0.000663184243410342,0.00521034452874391,-0.674834611520756
"ENSG00000179846",-3.3667715350343,-2.32295446510715,-3.57530581427124,0.000664754656755835,0.00521962240447228,-0.614544556920507
"ENSG00000132481",-1.56615250303734,2.05054313878757,-3.57287322067425,0.000669934397100003,0.0052541362918873,-0.453698987422502
"ENSG00000251429",2.92089399490564,-2.59724138818038,3.5720179998907,0.00067176452753404,0.00526540798126798,-0.639737108415165
"ENSG00000100505",2.76827279361206,-0.609320325870226,3.57185290688337,0.000672118365527002,0.00526694585838538,-0.50951992590273
"ENSG00000091129",-4.07577417318459,-2.26424093705794,-3.57180421681247,0.000672222755071274,0.00526694585838538,-0.593994477065224
"ENSG00000182685",-1.54065672945952,3.35630805478568,-3.57121473098255,0.000673487812829186,0.00527201998424255,-0.538754409466377
"ENSG00000156113",5.53486119784064,-1.55979309319091,3.56708526878429,0.000682413474985165,0.00533535327136398,-0.602134246309232
"ENSG00000164039",-2.96224213396462,-0.677446648376135,-3.56630399358695,0.00068411477381858,0.00534761464846482,-0.573436177531649
"ENSG00000272914",2.34553327665939,0.0253382760305112,3.56556820573444,0.000685720706652795,0.00535704311093192,-0.48815382276228
"ENSG00000086205",1.51647935278601,-6.26200456345084,3.56471817458673,0.000687580449630616,0.00536323423283858,-0.476357226206399
"ENSG00000162004",-3.26789864001017,-0.284850399462845,-3.56399520187236,0.00068916598039634,0.00537039169294314,-0.617380634395721
"ENSG00000231829",1.75847582685968,-6.38886574887003,3.56366554679488,0.000689890090814762,0.00537499252537502,-0.563524613998689
"ENSG00000265527",3.47862286610254,-3.5820441530169,3.56144931808451,0.000694777002840429,0.00540573351426184,-0.6806003104182
"ENSG00000235065",-2.29267661447899,-4.91793966138351,-3.56074236221295,0.00069634279224288,0.00541477232761088,-0.589821209239799
"ENSG00000204624",-3.55544328855325,-2.64400412803333,-3.56023636259006,0.000697465556230962,0.00542245412717021,-0.660754064121659
"ENSG00000224543",-2.41741033713159,-5.14318461781787,-3.55905933350586,0.000700083930678933,0.00543951669795567,-0.587363292278422
"ENSG00000155906",-1.53209489773663,2.3681489602275,-3.55856299609295,0.0007011908627582,0.00544489131097131,-0.503755154337158
"ENSG00000240733",1.62537622505618,-6.17484492760154,3.55801989675367,0.000702403989495214,0.00545136007445687,-0.507161932084694
"ENSG00000063180",-1.56590553192249,2.36297120988611,-3.55583415112848,0.0007073065143171,0.00548305755660934,-0.511369933350895
"ENSG00000237955",2.03052020351225,-6.18831553008053,3.55565208095501,0.000707716353336284,0.00548517694945542,-0.505045568123056
"ENSG00000182742",-1.51615743848489,1.62109042654031,-3.5543073892487,0.000710750244564592,0.0055039968210733,-0.504712516816894
"ENSG00000229961",-3.31185107397371,-4.6099725250588,-3.55417170404474,0.000711057062967796,0.0055039968210733,-0.638445437031256
"ENSG00000215086",-2.51181077263623,-2.76345761043568,-3.55417164330619,0.000711057200341139,0.0055039968210733,-0.740370172327587
"ENSG00000175398",1.81203716819075,-6.33741606138874,3.55415143044758,0.000711102917483079,0.0055039968210733,-0.505272462984848
"ENSG00000022840",1.69279092266889,9.16452651942552,3.55406150729587,0.00071130633818873,0.00550451153183124,-2.31511588512673
"ENSG00000159674",-1.8063424331677,6.45819566233775,-3.55293962474065,0.00071384887172147,0.00552049636851623,-1.1024514081562
"ENSG00000144596",2.77329094839055,-5.48349701225803,3.55004515590202,0.000720448585004951,0.00556775740376183,-0.556755143893432
"ENSG00000258056",2.25891539676031,1.44491105064864,3.54949664674492,0.000721705765194074,0.00557540846934188,-0.517870215711668
"ENSG00000211795",-2.9619674422851,0.868388705954974,-3.54949219539785,0.000721715976181661,0.00557540846934188,-0.58258224467828
"ENSG00000224261",-3.00748961456023,-2.40086704162506,-3.54683784372512,0.000727829329627961,0.00561616021299487,-0.719022121000134
"ENSG00000149970",-3.18945345954317,-1.04764214555159,-3.54539073850302,0.000731182914402773,0.00563623670700583,-0.639097419939874
"ENSG00000155659",3.55894835321468,1.10321634984576,3.54438182143218,0.000733529703913387,0.00565038535288867,-0.53270397185012
"ENSG00000106992",-1.62969450954213,2.42076583793208,-3.54354793799298,0.000735474757070593,0.00566378976630103,-0.542195504290977
"ENSG00000237094",1.88906292308732,0.581576149605375,3.54350648270791,0.000735571580268393,0.00566378976630103,-0.537312711815283
"ENSG00000274092",3.53767584823748,-4.55004918212373,3.54314939399788,0.000736406100277158,0.00566711294857242,-0.739965221880881
"ENSG00000135119",-1.75612516876285,1.39638403044891,-3.54230295916625,0.000738387821947287,0.00567584459233744,-0.548741181554898
"ENSG00000131746",-3.41558907927515,-1.69401797395021,-3.54153214079749,0.000740196913136906,0.00568866302847063,-0.700747874841483
"ENSG00000257279",3.33442372033902,-4.9346154140345,3.54019855117293,0.000743336763288012,0.00571061046392216,-0.673458084165302
"ENSG00000237489",-1.88644334359628,0.650324559151229,-3.5379784843049,0.00074859184934301,0.00574549246416336,-0.582686977615742
"ENSG00000200483",2.28499740817076,-5.3675943809709,3.53478791810554,0.000756206029758657,0.00579619010602905,-0.581805246070001
"ENSG00000236735",-3.10905563263227,-5.31913312564199,-3.53410577502541,0.000757843459342002,0.00580541592082072,-0.667822187034369
"ENSG00000205177",3.43881988798057,-5.52195059676373,3.53308789559794,0.000760293060131598,0.00582196221017343,-0.626944899331689
"ENSG00000211699",-3.06691472562799,-0.242476794520426,-3.53249215825579,0.000761730232161398,0.00583041588792379,-0.668201380037179
"ENSG00000231584",-2.75632957436462,1.36654213572573,-3.53248667611274,0.000761743469397235,0.00583041588792379,-0.581744772267158
"ENSG00000234553",3.92934613734006,-3.53264623517703,3.5322406790237,0.000762337681270607,0.00583317462170555,-0.738823036245781
"ENSG00000147883",2.21637910732587,0.701578064943094,3.53156292501988,0.000763977090519383,0.00584016105591562,-0.567181352955839
"ENSG00000105889",-3.13160639588053,-4.10634927856359,-3.53121975300153,0.00076480846069028,0.00584540489290316,-0.69025111549526
"ENSG00000259207",1.90729902352221,3.04766548133535,3.53099582026173,0.00076535142441402,0.00584733851592135,-0.662794906296447
"ENSG00000229897",1.88055690529147,-5.30869135815652,3.52914474185141,0.000769853726370157,0.00587726158517528,-0.598097262057184
"ENSG00000257322",3.86535411661143,-3.70842582378197,3.52905749604369,0.000770066550241034,0.00587777016381053,-0.761250919694012
"ENSG00000184500",2.81941687523698,-0.0715469918705691,3.52791326466339,0.000772862918361502,0.0058968751269632,-0.5986074894221
"ENSG00000073734",2.67236045586845,-5.4507909173362,3.52638519789177,0.000776612375986232,0.00592098819256562,-0.602302980875955
"ENSG00000233836",-3.54361728239783,-3.51676565092242,-3.52621376291973,0.000777034106495195,0.0059230802330906,-0.744437450877829
"ENSG00000121690",-3.53023754162935,-2.67318070255269,-3.52544517945339,0.000778927498373369,0.00593526218529306,-0.741126708835547
"ENSG00000079156",3.44297662325019,-2.53162535919468,3.52472306059516,0.000780710416463704,0.00594546697531234,-0.802700291874729
"ENSG00000253833",2.93379173666483,-5.11754200445259,3.52405689517329,0.000782358620716529,0.00595350771721482,-0.724821065121743
"ENSG00000211820",-3.25129421345879,0.0549575243046676,-3.52345078910775,0.000783861098211997,0.00596381223889453,-0.672187911664564
"ENSG00000168970",-1.78081780218044,2.70632728534383,-3.5230876204063,0.000784762669974735,0.00596954188426193,-0.633165648552532
"ENSG00000224426",1.79744826852168,-6.07749049584226,3.52205452128051,0.000787332741252897,0.00598569418756599,-0.600670331084221
"ENSG00000275395",-2.11623368573134,3.7329849033128,-3.52079605220251,0.000790474269091468,0.00600276663506143,-0.717630677308908
"ENSG00000117461",-3.06369882481311,0.0591287330389738,-3.52000483406174,0.00079245548346781,0.00601326827979859,-0.678875380577222
"ENSG00000236269",3.42200111427101,-4.03856233065624,3.51952230420946,0.000793666053998671,0.00602131773973478,-0.812491133293793
"ENSG00000211767",-3.29926145925184,-1.06282365965287,-3.51615828926613,0.000802154605881088,0.00607654408623167,-0.737400902909096
"ENSG00000157445",-2.66193263461582,1.19978614445018,-3.51592957967448,0.000802734835769939,0.00607794911387598,-0.612852781508264
"ENSG00000248780",3.52847371065067,-3.3291349339207,3.51532389377795,0.000804273369320466,0.00608800564741506,-0.800602840918819
"ENSG00000254788",3.3627397458413,-4.37065151842703,3.51492657818413,0.000805284130722013,0.00609450915348012,-0.824689260566265
"ENSG00000115107",1.9413283160255,2.4715032193698,3.51463988208456,0.000806014227580873,0.00609783240627971,-0.692132531367599
"ENSG00000182263",1.72026884920969,-6.30345401447007,3.51084975722043,0.000815725363481749,0.00616077232062621,-0.623511709375429
"ENSG00000237541",-5.11624744274581,1.26994828747366,-3.51032508107403,0.000817078417729899,0.00616867353043707,-0.673125803724752
"ENSG00000164070",3.02060942120514,-4.74722098994815,3.51017371527367,0.000817469161174321,0.00616935900965294,-0.760773172835519
"ENSG00000185261",2.21057214184644,0.32970661870924,3.50778324140618,0.000823663617946165,0.00621139087763492,-0.632893930954554
"ENSG00000232134",-2.80663908913354,-3.38598848645726,-3.50673141290628,0.000826403319901482,0.0062308826456638,-0.832388625601514
"ENSG00000103260",-1.63719737875979,2.13319377814249,-3.50528994129864,0.000830171976046992,0.00625226185482225,-0.642238413616917
"ENSG00000124839",2.58393514967432,-5.49487487987676,3.50383112227534,0.00083400258647425,0.00627758322063992,-0.666762813161794
"ENSG00000115137",2.66504912582156,1.3373015661811,3.5036675792678,0.000834433066559094,0.00627847242032729,-0.643036035866279
"ENSG00000213398",-1.60622535722579,2.56271237602852,-3.50352141445134,0.000834817981950679,0.00627901824328928,-0.670334017167453
"ENSG00000198937",-1.7023703341423,2.28680170176438,-3.50295315692488,0.000836316051973758,0.0062879330318775,-0.651958158314397
"ENSG00000121552",-1.77857531091723,4.62966557061021,-3.5024732753112,0.000837583127028068,0.00629510504258411,-1.02104201552984
"ENSG00000105559",-3.01607752918965,0.27713903931188,-3.50205475561474,0.000838689669429784,0.00630044997951679,-0.717930877836882
"ENSG00000135318",-1.82040665054296,2.41931552024496,-3.50171137380221,0.000839598587241592,0.00630435980655332,-0.669236235808274
"ENSG00000171970",-2.84125162090598,0.246019667386721,-3.50053433795083,0.000842721251191736,0.00632544431299667,-0.731087518107628
"ENSG00000184838",3.56677915793591,-3.77642636272912,3.50042644792929,0.000843008032949647,0.00632641570667196,-0.824887667974641
"ENSG00000272053",-1.97361637152246,2.16541290183397,-3.50010558687694,0.00084386145885551,0.00633163836672437,-0.654551096618605
"ENSG00000159860",3.76084952621071,-3.21349908724979,3.49901253777437,0.000846774906359931,0.00635231289148758,-0.824265195665015
"ENSG00000272079",1.80635242463509,2.31939790797461,3.49607876549361,0.000854641928307519,0.00640415932932318,-0.681174970587517
"ENSG00000224195",3.22746177536928,-2.05545683304926,3.494302019262,0.000859439998425808,0.00643617239310335,-0.808565385690506
"ENSG00000220472",-1.59183280087793,1.74773459158245,-3.49425973783788,0.000859554489293365,0.00643617239310335,-0.671964166244575
"ENSG00000203739",1.58574073511241,1.52913277501641,3.49191045477075,0.000865938729209599,0.00647628599022027,-0.707073139839099
"ENSG00000168661",-3.1860689820122,0.248351966082847,-3.48971439823707,0.000871947221725923,0.0065107767845144,-0.73545896964007
"ENSG00000249138",3.03677120782611,-1.82775047046757,3.48886230436802,0.000874289212769929,0.00652329368581932,-0.718767795316033
"ENSG00000269834",-1.7284282831732,0.811196547298342,-3.48827804695655,0.000875898498189312,0.00653191818571309,-0.707514005043111
"ENSG00000227508",-3.15357535176593,-0.170479088752196,-3.48765487616488,0.000877618063029433,0.00654339788017605,-0.792174110432802
"ENSG00000253239",3.17648068005661,-1.81262204528846,3.48711785543135,0.000879102474885441,0.00655325008257825,-0.880597389253795
"ENSG00000251728",3.58941482166443,-5.24804731359299,3.48691795149395,0.000879655649473468,0.00655615803117025,-0.750975820504647
"ENSG00000117262",-2.69373712440568,0.480939166060365,-3.48664751941496,0.000880404515034226,0.00655930732272164,-0.715688926840919
"ENSG00000224646",-2.20851965555334,-0.624297207942408,-3.48490321183961,0.000885249300380681,0.00659173779846344,-0.862359880936753
"ENSG00000235917",3.6070425023225,-2.91868714027636,3.4840917729264,0.000887511664334199,0.00660645987627386,-0.866761843981555
"ENSG00000200830",2.44487926044547,-5.65887394497621,3.48397197952964,0.000887846123068677,0.00660740278408126,-0.806388427066714
"ENSG00000159307",3.5322202070772,-2.66603069776894,3.48377526643524,0.000888395598034856,0.00660782235563317,-0.897585848584789
"ENSG00000254126",-3.52413651161867,-0.607059691679739,-3.48246603914884,0.000892060860875064,0.00663017761673125,-0.792843718154074
"ENSG00000113657",3.09698692658115,-4.8248524486689,3.48232666302238,0.000892451896323478,0.00663067359036088,-0.772242079898285
"ENSG00000272668",-3.51143916528267,-2.38232214992363,-3.48102065051495,0.000896123966993787,0.00665422529018918,-0.858140862170872
"ENSG00000232320",2.68918738616961,-4.68171682018317,3.47886765008579,0.000902208776321187,0.00669446238938065,-0.857155233025948
"ENSG00000251441",3.34459745613055,-1.83796809629926,3.47773374262093,0.000905429152425929,0.00671463987932617,-0.79295478888971
"ENSG00000199562",3.64864091202227,-3.84025725679723,3.4765312720973,0.000908856156802473,0.00673756872870607,-0.89641689516051
"ENSG00000265531",2.25450501280154,1.76077469060826,3.47525856878768,0.000912496715429651,0.00676081698372702,-0.779077991433877
"ENSG00000136897",-2.02869658869427,1.78458821384146,-3.47335829369392,0.000917958177392763,0.00679376926501176,-0.739263255878907
"ENSG00000213236",1.94073240767065,-1.28084023358096,3.47329461115116,0.000918141738910464,0.0067938770822158,-0.862855414681942
"ENSG00000025156",-2.11730431370941,2.12725671855558,-3.47209759780955,0.000921598545909195,0.00681443898154156,-0.745671920769927
"ENSG00000214144",-2.49847478994312,-1.33352076250141,-3.47150580208006,0.000923312122781697,0.00682459899982898,-0.893148500087782
"ENSG00000159339",1.55640201904335,7.95577584294657,3.47070360796556,0.000925639741403913,0.00684054575072061,-2.12036595636329
"ENSG00000187535",-1.52796956209326,2.41978184849202,-3.46924344643454,0.000929890776932522,0.00686517576584295,-0.751346563687179
"ENSG00000170161",-2.78516333750842,-1.32500075992153,-3.46852077755468,0.000932001554775605,0.00687870873968953,-0.884512255812934
"ENSG00000213864",-2.70629695589723,-4.63486509594139,-3.46840995803391,0.000932325638720827,0.00687983761524499,-0.862896052553015
"ENSG00000272389",2.62446657207341,-4.88127965886659,3.46680525417544,0.000937030469818413,0.00690821546811661,-0.781576516942142
"ENSG00000232380",1.98120762094821,-5.90190276043487,3.4641180942828,0.000944959375614543,0.00696028890041331,-0.773221991036836
"ENSG00000184106",1.93122668786407,2.11515391343708,3.4586421336478,0.000961314301108403,0.00706780496217264,-0.84998556452492
"ENSG00000181126",4.77506554395727,-3.48775138090869,3.45844386795391,0.000961911458289076,0.00706960958795931,-0.863823956617133
"ENSG00000234171",-1.8108417674576,0.958300379541566,-3.45792521834976,0.000963475243515104,0.00707980839696476,-0.78227426233296
"ENSG00000226089",-2.0474280017509,-6.1524695959818,-3.45657674221351,0.000967552325611748,0.00710457325922256,-0.813318857772272
"ENSG00000266320",3.31398803325029,-4.23041109857918,3.4552345080416,0.00097162676245931,0.00713188590549373,-0.937871674608864
"ENSG00000211787",-3.47057308249094,0.682362591768553,-3.45478885915551,0.000972983148216687,0.00714053824837664,-0.842282970286283
"ENSG00000228340",2.31208100710253,1.31833144179482,3.45442339405118,0.00097409682345249,0.00714645838946294,-0.783205623000267
"ENSG00000227311",-2.77350967592883,-4.35324541074852,-3.45440747351168,0.000974145365261851,0.00714645838946294,-0.897553091958372
"ENSG00000202125",1.83831219468401,-5.98190269779475,3.45361887489202,0.000976552676469472,0.00716150505279564,-0.867928455298783
"ENSG00000213315",-2.46068351973528,-2.90933608982742,-3.45249344297015,0.000979997981233519,0.00718022213259521,-0.973557252573981
"ENSG00000214279",-1.85291409952914,1.5514382727154,-3.45219834350956,0.000980903277906245,0.00718554547711131,-0.788965572857648
"ENSG00000019169",1.6234255397439,4.44223794139834,3.45171827499259,0.000982377709426183,0.00719503528408661,-1.16039086643957
"ENSG00000154856",3.2883337869509,0.248722469509185,3.4466985300235,0.000997921071472157,0.00729425871187703,-0.882584611586775
"ENSG00000253590",-3.44731614644997,-4.24213733653708,-3.44562968755425,0.0010012606233219,0.007316008647544,-0.939532274804122
"ENSG00000090554",-1.62907287365587,1.66446000751109,-3.44516474515229,0.00100271661635745,0.0073223820850742,-0.801889577458885
"ENSG00000171992",-1.51264792789939,2.44486783002471,-3.44200353673655,0.0010126694031935,0.00737791506835542,-0.823072998438716
"ENSG00000231826",-3.45097297930481,-1.82681200387045,-3.44174002645679,0.00101350325226087,0.00737997785679974,-0.936676285437898
"ENSG00000146856",-3.00392475762378,-1.98949860669834,-3.4414274435763,0.00101449322911782,0.00738584874990848,-0.953492400738414
"ENSG00000206814",2.90329831203989,-5.67536678833141,3.44002823647152,0.00101893587097526,0.00741148179572054,-0.837920753594753
"ENSG00000144120",-2.14763365193147,1.13917892427979,-3.43834073717909,0.00102431837781926,0.00744255330292608,-0.822531266548109
"ENSG00000226828",1.60666645665699,-6.47499692581448,3.43754441008638,0.0010268677088917,0.00745612432851336,-0.988793563380936
"ENSG00000182230",-2.31047555190332,1.2800660865447,-3.43752559241359,0.001026928023655,0.00745612432851336,-0.821188754201412
"ENSG00000224067",3.38781818213768,-0.49078353287652,3.43715736042529,0.00102810896300639,0.00746335076395505,-0.837803639019964
"ENSG00000230364",-2.12181834570509,-1.70428629028903,-3.43386590001964,0.00103872210596047,0.00753223414571122,-1.02291344886422
"ENSG00000145623",2.84382061239865,-5.80362560000632,3.43216541223928,0.00104424578842753,0.00756410255610157,-0.851821295968902
"ENSG00000105711",1.68653517732285,3.06280721954695,3.43039502593127,0.00105002605594544,0.00759912646284764,-0.944437399435209
"ENSG00000167105",4.10957327164938,-1.54277632225435,3.42755538583319,0.00105936069495921,0.00765703320006295,-0.968414853364999
"ENSG00000243383",1.54533028587204,-6.5819548056742,3.42734353446497,0.00106006024475465,0.00766071219838689,-1.02165736376001
"ENSG00000157833",-2.29742163049611,0.978445446978782,-3.42637212362713,0.00106327352117687,0.00768255249790666,-0.864386868686027
"ENSG00000241255",-2.81776319199819,-5.0696482375197,-3.42486979096132,0.00106826116125243,0.00771581660162959,-0.963593583704096
"ENSG00000171595",-3.48651712216259,-1.42343142343175,-3.42119107903549,0.00108056787156569,0.00779576145106916,-1.00132182831652
"ENSG00000224810",2.03823897890521,-6.09265752983638,3.41979216874306,0.0010852828753622,0.00782751025391304,-0.868709832443582
"ENSG00000205544",-2.77241351118036,-1.07086103089621,-3.41952862308004,0.00108617332780884,0.00783112269092016,-0.943747162871764
"ENSG00000266402",-3.02046243462269,-1.07771547829979,-3.41811360689418,0.00109096613121514,0.00786003949948229,-0.978762879638192
"ENSG00000182557",-1.61727498197738,3.09314696980284,-3.41766441355716,0.00109249177373395,0.00786821108700326,-0.946714382779935
"ENSG00000152359",-1.51772574831604,2.71155770680878,-3.41735354570368,0.00109354878840462,0.00787159326614906,-0.93958377856509
"ENSG00000158525",-4.26698621883072,-1.71224917685852,-3.41518192683073,0.00110095976975619,0.00791926725062412,-0.974756812575232
"ENSG00000207277",1.81149934615871,-6.0605929621591,3.41387261059106,0.0011054509426408,0.00794730665165336,-0.884667685758092
"ENSG00000228956",-2.55260599822383,1.69026857636234,-3.41362911324372,0.0011062880879728,0.00795048153605334,-0.885243759314583
"ENSG00000228205",-1.6560427178574,0.134306794878113,-3.4132601639222,0.00110755768070124,0.00795818299902615,-0.934305698945777
"ENSG00000144671",3.18794099428108,-3.25099940266516,3.41073450244565,0.00111628582186254,0.00800801616890037,-1.07774681754606
"ENSG00000279005",1.51904370518546,-6.58303877724905,3.41005207547744,0.0011186552821792,0.00801984142450921,-1.07237438843466
"ENSG00000184860",-2.24809059567781,1.0255310325849,-3.41002995389271,0.0011187321702564,0.00801984142450921,-0.89986552819159
"ENSG00000249309",3.45518357079096,-2.97354997855622,3.40814260075213,0.00112531048619668,0.00805837765694316,-1.0540341618794
"ENSG00000240898",-2.6230279728331,-4.6555339620596,-3.40772491480182,0.0011267712542802,0.00806740124035133,-1.01220041645897
"ENSG00000237176",-2.47708374511605,-4.48032340317956,-3.40743166807517,0.00112779789381306,0.00807187661154933,-0.986226301200911
"ENSG00000242060",-2.76128334499632,-5.43556459741866,-3.40504933638783,0.00113617114242343,0.00812168425812709,-0.986040395589653
"ENSG00000177464",2.86641152981876,-5.17864277436262,3.40489291164918,0.00113672298452891,0.00812418443093887,-0.939773322101715
"ENSG00000269925",3.00820739486385,-1.72284682201022,3.40455626359909,0.00113791148620142,0.00812978808748348,-1.00102251345576
"ENSG00000243504",-2.00355931075969,-5.33529814254047,-3.40400824126774,0.00113984873690308,0.00814218175568187,-0.958563949145224
"ENSG00000142528",-1.78036889404896,2.04838192228724,-3.40241155251968,0.00114551080246333,0.00817536397667865,-0.918571241299805
"ENSG00000170074",-2.40352433966319,1.92961046367449,-3.40175533554002,0.00114784553503052,0.00818766611059208,-0.935008363556987
"ENSG00000115718",-3.59888356964694,-1.01517025594102,-3.40055542010316,0.0011521263137732,0.00821237270679255,-1.02626584216725
"ENSG00000080573",-2.53329682450583,2.54219034139845,-3.40029002528505,0.00115307516384291,0.00821566919331096,-0.922945682001235
"ENSG00000176472",-1.89229397804233,2.40365264370348,-3.40012612022987,0.00115366153267625,0.00821603205255102,-0.924104410661859
"ENSG00000086289",3.31239456020246,-1.08847321482872,3.39888888376761,0.00115809683913372,0.00824032019944316,-1.05951544541885
"ENSG00000233873",-3.03121165028037,-3.99777196747252,-3.39867812808936,0.00115885397158901,0.00824338818730266,-1.06092704312262
"ENSG00000105695",-2.87547820856445,-5.08790818044265,-3.39865471438256,0.00115893811339323,0.00824338818730266,-0.9935776584182
"ENSG00000279144",2.99739502536007,-5.44084014707091,3.39784019044365,0.0011618688648861,0.00825745569835452,-0.955189261259227
"ENSG00000272173",-3.65461538601903,-1.48939522730056,-3.39775008944408,0.0011621934887608,0.00825745569835452,-1.03740666816326
"ENSG00000234985",-2.94343070456859,-2.82856836642536,-3.39678672390883,0.00116566975122044,0.008276625810414,-1.06516994438377
"ENSG00000160883",2.84376319783475,8.66095739032247,3.39632711097038,0.00116733170570538,0.00828257487341473,-2.55620509103233
"ENSG00000130707",3.01754604638752,-4.84936617168407,3.39611763336386,0.00116808991690837,0.00828649211920776,-0.97280937555498
"ENSG00000254859",2.60828942630932,0.637863695944079,3.3926822118924,0.00118059115507158,0.00836364120037151,-0.942235062765259
"ENSG00000189007",-2.52874665166265,1.93942075482344,-3.39263912790025,0.0011807487344151,0.00836364120037151,-0.950484063336417
"ENSG00000228665",-3.06156057284847,-3.6757322989399,-3.38982772314998,0.0011910745055087,0.00841835043432851,-1.0784117868898
"ENSG00000241860",2.65233166301721,-0.232562135300211,3.38969981648165,0.00119154630684244,0.008420204715711,-0.953607961325415
"ENSG00000223723",2.45235188059249,-4.59783244372827,3.38953444217231,0.00119215657453313,0.00842303666245713,-1.0040296497401
"ENSG00000151414",1.72478716084685,3.57751575745292,3.38905246945937,0.0011939368455818,0.00842968898245162,-1.24627371188906
"ENSG00000253210",1.83743745378349,1.58261423499012,3.38712506713409,0.00120108126916467,0.0084721971131908,-0.957542716050487
"ENSG00000133048",-3.07919048805253,6.6653317556554,-3.38707395272261,0.00120127128696329,0.0084721971131908,-1.53663387417392
"ENSG00000242083",-2.38325770158971,-1.07277975046237,-3.38687725566262,0.00120200277321552,0.00847473088193795,-1.09412833365596
"ENSG00000137491",3.09203883000793,-4.9925639905716,3.38660268988869,0.00120302454516613,0.0084789608633886,-0.998419459660134
"ENSG00000144668",3.63747172276149,-1.50003133854742,3.38373058182778,0.00121376215025698,0.00854265860725332,-1.09970614923275
"ENSG00000273669",-1.60738975428422,2.29115568588995,-3.38184274000593,0.00122086925230493,0.00858216221037992,-0.981544963762192
"ENSG00000227939",-1.71004729327683,1.51240286388619,-3.3761701745104,0.00124246189624403,0.00871262046970215,-0.985907060710121
"ENSG00000133138",3.2810790547414,-2.56349539049216,3.37466424049259,0.00124825454914523,0.00874561334693908,-1.14921333820269
"ENSG00000181751",2.13611676600265,0.89402177397182,3.37442096331065,0.00124919271735407,0.00874761289375864,-1.00036546897429
"ENSG00000240540",-2.66499636539221,-1.86773445034857,-3.37298548636322,0.0012547420289433,0.00877882684434018,-1.13316988145525
"ENSG00000140538",2.65987921899066,-5.17038946878555,3.37271939281123,0.00125577325643529,0.00878298476952183,-1.01761197596424
"ENSG00000227992",3.52986796368544,-3.42686760876552,3.37256870108274,0.00125635760696427,0.00878554331452034,-1.14870107179744
"ENSG00000228097",3.77923868580048,-4.41713626885645,3.37148710927247,0.00126055933344222,0.00881032794211478,-1.14574377641301
"ENSG00000279727",-3.15640929405743,-0.695307034190209,-3.36923940771982,0.001269333602811,0.00886702858387628,-1.09342424318266
"ENSG00000172867",-3.07169987397988,-3.5086270300168,-3.3681544493122,0.00127358952450044,0.00888903577499419,-1.08042373365525
"ENSG00000164099",2.23588483255026,-5.95403191235731,3.36680928898034,0.00127888484071839,0.00892444512524919,-1.00751181174993
"ENSG00000277879",2.44088054243036,-0.287401175945087,3.36653909407639,0.00127995098593607,0.0089303348727181,-1.06397208467611
"ENSG00000244675",2.5486898384248,-5.95693398514094,3.36425368150006,0.00128900248397139,0.00898129054594695,-1.02050943246259
"ENSG00000139899",-1.76494468734288,1.31927500223359,-3.36424386276287,0.00128904150166942,0.00898129054594695,-1.01575115865503
"ENSG00000230006",-2.91382680142352,-0.0255799977345668,-3.36127322058348,0.00130089758237682,0.00905291407421031,-1.03784659576682
"ENSG00000226686",-3.15955001646843,-4.32004769169671,-3.3605009978971,0.00130399640494425,0.00907133820238252,-1.15817217413122
"ENSG00000206147",-1.96862365329157,-3.93283583589845,-3.35872865015898,0.00131113496190975,0.00910924181801489,-1.12644297804973
"ENSG00000261794",3.11808013390015,-4.17342993754689,3.3585860591202,0.00131171088215731,0.00910924181801489,-1.14063907474963
"ENSG00000120217",1.96095024616558,2.45360643592832,3.35727872346246,0.00131700230856956,0.00913809575580139,-1.1496428899866
"ENSG00000211694",-3.19687125648046,0.355197507614682,-3.35627014995245,0.00132109825997699,0.00916335269972308,-1.1114670202078
"ENSG00000172179",3.71618615312081,-4.01769419225249,3.35534721470791,0.0013248569563312,0.00918625376999429,-1.17942975130642
"ENSG00000260260",-3.2661954610676,-1.1201476840011,-3.35461459517693,0.00132784776706339,0.00920381653991079,-1.11965088580425
"ENSG00000281912",-3.05811931414755,-2.39164197291341,-3.35394860558918,0.00133057209942445,0.00921562794063482,-1.16203255264644
"ENSG00000152582",-2.44359730153688,0.939976581074171,-3.35373727225883,0.00133143769280865,0.00921794063852507,-1.04975499002444
"ENSG00000211771",-3.09453028343217,-0.119914305618591,-3.35150011836221,0.00134063342921723,0.00927484858395995,-1.11950156612006
"ENSG00000235532",-2.77910996630834,1.11365485770856,-3.35077936043716,0.00134360882112636,0.00928946477236335,-1.05284109369247
"ENSG00000236559",-3.07089774619735,-1.86939885767466,-3.34950183062994,0.00134889796506773,0.00931976459721479,-1.17905038348317
"ENSG00000164241",-2.17403945440896,1.18343680404992,-3.34948195598756,0.00134898040374093,0.00931976459721479,-1.05370933519445
"ENSG00000167711",-1.59762031402762,0.96367953251878,-3.34907097248116,0.00135068620160894,0.00932834335631037,-1.06123647871772
"ENSG00000148204",-3.15254790284727,-2.88830232983647,-3.34820702665614,0.00135427867048898,0.00935122707339327,-1.1847219587876
"ENSG00000137449",1.76552133381552,2.42276017062396,3.34816231556454,0.00135446483379854,0.00935122707339327,-1.1713762545124
"ENSG00000259668",2.6815179112951,-5.37543292900042,3.34748485996915,0.00135728850818713,0.0093658964308512,-1.12214738536657
"ENSG00000157554",3.84114246149653,-1.7165196338436,3.34725685812762,0.00135824008178338,0.00937085425911367,-1.18952379400986
"ENSG00000270959",2.23008840230516,0.787787563638547,3.3463791448945,0.00136190912764119,0.00938650278577597,-1.06152941862154
"ENSG00000214593",-2.68815952054792,-4.17452364243447,-3.34463097857708,0.00136924475026083,0.00941929798938842,-1.16255738312925
"ENSG00000225953",2.95336733216694,-5.11048061196089,3.34402517617934,0.00137179549298379,0.00943517007450792,-1.11065084753437
"ENSG00000259278",1.87458258451222,-6.26113661735412,3.34275150269608,0.00137717294830962,0.00946412083212704,-1.0966915566833
"ENSG00000262061",-2.85676637595037,-5.04171682081074,-3.34257911156347,0.00137790231064299,0.00946612708689857,-1.12469249060669
"ENSG00000163082",1.83161140523988,0.613217886739291,3.34178093787017,0.00138128402209715,0.00948264690169907,-1.08270919490651
"ENSG00000265218",-3.87637312038511,-3.01970868634141,-3.33817761877561,0.00139664829714656,0.00957160460321497,-1.16933754086387
"ENSG00000228203",-3.07495378869847,-2.61685977454546,-3.33791261704237,0.00139778458483222,0.00957477491265577,-1.22059567556846
"ENSG00000178175",2.59226166692172,-0.0192392079523897,3.33767616849416,0.00139879917682193,0.00957998713911335,-1.09708088924395
"ENSG00000100024",2.00239605346582,2.13531891071978,3.33596987417215,0.00140614144265501,0.00961674908170024,-1.13713706611295
"ENSG00000078589",-2.54552286054615,2.99676048886954,-3.33592853404759,0.00140631978138689,0.00961674908170024,-1.1631860479773
"ENSG00000010030",-3.60202435888126,2.16640682896218,-3.33415392565654,0.00141399547655132,0.0096560975281665,-1.09250798418057
"ENSG00000226396",-1.55056709426876,0.308174370541472,-3.33405152682672,0.00141443958468018,0.00965748984091588,-1.11056870366136
"ENSG00000282608",-2.5973848452936,0.881684318844414,-3.33319820467883,0.00141814559873557,0.00967786273304488,-1.11054628375868
"ENSG00000258632",3.17713537278159,-5.19725838726576,3.33267576607267,0.00142041908924122,0.00969173255697143,-1.18384799058997
"ENSG00000240654",2.03223416426949,-5.97169702106556,3.33201636517538,0.00142329350422936,0.00970691602117004,-1.10663394838616
"ENSG00000270956",2.36608157373637,-1.65972403726681,3.33147951405685,0.00142563775873982,0.0097189441457644,-1.1151671100307
"ENSG00000164344",-3.06397894494408,-0.360947456187573,-3.33034176130184,0.00143061799627959,0.0097480855400732,-1.17816642782002
"ENSG00000242899",-3.14003959191106,-3.67396006158486,-3.33002647106359,0.00143200100341196,0.00975585567516824,-1.23010250316886
"ENSG00000227135",3.29545802743043,-5.21742111645547,3.32959792206371,0.0014338828367446,0.00976702097641585,-1.15628981678562
"ENSG00000154710",2.21957777534006,0.543657080900407,3.32643312329207,0.00144785238864971,0.00984882601158976,-1.11207330145884
"ENSG00000153130",-2.36441936269523,-0.621286839599654,-3.3255570984629,0.00145174181473449,0.00987361266045607,-1.13253259836045
"ENSG00000164850",2.75144120568567,1.00427746831767,3.32539032242015,0.00145248339205259,0.00987698533952949,-1.11980656525972
"ENSG00000268758",-2.67243042311498,1.7049207904883,-3.32333162238835,0.00146166695951143,0.00992767952462889,-1.12080373486932
"ENSG00000143079",2.47724514878994,-0.259125969100758,3.32224654579914,0.00146652933343921,0.00994847976722743,-1.14521006760255
"ENSG00000088899",-2.64044832137466,1.05925979095391,-3.32220649264004,0.00146670910851094,0.00994847976722743,-1.15478294979945
"ENSG00000257315",2.26595128572444,-1.36414198338607,3.32071691252179,0.0014734097295507,0.00997897824484338,-1.12683703003031
"ENSG00000196976",-1.51681699259464,3.05274098664508,-3.32071030821372,0.00147343950204941,0.00997897824484338,-1.18214406585957
"ENSG00000254952",3.48933800689239,-2.84510588628704,3.31984612617202,0.00147734016674004,0.0100003417045433,-1.26227101688549
"ENSG00000239932",2.53168424447277,-5.51281929275692,3.31978549786339,0.00147761419024922,0.0100005127401345,-1.18234957593061
"ENSG00000234933",1.82529250075334,-5.32795407528297,3.31945958300919,0.00147908805816991,0.0100087973323491,-1.13072686811736
"ENSG00000275485",-2.88865926130418,-4.40245846483453,-3.31826413118087,0.00148450606006985,0.0100336436830747,-1.22987262564569
"ENSG00000104231",-1.79789288524414,1.96701328438338,-3.31802833058325,0.00148557695706527,0.010039193953259,-1.17789678625999
"ENSG00000257303",-2.79252354745727,-2.59724836282362,-3.31603089089889,0.00149467765460943,0.0100888232153473,-1.28107150710409
"ENSG00000231549",-1.97439340216819,-5.40323557616153,-3.31458522014422,0.00150129714161949,0.0101250038059699,-1.20030892766486
"ENSG00000212027",1.69334408304623,-5.92037473105249,3.3119817625739,0.00151328767297022,0.0101990261573762,-1.17443749651504
"ENSG00000135903",2.23863113603978,-5.96642217965738,3.31161065305515,0.00151500419229475,0.0102071725387353,-1.15085899279862
"ENSG00000124215",2.50124287162695,0.384918205067619,3.3096643388283,0.00152403670187051,0.0102628682560466,-1.15763178149923
"ENSG00000248863",3.53686045541598,-2.70813960960745,3.30938836540386,0.00152532154701429,0.0102680805145794,-1.27287328796561
"ENSG00000231133",-3.24444692185372,-3.4258516338525,-3.30762653713992,0.00153354814959877,0.0103148239434783,-1.26161606128058
"ENSG00000267601",3.0162875050198,-0.973408702520072,3.30748758683171,0.00153419873330676,0.0103174736494477,-1.27748520511279
"ENSG00000166762",-1.91144968991863,1.83493233707375,-3.30698121803042,0.00153657182012658,0.0103316083161759,-1.16930711829987
"ENSG00000271503",-1.84726638565228,8.94112925257613,-3.30491630372346,0.00154628484942604,0.0103935367859264,-2.56640001318191
"ENSG00000197067",1.58293514189174,-5.98103343204315,3.3003758026123,0.00156784644373451,0.0105121018564067,-1.19321390971363
"ENSG00000132640",2.53572040832204,-0.0975510839329881,3.29894281672451,0.00157470988154347,0.0105493228891536,-1.18789365697485
"ENSG00000089692",-1.56599974819643,3.49296896929545,-3.29841122278242,0.00157726319551292,0.0105646676084656,-1.31337058319163
"ENSG00000150760",3.04696231814683,-1.36516664342711,3.29468855377432,0.00159525321207613,0.010678050221759,-1.29962896786514
"ENSG00000147573",2.40167581803147,-5.48032557195776,3.29443799031469,0.00159647098922179,0.0106826442591036,-1.20256947272467
"ENSG00000007516",-2.1638198794088,4.18122726459542,-3.29354326065829,0.00160082666151471,0.0107028826619349,-1.38456682631265
"ENSG00000171116",2.22045235428706,-5.28375538999407,3.29334371547805,0.00160179960100542,0.0107056503113129,-1.20480124852802
"ENSG00000253180",3.17718383116107,-2.56344000032824,3.29329452939712,0.00160203950730954,0.0107056503113129,-1.34889686070379
"ENSG00000113083",2.23234092016682,-5.93401981165726,3.29062455762401,0.00161511324369149,0.0107840529185991,-1.20432963916953
"ENSG00000147804",-1.98470942441981,2.43677447633996,-3.28958004352521,0.00162025507629157,0.0108147923920096,-1.22138932935479
"ENSG00000142657",2.2425271243855,9.33307415461287,3.28718437016068,0.00163210653349453,0.0108794473320423,-3.18404670615352
"ENSG00000104863",-2.21701825295462,0.944654609889377,-3.28563640576486,0.00163980770356376,0.0109217278493489,-1.21841959517948
"ENSG00000213542",-2.7196085175482,-2.24504018428352,-3.28547514521522,0.00164061194414793,0.0109252743711504,-1.31477694339333
"ENSG00000127903",-2.65679645362082,0.444061077122752,-3.28413337753854,0.00164731803623447,0.0109620977512768,-1.23936309615101
"ENSG00000212123",-2.65554299858197,0.322769021520993,-3.28409605012896,0.00164750496525582,0.0109620977512768,-1.25377154111173
"ENSG00000246223",-2.25023118993222,2.44720098796842,-3.28337743611645,0.00165110755080399,0.0109806163370425,-1.26787828131818
"ENSG00000258824",-3.19303850261106,-2.28654579827469,-3.28290225903785,0.00165349379944774,0.0109928489706297,-1.3134656865489
"ENSG00000217130",-2.16528861135336,-1.88626460044496,-3.28110428935413,0.00166255227024196,0.0110457653889055,-1.34336899706452
"ENSG00000275491",-3.6329783695706,-0.959092271926238,-3.28049620493243,0.0016656264558228,0.0110607061078606,-1.3117632398464
"ENSG00000269821",1.58325066129249,1.26026881005368,3.27891747424462,0.00167363276092258,0.0111065342117216,-1.28971286945686
"ENSG00000142920",-2.83091008100895,0.83245147144762,-3.27885117641108,0.00167396977195209,0.0111069372457531,-1.24510592368959
"ENSG00000146757",-1.80090848089312,1.19721315021477,-3.27798896310858,0.0016783584712224,0.011130545572432,-1.24157311574597
"ENSG00000187862",-2.94331981063356,0.865616801634,-3.27644230869445,0.00168625814688384,0.0111731739624708,-1.24088499648012
"ENSG00000197992",-3.11157001352427,-0.583975024819066,-3.27605787789694,0.00168822708357161,0.0111830787961354,-1.28517105933272
"ENSG00000196345",2.15307128201823,1.21276332224794,3.275627200837,0.00169043544871274,0.0111958625879983,-1.24975052098053
"ENSG00000197140",2.59453116301355,-5.65367706703143,3.27455076395207,0.00169596694334346,0.0112280511765513,-1.26861857055236
"ENSG00000138411",1.65477824967765,1.26004696444138,3.27224602732321,0.00170786763198334,0.0112982877309518,-1.25715881751243
"ENSG00000115541",-2.68390282274517,0.387329611309636,-3.27046961474327,0.00171709384713623,0.0113537182306859,-1.28193786358673
"ENSG00000276961",2.077596987493,0.10182148384002,3.26910161842967,0.00172423079340834,0.0113952862660862,-1.26028454529569
"ENSG00000234711",1.58146181921146,-5.878289433145,3.26660020933076,0.00173735306325311,0.0114699529782322,-1.31165761425577
"ENSG00000257017",4.47399065118474,3.53678061588024,3.26656739362628,0.00173752583546674,0.0114699529782322,-1.45571255735173
"ENSG00000251495",-2.2599404239544,-0.0603641262594194,-3.2657634302796,0.0017417636934864,0.0114941536450329,-1.32252201486082
"ENSG00000197272",3.20983637301893,-0.616884200157117,3.26521786878723,0.00174464499669794,0.0115054055912329,-1.32200809815971
"ENSG00000007038",-3.47646477543837,0.118254271095363,-3.26518279866786,0.00174483036767634,0.0115054055912329,-1.33296505429236
"ENSG00000120278",1.96450313703279,1.14621844737364,3.26509427770936,0.00174529834744629,0.0115054055912329,-1.31145045625205
"ENSG00000134463",1.86195947568792,2.31877265487224,3.26337164954482,0.00175442882425788,0.0115606535965932,-1.36766116484267
"ENSG00000280649",-2.65160432582832,1.84887048069965,-3.26270217361293,0.00175798936673888,0.0115790896032797,-1.27721514211889
"ENSG00000259707",3.30298430776613,-4.29482832669302,3.26268313607227,0.00175809071534798,0.0115790896032797,-1.35038410584285
"ENSG00000223886",1.68055061910028,-5.80158518398585,3.26257615157857,0.00175866036222377,0.0115809441248354,-1.28183029097332
"ENSG00000259600",2.53806231325533,-2.37803062043892,3.26186005646707,0.00176247773558946,0.0116022809769391,-1.27800449077692
"ENSG00000186026",-1.57922092514328,1.11778026925623,-3.26042891771974,0.00177013023795315,0.0116469354871019,-1.28143971160193
"ENSG00000204934",-2.25037243453577,0.950487373430717,-3.26034775175105,0.00177056517887756,0.0116478909051278,-1.2896010355794
"ENSG00000253250",3.29209727550209,-2.86657078851757,3.25922290144144,0.00177660322733785,0.0116818781395872,-1.38963125186227
"ENSG00000135476",3.07411338955067,0.626449253298999,3.25870815926772,0.00177937274852887,0.0116965751682462,-1.33092054321197
"ENSG00000119705",-1.71479413219694,1.66079818516781,-3.25785791217009,0.00178395631504509,0.0117225583160253,-1.31177433504797
"ENSG00000282133",-3.00936736028756,-0.267108998444198,-3.2573106465144,0.00178691242006118,0.0117362282488645,-1.35237250704949
"ENSG00000279805",-2.59981095901301,-0.710944167366349,-3.25650049089265,0.00179129700621861,0.011761182793402,-1.35844301981753
"ENSG00000256660",2.07582528067098,1.48682428056657,3.25642900264311,0.00179168438803952,0.011761805318087,-1.30772502078238
"ENSG00000261812",3.44904209677019,-3.30917909000777,3.25631113806932,0.00179232324672233,0.0117621578786698,-1.40635468973078
"ENSG00000271938",-2.78188142258393,-4.50897842470568,-3.25598436692717,0.00179409555718411,0.0117717992074405,-1.37190702427214
"ENSG00000255198",-1.76895248338591,1.34904387038765,-3.25585042020449,0.00179482252081305,0.0117727940906716,-1.29349543614231
"ENSG00000185345",-3.04753318368628,-3.29602240396665,-3.25491637545727,0.00179989952858848,0.011798395703296,-1.40372689851123
"ENSG00000213432",-2.64628817951205,-5.38548007070563,-3.2545548255914,0.00180186835814903,0.0118055266842091,-1.35052033381719
"ENSG00000235508",-2.0575531235027,1.00566699212602,-3.25365092342437,0.00180679944426677,0.0118320493986663,-1.30069153315887
"ENSG00000227060",2.66316262458221,-5.10894996004279,3.25344464140857,0.00180792655772915,0.0118355745764253,-1.33361488059351
"ENSG00000101210",-3.3360097316457,-2.47076270502363,-3.25141633045254,0.00181904439491352,0.0118909305307827,-1.38874334776556
"ENSG00000064933",-1.56046054056009,2.08406374005987,-3.25134148072991,0.00181945589786204,0.0118916868811331,-1.35452384948286
"ENSG00000181019",-2.60808750175269,-0.176593421973553,-3.25127709141543,0.00181980996241492,0.0118920676380047,-1.34743080142358
"ENSG00000240652",-1.95283961319804,-0.526097395100039,-3.25013308317042,0.0018261114537839,0.0119274301649099,-1.40510565473676
"ENSG00000189221",4.06108739776981,-2.26199327386888,3.24932366594277,0.00183058231566768,0.0119488667404566,-1.41642059307503
"ENSG00000244668",1.8279679833603,-6.15183573124934,3.2483033305637,0.00183623285635327,0.0119760274644896,-1.32456359649554
"ENSG00000221025",3.35313416299876,-3.67033091927226,3.24668303337203,0.00184523963987179,0.0120275961025021,-1.44333325301754
"ENSG00000229022",-2.815197268363,-4.08898944598416,-3.24627772271252,0.00184749913321912,0.0120358386248056,-1.42763994227413
"ENSG00000233609",-3.06479432482156,0.290310374043371,-3.24520232810129,0.00185350676589577,0.0120710641507438,-1.3547815726773
"ENSG00000221739",-3.17128692003608,-3.70812641025775,-3.24434583498301,0.00185830464662709,0.0120949123302587,-1.42603804500757
"ENSG00000102053",-3.44059813059672,-1.95520938104574,-3.24208906341984,0.00187100252313701,0.0121593991974061,-1.41646800719494
"ENSG00000274070",2.29565285519164,1.03920873797111,3.24159346479344,0.00187380193933653,0.0121756239801531,-1.32979177532821
"ENSG00000264399",1.62963370688425,-6.52353369729233,3.24123595121367,0.0018758238177118,0.012180886628921,-1.5340898743931
"ENSG00000246430",2.39267507165801,-1.64506808973722,3.24079850422811,0.00187830053938702,0.0121920580178145,-1.37264318070529
"ENSG00000219222",-2.26860768641884,-4.35600419924859,-3.24046836479542,0.00188017174521112,0.0122003133903749,-1.39644076020115
"ENSG00000273472",-3.1533767761615,-1.0565907351813,-3.24043995296167,0.00188033286320986,0.0122003133903749,-1.40931754943854
"ENSG00000225630",-1.86626499695449,6.57432031732047,-3.23656348934037,0.00190243758045556,0.0123258332972562,-2.06135869000119
"ENSG00000150779",-1.61782806164558,1.42745759312241,-3.23631724110104,0.0019038499739775,0.0123322323661967,-1.37290456728204
"ENSG00000117560",-2.82313264800267,2.2697836158848,-3.23574857302821,0.00190711541972625,0.0123442044926477,-1.35666685850942
"ENSG00000206356",2.37746286497142,-6.0110254973916,3.23463072248171,0.0019135497628554,0.0123798724760722,-1.34697105336678
"ENSG00000119866",-1.5112445177967,3.67906113324673,-3.23290526753566,0.00192352152013832,0.0124283851097076,-1.50817344467774
"ENSG00000230753",2.80106249773658,-5.07809808413192,3.23277871057884,0.00192425483682924,0.012431125333474,-1.36096339115268
"ENSG00000214980",2.01351883186127,-5.07312839093699,3.23255195964573,0.00192556937038932,0.0124356208559665,-1.3720616602619
"ENSG00000105707",4.0220829147369,-2.54739119079305,3.23230973416344,0.00192697454570928,0.0124426968658215,-1.45822337925196
"ENSG00000236911",1.65293129601822,-6.22846263738601,3.22950026057182,0.00194334312336613,0.0125383213361523,-1.37578522668081
"ENSG00000232333",-2.56571614735041,-4.12113060806033,-3.22636626931813,0.00196175645946103,0.0126247051678009,-1.45074252575884
"ENSG00000225556",-3.32124187560358,-2.0792133154746,-3.22505339848831,0.00196951864075881,0.0126685741433257,-1.46290260330806
"ENSG00000075223",2.38716617986378,0.26327592615644,3.22365762231069,0.00197780261401583,0.0127177896175087,-1.37573457726974
"ENSG00000136694",-2.87579392640816,-4.41813130050435,-3.22169111409466,0.00198952943142468,0.0127774354018625,-1.43239404751977
"ENSG00000171631",-2.26043111086883,0.808257674203695,-3.22058159978766,0.00199617453901381,0.0128092911121202,-1.40464252896808
"ENSG00000214837",1.64675382473992,0.611883315472078,3.21886927190748,0.00200647092899393,0.0128630432606305,-1.38629387490638
"ENSG00000276758",2.48601672744124,-0.279366052189989,3.21879568910297,0.00200691450475521,0.0128638356058943,-1.38683855847239
"ENSG00000188013",2.05973631365153,-5.47414404807339,3.21608969282583,0.002023291023313,0.012954347144327,-1.39328604137527
"ENSG00000272211",2.08868709982613,-5.91961597693331,3.21596312483643,0.00202406006723447,0.0129563158944869,-1.3937269051541
"ENSG00000216480",-2.08335060200179,-4.40448935720628,-3.21546744864996,0.00202707450384612,0.0129723733211751,-1.51674319868641
"ENSG00000224415",-1.72027928752065,0.019923584150673,-3.21532238721532,0.00202795748642974,0.0129759584385562,-1.4397922216748
"ENSG00000157368",-3.10530230995463,-3.50655723647864,-3.21447553135289,0.00203311947103377,0.0130069174052354,-1.44510642537632
"ENSG00000281183",2.41649988962392,-0.634999861348052,3.21345418425975,0.00203936146808199,0.0130406250580296,-1.39977541436263
"ENSG00000279235",3.13978515257079,-3.98427606543843,3.21281960832675,0.00204324875496894,0.0130597174976362,-1.53259596842809
"ENSG00000229808",2.7956949398056,-1.05854016773852,3.21235613288692,0.00204609230738282,0.0130732681089327,-1.4242596231074
"ENSG00000188167",1.91267689804274,0.923400273539373,3.21140065638943,0.00205196614972876,0.0131045501431923,-1.42459658974244
"ENSG00000132688",2.38954412166888,-5.00751098293695,3.21105214128948,0.00205411260095496,0.0131147384424836,-1.41015821905842
"ENSG00000213216",-2.33824737357464,-5.33207175867825,-3.21098276341929,0.00205454014006173,0.0131147384424836,-1.45334103415248
"ENSG00000235587",1.5316025259701,0.785345634877244,3.21066602749005,0.00205649307717785,0.0131251206046521,-1.40804108890534
"ENSG00000269930",2.1112496232423,-5.6866542797817,3.20979350884671,0.00206188188462266,0.0131540054720789,-1.41752935701809
"ENSG00000167291",1.521233988533,1.64377092077095,3.20916397682853,0.00206577819654081,0.0131739237083334,-1.41594951833121
"ENSG00000207808",-2.97267854450073,-2.07665679326234,-3.20905631799447,0.00206644521215218,0.0131760872988013,-1.48337309038396
"ENSG00000102780",1.98823919893798,1.29393342687379,3.20804229667451,0.00207273764967697,0.0132120182324898,-1.4293745674174
"ENSG00000145850",-3.22139486041925,-1.76442683017331,-3.20745806172129,0.00207637123768012,0.0132330812455954,-1.49880816678863
"ENSG00000278919",-2.95144008641663,-2.17692023404825,-3.20727033994304,0.00207754002181756,0.0132384314403407,-1.50202659528341
"ENSG00000243023",-1.95395261911126,-4.48488259067754,-3.2064185188874,0.00208285134882586,0.0132701727298727,-1.46161873975099
"ENSG00000277247",-2.46204931093725,-5.72531347686801,-3.20505723773662,0.00209136575009845,0.0133138694988849,-1.44872746251902
"ENSG00000278973",3.25195038554294,-5.38592280967971,3.20359560258643,0.00210054418565804,0.0133532696634764,-1.43322269872851
"ENSG00000159784",1.91405026021073,1.02351682298344,3.20293722409473,0.00210469085094268,0.0133744753869037,-1.43867254633058
"ENSG00000243711",-2.06437953607693,-5.25770310987481,-3.20290753694192,0.00210487801037112,0.0133744753869037,-1.46164752127237
"ENSG00000119650",-2.11296879202178,0.953706077238616,-3.19863725044041,0.00213196281846386,0.0135371286153144,-1.43719240897401
"ENSG00000072657",2.9943992807288,-5.44539126913052,3.19815712191562,0.00213502845306875,0.0135446447641266,-1.44240101709152
"ENSG00000272858",-2.96508555072556,-2.52422602618863,-3.19692039629165,0.00214294403504446,0.0135884667510172,-1.53822514422239
"ENSG00000136425",-2.65151543746901,0.693282907366792,-3.19646206507315,0.00214588453862386,0.0136006385340937,-1.46026954254811
"ENSG00000243970",-2.87406737756193,-1.013791356063,-3.19623056976138,0.00214737117505069,0.0136079155074697,-1.49422865976611
"ENSG00000241429",-2.68226903847733,-2.42668518942272,-3.19538509302231,0.0021528089403978,0.0136359264253777,-1.55537782186587
"ENSG00000139880",-2.84686307341524,-0.235661796278117,-3.19518959394196,0.00215406814866037,0.01364175294777,-1.47339730835805
"ENSG00000280078",1.51187835699539,-6.1182789328505,3.19297037373523,0.00216841063936656,0.0137260973899881,-1.65714270725025
"ENSG00000153140",-2.82661091326655,-1.55024902017387,-3.19249621883682,0.00217148662100235,0.0137434044611991,-1.49321946982023
"ENSG00000168913",-4.04123487212692,-0.749637229902847,-3.19196389943579,0.00217494480811557,0.0137631246931941,-1.512349957189
"ENSG00000204345",4.32803411474709,-1.30356990482611,3.19149346360258,0.00217800526971402,0.0137781538714466,-1.516129402305
"ENSG00000127564",1.9146966910566,1.52856745994714,3.19070593895638,0.00218313762059266,0.0138041048479186,-1.4566355014967
"ENSG00000278920",1.97974927862608,-5.93161838969719,3.189820160011,0.00218892385149267,0.0138371545441855,-1.4589371213528
"ENSG00000274376",-3.69792317770302,-0.208051876768345,-3.18980043658592,0.00218905285560469,0.0138371545441855,-1.51024888362795
"ENSG00000133800",2.91256816591364,-1.00116765388521,3.18937056595362,0.00219186626241497,0.0138505827541035,-1.48756645462196
"ENSG00000211812",-3.03771494947252,-0.422252524792977,-3.18903368367026,0.0021940734505371,0.0138601729821642,-1.53414700004939
"ENSG00000189136",2.86798456989947,-1.87096140803479,3.18830629745433,0.00219884625503059,0.0138847530605357,-1.51702617610766
"ENSG00000242477",-2.27291656203372,-2.63855394844334,-3.18828279731992,0.00219900061530349,0.0138847530605357,-1.59529755141844
"ENSG00000243101",-2.45458567085648,-4.0422808918681,-3.18770128815875,0.0022028234870564,0.0139001585036323,-1.57364759900693
"ENSG00000226239",3.55130195875841,-3.02498460217466,3.18617418222781,0.00221289244977192,0.013955671531875,-1.56780344166343
"ENSG00000259182",3.32566203309957,-1.17119642469446,3.1861564753423,0.00221300945265667,0.013955671531875,-1.52328457302537
"ENSG00000253764",-3.0883700639972,-4.73925291365773,-3.18555921890252,0.0022169593797653,0.0139783878584261,-1.50622760440084
"ENSG00000235961",-3.16493532126077,-3.54843211142367,-3.1845337661428,0.00222375658245032,0.0140146515327901,-1.518833239753
"ENSG00000112499",1.54741095554365,-6.3792659626809,3.1842115234102,0.00222589659597359,0.0140237415689281,-1.63773743688604
"ENSG00000238078",2.47319281625321,-5.69843826056976,3.18344701244362,0.00223098143791835,0.0140447722779821,-1.48394416293247
"ENSG00000233387",-3.30924099330353,-1.23303921420419,-3.18297901394223,0.00223409951539284,0.0140621995800568,-1.55302443224318
"ENSG00000215912",-2.5372778532416,0.395613334417052,-3.18181255401306,0.00224188893645932,0.0141046039160466,-1.49984278744795
"ENSG00000225101",-2.04900097337549,3.21754327093461,-3.18129494882925,0.00224535356386568,0.0141219812225482,-1.61350895004795
"ENSG00000272049",-2.88557552806691,-4.38270597272788,-3.17993338497457,0.00225449126802827,0.0141683692288999,-1.54207745541918
"ENSG00000178404",2.36106677905262,-0.276345970559944,3.17936890270354,0.00225828982240197,0.0141900230447334,-1.48599413842864
"ENSG00000213399",-1.8663225292259,-1.22425577033268,-3.17740434829756,0.00227155665835343,0.0142555605337379,-1.59144178852452
"ENSG00000249119",-2.4606376204041,-2.14516659605636,-3.17719980972347,0.00227294211847743,0.0142620288820087,-1.57481086001507
"ENSG00000175592",3.12539985017691,-1.38473241249992,3.17592922969543,0.00228156625873803,0.0143005186675688,-1.55662808545457
"ENSG00000165185",1.64571125026005,2.10102200911993,3.17454376436837,0.00229100513311975,0.0143440255975206,-1.56896508563702
"ENSG00000102837",6.87799882630205,1.70221736044027,3.17346482032364,0.00229838107408353,0.0143857256640676,-1.49956378123771
"ENSG00000272954",-2.90010292322478,-4.1650030067561,-3.17303193654784,0.00230134662945137,0.0143998034548177,-1.54723006445176
"ENSG00000176928",-2.85618927742055,0.645958940487645,-3.172551637063,0.00230464121108179,0.0144133541992883,-1.50394692795926
"ENSG00000205022",-2.91786547340807,-1.2776168257458,-3.17250674566757,0.00230494936626981,0.0144133541992883,-1.57612478100582
"ENSG00000186049",-3.92709234385629,1.19923346166471,-3.17245495957265,0.0023053048978017,0.0144133541992883,-1.50875965568274
"ENSG00000165457",-2.57628614083572,1.25488533719595,-3.17090346959167,0.00231598033507351,0.014471097517971,-1.5065671507926
"ENSG00000125246",-2.09282282889558,1.5926121070989,-3.16897148144797,0.00232933863980752,0.0145342343624929,-1.51941343113622
"ENSG00000104835",-2.37264431909465,0.0700597637440485,-3.16884893550415,0.00233018838639671,0.0145372801846556,-1.53838235996625
"ENSG00000161714",1.72733162665649,1.79302408099843,3.16828447694494,0.00233410615269553,0.0145572037776398,-1.53573640144896
"ENSG00000254275",-2.70206139641872,-1.71192902787956,-3.1664419595473,0.00234693759448202,0.0146326900082764,-1.60986391435281
"ENSG00000232434",-1.70974215223794,3.5063060891294,-3.16536095803575,0.00235449650154725,0.0146729915292516,-1.67227800606153
"ENSG00000269973",-1.88068928752408,1.32359945385466,-3.16491837090224,0.00235759786815742,0.0146882962382747,-1.52454271612632
"ENSG00000213609",-1.90170228952687,1.14789301059876,-3.16490621669065,0.00235768309102996,0.0146882962382747,-1.52144698068263
"ENSG00000117601",3.09812732369393,-4.24207198322062,3.16414934520689,0.00236299580889019,0.0147145535175036,-1.62196019678056
"ENSG00000247287",-2.03139884583485,0.535489785581945,-3.16400094017294,0.00236403882422211,0.0147175463529084,-1.52485843732647
"ENSG00000050628",3.24333356530912,-3.99075240408052,3.16397678875302,0.0023642086052207,0.0147175463529084,-1.62941192950437
"ENSG00000227034",-2.21374492981955,-4.88110245984319,-3.16315558199018,0.00236998837098252,0.0147466758226651,-1.58544306127859
"ENSG00000228427",-2.25949293952212,0.71205951995495,-3.1623644081703,0.0023755692749557,0.0147745414591227,-1.53669249728559
"ENSG00000206914",2.39133194075835,-5.31346401268739,3.16227224323377,0.00237622020201444,0.0147763038764709,-1.54607857572066
"ENSG00000196611",3.42664197018742,-3.87841865754909,3.16213311333839,0.00237720314172375,0.014780130019112,-1.53711801292101
"ENSG00000163923",-3.04698242824781,-1.60086579942901,-3.16192304530623,0.00237868797428802,0.0147870749872162,-1.60202807538204
"ENSG00000225193",2.45283789664889,-2.14057365496656,3.16126649911683,0.00238333426827871,0.0148113779955697,-1.58796300270996
"ENSG00000240527",3.32773343679793,-0.178549994514964,3.16080170583212,0.00238662868812983,0.0148272672724765,-1.54817047446913
"ENSG00000197165",-2.0812258756339,1.07278102491212,-3.15927886069615,0.00239745239960602,0.014883011329364,-1.53462792745433
"ENSG00000197653",2.93557409067972,-0.945706439536245,3.15893040384724,0.0023999355311711,0.0148938265242576,-1.57749499576333
"ENSG00000276568",3.59667411467228,-3.46849832968051,3.15882340598255,0.00240069848972524,0.0148962618743532,-1.63504929903632
"ENSG00000223519",-3.64408413446995,-0.857999867920536,-3.15852621668986,0.00240281881820786,0.0149048174864361,-1.59632204644055
"ENSG00000255182",-2.88467081160016,0.00445734345590606,-3.15798316036294,0.00240669784156252,0.0149242737353843,-1.54490975925396
"ENSG00000238829",2.88076749037791,-1.65751147714704,3.15783638284462,0.00240774727195722,0.0149261766888549,-1.58003227884433
"ENSG00000151876",-1.58143329004533,1.17459208571628,-3.15743163119658,0.00241064338698557,0.0149395229603197,-1.54735996236613
"ENSG00000278611",-2.93696092717181,-3.81514479371069,-3.15705048223997,0.00241337359965757,0.0149468829040809,-1.59463394922673
"ENSG00000172901",1.75473381062005,-6.05685342575921,3.15697507167495,0.00241391411694908,0.0149468829040809,-1.54029180036032
"ENSG00000181652",-2.33691010816571,2.76153927390778,-3.15642886627641,0.00241783251663651,0.0149640880544003,-1.60559926077841
"ENSG00000159640",-2.32933141524249,0.399623024953585,-3.15629065813036,0.00241882494586004,0.0149671541439842,-1.56926796043098
"ENSG00000240622",-2.70170387365261,-4.33947440666195,-3.15555324441997,0.00242412653124293,0.0149930361244659,-1.637041020474
"ENSG00000211714",-2.62801036506472,1.12642492344376,-3.15519613616872,0.00242669784475729,0.0150029081476441,-1.55409264084768
"ENSG00000169193",1.66755733651753,1.20284352862174,3.1546213259476,0.00243084205796812,0.0150212477186121,-1.58713186230758
"ENSG00000224383",-3.16829100176047,-0.36909382016725,-3.15306886896393,0.00244206795563115,0.0150738547447081,-1.6077176244127
"ENSG00000225756",-3.81625912599603,0.852420221645325,-3.15295760627275,0.0024428743629325,0.0150765175220467,-1.56377775473485
"ENSG00000234785",-2.17136648234468,-1.88490090013525,-3.15163059559853,0.00245251147835148,0.0151243850978197,-1.65456392428708
"ENSG00000124233",-3.32172362123022,-3.56083127475239,-3.15135805086071,0.00245449517321754,0.0151319759168366,-1.63530335639776
"ENSG00000213867",-2.55029542231358,-2.53471785587453,-3.15123348122753,0.00245540234327031,0.0151352476240652,-1.63608194761814
"ENSG00000235823",-2.7188644765843,-0.391382588597764,-3.1496468244891,0.00246698455652549,0.0151949920547629,-1.57355780728685
"ENSG00000231542",2.0253630553349,-6.14679586808536,3.14923789544509,0.00246997791794918,0.0152110986913898,-1.56326352463305
"ENSG00000100350",-2.64594958479768,1.34430341138627,-3.14882607588679,0.00247299587342736,0.0152273518308358,-1.56021274366422
"ENSG00000162373",-2.44112017348153,0.162506864876877,-3.14811712329743,0.00247819940867691,0.0152523840519947,-1.58429800941719
"ENSG00000135636",2.66182206187556,9.22198938187034,3.14757265922486,0.00248220259444541,0.0152653371121148,-3.56341515580111
"ENSG00000115414",3.48361898485047,-2.78535969450893,3.1468174443716,0.002487765351175,0.0152948681217216,-1.66353873389188
"ENSG00000106701",2.36065340869859,-1.10121530546505,3.14462499996024,0.0025039806163546,0.0153827977901418,-1.57837162652661
"ENSG00000246214",-2.65505452848199,-4.27187099506573,-3.1443213755757,0.00250623399626777,0.0153919991016757,-1.63322179673703
"ENSG00000205832",-3.14909991836701,-3.43927337706011,-3.14432001203814,0.00250624412018231,0.0153919991016757,-1.63307846175798
"ENSG00000199313",3.2924146186644,-3.14750426180231,3.14311770692964,0.00251518583469099,0.0154398382846613,-1.67645169736308
"ENSG00000112936",1.64576125869646,-6.10480456729155,3.14286765319667,0.00251704926603438,0.0154469771007914,-1.57822524058885
"ENSG00000196169",-2.84044167693289,0.732130669708032,-3.1428585360346,0.00251711723265719,0.0154469771007914,-1.57991475577682
"ENSG00000236533",-2.37928985672157,-4.00131640137882,-3.14177390839862,0.00252521518094056,0.0154828154865763,-1.66254904362869
"ENSG00000105835",1.51284508229636,9.96642468602754,3.14138332012332,0.00252813732075409,0.0154933195989262,-4.28272293404844
"ENSG00000164037",-3.00309869808885,-2.98418975789668,-3.1406738919709,0.00253345291709808,0.015523529061603,-1.67085463145643
"ENSG00000205403",1.67062781121073,-6.05146133884223,3.13994107920188,0.00253895470816283,0.0155477619463156,-1.58959353866145
"ENSG00000253228",2.58592253025775,-4.41247731239408,3.13949951428441,0.00254227527208491,0.0155633274303948,-1.70600296682138
"ENSG00000279513",-1.74944571607024,-6.17996043363975,-3.13944866201395,0.00254265794146642,0.0155633274303948,-1.60083165840489
"ENSG00000137757",1.54347755568107,2.67909797835752,3.13657269360609,0.00256438786351911,0.0156801619708352,-1.80354563273016
"ENSG00000210151",-2.50311102684246,0.79778086681609,-3.13451075978557,0.0025800739868921,0.015768339072824,-1.59774529847667
"ENSG00000174469",-3.94174744046542,-1.01150560150079,-3.13262579120352,0.00259449233554278,0.0158396022586926,-1.64623352223897
"ENSG00000231369",-2.37384929535324,-1.28901601934553,-3.13156547419729,0.00260263591069121,0.015870039266132,-1.67092602570405
"ENSG00000005381",1.64547742901827,3.17316467966049,3.13017134009613,0.00261337969206674,0.0159313393551125,-1.77810074213318
"ENSG00000263887",2.26836382512617,-5.45424953312672,3.1301115192232,0.00261384162354167,0.0159313393551125,-1.61403249348876
"ENSG00000234981",-2.59071645402469,-2.52976783199471,-3.12969593031206,0.00261705287280365,0.0159437673558445,-1.71028276429044
"ENSG00000271377",3.00135511662957,-4.2341961410251,3.12921237707458,0.00262079392521284,0.0159613933315266,-1.66896799555777
"ENSG00000213204",3.16344137331119,-3.69658303585891,3.12888078076206,0.00262336223943967,0.015974615078757,-1.71888617909987
"ENSG00000217094",-1.93022056214844,-1.34644349264439,-3.12761398717806,0.00263319562795399,0.0160228891665505,-1.69069964596054
"ENSG00000254634",2.91209024457009,-3.4541637430586,3.12752963231296,0.00263385164863927,0.016023926146882,-1.7134844498627
"ENSG00000242686",-3.07247978839933,-3.5630021150301,-3.12734356447147,0.00263529922296848,0.0160278819004204,-1.69781216487099
"ENSG00000186281",-2.85603500759502,0.0946742650186382,-3.1242263887694,0.00265966118921119,0.0161589389645864,-1.67548444750216
"ENSG00000250848",2.51879188446789,-5.10864742259683,3.12187426672984,0.00267818317293673,0.0162323900651756,-1.65447448057239
"ENSG00000137098",-3.02846739886779,-0.716853685460734,-3.12186528240276,0.00267825415139939,0.0162323900651756,-1.66958871953488
"ENSG00000271533",2.11862462587082,0.6080504962961,3.12181962455823,0.00267861488712936,0.0162323900651756,-1.65865552391081
"ENSG00000207547",-3.14080782043944,-1.83418964412789,-3.12158000747655,0.00268050881032093,0.0162414190192196,-1.69309003067221
"ENSG00000174370",-2.75849051399557,-2.22072786526847,-3.12074443660157,0.00268712292533239,0.0162765881940956,-1.71171046100445
"ENSG00000237674",1.78673636788494,-6.00319540546921,3.11978636380796,0.00269472550124935,0.0163054416919366,-1.63134097827139
"ENSG00000232063",2.60612511891676,-1.90944039006393,3.11853719426594,0.00270466821182351,0.0163386978648452,-1.66418394199335
"ENSG00000244256",3.13416046334428,-4.54885331261372,3.11747841090474,0.00271312239090501,0.0163625782116956,-1.7067876754089
"ENSG00000132932",-2.92375009668413,-0.552197209417022,-3.11723046753533,0.00271510573661997,0.0163720835193634,-1.68632073044129
"ENSG00000246898",-3.13250941726377,-1.74250802535095,-3.11687149507068,0.00271797962635963,0.0163844979665482,-1.70234849292972
"ENSG00000214077",2.49485962620148,-4.39812926792055,3.11666327469327,0.0027196479159207,0.0163920967789871,-1.74091642990659
"ENSG00000213176",-2.54870350688869,-3.05270618647493,-3.1134718210275,0.00274533832070291,0.0165221693366614,-1.72971801677807
"ENSG00000264522",-1.58805731935214,2.46690125914081,-3.11330901635133,0.00274665491803798,0.0165276187718849,-1.68995014784577
"ENSG00000164485",2.58947667682202,-5.97075062891598,3.11221541674375,0.00275551413592723,0.0165759657777265,-1.64963415548595
"ENSG00000213260",1.97388378702186,-3.01024593907069,3.11075057974382,0.00276742257843677,0.016632668933819,-1.78778164707158
"ENSG00000230225",3.06925411567668,-4.00167755813627,3.10977808933274,0.00277535501411751,0.0166778508636102,-1.74069188544354
"ENSG00000233614",-4.13875287778314,1.72952660292496,-3.1076944490867,0.00279242248223378,0.0167728923697538,-1.66583581729718
"ENSG00000275895",3.56630480185772,-1.75449540832433,3.10575587869556,0.00280838966770896,0.0168461476307424,-1.69148611881589
"ENSG00000236785",3.90462661480514,-5.07310908159117,3.10551077894019,0.00281041451357617,0.016855778647589,-1.71860077153982
"ENSG00000101412",1.96153932977184,2.83457640813764,3.10536269832747,0.00281163851471553,0.0168606043509239,-1.72520107439822
"ENSG00000270232",-2.7241833276681,-5.63901803156818,-3.10529712315543,0.00281218070345881,0.0168613405876884,-1.7002305048048
"ENSG00000264707",1.67931311213748,-6.38659961785984,3.10148070199993,0.00284390442459227,0.0170337672344247,-1.80595291983679
"ENSG00000263417",-2.83272565929888,-2.90931256920798,-3.10013765645433,0.00285514767984437,0.0170858361156748,-1.72505751402338
"ENSG00000251022",-1.55582397827153,2.81987471877192,-3.09871061067236,0.00286713962077837,0.0171499400438227,-1.83601760443378
"ENSG00000233355",-3.53578168389025,2.87667420880204,-3.09830199152387,0.00287058203643723,0.017162870170858,-1.76550054367237
"ENSG00000027001",-1.95876258355986,1.24090565303977,-3.09768515221098,0.00287578591657107,0.017184608299893,-1.68495703570446
"ENSG00000278535",-2.24595811229558,1.14218117739238,-3.09639992310645,0.00288665688802253,0.0172410310819019,-1.68800980723295
"ENSG00000256312",-2.42077393687773,-4.70900478197852,-3.09572825519721,0.00289235337399527,0.0172724881671654,-1.70993913260079
"ENSG00000210196",-1.74613736936213,1.66841754807548,-3.09492635772643,0.00289916809705199,0.0173080421499382,-1.69865992798377
"ENSG00000242550",3.66302663472046,-0.509031142352784,3.09431472637428,0.00290437596676467,0.0173339849489123,-1.74113451969537
"ENSG00000250076",1.9168430992816,-5.31586435867202,3.09254547132648,0.00291948989792893,0.017411264334155,-1.69834640151237
"ENSG00000252427",1.68557987677452,-6.17977543395941,3.09174963524096,0.00292631227501252,0.0174493631088777,-1.74184528815862
"ENSG00000228331",-2.0466525967733,-5.90298766570446,-3.09166632471034,0.00292702732205872,0.0174510384697323,-1.71151718210698
"ENSG00000249026",2.52980475815179,-4.29184771505999,3.09115434707418,0.00293142516422802,0.0174746670302928,-1.77545482104808
"ENSG00000205085",1.56586684980532,1.70099834942662,3.08958237193386,0.00294496686805288,0.0175475853015357,-1.7390418503796
"ENSG00000275158",-3.48456977945192,-2.30399618915589,-3.08914585950216,0.0029487375294657,0.0175648460749118,-1.76768667230546
"ENSG00000254826",3.42339573800329,-3.02766909056644,3.08761834463803,0.00296196794527796,0.0176328737484425,-1.76850561635546
"ENSG00000130558",-3.39460878601513,0.128985173950938,-3.08700570476958,0.00296728981516748,0.0176570433909655,-1.72870698506737
"ENSG00000186105",2.94778296380973,-5.58103858156977,3.08590134562355,0.00297690569536134,0.0177064007641539,-1.71753405484048
"ENSG00000217026",-2.00873450691394,-0.0148290915999896,-3.08546405509697,0.00298072130516364,0.0177212300961533,-1.73380161845151
"ENSG00000185420",-2.23086181274274,1.77646089712939,-3.08324414120625,0.00300016182279205,0.0178262644989486,-1.72660567781515
"ENSG00000257495",-3.61870723543684,-1.29916130360216,-3.08241409968801,0.00300746111439545,0.0178617154263445,-1.77667959827302
"ENSG00000267508",-2.43164672823607,-0.630308062809205,-3.08164602941931,0.0030142301972589,0.0178795840423237,-1.73654282616389
"ENSG00000226287",-2.58621363139739,1.25177264346756,-3.0810026623066,0.00301991119760532,0.017880187034776,-1.72727595854028
"ENSG00000187775",3.16220924834056,-0.756527603630745,3.07795061167769,0.00304699750545189,0.018014028487379,-1.75234783074293
"ENSG00000229512",3.49184144605861,-0.60986369670067,3.07738467116365,0.00305204495426837,0.018041216181664,-1.78276742249077
"ENSG00000265507",1.52749602148689,-6.13749395214692,3.07717509116044,0.00305391611213536,0.018049622984426,-1.73443623678375
"ENSG00000244086",-2.29021521915773,-4.2830768715603,-3.07677783299944,0.00305746582267365,0.0180561851697611,-1.81341313444569
"ENSG00000249863",1.52105488168789,1.11448060423324,3.07619626156031,0.00306266941230352,0.0180800933499891,-1.78070142798019
"ENSG00000276289",3.16762381262156,-2.44392396824685,3.07432060864355,0.00307950809575992,0.0181634953734947,-1.7739124481234
"ENSG00000227603",2.57871440356759,-0.311682194308258,3.07407682120548,0.00308170302968283,0.0181737751502581,-1.77554036473421
"ENSG00000178342",3.80354277886156,-2.61919366485862,3.07378451528458,0.00308433672241932,0.0181847084353232,-1.80608086487577
"ENSG00000223401",3.05804329215083,-4.84209701580658,3.072089069837,0.00309965423370187,0.0182493947414711,-1.81118844301184
"ENSG00000136634",3.59062287980352,-2.23692429783986,3.07058108560322,0.00311333771593641,0.0182493947414711,-1.81062445907867
"ENSG00000163002",-2.54043882170441,0.485998986837009,-3.06840307366777,0.00313320051886192,0.0183402631420045,-1.75545443400543
"ENSG00000181577",2.64298298475645,-5.73012270430124,3.06805992335803,0.00313634070020592,0.0183559715867926,-1.75619691472051
"ENSG00000095739",3.37992164380781,-1.51159664430906,3.06661695207203,0.00314957753103268,0.0184227143754657,-1.84670997916371
"ENSG00000001630",3.05638923727658,-3.63705735705637,3.0650622736073,0.00316389737586554,0.018472893624833,-1.8625149176281
"ENSG00000211724",-3.07237815396676,0.527711450637995,-3.06502635704245,0.00316422891276589,0.018472893624833,-1.79030365567797
"ENSG00000281530",2.79729933046609,-1.29604651187537,3.06438433447737,0.00317016073134397,0.018472893624833,-1.79636063683381
"ENSG00000132965",1.96807525688833,8.87484977664267,3.06352671718346,0.00317810066383236,0.0185087647236547,-3.54635764790435
"ENSG00000234093",-2.61176240734269,-2.91794607377611,-3.06328830099243,0.00318031124337519,0.0185189560553548,-1.83931632030293
"ENSG00000274051",2.87729944541884,-4.76165383928863,3.06206711388909,0.00319165650568838,0.018571569668792,-1.8429269046232
"ENSG00000256351",3.07295371214224,-4.37425758022819,3.06139954413039,0.00319787440610806,0.0185975883844404,-1.85977107474117
"ENSG00000164663",1.57718119085149,3.00593530246877,3.06123949595087,0.00319936680955602,0.018602971431555,-1.96893413315136
"ENSG00000227678",-2.75593427786445,-0.570211580443041,-3.0608098140119,0.00320337668279496,0.0186182086745298,-1.79390560926854
"ENSG00000006625",-2.21458672833787,0.126378469444573,-3.06001853559402,0.00321077330386202,0.0186558040702213,-1.77642595186146
"ENSG00000163746",3.10938313317686,-4.8092181785216,3.05969431188561,0.00321380864064401,0.0186680443535862,-1.83607484627141
"ENSG00000188856",-2.5252987253403,-2.3758487011788,-3.05891586040401,0.00322110731857215,0.0186969327781169,-1.86176252668385
"ENSG00000226004",-3.01205585299524,-5.05807365946631,-3.05824820124061,0.00322737952552281,0.0187252289919278,-1.81489227883902
"ENSG00000270164",-1.70720476048342,0.365098298049417,-3.05745840203052,0.00323481385418969,0.0187629471311692,-1.78214765016915
"ENSG00000279081",-2.34936104118016,-3.32416662254764,-3.05693917918759,0.00323970995802718,0.0187805075317388,-1.87395808459717
"ENSG00000273345",3.02806429301527,-3.77679160775119,3.05595499856684,0.00324900942356228,0.0188277334391462,-1.88166346732925
"ENSG00000222430",1.50015804597342,-6.46694324788392,3.05533537589508,0.0032548769584641,0.0188542317858928,-1.95954844960058
"ENSG00000135423",-2.59305830084903,-0.0806627786952807,-3.05354309468849,0.00327190466227998,0.0189398288312426,-1.80618597842709
"ENSG00000201581",3.08617656057185,-3.81505501512436,3.05345808459666,0.00327271436562719,0.0189417885008558,-1.88179984732709
"ENSG00000257497",-2.04148351236917,0.799734883477268,-3.05268385991721,0.00328009729335269,0.0189817865823182,-1.79344932105523
"ENSG00000233327",2.93373979108511,-4.33166250749667,3.05070836269451,0.00329900581794881,0.0190555505593646,-1.86558278201135
"ENSG00000274525",1.69171135082061,-0.0101040574606898,3.05049033947854,0.00330109884474578,0.019062162561975,-1.80040606439321
"ENSG00000260314",2.95146193614991,-2.20407484132295,3.04939265824175,0.00331165541390032,0.0191080609685617,-1.86469023961533
"ENSG00000226806",-2.57477521340587,-5.14618325526978,-3.04936735494129,0.00331189913011635,0.0191080609685617,-1.81775293235172
"ENSG00000252103",3.13529136252677,-3.40366470025065,3.04751546608349,0.00332978158158154,0.0191672220994761,-1.89612357397178
"ENSG00000152433",-2.79763145204291,-0.789126444663569,-3.04658229725437,0.00333882661555054,0.0192082867198573,-1.83218142434807
"ENSG00000233844",-2.45008612070077,-5.80846834194956,-3.04642525408371,0.00334035105448983,0.0192143072102733,-1.82357752747532
"ENSG00000178217",3.07729233509906,-3.74490665611591,3.04410838760915,0.0033629166655024,0.0193242729128929,-1.88928828178782
"ENSG00000170425",2.93119692841733,-0.671222115199627,3.04301423832342,0.00337362265613871,0.0193530790556633,-1.8360114492672
"ENSG00000204529",2.00448892058301,-5.99123203062975,3.04271285183192,0.00337657722322155,0.0193645017871545,-1.83037734712503
"ENSG00000227896",-2.5982248625493,-1.09359597634024,-3.04212705242957,0.00338232685731274,0.0193903275071493,-1.85651215609474
"ENSG00000237461",1.58979350794539,-6.24255749718989,3.04205010549769,0.00338308277036626,0.0193907461554412,-1.84619728137515
"ENSG00000272382",-3.15765098593748,-1.06261726736199,-3.03999978457779,0.00340328280993166,0.0194522548682322,-1.87297373754262
"ENSG00000136522",-1.52885693628794,2.25254337243735,-3.03953731869817,0.0034078545856797,0.0194716557779271,-1.91530700008424
"ENSG00000196878",2.79824741184824,-0.367247179413421,3.03925998156356,0.00341059898625773,0.0194845673505092,-1.82676414237337
"ENSG00000225131",-1.70126307462023,0.553424546786804,-3.03832412994376,0.00341987494134618,0.0195292347147726,-1.83347349996396
"ENSG00000255306",2.92501744396935,-3.71674380813441,3.03616226630344,0.00344139275175945,0.019572449021983,-1.92330248335074
"ENSG00000180138",2.08889522408655,-5.26998262366965,3.03480472085859,0.0034549692602573,0.0195771979865539,-1.83546456297255
"ENSG00000158748",-3.47789707927835,-2.53149460945062,-3.0343098893023,0.00345993034961279,0.0195771979865539,-1.88410150438384
"ENSG00000229659",-2.33742803771127,-2.37587589729277,-3.03238447951944,0.00347929733272562,0.0196128755841516,-1.88998714651003
"ENSG00000167526",-1.71940366490351,10.5010090714826,-3.03224269439351,0.00348072747902049,0.0196128755841516,-4.22010538534767
"ENSG00000136011",2.99615999146194,-5.58079254595905,3.03215250480307,0.00348163748056537,0.0196128755841516,-1.84899225439704
"ENSG00000198369",2.47798323494608,0.813195372418467,3.03189533457546,0.00348423351194165,0.0196128755841516,-1.85695782427209
"ENSG00000272840",1.5926716341883,-6.09351927357798,3.03081396250373,0.00349516926587569,0.0196246920149071,-1.87839217890363
"ENSG00000228462",-2.01402646278151,-4.30128952259755,-3.03028183088647,0.00350056235571948,0.0196494844770503,-1.8903240467782
"ENSG00000150636",-2.81343989992108,-0.931499568394947,-3.0299512780939,0.00350391636797058,0.0196655655207529,-1.89029149499399
"ENSG00000240291",-1.88118268092229,0.830701277563347,-3.02721853212077,0.00353175946766895,0.0197941996541513,-1.85365229951309
"ENSG00000170298",-2.11725308335736,1.30857459779995,-3.02654200974374,0.00353868407330219,0.0198247181040823,-1.85510455674622
"ENSG00000240776",-2.42250569555856,-2.5326966875477,-3.02625994736199,0.00354157487895806,0.0198353849657108,-1.92886091677459
"ENSG00000164603",1.50254890189453,2.05498135402873,3.02539262706188,0.00355047766148336,0.019876939555348,-1.99521301995374
"ENSG00000203761",-2.34497746234258,1.15178548914872,-3.02485793564406,0.00355597648178587,0.0199049521749869,-1.85921178659508
"ENSG00000235007",-2.99814119389121,-4.42089745515109,-3.02363578861124,0.0035685749396572,0.0199699122667175,-1.91993893284405
"ENSG00000203435",1.90116677070735,-5.78472193344508,3.02315635648542,0.0035735284816817,0.0199948492721737,-1.87437269612419
"ENSG00000023839",1.60743093858307,1.35023259889026,3.02099265241068,0.00359596379695057,0.0201063889520176,-1.90310048403097
"ENSG00000236567",2.94539714082883,-3.39366652231296,3.01998531252474,0.00360645349271148,0.0201505893645198,-1.93103176643644
"ENSG00000230149",2.25083817364592,0.367519182607489,3.01960558749291,0.00361041505309287,0.0201619538775441,-1.87639479283207
"ENSG00000197561",3.32729256614836,1.66445583696996,3.01941645808456,0.00361238969511889,0.0201701792393291,-1.87197504375351
"ENSG00000233647",1.69339361076959,-6.27722089607966,3.01910362438913,0.00361565810131368,0.0201828224089159,-1.95321546896064
"ENSG00000144199",-1.98343292493767,1.35902672320059,-3.01832076754276,0.00362384925000342,0.0202229299762129,-1.8790317932132
"ENSG00000262332",-3.36802609517005,-1.98095550414925,-3.01555445284699,0.00365293210409035,0.0203507586665533,-1.92809614694903
"ENSG00000280739",1.73340831407993,0.186613151333485,3.01553222266062,0.003653166691693,0.0203507586665533,-1.88371865146279
"ENSG00000185897",2.95272261963622,-0.505590072737797,3.01355541241257,0.00367408341773404,0.020426474715444,-1.88622350633223
"ENSG00000237711",3.17819037029065,-3.33788082769242,3.01281255246453,0.00368197241035806,0.020426474715444,-1.93846680158055
"ENSG00000271590",3.20348879955253,-2.86038031308123,3.01183421085101,0.00369238620027925,0.0204633733145335,-1.96298957965098
"ENSG00000279434",2.62940869188758,-1.44824665824223,3.01160113796003,0.00369487114188289,0.0204715007781113,-1.91151054747502
"ENSG00000130810",-2.08392899973719,0.527638619461973,-3.01007990972808,0.0037111281873861,0.0205057390461224,-1.89446506230408
"ENSG00000272502",-2.34002714787096,0.847168514990941,-3.00987053579804,0.00371337092310759,0.0205146266113469,-1.89433453809203
"ENSG00000266904",-2.7820343980091,-0.00977626948454191,-3.00966945608004,0.00371552600076626,0.0205208924691311,-1.90080309612371
"ENSG00000236493",1.7355548709025,-0.506527507880598,3.00927305225773,0.00371977787708343,0.0205351846839796,-1.89589970279244
"ENSG00000258984",2.2474777569856,-5.65121760460206,3.00923773081601,0.00372015695869418,0.0205351846839796,-1.89648342443387
"ENSG00000170222",-1.80567033859912,1.83578201781462,-3.0058450519235,0.00375673623335334,0.0206973153423696,-1.95418068760863
"ENSG00000177076",3.14044873929674,-2.38447210981671,3.00496457884296,0.00376628384822917,0.0207442311640648,-1.97966682411501
"ENSG00000279086",-2.7766827719119,-0.550488422627649,-3.00434830372275,0.00377297998720915,0.020778265951477,-1.921295486414
"ENSG00000136929",-2.44237590773302,2.8126792092716,-3.00393760347446,0.00377744859601386,0.0207954671600911,-2.09239095619292
"ENSG00000225450",1.69760668769932,1.60948008952436,3.00391104947312,0.00377773768512179,0.0207954671600911,-1.98163030088907
"ENSG00000206710",1.50150673320632,-6.3292161387881,3.00315952222515,0.00378592797408137,0.0208324495502353,-1.93179363006884
"ENSG00000168672",-1.98881771534223,1.81423600311968,-3.00260379553228,0.00379199500421296,0.020852048928389,-1.9516861487954
"ENSG00000259728",2.5507212134057,-4.93240259475065,3.00052487455919,0.00381477142849441,0.0208655021725622,-1.92371275644832
"ENSG00000223947",2.47633687975777,-5.46288396042864,2.99879306463821,0.00383384196395608,0.0209441655979022,-1.96997050740286
"ENSG00000197465",-3.05112417032715,-2.24794614716841,-2.99647074108548,0.00385955428323852,0.0210703152219928,-1.98531530280755
"ENSG00000272146",-2.8094275736958,-3.70316857547028,-2.99369382628981,0.00389051011354525,0.0212047569935936,-1.99533912742676
"ENSG00000282780",-2.87415882470604,0.730575024172745,-2.99325666212148,0.00389540439568655,0.0212285546313394,-1.93874681086362
"ENSG00000212232",-2.77039950650946,-1.8243638199118,-2.99274474986696,0.0039011427936997,0.0212561554202991,-1.94234223476265
"ENSG00000128274",3.47315251079602,-3.46310504264864,2.992710539545,0.00390152656202146,0.0212561554202991,-1.98744308643461
"ENSG00000001561",2.07102583781149,0.934730684647235,2.9925330265109,0.00390351845061475,0.0212641258471022,-1.96356047566772
"ENSG00000236254",3.03982858166719,-4.08481056837063,2.99205767711856,0.00390885703981675,0.0212730297434294,-2.00965723394664
"ENSG00000275454",-2.90885758353225,-0.795070530787492,-2.99163982938749,0.00391355543687846,0.0212870728823417,-1.96791415825062
"ENSG00000240125",-1.83226753014658,-4.73590067374758,-2.99157646788643,0.00391426834935316,0.0212880703707651,-1.95049022435321
"ENSG00000232043",2.41633394475196,-5.36176212335289,2.99152395074201,0.00391485933790654,0.0212884045857593,-1.9740010125436
"ENSG00000244701",-2.08721435921463,0.989483656478465,-2.99021873359796,0.00392957393372665,0.0213568651187885,-1.94121124753114
"ENSG00000213754",-2.65999080118606,-4.69092855853828,-2.99010735750595,0.00393083192821737,0.0213608144333867,-1.97169839900269
"ENSG00000205221",-3.03531136050755,-2.95153425288062,-2.9897113372958,0.00393530801298033,0.0213822479710549,-1.99293250051522
"ENSG00000259238",3.15146753381107,-2.55189557864311,2.98927025291802,0.00394029901696691,0.0214009957601176,-2.00977632908245
"ENSG00000225169",2.17969241744094,-3.09877958286609,2.98916968162065,0.00394143783477851,0.0214010918197955,-2.02036386309374
"ENSG00000187950",2.39221251068011,-5.33874205492653,2.98727655308637,0.00396293178364843,0.0214809071647225,-1.95420285195237
"ENSG00000243388",-2.0959358768078,-3.99205787218035,-2.98662669607357,0.00397033511133338,0.0215057143823531,-2.00675722098799
"ENSG00000129538",4.85298028826731,0.718672389332685,2.98587938970681,0.00397886448582511,0.0215355036854021,-1.96245362416542
"ENSG00000213071",-3.04620058409192,0.296511688310476,-2.98341775820505,0.00400708081089677,0.0216318870363464,-1.9818006533804
"ENSG00000280213",2.65960976134742,-0.303475328394999,2.982400456302,0.00401879576103312,0.021662416729398,-1.96629739190945
"ENSG00000279730",2.02499640954512,-3.9851952103553,2.98148644451103,0.00402934837153737,0.0216996467826585,-2.04281283075599
"ENSG00000240828",-1.89370188333606,-5.34304160677062,-2.98058931377397,0.00403973110255626,0.0217497348044686,-1.97468997149915
"ENSG00000258785",2.00660161982432,-6.05560615091782,2.97939678258645,0.0040535710445079,0.0218051724453794,-1.97536249761997
"ENSG00000274290",1.80868689987935,0.440140398237289,2.97925889038981,0.00405517419152369,0.0218095134244328,-1.98009338213531
"ENSG00000214541",-1.72407340356024,-0.128811650126094,-2.97889548270385,0.00405940202252397,0.0218293312077995,-1.98610234408882
"ENSG00000100095",-2.85079127678932,-1.04201065839041,-2.97804740902969,0.00406928431097942,0.0218766204693761,-1.98440462412128
"ENSG00000220008",1.70872077861067,1.40924185705756,2.97723986882808,0.00407871503498047,0.0219210394167234,-2.00339106461017
"ENSG00000274505",2.7563285760266,-4.9883585325892,2.97687528628253,0.00408297939695062,0.0219326480112519,-2.02768129467494
"ENSG00000172172",-1.95389146122439,0.386900112948445,-2.97608866219344,0.00409219429779854,0.0219654847237675,-2.01150958032755
"ENSG00000259020",-1.92454528360295,-3.12213022525913,-2.97383487275145,0.00411870331301108,0.0220597003183682,-2.06497634843443
"ENSG00000258623",2.77947844878693,-4.96975450905101,2.9735232612741,0.00412238099786816,0.0220717670246597,-1.99360944590638
"ENSG00000197933",-2.21416159703662,-0.0698845499820802,-2.9725142489962,0.00413431043703507,0.0221167728795321,-1.98695197396519
"ENSG00000125962",-2.03454133920103,0.987822078489961,-2.97120126304235,0.00414988170316274,0.0221766178923366,-1.99087099238174
"ENSG00000123453",-2.52068649615797,1.13422166861356,-2.97003677556167,0.00416373739176722,0.0222357293602319,-1.98762325326452
"ENSG00000253677",1.77059152703321,-5.70736178123916,2.96900780640752,0.0041760163308088,0.0222894594438629,-1.99722891710172
"ENSG00000013392",-2.31188146601772,0.323990666016061,-2.96742766594397,0.00419493797503716,0.0223607659072453,-1.99565699490177
"ENSG00000248774",2.97550023509916,-2.29982671706062,2.96716001815033,0.00419815083484574,0.0223714662570653,-2.03168592295849
"ENSG00000244052",-1.80283935514186,-5.57987327412492,-2.96712138167632,0.00419861481790851,0.0223714662570653,-1.9967103378968
"ENSG00000188984",1.55005315497805,-6.21240314612185,2.96618766532151,0.00420984224192455,0.022425344880065,-2.03370356449132
"ENSG00000213213",-2.68041422062263,-1.27915819041322,-2.9659627052104,0.00421255142463308,0.0224338312853489,-2.02383065232296
"ENSG00000280184",2.93190634490831,-4.05668252827959,2.96571002225652,0.004215596401148,0.02244467406035,-2.06967559395678
"ENSG00000123975",-2.51330087416102,-0.613399165015958,-2.96570109307416,0.00421570404033886,0.02244467406035,-2.00555502197669
"ENSG00000067113",-2.51844784211586,0.617141394219708,-2.96301010895747,0.00424825966629378,0.0225791294426682,-2.00534462396629
"ENSG00000252759",2.94692134720116,-2.73908151277986,2.96175791771673,0.00426348810983675,0.0226421068681185,-2.07742319858404
"ENSG00000198881",-2.59089978800253,-5.12551292296208,-2.96125270828432,0.00426964650773985,0.022668823151632,-2.02270071647777
"ENSG00000173372",2.77326476929801,2.70067349326023,2.96088571003875,0.00427412531364947,0.0226896059499982,-2.14637398517648
"ENSG00000069712",2.11192698983883,-0.409772950383016,2.95917945351831,0.00429500557208637,0.0227914221236822,-2.01310903171445
"ENSG00000189423",2.73984598565294,-2.33733861792885,2.95911636785812,0.00429577939165965,0.0227925198764024,-2.07126332252469
"ENSG00000230097",1.73133831621331,-5.42715976684665,2.95870671144765,0.00430080745507571,0.022813176053431,-2.01414531661031
"ENSG00000252464",2.7508911168983,-4.80741640609435,2.95864730031792,0.00430153711176352,0.0228140362753453,-2.08124267943301
"ENSG00000256379",-2.77286939122736,-2.95257909717415,-2.95856800479515,0.00430251115715875,0.0228155452953144,-2.05609028694364
"ENSG00000201077",1.90488648553547,-5.86021828961349,2.95826476146922,0.00430623800612777,0.0228269225108582,-2.03398933992376
"ENSG00000117245",-2.91118637576431,-3.34766861973571,-2.95754477006093,0.00431509867122635,0.0228618545880526,-2.04978026361652
"ENSG00000244952",2.98097665382225,-4.57622978943465,2.95744492108075,0.00431632880964274,0.0228618545880526,-2.05262378049553
"ENSG00000259671",2.00957926433737,-1.88449691057621,2.95740598652071,0.00431680857116331,0.0228618545880526,-2.03947169407086
"ENSG00000091262",-1.6983008474841,1.4862292469973,-2.95724952234212,0.0043187370612487,0.0228660433736758,-2.02685821613442
"ENSG00000226945",-1.77374485492009,-5.1170305956295,-2.95677111816808,0.00432463856192087,0.022885233574614,-2.02769384294074
"ENSG00000232629",-4.07886132572559,0.806728140098185,-2.95659809348833,0.00432677480177516,0.0228905119859146,-2.0192356469974
"ENSG00000168754",-3.06647561700502,-2.40946078238535,-2.95614506747897,0.00433237269974161,0.0229110822513828,-2.07262410246516
"ENSG00000259494",-1.82865844852752,0.696068880579826,-2.95576912895784,0.0043370231512296,0.0229213985037975,-2.02286120875609
"ENSG00000256742",-2.50920008487394,-0.90599500160389,-2.95439083276383,0.00435411264281795,0.0229656306043778,-2.04618204957139
"ENSG00000226864",2.81914966479838,-3.04173914487528,2.95430128380412,0.00435522511780824,0.0229667537558742,-2.06880612308882
"ENSG00000179165",2.73318754723499,-4.93254143755926,2.95350541512814,0.00436512385579221,0.0230116324745028,-2.0272538126731
"ENSG00000196557",-2.30588353109912,1.4933930209959,-2.95214824873847,0.0043820519564581,0.0230796872466302,-2.04364376083168
"ENSG00000256433",2.16337637906635,-0.0392984097845234,2.95201260304759,0.00438374722348918,0.023080786840692,-2.02927216762956
"ENSG00000205502",2.59083446635864,-5.6231926545637,2.95139614675946,0.00439145920967488,0.0231080422967735,-2.03053009248383
"ENSG00000199933",3.19829836829079,-4.73985702469234,2.95114565643521,0.00439459648445477,0.0231184988050315,-2.06345963073564
"ENSG00000213096",1.70798296016643,0.67578997796764,2.95094399750212,0.00439712367860013,0.0231236231802726,-2.10471303549119
"ENSG00000273076",2.35307563425605,-0.465902137721995,2.95088435955955,0.00439787132073938,0.0231236231802726,-2.03635946354184
"ENSG00000137812",2.92060481435949,-0.409956634050358,2.9498710649647,0.00441059236489837,0.0231805450473557,-2.0624514160213
"ENSG00000221986",1.65858497600391,-6.01672159135196,2.94809240161481,0.00443300449051633,0.0232809466398089,-2.0393388982634
"ENSG00000271128",-2.81636175739042,-4.84445082196937,-2.94764923499216,0.00443860503769685,0.0233046679083769,-2.06210563026065
"ENSG00000246363",-3.26300126001014,-2.34351578385426,-2.94764325012309,0.0044386807167415,0.0233046679083769,-2.08280142880106
"ENSG00000260077",-1.703946312445,1.6644972471665,-2.94708647975964,0.00444572634713582,0.0233080948956606,-2.05835943565942
"ENSG00000187762",2.60638049277297,-5.2132975996411,2.94693099384181,0.00444769578916392,0.0233080948956606,-2.09381371054802
"ENSG00000232125",3.36409697994173,-3.52618950411856,2.94671703482045,0.00445040719532942,0.0233175120639428,-2.10181331930811
"ENSG00000196369",1.54303758931774,0.890839451655405,2.9442628531758,0.00448161770991184,0.0234318374673339,-2.05742863935219
"ENSG00000237037",-2.14704768254617,0.67446126604338,-2.94422223489461,0.0044821359664643,0.0234318374673339,-2.04697829949002
"ENSG00000236325",-2.4057891716163,-4.08400655681498,-2.9438907685209,0.00448636728717453,0.0234448118652009,-2.08002311971662
"ENSG00000226243",-1.60256093192055,0.355180352559853,-2.94332175592016,0.00449363962896666,0.0234797634993134,-2.0521750018443
"ENSG00000254273",2.35063689582993,-5.8527591712229,2.94205383985592,0.00450988371510965,0.0235500138349775,-2.05615867756183
"ENSG00000153044",-1.98806438421133,0.44491314835253,-2.94167056764667,0.0045148047627418,0.0235658616325889,-2.05301564814919
"ENSG00000279928",-3.53144690861839,-2.59524805494965,-2.94162895032517,0.00451533941037203,0.0235658616325889,-2.07610142970423
"ENSG00000216588",-2.52178899083854,-4.82388194305612,-2.94153152831633,0.00451659119673313,0.0235690549443231,-2.06276163749625
"ENSG00000236976",-2.13524066889297,-1.93573618527824,-2.94113524008471,0.00452168646449477,0.0235895197567634,-2.10060269782773
"ENSG00000267322",-2.46358421447628,-0.0443042326856456,-2.94046744170589,0.00453028472171695,0.0236282442115289,-2.06149302201303
"ENSG00000174721",-1.67922707591453,0.593874137361058,-2.93959284540415,0.00454156852840728,0.023662547486076,-2.05821015262797
"ENSG00000162878",-2.4834017347968,-4.53512853271081,-2.9393051837107,0.00454528555043317,0.0236695448919813,-2.06758854137161
"ENSG00000211749",-2.75766867054774,-0.698767932329067,-2.93852851899694,0.00455533531244061,0.0237134499215152,-2.08612353726333
"ENSG00000185267",-2.8024199245315,-2.02968762621411,-2.93777131492956,0.00456515307938585,0.0237454113206715,-2.11087184729864
"ENSG00000249774",-2.49519658802837,-5.5491615497678,-2.93588921409457,0.00458964104083857,0.0238511826685357,-2.07835518799299
"ENSG00000274799",2.81167929865292,-5.12984049764481,2.93527547057429,0.00459765271729367,0.0238866418377669,-2.08041353121904
"ENSG00000204072",-1.97787947105761,-5.03224799003857,-2.93430014877289,0.00461041101835552,0.0239257586679696,-2.0838954889101
"ENSG00000262678",2.97220144562706,-4.43122179073734,2.93381542631803,0.00461676392421184,0.0239457029133227,-2.1403743624756
"ENSG00000232341",-2.03081210693607,-3.20199345154716,-2.93361629375745,0.00461937615967056,0.0239561610385805,-2.14457028699417
"ENSG00000234756",1.6640252474878,-6.18415365807686,2.93354246058914,0.00462034505646194,0.0239580951837847,-2.11422039899952
"ENSG00000164265",-2.83517222236667,-4.08871021913524,-2.93300075993171,0.00462745943726091,0.023988797459286,-2.12143352420246
"ENSG00000184545",-2.28083691976597,1.93479166415889,-2.93151558894113,0.00464701689127556,0.0240389671774276,-2.11890167333457
"ENSG00000162627",2.7264831686343,-4.81418476818399,2.93119080669717,0.00465130397161205,0.0240565704704423,-2.07880446717888
"ENSG00000233778",-2.43158204081854,-3.31463130288438,-2.93096301420458,0.00465431298616696,0.0240690366181997,-2.12454929450442
"ENSG00000243431",-2.28214959306318,-2.85443729558291,-2.92936892461485,0.00467542054938251,0.0241567629088844,-2.14931442731406
"ENSG00000084734",2.6469155504573,-5.21879009344474,2.92927023438347,0.00467673023039829,0.0241601013521553,-2.08137032050524
"ENSG00000242100",-2.54165438238323,-4.32747577870675,-2.92865820799502,0.00468485979306895,0.024189665219748,-2.11699626564167
"ENSG00000221340",-2.40456574888629,-5.01470825242483,-2.92770344748445,0.00469756803948677,0.024245940470336,-2.09751281458263
"ENSG00000066056",-2.57893995812325,-1.4964639559119,-2.92673248683871,0.0047105246519017,0.0243003351797449,-2.12113733853244
"ENSG00000260466",1.89985925204672,-6.09562514989204,2.92409547269996,0.00474588044936823,0.0244419530906356,-2.10525175532572
"ENSG00000273860",2.08652971699762,-5.84457687640128,2.92331513197702,0.00475638989461287,0.0244851538547377,-2.09922766222647
"ENSG00000255045",-1.95261639629105,0.808346989606433,-2.92132867682982,0.00478324032313407,0.0245850319909713,-2.10302242925127
"ENSG00000177483",2.63446261203772,-1.96452412301721,2.92131345596473,0.00478344660050191,0.0245850319909713,-2.1290937113879
"ENSG00000252627",2.15241587892549,-5.82566750153571,2.92064518111541,0.00479251136836624,0.0246253249017203,-2.10356862147861
"ENSG00000224080",2.92680693131309,-3.68254852032272,2.91935075441933,0.00481011477837992,0.024681076492716,-2.16754670997557
"ENSG00000230563",1.61828289656784,-6.05892604838604,2.91863328274451,0.00481989771689451,0.0247155010222695,-2.15555698302629
"ENSG00000188523",1.8565425415355,-6.09737180557738,2.91846284205447,0.00482222443181603,0.0247242783583558,-2.12717849911805
"ENSG00000135447",1.77817758420112,-5.91225270496168,2.91830456268206,0.00482438606150308,0.024732207146716,-2.19701547426192
"ENSG00000213600",2.03044300274778,0.130961469556884,2.91811092569036,0.0048270317918788,0.0247399295344354,-2.11271535965323
"ENSG00000229648",3.29546779963048,-3.32732022176074,2.9178351411901,0.00483080225113736,0.0247556293308125,-2.16114991438024
"ENSG00000228328",1.75742999373508,-0.299216564005568,2.91495963334486,0.00487027821770603,0.0249007916708912,-2.12277158524505
"ENSG00000277590",2.65500435174992,-5.24350872728857,2.91473530839853,0.00487337034787967,0.0249121847669701,-2.11461283744035
"ENSG00000237036",1.70716449465954,0.868151551746382,2.91329294214311,0.00489329558680169,0.0249810726570345,-2.14451755592077
"ENSG00000217929",1.66810732048,-5.97763189058722,2.91323549100886,0.00489409079137856,0.0249810726570345,-2.13258095761192
"ENSG00000258613",-2.39351205708887,-3.54787487575445,-2.91299222139064,0.00489745931080054,0.0249920867241436,-2.16144138350752
"ENSG00000005001",-2.96877789045256,-4.02096350304397,-2.91288386301464,0.00489896042419698,0.0249965740542666,-2.14400460622572
"ENSG00000174807",-3.06640879519763,2.26951303740956,-2.91253039221246,0.00490386009636729,0.0250088777869032,-2.21484540799237
"ENSG00000173207",-1.98254231624998,0.637856087770545,-2.91184196159615,0.00491341586735744,0.02504490233289,-2.12121307862409
"ENSG00000138161",-2.79418546342964,-0.737617186974057,-2.9112525313716,0.00492161115031117,0.0250834953682568,-2.13630208831304
"ENSG00000168778",-1.94763231213581,1.08845043259664,-2.91036365709468,0.00493399374549295,0.0251338591683106,-2.13775594244203
"ENSG00000119630",2.08341413146768,-4.57599568699941,2.90929374280394,0.00494893657295607,0.0252035910952597,-2.12846680145671
"ENSG00000130783",2.44468445516736,-1.39355807713922,2.90895734281148,0.00495364350729161,0.0252243668499224,-2.14607178206132
"ENSG00000279598",2.29205539292756,-2.36167972091626,2.90849062121439,0.00496018077101088,0.0252544563520997,-2.13072825077585
"ENSG00000111077",-2.87060590271978,-1.84745076958967,-2.90792172435926,0.00496815997379777,0.0252854750305884,-2.16216799828076
"ENSG00000237989",-2.14779205672784,0.0834842896565551,-2.90760952849939,0.00497254379827444,0.0253013803035349,-2.14163509388155
"ENSG00000136999",-2.78073062364336,2.21390537265935,-2.90717545680225,0.00497864493845341,0.025310797257772,-2.16825377471728
"ENSG00000235531",3.30191768029931,-2.40080813931912,2.90581591935573,0.00499779889918538,0.0253881111125917,-2.19058150163268
"ENSG00000277157",3.15526909404438,-1.229692145826,2.90390340329679,0.00502485895332936,0.0254965770089293,-2.16245438173125
"ENSG00000207750",2.13726996055971,-5.79056073480597,2.90117720130244,0.00506366610609554,0.0256527516980233,-2.1461097087021
"ENSG00000134042",2.74172113121262,-5.55683098363984,2.89661657120251,0.00512920631465726,0.0259311308176372,-2.1557878395095
"ENSG00000203907",2.87125821161409,-4.60344734157426,2.89616587455296,0.0051357256219239,0.025954298108433,-2.21311500042976
"ENSG00000158477",-2.06646098935866,-0.205486433684043,-2.89510416501581,0.00515111349502135,0.0260124437541576,-2.16403861764663
"ENSG00000278434",-2.93919806957417,-3.2883951421,-2.89465725477352,0.00515760352082754,0.0260354064219373,-2.20052415671165
"ENSG00000247572",-1.8575458363555,0.866592091372093,-2.89389155838355,0.0051687405289413,0.0260850749114359,-2.17074722496969
"ENSG00000181378",1.59631614840978,-6.36261410790431,2.89373243078371,0.0051710578186766,0.0260902191800247,-2.3169628161275
"ENSG00000118523",-3.05888397713636,-4.57210221432832,-2.89361910482115,0.00517270870925887,0.0260952736265058,-2.17718371144066
"ENSG00000112232",-2.76503094155529,-3.52423249768168,-2.89323014657897,0.00517837861516585,0.0261205993835505,-2.2060055891658
"ENSG00000212420",2.28628304254217,-5.54175494124048,2.89144760395797,0.00520443658905571,0.0262322918446863,-2.18783736766223
"ENSG00000211951",-2.87408845627194,0.159144428976488,-2.89038008675078,0.00522009998536149,0.0262914632437363,-2.18309691166355
"ENSG00000246016",2.15378881671903,-0.662068620007331,2.88976241415611,0.00522918281786397,0.026333910515316,-2.17169980191835
"ENSG00000204116",-1.57507355741811,1.08311322024196,-2.88809446972658,0.0052537828497556,0.0264346155351533,-2.20835891074534
"ENSG00000278987",-2.89152083843798,-3.83772139681828,-2.88789016132699,0.00525680347688862,0.0264365791065644,-2.21926975676667
"ENSG00000243772",-2.56252010224082,0.321343720299771,-2.88718494213719,0.00526724222715102,0.0264659007643951,-2.17683958359459
"ENSG00000179088",-2.33190656845675,-0.293899820218402,-2.88681774758695,0.00527268507110202,0.0264866281679924,-2.17936597780672
"ENSG00000003249",-2.39906412340894,1.99674451647123,-2.88579999178629,0.00528779821889382,0.0265492773817871,-2.20495764056397
"ENSG00000231027",1.60975537317843,3.70812696371034,2.88527348859908,0.00529563221924089,0.0265811113753019,-2.49810733657954
"ENSG00000264188",3.19112808743908,-2.353750432701,2.88516994944743,0.00529717407090519,0.0265830722754376,-2.21789897826153
"ENSG00000255089",2.60160161226754,-4.44518624085156,2.88483747217088,0.00530212795604051,0.0266012914125472,-2.24271649955288
"ENSG00000197599",-1.7181926612296,1.55250645310286,-2.88459205707756,0.00530578736713489,0.0266096885895156,-2.21615338860446
"ENSG00000138642",-1.78396467261995,4.12512739365234,-2.88329796541653,0.00532512233330866,0.0266733825122944,-2.47858408585052
"ENSG00000147257",-2.68166683596987,-4.52594218496255,-2.88269436565635,0.00533416293486944,0.0267086833114487,-2.20292070576307
"ENSG00000237248",-1.59599775195915,0.686882965927066,-2.88232625216742,0.00533968342686251,0.0267296666824463,-2.20022379087748
"ENSG00000252995",2.05539609833784,-6.04836077593878,2.88102375701953,0.00535925897725801,0.0268009614882108,-2.20832351199309
"ENSG00000233045",-2.08019018620926,-1.84253943811989,-2.88086800854563,0.00536160419546014,0.026808420955871,-2.23233586130108
"ENSG00000132141",-2.59832506246331,-1.87621204694183,-2.88083613224733,0.00536208429695436,0.026808420955871,-2.22216486777414
"ENSG00000225850",2.73004862170666,-1.32541057530927,2.87844314577801,0.00539823961177624,0.0269523135708679,-2.21374315322669
"ENSG00000225439",-2.46337504505391,-1.05169775886271,-2.8781462219702,0.00540274146379092,0.0269714407459733,-2.2175537159625
"ENSG00000101000",-3.04014324451624,-1.14903791666782,-2.87761950430782,0.00541073590005925,0.0269945898056816,-2.23133528975346
"ENSG00000150510",3.26281079373485,-4.53220458182536,2.87753331018622,0.00541204518039869,0.0269977714781472,-2.22486967583273
"ENSG00000092208",-2.41396499105773,-0.44925718026963,-2.87744267471514,0.00541342224001781,0.027001290433399,-2.19874478020678
"ENSG00000112290",1.77933020424977,0.0538775348447857,2.87574362157726,0.00543929657620769,0.0271000868703311,-2.23005771112023
"ENSG00000175322",-2.54111259160981,-0.758125955575089,-2.87562629770246,0.00544108747279503,0.0271056503818223,-2.20941739395711
"ENSG00000236051",2.5299579186998,-4.68132119225196,2.87488364765931,0.00545243633295405,0.0271487299303219,-2.21880991075851
"ENSG00000185818",-3.32812866516186,-3.21292182326864,-2.87292226445302,0.00548251453719434,0.0272714735739034,-2.23958103474776
"ENSG00000101230",-2.98424142797378,-1.34600248650869,-2.87276658105696,0.00548490852441092,0.0272732581939849,-2.23410253384187
"ENSG00000248795",-1.86868807526847,-4.16079284184242,-2.8703801802269,0.0055217258793028,0.0274156383598532,-2.24348016465174
"ENSG00000227032",3.09582849456897,-4.11644789573522,2.87004389358835,0.00552693240753637,0.0274301906864582,-2.26634347112703
"ENSG00000180769",2.55483327528289,-1.59250676064001,2.8700146057032,0.00552738606912587,0.0274301906864582,-2.21963221983802
"ENSG00000260879",2.4467654303938,-5.20383973638409,2.86936760884031,0.00553741665160631,0.0274664064439083,-2.21842900077314
"ENSG00000126259",3.31280975099615,-3.33256238069822,2.86830038693902,0.00555399883355595,0.027533416626467,-2.26725425655834
"ENSG00000198711",-2.78102176746233,-4.08605592362633,-2.86637260235113,0.00558406842403319,0.0276636745265536,-2.26379926432611
"ENSG00000234456",3.16120108151187,-2.24561155626445,2.86604421169771,0.00558920561682736,0.0276788918708664,-2.27281195478332
"ENSG00000243179",2.87241962850578,-4.18308345311514,2.86554967346283,0.00559695017781591,0.0277035940714793,-2.28093602628621
"ENSG00000226721",-1.57208505430558,0.895502699691287,-2.86515395000939,0.00560315441338066,0.0277261781521635,-2.23580187876596
"ENSG00000234534",3.02125238933611,-4.2921116683217,2.86492442807514,0.00560675581446759,0.0277350556482375,-2.27691086574061
"ENSG00000164342",-2.93331288116082,-1.79820436071378,-2.8620704673323,0.0056517157667588,0.0279088522503397,-2.26693280907787
"ENSG00000234289",2.58664208240688,-3.4672437666386,2.86064829515516,0.00567424398571968,0.0280018857393471,-2.29591012036124
"ENSG00000244073",-1.80053292242291,-1.93395786811317,-2.86058418998811,0.00567526140621725,0.0280018857393471,-2.29859991283409
"ENSG00000228495",-2.77059654366409,-4.43297157218085,-2.86028535943903,0.00568000640199632,0.0280215507882018,-2.27035812593364
"ENSG00000132541",-2.54749357978812,-1.38111981627813,-2.86022419862829,0.0056809779981437,0.0280229052124384,-2.25469705286247
"ENSG00000147234",-2.64793467248813,0.733045277734858,-2.86003695928856,0.0056839534219974,0.0280307035661359,-2.2435334946332
"ENSG00000224083",2.29102193785874,-2.64406636715265,2.85968667648444,0.00568952363419071,0.0280478515195261,-2.23847171788669
"ENSG00000139117",2.00082540208269,1.12739894941318,2.85956557713742,0.00569145053255672,0.0280539105333307,-2.30902408637997
"ENSG00000143674",2.3629361264691,-0.431635498080937,2.85932950618738,0.00569520855748374,0.0280635784936124,-2.24186188697743
"ENSG00000248476",1.59768061247602,0.118879649801826,2.85932202770589,0.00569532764519912,0.0280635784936124,-2.2621484444872
"ENSG00000263120",2.99071691910922,-2.89084198462872,2.85820627818076,0.00571312066106437,0.0281262401195334,-2.26651513946962
"ENSG00000223916",-2.03265713392336,-0.549687022861542,-2.85622916620752,0.00574477595790671,0.0282544021360124,-2.27308120974158
"ENSG00000182308",1.96729584280364,-1.1879555892913,2.85557356653888,0.00575530835446664,0.0282923583353225,-2.24917845569137
"ENSG00000053108",3.65363325475013,-1.85646802672257,2.85546027616532,0.00575713020081837,0.0282978540571342,-2.28086811710847
"ENSG00000170509",2.43372192902226,-0.538252520736786,2.85533704510247,0.00575911250954148,0.0283006773143365,-2.2593729464192
"ENSG00000238116",2.15071420967949,-4.61985502600311,2.85496096168254,0.00576516612325881,0.028321403328706,-2.26986380979381
"ENSG00000236618",-2.35858297864996,0.761965087760995,-2.85262269992823,0.00580293575713849,0.0284603663911774,-2.25934333524977
"ENSG00000272821",-1.6233200803977,1.42739968615659,-2.85234727432347,0.00580739966371126,0.0284775222260313,-2.26748370136014
"ENSG00000198178",-2.38953792517106,0.409523902607996,-2.85202550825448,0.00581261863540232,0.0284904772470671,-2.25810267940192
"ENSG00000258745",3.01482139392,-2.83752306810613,2.85193286348917,0.00581412211405412,0.0284943724526641,-2.30067235318089
"ENSG00000065833",2.63814539974966,-0.601971855155369,2.85154882313995,0.00582035830990858,0.0285104558323529,-2.26575766966226
"ENSG00000161551",-2.10344183920183,1.16169109716716,-2.85151242108072,0.00582094974060873,0.0285104558323529,-2.29425823460079
"ENSG00000105376",2.00682595374694,-0.00306856310351418,2.85087868067753,0.00583125511915478,0.0285539729963776,-2.27544661078144
"ENSG00000180264",1.78588599236917,-6.02564910980115,2.85072248686878,0.00583379760090399,0.0285594655566905,-2.28815955547824
"ENSG00000141040",-1.60542527470732,0.685538848612471,-2.85041482474176,0.00583880863449723,0.0285788931095074,-2.27105130710818
"ENSG00000226862",-2.63580946365724,-1.21495707207962,-2.85028104588185,0.00584098878991951,0.0285807487015998,-2.27546421598412
"ENSG00000234040",-2.12886200767701,-4.25753217970448,-2.84987301995359,0.00584764290805295,0.0286028641184505,-2.29224006745315
"ENSG00000117650",3.20375308627524,-1.63082743083735,2.84974876063891,0.005849670726672,0.0286093020138282,-2.30634554871181
"ENSG00000204086",1.78129212110098,-5.53722035645937,2.8493474559933,0.0058562241466611,0.0286378692548436,-2.26946480882364
"ENSG00000214460",-2.21946223757632,-2.34012047746925,-2.84847732125522,0.00587045695772868,0.0287004877313156,-2.29668728212387
"ENSG00000273112",2.27599809755826,-0.648359117986794,2.84746769601418,0.00588701139111968,0.0287709253520293,-2.28294532600916
"ENSG00000229848",-2.82885835217979,-4.27241301528159,-2.84506762249053,0.00592653739680621,0.0289183950025978,-2.28982313866094
"ENSG00000262209",2.0709839731513,-5.49090077214212,2.8449358330897,0.00592871486242517,0.0289255090897108,-2.27733894204674
"ENSG00000213077",2.75934325133672,-4.46437199520136,2.84252539933305,0.00596867113661724,0.0290745810050026,-2.31415795473759
"ENSG00000189366",-2.13771151162256,-4.80637050228072,-2.84195638459292,0.00597813948794248,0.0291147653890727,-2.27947396466162
"ENSG00000197506",3.03176204577514,-2.9108412137221,2.84150358565812,0.0059856839094399,0.0291397995310369,-2.32584614342638
"ENSG00000197841",-2.22729456092521,0.370343605100034,-2.84128497673283,0.00598932945659413,0.0291504870234864,-2.296145336444
"ENSG00000182983",-2.47051600284769,-0.624190895281269,-2.83887754602689,0.00602961162924058,0.0292933470354961,-2.29944850892905
"ENSG00000168454",3.05084898049017,-3.3828910771522,2.83880814631166,0.00603077654941025,0.0292954662686552,-2.33418796476942
"ENSG00000230844",-1.68857390086244,0.354779909836586,-2.838480211135,0.00603628396474061,0.0293151350507976,-2.28864347007613
"ENSG00000104524",-1.8780925370276,2.10107741422093,-2.83831706649209,0.00603902557789363,0.0293203692083908,-2.34521980058937
"ENSG00000250069",2.69149452150881,-3.7291107445304,2.83801731651845,0.00604406580774836,0.0293387507369113,-2.31288196036381
"ENSG00000256667",-2.36171113183973,-0.925985515516261,-2.83657203979494,0.0060684222703399,0.0294321042480642,-2.29341480864521
"ENSG00000126249",-2.78002440035635,-0.655809102857182,-2.83466234229351,0.00610074408074477,0.0295638998956245,-2.32645039005262
"ENSG00000179057",-2.77612431006919,-2.5087570440768,-2.83400649146121,0.00611188095973418,0.0296088586188616,-2.33231498460483
"ENSG00000275109",1.58575556711292,-6.34758477891058,2.83374478352037,0.00611633019905799,0.0296251453810276,-2.36931148520058
"ENSG00000234493",-2.76997909331433,-3.71116103369622,-2.83341383968115,0.00612196077545799,0.0296452742826984,-2.30834847333226
"ENSG00000230789",3.14894668265807,-4.03355346589383,2.82953812953059,0.00618825729856524,0.0299050751192355,-2.34636968845218
"ENSG00000237793",-1.7887928814479,0.121977067234664,-2.82894450157063,0.00619846989521492,0.0299457641991906,-2.30658934351364
"ENSG00000113356",-2.6130631396647,-2.72182568040304,-2.82842704040558,0.00620738480301939,0.0299794910921414,-2.32961001633423
"ENSG00000211798",-2.91912939164754,-3.66973685556562,-2.8283039457778,0.00620950723601263,0.0299861393275892,-2.34002836496602
"ENSG00000274598",3.16974159038758,-4.52811790352143,2.82774038976037,0.00621923276882475,0.0300186812069027,-2.35088795217477
"ENSG00000242660",-2.58608079052492,-3.89449582452177,-2.8269292146664,0.0062332562044091,0.0300649495400891,-2.33897853660799
"ENSG00000129354",-2.81855215811591,0.560558194938687,-2.82686222332408,0.00623441563845279,0.0300649495400891,-2.31678233889127
"ENSG00000020426",-1.54226165201889,1.07910912157789,-2.82576658553202,0.0062534062951291,0.0301319863561466,-2.33125348718513
"ENSG00000264350",-2.94362635444998,-3.10542564115422,-2.82535702590184,0.0062605188484162,0.0301455717743476,-2.34724469713039
"ENSG00000258539",-2.68517990414061,-1.89671216939103,-2.82387188485898,0.00628637285111821,0.0302354783555446,-2.33880530315454
"ENSG00000215030",-1.51319927676961,5.69009041923131,-2.82380937025589,0.00628746328671094,0.0302354783555446,-3.0030104154375
"ENSG00000188157",-2.03590203172267,2.80886519503734,-2.8221429198415,0.00631659528589787,0.030361043003786,-2.4204251659873
"ENSG00000259959",-2.27638979231715,-0.209277497697976,-2.82199286643074,0.00631922452962606,0.0303700495564886,-2.32190442612618
"ENSG00000198208",-2.92239776756237,-0.510448570150351,-2.82044523491389,0.00634640106185178,0.0304824391264714,-2.34243913985557
"ENSG00000169258",2.29300938301791,0.66904413395974,2.82036731451134,0.00634777219130173,0.0304853825868728,-2.33227923877966
"ENSG00000181074",-2.89225320757343,-3.13658198848412,-2.81981351182956,0.0063575250620563,0.0305139950507148,-2.35824632443468
"ENSG00000251578",-2.95782291703479,-2.48276985585111,-2.81809806579632,0.00638782293592219,0.0305684159268146,-2.36086867909887
"ENSG00000250950",3.06141306403631,-4.0350687744582,2.81805480648334,0.00638858868879976,0.0305684159268146,-2.37498170639073
"ENSG00000270696",-1.57337412783389,0.00779269165602227,-2.8180522938917,0.00638863316792937,0.0305684159268146,-2.33172659832181
"ENSG00000164530",-1.57544111644329,2.48405918679802,-2.81749506205484,0.00639850460415374,0.030604721248803,-2.389703516939
"ENSG00000267274",2.37511663694754,-0.551862034430977,2.81663135322344,0.00641383307099435,0.0306670929020117,-2.33840329599098
"ENSG00000125730",-1.73813498742089,1.49278583561763,-2.8155398587518,0.00643325245484268,0.030723404037727,-2.37528054758409
"ENSG00000157827",1.78347211535802,0.220137152718005,2.81471759456206,0.00644791753693722,0.0307788151056697,-2.38696784382852
"ENSG00000125864",-2.63610733291365,-0.090875068658225,-2.81455194963516,0.00645087553505256,0.030781970119903,-2.34147714943031
"ENSG00000174010",1.51550270301928,0.89477516890697,2.81410878383447,0.00645879549311856,0.0308160338743964,-2.46239200922147
"ENSG00000167751",-1.8348563975087,-5.75157447949314,-2.81237962995127,0.00648978340807555,0.0308869743780577,-2.40067466276639
"ENSG00000165891",2.90908255272528,-3.64064959131644,2.81186122191067,0.00649910034539196,0.0309166763797713,-2.37356412670026
"ENSG00000197763",-2.80561386040501,-1.77510728213527,-2.8113979876321,0.00650743609968856,0.03091850358958,-2.37332770825939
"ENSG00000250412",2.50200417753515,-5.34125308504635,2.81106002489992,0.00651352383787571,0.03091850358958,-2.34650079723307
"ENSG00000264577",-2.38288352923394,-0.31645600086007,-2.81097742926665,0.00651501243343766,0.03091850358958,-2.35546741143133
"ENSG00000180479",-1.83166072515109,0.0243464199399885,-2.810560042188,0.00652253966070444,0.03091850358958,-2.34832884994328
"ENSG00000232022",-2.58966417719456,0.877944400660836,-2.80975425607989,0.00653709398051407,0.0309618581767939,-2.34876517879536
"ENSG00000171033",-2.32116760747997,0.996579751190552,-2.80967155701844,0.00653858940212899,0.0309652928665791,-2.35285977869347
"ENSG00000268278",2.62597118108987,-4.94762141231748,2.80918544346048,0.00654738600813766,0.0310032994463075,-2.35198367955165
"ENSG00000261474",-2.14238147326436,0.699276376271872,-2.80849776777645,0.00655984863591252,0.0310440300012896,-2.35180932937597
"ENSG00000184985",2.74885984548645,-1.19081458801557,2.80826094966482,0.00656414549922749,0.0310607082579971,-2.36471774077249
"ENSG00000280387",1.73432405424988,0.752120170211029,2.80702550174582,0.00658660367101533,0.0311342086882062,-2.37296693769908
"ENSG00000231760",2.23606302000747,-5.11582467855373,2.80697499964105,0.00658752320844352,0.0311342086882062,-2.35798429575293
"ENSG00000253310",1.83865755591075,-5.99201304617432,2.80623821581914,0.00660095193301187,0.031187151205893,-2.42604624846901
"ENSG00000107447",-2.61850856137434,-4.82785247268929,-2.80617027459905,0.00660219150640683,0.0311893422961889,-2.36268887004522
"ENSG00000099957",-3.00856247785408,-2.90552597961828,-2.80447651399184,0.00663316310795255,0.0313135771801207,-2.39047277194927
"ENSG00000189157",2.18752762170671,-5.72697488226778,2.80429955096787,0.00663640669994728,0.0313178568084612,-2.37128402916008
"ENSG00000213875",-1.81192308667221,-5.86612150056119,-2.80399982227765,0.0066419038175412,0.0313309574081867,-2.36190731909931
"ENSG00000115641",2.4034466983543,0.0659580537129931,2.80317522708591,0.0066570487678136,0.0313644251407219,-2.37036272665875
"ENSG00000253251",-2.90628776618,-2.69091095064937,-2.80246856576936,0.00667005294799415,0.0314029123568639,-2.3851540309133
"ENSG00000207561",2.79757721404523,-2.28448430228723,2.80038836992483,0.0067084690254687,0.0315615999721349,-2.40258262909861
"ENSG00000240759",-2.55752570694035,-4.22809681114289,-2.80005708055303,0.00671460587003589,0.0315793852582105,-2.40513584706611
"ENSG00000238251",-1.90940951327701,-3.24482356681835,-2.79994017815288,0.00671677261622758,0.031582186282758,-2.42072519749727
"ENSG00000118804",3.164437640163,-3.45195706127234,2.79930327952768,0.00672858861288796,0.0316266478914207,-2.41067547800471
"ENSG00000234176",-1.94773474680142,-0.417292680202739,-2.79827886438801,0.00674763407172533,0.0316828293566342,-2.3839964445771
"ENSG00000232995",-2.52739323141369,-2.87439087769738,-2.79788115418486,0.00675504146620819,0.0317065005282547,-2.40022120531462
"ENSG00000181291",-2.70268694078028,-3.28898723235331,-2.79758891323819,0.0067604892492622,0.0317283666587484,-2.40222890718038
"ENSG00000011201",3.31877246085814,-3.60674213967876,2.79734473180316,0.00676504423265449,0.0317405390710416,-2.41338543064281
"ENSG00000159231",-2.71331258348851,0.477253682608861,-2.79709760707473,0.0067696569932561,0.0317491542747179,-2.37832835322341
"ENSG00000121900",2.5398668306688,-4.82637065850273,2.7965491314991,0.00677990501675534,0.0317860923012942,-2.37760868705947
"ENSG00000211451",-2.72030164526274,-1.36523646769688,-2.79552032261375,0.00679916633320243,0.0318541061563226,-2.4012903035069
"ENSG00000229785",-1.51485973389669,-5.22152696348471,-2.79497508916118,0.00680939455318672,0.0318945916144952,-2.38104666820047
"ENSG00000182383",-2.21876666484167,-2.33650941119064,-2.7944287036201,0.00681965857345807,0.0319315064023016,-2.42268322029286
"ENSG00000223704",-1.51557610962469,0.569069862995757,-2.79425349683853,0.00682295289693524,0.0319398423594292,-2.3929267728245
"ENSG00000183856",3.13040092773498,-2.559671908187,2.79347124472495,0.0068376790364696,0.0319858756094104,-2.42145219933032
"ENSG00000201643",1.57304877873034,-6.18420709666002,2.79301856168015,0.00684621427547126,0.032003663523546,-2.40150597623342
"ENSG00000154485",2.59685738405527,-4.89411318953951,2.79295973547896,0.00684732414923851,0.0320051302694671,-2.39540549998958
"ENSG00000136514",-1.73452321368688,2.83025653427103,-2.79189321760711,0.00686747484000081,0.0320806673852792,-2.5012535697479
"ENSG00000235189",1.87833290393063,-6.00432168120011,2.79137473355562,0.00687729070653053,0.0320993400250134,-2.40395189639256
"ENSG00000249506",1.9058909384401,-5.6856260476494,2.79066519992752,0.00689074439464723,0.0321401924042797,-2.39123331977762
"ENSG00000131183",-2.66488220687939,-3.78719116027289,-2.79063013790072,0.00689140984341304,0.0321401924042797,-2.40877408237131
"ENSG00000120659",-2.43280268147525,-5.14254535310465,-2.78977206290472,0.00690771382997091,0.0322007652113599,-2.39345966555182
"ENSG00000100298",-1.57924294490644,1.17742943595819,-2.78951905600357,0.00691252788929666,0.0322130825761598,-2.39798846964509
"ENSG00000166707",-2.06940046667559,0.317118926762431,-2.78947243568886,0.00691341528823399,0.0322130825761598,-2.39310417798465
"ENSG00000226439",-1.92489496506422,-3.14391076899802,-2.78946182476485,0.00691361727752931,0.0322130825761598,-2.439933513589
"ENSG00000231419",-2.76990650216131,-4.45290271391644,-2.78893218790282,0.00692370632622021,0.032242191790421,-2.39979888099637
"ENSG00000250483",1.89122777069825,-5.34561499772406,2.78876206411916,0.00692694988271369,0.0322486813173146,-2.41300064800848
"ENSG00000237730",-1.92553514763224,-4.79161738607707,-2.78779977407203,0.00694532307337781,0.0323129126485285,-2.39978630497175
"ENSG00000274276",3.04811646583628,-4.25167996592386,2.78709453927899,0.00695881668185333,0.0323644549102114,-2.43052057075929
"ENSG00000070018",1.94704816661913,-0.179540840999961,2.78520074915028,0.00699517079339322,0.0324973619144763,-2.41034315210357
"ENSG00000225591",-2.62245412531076,-5.11094357396354,-2.78518483168414,0.00699547709088796,0.0324973619144763,-2.41100198717928
"ENSG00000233081",1.69575416737839,-6.19543270140349,2.78348213947519,0.00702831299787703,0.0326159805079825,-2.46904209793877
"ENSG00000163221",2.17465285867823,6.99034848615056,2.78333226448457,0.00703121006163295,0.032621893467717,-3.75003896992538
"ENSG00000281969",3.5413836205604,-4.80587284518631,2.78209403434182,0.0070551868905935,0.0326954032709671,-2.43487873969228
"ENSG00000126861",2.53804970105354,-1.02658559599321,2.78189430791191,0.00705906137821781,0.0327095880045081,-2.40963034700025
"ENSG00000136866",-2.79824134999689,-2.6808242572201,-2.78142733180504,0.00706812786340446,0.0327440512058753,-2.43214598281408
"ENSG00000238035",1.81432211464769,0.569952646347243,2.77937106030247,0.00710817839585614,0.0329025713636297,-2.42382297709512
"ENSG00000272908",-1.87239602532523,1.35511919137746,-2.77904940163384,0.00711446224423105,0.0329187410344513,-2.45512662497702
"ENSG00000198106",-2.39111086433376,-0.478395572859719,-2.7790298911149,0.0071148435612245,0.0329187410344513,-2.42132899389488
"ENSG00000204455",-2.82333446952922,-3.95710240693097,-2.77894838153107,0.00711643680180198,0.0329223236255516,-2.43318855124711
"ENSG00000266088",-2.01438730611471,0.58197985716396,-2.77842466774955,0.00712668147863061,0.0329621317077666,-2.41817968717104
"ENSG00000143502",-2.36002398780637,1.11798344194806,-2.77782209159775,0.0071384855854604,0.0329977460626284,-2.42179527832366
"ENSG00000262655",-3.15728718100211,-1.60150364383462,-2.77774069552363,0.00714008146170347,0.0330013284575078,-2.43593731688906
"ENSG00000108830",-2.46343652634581,-4.26708850046641,-2.77642978142138,0.00716582881457108,0.0331089127690365,-2.4284874958348
"ENSG00000085231",-1.86227750534119,-0.581837507131993,-2.77625029249595,0.00716936074228889,0.0331199537803704,-2.42192042879448
"ENSG00000240204",-2.89468079046391,-1.91243720596375,-2.77581831733779,0.00717786757034018,0.0331492971927416,-2.44422259505895
"ENSG00000268230",-2.83006506153096,-3.71295622982237,-2.77530796780471,0.00718792975736781,0.0331881419668888,-2.45078593319714
"ENSG00000242616",3.14004256792325,-3.58694163984936,2.77488593295226,0.00719626049079303,0.0332189762602895,-2.46094366638351
"ENSG00000228612",2.41985766075931,-4.38503228779022,2.77387163170274,0.00721631850329655,0.0332924531179169,-2.47196263471881
"ENSG00000279500",1.95432452870886,0.37548386900293,2.77289800299096,0.00723562047996209,0.0333585337769996,-2.48165593323793
"ENSG00000119640",-1.51052471324399,1.29526133306325,-2.7724704926715,0.00724411074480972,0.033383637641227,-2.46188031155
"ENSG00000255122",-2.87929141492587,-1.75155728602934,-2.77234284952088,0.00724664748337732,0.0333902260317175,-2.45328599079621
"ENSG00000134769",2.8612781028524,-3.38522295837068,2.77211281209309,0.00725122123190645,0.0334066065556407,-2.4704820983679
"ENSG00000206926",1.66771040141269,-6.07964046466539,2.77199729717313,0.00725351897143862,0.0334103998269678,-2.47685705071914
"ENSG00000197670",1.76037998956921,-5.54796264778886,2.77144916920075,0.00726443105154866,0.0334529962353218,-2.43878752208081
"ENSG00000156970",2.68751229604909,-0.813793075111792,2.769897378989,0.00729540572042702,0.03354951964912,-2.44699258603078
"ENSG00000234028",-2.40089716708341,-1.19953896773938,-2.76952006341646,0.00730295546677702,0.0335794176874734,-2.44203036120319
"ENSG00000226942",-2.65332025732287,-0.898990173725167,-2.76829689737727,0.00732747925613372,0.0336707991050945,-2.4416941660011
"ENSG00000012223",3.39046805065273,5.33928703337596,2.76746551102794,0.00734419120681482,0.0337267475222757,-3.05515657606241
"ENSG00000197721",1.88888095656292,-0.462862856578796,2.76743275459608,0.00734485036957176,0.0337267475222757,-2.46144355639663
"ENSG00000131686",-2.88921203054749,-1.99763762661061,-2.76547522912703,0.00738434067624738,0.0338419164696846,-2.46943198579651
"ENSG00000181585",-2.89084720508167,-1.46327300080961,-2.76543849188731,0.00738508365724448,0.0338419164696846,-2.46033878486716
"ENSG00000117480",-1.70086738311468,3.05044356763536,-2.76510643767039,0.00739180229847568,0.0338424212702299,-2.69292488101097
"ENSG00000280173",1.83450368625134,-0.699156911813301,2.76480938238704,0.00739781753932502,0.0338424212702299,-2.46152475229624
"ENSG00000197632",2.25393118164029,-0.182907483723269,2.76468164401238,0.00740040556691534,0.0338424212702299,-2.44665549674367
"ENSG00000236264",-1.94237992351766,-4.95256263452128,-2.76372589110092,0.00741979585966391,0.0338424212702299,-2.4501896862893
"ENSG00000265936",-2.19490639043117,-3.48455216965261,-2.76368509557448,0.00742062455481991,0.0338424212702299,-2.48574441147921
"ENSG00000237976",-2.56521806046341,-3.25528191223365,-2.76238582013272,0.00744706169913896,0.0339017975799779,-2.48163617682293
"ENSG00000270020",2.81259969782481,-2.38961872895499,2.76199401592432,0.00745505091910671,0.0339266421836006,-2.48977491637843
"ENSG00000168589",-2.88389508224932,-5.65285713665117,-2.7611774399704,0.00747172687353318,0.0339948351935017,-2.45514795109127
"ENSG00000255135",-2.32743812489519,-0.123916190392152,-2.76093088132007,0.00747676876851562,0.0340090206326944,-2.45618397226297
"ENSG00000249173",3.75177975791889,-2.46326727422723,2.76056456857994,0.00748426528689316,0.0340287755104816,-2.46022005778761
"ENSG00000167733",-1.82610535564291,0.396769728358553,-2.75985511730585,0.00749880368107326,0.0340804810796131,-2.4588528373012
"ENSG00000124003",1.65031112976887,-5.87951303992222,2.75919147361177,0.00751242681343155,0.0341143773583616,-2.47901894433871
"ENSG00000173262",2.88568843544406,-1.16221529720287,2.75733116729314,0.00755073588116902,0.0342419271172879,-2.47113175675345
"ENSG00000167588",-2.70177036883835,-2.32460622357488,-2.75723536104311,0.00755271365115769,0.0342459860514617,-2.4781382528319
"ENSG00000144893",2.8770620594472,-1.36240607787144,2.75720528518484,0.00755333461813619,0.0342459860514617,-2.47228440054844
"ENSG00000227077",-1.71511950030278,0.117541861894601,-2.75628967520085,0.00757226136268383,0.0343153466198477,-2.46678292814375
"ENSG00000114854",-2.70496311988773,-1.81013838127158,-2.755636873063,0.00758578210796586,0.0343582258116768,-2.49300507065939
"ENSG00000215883",-1.60746052799612,0.761148737783655,-2.75481453230171,0.00760284582603077,0.0343963479168288,-2.47575671648642
"ENSG00000260979",-3.09815426004431,-1.40475823513079,-2.75408621248302,0.00761798797924268,0.0344532697391897,-2.48506969995482
"ENSG00000205809",-2.94940047446148,-3.6759395672948,-2.75354024772917,0.00762935700513464,0.034493410967209,-2.49299125236891
"ENSG00000169918",-2.61746368889236,0.0664616632046815,-2.75324477632956,0.00763551631024332,0.0345096151438338,-2.47159872730135
"ENSG00000278909",-2.51271115498554,-4.88127676137848,-2.74943620193094,0.00771531788769646,0.0347842558843976,-2.48186924502716
"ENSG00000217624",1.92054441926688,-1.81995513923583,2.74893188518602,0.00772594204359413,0.0348243437646116,-2.51560625185609
"ENSG00000279663",1.9598939315337,-5.77086028635995,2.74864542710961,0.00773198266498754,0.0348437582219291,-2.48269488664625
"ENSG00000223284",2.38175488482509,-5.17522396497964,2.74823949910451,0.00774054999710539,0.0348706399578251,-2.49282636775689
"ENSG00000184786",-2.01857007018197,-0.59572981441838,-2.7480967800731,0.00774356422723968,0.0348803102592145,-2.48606682624268
"ENSG00000273328",-2.15604495432571,-5.46899379336159,-2.74796155387463,0.00774642120122746,0.0348892701245515,-2.48243486895161
"ENSG00000271964",-2.14482997357932,0.0478787623038454,-2.7474205605177,0.00775786063640897,0.0349134124375813,-2.48547973438928
"ENSG00000171246",-2.99121987439212,-2.57755315195193,-2.74727061706177,0.00776103396663269,0.0349212537001888,-2.50457167008815
"ENSG00000274114",-2.14605166708623,0.379855383404954,-2.74725614652907,0.00776134027688143,0.0349212537001888,-2.49647199615085
"ENSG00000250705",2.23742463909302,-4.11066649445216,2.74680199065707,0.00777095941956253,0.0349527982306168,-2.50556122818092
"ENSG00000163218",2.47041249269348,-4.94492640581913,2.74627776103025,0.00778207632936625,0.0349910561003447,-2.51108263062249
"ENSG00000187860",-1.83885031051439,1.97612243372626,-2.74551769758787,0.00779822026483629,0.0350479654652821,-2.55854710855745
"ENSG00000249459",-2.11859538861035,-1.11079840431415,-2.74468203660843,0.00781600533421027,0.0351161205236836,-2.49705791826011
"ENSG00000184611",1.96768192354889,-5.73210406356759,2.74463587709727,0.00781698881294117,0.0351166146226239,-2.49784366848001
"ENSG00000211878",-2.42261511495621,-5.32002227745149,-2.74448051638181,0.00782029977577103,0.0351275633056477,-2.49110702960579
"ENSG00000270154",-2.6865112615703,-4.75514933158161,-2.74441258540292,0.00782174788756105,0.0351301428416634,-2.50467801952266
"ENSG00000232774",2.51610550511352,-1.84513586966899,2.74378541810857,0.00783512907620076,0.0351836533637674,-2.50335343447508
"ENSG00000269019",2.77996145915421,-3.0762128975531,2.74308365107096,0.00785012678789605,0.0352375586551543,-2.53182246231466
"ENSG00000199095",1.86112152553661,-6.34686054201428,2.74304642190826,0.00785092315989795,0.0352375586551543,-2.76322546448029
"ENSG00000214297",1.84840674323997,-3.27320901303322,2.74186850375039,0.00787615836281277,0.0353074619203612,-2.54614230548966
"ENSG00000196911",-1.81679996405742,0.976907396475368,-2.74085188644895,0.00789799766171015,0.0353702938561868,-2.55343044912975
"ENSG00000260167",-2.31560538569635,-4.98694168268271,-2.74047359999205,0.00790613828785701,0.0354023804241956,-2.50678910232767
"ENSG00000273154",2.11642864066789,-5.63635319890408,2.74037372246388,0.00790828890882423,0.0354080666792016,-2.49868820066688
"ENSG00000275987",1.87015355412551,-6.15850952358076,2.73907463975031,0.00793631038198299,0.0354861027668202,-2.53977324346011
"ENSG00000228137",-2.46999281142077,-4.91177642445667,-2.73893163260779,0.00793940062640135,0.0354877313362253,-2.51316073096184
"ENSG00000140287",-2.72813550326096,1.66369221893744,-2.73889439173045,0.00794020554622522,0.0354877313362253,-2.51484451335585
"ENSG00000230325",-2.64947357270953,-2.68787685731383,-2.73882824093579,0.00794163550586585,0.0354901768126744,-2.52870336221106
"ENSG00000272055",2.63577954527827,-4.02340324801939,2.7381366934671,0.00795659858878083,0.0355260459828914,-2.53271518490883
"ENSG00000214354",2.21676130428313,-4.8344476522601,2.7381305580522,0.00795673145689154,0.0355260459828914,-2.52161131282085
"ENSG00000267440",-2.15474453499095,-5.5403452232567,-2.73643477519655,0.00799353323064736,0.0356349548612204,-2.50697864496177
"ENSG00000258733",-2.26779393796358,-0.431465291227188,-2.73507465317925,0.00802316312792066,0.0357036975944948,-2.51225049871444
"ENSG00000272510",-2.69249230424899,-3.58374699846391,-2.73486983668578,0.00802763370603923,0.0357125519135826,-2.5314524571596
"ENSG00000203616",-2.37239838039129,-5.16850330183284,-2.73485525093825,0.00802795215961896,0.0357125519135826,-2.52027455053979
"ENSG00000267033",1.52353201916111,-6.36848399775992,2.73481544530895,0.00802882130286628,0.0357125519135826,-2.58499676687356
"ENSG00000279930",-3.02629236003473,-1.76004985645963,-2.7347938102894,0.00802929373278516,0.0357125519135826,-2.52900140099712
"ENSG00000196188",-3.46742700035204,-1.46535109035024,-2.73385650278825,0.00804978557342761,0.0357895647222795,-2.52145708002118
"ENSG00000273058",-2.34413694994044,0.0503090185679427,-2.73189158765082,0.00809289897933094,0.035940073177303,-2.51663078514201
"ENSG00000247400",1.60094554747022,0.608028044625059,2.7306529453636,0.00812018534815431,0.0360317540139624,-2.5494493200989
"ENSG00000131969",2.58196733713341,-5.208634621825,2.72986462711681,0.00813759525696699,0.0360890904049186,-2.52670463478499
"ENSG00000254990",1.65481938272137,-5.89940685872516,2.72944795214655,0.00814681127233029,0.0361100448478746,-2.5817555337455
"ENSG00000282199",-2.3001276971799,-5.17930928725265,-2.72828353444213,0.00817261655275843,0.0361945182473807,-2.525387922515
"ENSG00000112378",-2.04628633718736,0.426281774848642,-2.72747634501911,0.00819054900536315,0.0362417035534781,-2.52602528808741
"ENSG00000279364",1.80295095252571,-5.98715439409777,2.72696134286573,0.00820200906680859,0.036274716007023,-2.53474199874001
"ENSG00000242358",-2.04520695739208,-4.57471211830891,-2.72570161264006,0.00823010305230477,0.0363574842585192,-2.54124438957671
"ENSG00000180694",2.21090466636492,0.910321452820601,2.7252689649981,0.00823977208667874,0.0363746302592198,-2.5538105495673
"ENSG00000167550",-2.72256406915838,-0.472061507962853,-2.72525957587169,0.00823998203499116,0.0363746302592198,-2.5323944676356
"ENSG00000267385",1.71299728419509,0.164990081847539,2.72521766278247,0.00824091930462742,0.0363747735929547,-2.56750515084682
"ENSG00000158104",3.61947284085091,-0.548340056628332,2.72434825714027,0.00826038316427475,0.0364246927684736,-2.53300652819926
"ENSG00000178722",-1.99101296810209,-5.56744266188451,-2.72300424414039,0.00829055513755717,0.0364996229711786,-2.5365764210385
"ENSG00000197149",-1.71539343472314,-2.07344897302366,-2.72287201756141,0.00829352895776993,0.0365067832213147,-2.57534002909495
"ENSG00000261526",-1.50930969394775,1.40943616044251,-2.72182897019612,0.00831702169278216,0.0365821560277055,-2.6203903812252
"ENSG00000256948",-2.42186689051223,-5.41118209162647,-2.7206516118473,0.00834361270042,0.0366750402123644,-2.540472177233
"ENSG00000275012",2.48551298236341,-4.95411017536774,2.72028501699986,0.00835190823060696,0.036707490399788,-2.5550639374024
"ENSG00000182676",2.23702700018306,-5.20915242195832,2.71986703666619,0.0083613757510778,0.0367410676516373,-2.5529089129265
"ENSG00000173585",-3.37895742104602,-0.862240012618915,-2.71870978990032,0.00838763938639576,0.0368001613676615,-2.55518491149232
"ENSG00000271596",2.32723150666975,-5.48847528713297,2.71802475686946,0.00840322170966619,0.0368564607431813,-2.55367221290314
"ENSG00000256581",2.33469613066559,-0.722931390902764,2.71777480035516,0.00840891401819201,0.0368710016756161,-2.54657807012752
"ENSG00000270781",-2.69590559658166,-2.39353710759201,-2.71705839676765,0.00842524836965842,0.0369127980554716,-2.57267833914589
"ENSG00000180481",-2.64015004595385,-3.77884217051714,-2.71607645282992,0.00844768433769862,0.0369869097957046,-2.57209054461492
"ENSG00000230583",2.60350506591264,-4.26775003712013,2.71602126320306,0.00844894696008011,0.0369881496763705,-2.55513896183639
"ENSG00000280969",-2.58454529130047,-4.74167325523422,-2.71587042272442,0.00845239875327367,0.0369881496763705,-2.55556788744941
"ENSG00000241923",-1.70221474892157,-0.588896563433485,-2.71551938904023,0.00846043670972186,0.0370182793442981,-2.55406049546029
"ENSG00000171241",1.99495937388406,0.694382791226223,2.71478973257537,0.00847716673570757,0.0370715824114996,-2.56530219046584
"ENSG00000261451",2.50294376002794,-3.06827855887926,2.71458736643876,0.0084818120726223,0.0370757648084768,-2.57398256236817
"ENSG00000216285",1.66696426043728,-2.37365955682081,2.71440147417808,0.00848608130182838,0.0370888691561731,-2.59991281799433
"ENSG00000150076",-2.67213177102127,-3.15546099023098,-2.71379526656112,0.00850001721717993,0.0371109570118448,-2.5760251143857
"ENSG00000211806",-2.67854246333072,-0.239798430823551,-2.71168114890418,0.00854878196896728,0.0372620538210899,-2.56755386457376
"ENSG00000229894",1.92941839992138,-3.40323296790546,2.7113561734873,0.00855630058009671,0.0372838061913124,-2.60196861810035
"ENSG00000253139",2.39555236559585,-5.42527752111894,2.71120305668267,0.0085598451766954,0.0372952092547424,-2.56739388057395
"ENSG00000167644",1.57851831582299,-5.25808141234126,2.71076262290265,0.00857004854243821,0.0373234851590403,-2.61024741475913
"ENSG00000260285",-1.52228305596224,0.852346747731769,-2.71028719335491,0.0085810751256003,0.0373507401463951,-2.5794748756422
"ENSG00000183022",1.81838321138411,-1.22117272344334,2.71008822767414,0.00858569356391298,0.0373632877956733,-2.5805904578655
"ENSG00000247092",-1.5450240212594,1.11446256701609,-2.70988589533333,0.00859039248112982,0.0373716003166736,-2.6202072627082
"ENSG00000205089",-2.54209614809903,-0.243573512875125,-2.70950000589714,0.00859936080458918,0.0374004447857259,-2.5684688343115
"ENSG00000210127",-2.33135901181971,-0.070759770952454,-2.70825218255201,0.00862841967832765,0.037484301697442,-2.56662028819591
"ENSG00000260809",2.24694928335733,-4.58779309209504,2.70786335699613,0.00863749284443012,0.0375115574518505,-2.58631487273441
"ENSG00000249667",-2.8336405011211,-0.594696671835335,-2.70758420746693,0.00864401212165762,0.0375277079173736,-2.57254990301052
"ENSG00000261172",3.0775636801087,-2.97397658139001,2.70710117293886,0.00865530357269911,0.0375686152266951,-2.59324989484351
"ENSG00000211802",-2.01965079002745,-0.0482150014010616,-2.7059291028363,0.00868275805814073,0.0376633836268206,-2.57243118307911
"ENSG00000205181",2.12259598218712,0.0348881705850844,2.70585496067803,0.00868449743349098,0.0376668643673756,-2.57791043948575
"ENSG00000258650",1.52024792814441,-6.20775495775146,2.70536086487892,0.00869609706112688,0.0377049713170214,-2.64863910610594
"ENSG00000256356",-1.6289768061116,-1.22203401162329,-2.70364541027721,0.00873647993615091,0.0378089935423217,-2.59170010536432
"ENSG00000226948",-1.77162229519789,-3.37578295769588,-2.70359725719373,0.00873761595952805,0.0378089935423217,-2.59879122117398
"ENSG00000109944",-1.84963958853569,0.218269527218722,-2.70348462180417,0.0087402737712756,0.0378141046231465,-2.57881373652929
"ENSG00000244485",-1.88870142527828,-2.44352638493294,-2.70292992722541,0.008753373459969,0.0378438848179147,-2.61324931896625
"ENSG00000230199",-2.377990459202,-4.12790650316242,-2.70183862763849,0.00877919803568426,0.0379139885520011,-2.60137228687514
"ENSG00000227165",-2.80162341690203,-0.236003462187663,-2.70136151062865,0.00879051042396928,0.0379506121203193,-2.58286695096015
"ENSG00000176887",1.51863109531372,-6.2088603465867,2.70113592864701,0.00879586358376351,0.0379657606042119,-2.61563151749557
"ENSG00000237737",1.75948871356214,-5.85333502065415,2.7007711643423,0.00880452590609488,0.0379988782047049,-2.61285643818853
"ENSG00000232334",2.31220379246492,-0.587711632056847,2.69861561873976,0.00885587458461007,0.0381835982465137,-2.58679218445751
"ENSG00000235582",-2.12351729744103,-4.29126590584159,-2.69820918811801,0.0088655870492715,0.038221375930811,-2.58887079622057
"ENSG00000140092",-1.6395709815471,1.89695467185386,-2.69781397597934,0.00887504076004073,0.0382539282336397,-2.63506720122468
"ENSG00000142156",-2.13385406399327,1.50785603657949,-2.69759691775525,0.0088802368408782,0.0382640173072868,-2.60231434708237
"ENSG00000189014",-2.37838351226103,-4.8716514659218,-2.69681619753306,0.00889894921912772,0.0383158998080082,-2.60249834411745
"ENSG00000226289",1.83876241223933,-5.94358463661726,2.69582643402753,0.00892272375877091,0.0383894842198318,-2.6263897046173
"ENSG00000234997",1.8845318852303,-5.64759207029458,2.69573017886003,0.00892503894249803,0.0383953360691606,-2.6027994461026
"ENSG00000117594",2.48170531264083,-4.43195244292049,2.69401509430522,0.0089663832529196,0.0385484482444523,-2.59943526503057
"ENSG00000247595",2.70436626346373,-3.30808823816318,2.69308804151405,0.00898880382919314,0.0386283155041393,-2.62964668342862
"ENSG00000266236",1.78765274250157,0.644764883549479,2.69288605725731,0.00899369556593762,0.0386452061930124,-2.64196241603145
"ENSG00000099365",-2.47233335142099,-0.226269256646272,-2.69218058595871,0.00901080004291344,0.0386980219341103,-2.60079839644631
"ENSG00000270117",1.79620397241111,-5.89650012491676,2.69170857485699,0.00902226075655934,0.0387265563672003,-2.65740253792142
"ENSG00000211710",-2.32644759450319,1.05711560348387,-2.69156435895613,0.0090257650601847,0.0387374620422275,-2.60453512248892
"ENSG00000231610",1.89976816024327,-4.67329159598589,2.69103879863758,0.00903854617962289,0.0387798968530629,-2.60680377097642
"ENSG00000197928",-2.51314492487103,-0.138599080745678,-2.69087248821194,0.00904259413075609,0.0387931244525297,-2.60330008231368
"ENSG00000117322",-1.89964162488821,1.21760298759818,-2.69039363224079,0.00905425860639518,0.0388348772532059,-2.67414671547149
"ENSG00000228918",1.83009607795722,-6.13670216630161,2.69010573915366,0.00906127802146443,0.038859645599331,-2.66211042370225
"ENSG00000248858",3.49883921759498,-4.72388769164281,2.68971473636718,0.00907081941893391,0.0388851655235638,-2.61714051981463
"ENSG00000235363",-2.33172911829486,-3.11790567338475,-2.68946817624145,0.00907684078889061,0.0388985346332993,-2.62357493958015
"ENSG00000242736",-2.68109128710376,-3.638993951174,-2.68907883656888,0.00908635648487919,0.0389185705737389,-2.61894032119682
"ENSG00000146072",-2.44604405699144,-0.525689737025236,-2.68860543299712,0.00909793902701144,0.0389598790758324,-2.6111846535506
"ENSG00000278459",1.56689107414083,-6.03749630512242,2.68851689496081,0.00910010674161532,0.0389624714360297,-2.65269378412059
"ENSG00000265565",1.51641197722244,-6.10753924768873,2.6882718016636,0.00910610992607319,0.0389782614190795,-2.65298477962007
"ENSG00000235066",2.46175362367459,-5.89500619850093,2.68792828308077,0.00911452997403089,0.0390037553874667,-2.63310977692365
"ENSG00000078081",-2.6278559765139,0.416880129670276,-2.68745708674289,0.00912609112080631,0.0390388503126894,-2.61055717726632
"ENSG00000262837",2.70515879917673,-3.27313604694245,2.68704806814896,0.00913613754727029,0.0390693545022189,-2.64220885613976
"ENSG00000280208",2.16934150155537,-4.97544948202124,2.68654810016535,0.00914843161494805,0.0391094478715591,-2.61233151160634
"ENSG00000225643",-2.71720958580324,-2.80138900149176,-2.68608019033097,0.00915995106520538,0.0391545297951501,-2.63192246991323
"ENSG00000273117",-2.14888285399703,0.529199741983104,-2.68545900821697,0.0091752643822086,0.0392085150152514,-2.62023141048036
"ENSG00000261269",2.40731726622215,0.0296826154069565,2.68499342302429,0.00918675726227322,0.0392399081446991,-2.62058413521532
"ENSG00000271833",-2.53580918897839,-4.48928334764954,-2.68427621689661,0.00920448707804607,0.0393072859052059,-2.62665922747329
"ENSG00000079337",-2.77530685234749,-1.10939959314112,-2.68423468582774,0.00920551471018432,0.0393074989249952,-2.62350637231951
"ENSG00000273361",2.53061034234629,0.317169682578563,2.68397023485972,0.00921206066200619,0.0393312725928179,-2.61804476814241
"ENSG00000275022",2.32964201351366,-2.26874591729584,2.68320593723007,0.00923100321030784,0.0393991219025266,-2.61998992708471
"ENSG00000211728",-2.61887367563892,0.822695716220709,-2.68273348074793,0.00924273047145174,0.0394304123327342,-2.62026644445509
"ENSG00000264456",1.79171037839531,0.387475879966822,2.68266539126023,0.00924442170189787,0.0394304123327342,-2.66630604352896
"ENSG00000233170",-2.36977768253125,-4.50027664802578,-2.68247473001594,0.00924915891564161,0.039435523660511,-2.62705700444685
"ENSG00000255769",-1.70936318489683,1.29401570808332,-2.68244698619878,0.00924984842966772,0.039435523660511,-2.64715603730319
"ENSG00000146243",-2.51183379460644,-1.43795681958536,-2.68129943047762,0.00927840965118874,0.039518023603887,-2.62546630678439
"ENSG00000132259",2.92112152279552,-1.24594157474275,2.6810400388322,0.0092848767287781,0.0395369967851131,-2.63215663634887
"ENSG00000163806",2.60916794814142,-3.05371335003661,2.68077967358849,0.00929137221748841,0.0395563387247485,-2.63553444752405
"ENSG00000148346",3.80763944335989,5.13396804021278,2.68008037375084,0.00930883860898248,0.0396140499373678,-3.18040955969064
"ENSG00000180875",2.77965023823941,-3.07452535956189,2.67978404481939,0.00931624904476441,0.0396371937874504,-2.65224734565756
"ENSG00000229337",2.883043242258,-4.2386289788256,2.67677257439315,0.00939186428069501,0.0399011989446463,-2.64661811442678
"ENSG00000259094",2.61384748884549,-5.85589697905879,2.67628917792741,0.00940405395476454,0.0399304792025184,-2.6525357267938
"ENSG00000081985",-2.03347157103639,1.13103450333831,-2.67608845940525,0.009409119658536,0.0399467184028146,-2.66397939663711
"ENSG00000276742",1.86124687274574,-5.76459138263676,2.67585167953448,0.00941509867449141,0.0399604937618141,-2.64443662241337
"ENSG00000145911",-1.95781379887882,2.10187336911575,-2.67489580214491,0.00943927115356557,0.0400335034197324,-2.72293602271233
"ENSG00000186417",3.52916699411254,-4.90310382736386,2.6738870365947,0.00946484248659876,0.0401165627460457,-2.64069774104509
"ENSG00000203325",1.56468798256797,-5.87907461660417,2.67320485903009,0.00948217090450468,0.0401857721592765,-2.72685614385847
"ENSG00000132881",-2.20308467568189,0.981563134963254,-2.6728500581967,0.00949119485947731,0.0402028253862298,-2.65210675205214
"ENSG00000243988",-2.36857028657288,-5.46115075075607,-2.67267421879808,0.00949567003743924,0.0402069056169834,-2.64084549167084
"ENSG00000254332",1.62702953267004,-2.34833844662869,2.67259701074431,0.00949763561921822,0.0402069056169834,-2.66803606936455
"ENSG00000213235",-2.23247872193878,-3.03290102437887,-2.67249790947602,0.00950015910789826,0.0402069056169834,-2.66757361087368
"ENSG00000175287",-2.60286356859816,-1.23598997651785,-2.67242411325876,0.00950203863273783,0.0402106270645607,-2.65566038014939
"ENSG00000076826",2.96625419796696,-1.4722831235293,2.67230870984501,0.00950497853641484,0.0402188345564624,-2.64867751652966
"ENSG00000251556",1.721355778176,-5.97220796768656,2.67190345577421,0.00951530896477584,0.0402583088825424,-2.69356371608624
"ENSG00000253865",-2.65865033665692,-2.17939695457404,-2.67184306671037,0.00951684923343273,0.0402605885386155,-2.65348900182327
"ENSG00000224796",-2.51978329782194,-4.72076949887832,-2.67171286989518,0.00952017077534771,0.0402635984497613,-2.64823803551544
"ENSG00000115257",-1.82501077911349,0.625761664567205,-2.67125677661315,0.00953181483309318,0.0402971158457474,-2.66333374015631
"ENSG00000236824",2.60041852979665,-4.87717728013447,2.67120600556071,0.0095331118209517,0.0402971158457474,-2.64404481637433
"ENSG00000138080",2.39140203846181,0.502876993654777,2.67069307332426,0.0095462241247651,0.0403424053677921,-2.65456355699993
"ENSG00000232803",1.73474472754153,-6.00619368775407,2.66974071041109,0.00957061342125399,0.0404199811704226,-2.66003802221779
"ENSG00000113916",2.88184783392896,9.02036260434215,2.66688137912175,0.00964418062969855,0.0406623334740578,-4.80125823154376
"ENSG00000251587",2.41399798037276,-3.88392151661698,2.66596608566104,0.00966783878989687,0.0407151115683463,-2.68550550000415
"ENSG00000213967",-2.43251468983169,-1.75641543646038,-2.66586935900644,0.00967034203358868,0.0407213879160294,-2.66768148214584
"ENSG00000268804",-2.49370776575242,-1.23890261434227,-2.66561515494217,0.00967692354219668,0.04074056762419,-2.67181190052902
"ENSG00000262039",-2.81835255773346,-2.48359764955714,-2.662999337573,0.0097448864237374,0.0409580683750226,-2.6725922979941
"ENSG00000271155",-2.88450574173175,-2.28240601352368,-2.66284155934586,0.00974899962381594,0.0409667903080013,-2.67510951201202
"ENSG00000258376",-1.99535263682187,-0.0875952419541347,-2.66237222226772,0.00976124436797217,0.0410101014196525,-2.66241526274291
"ENSG00000240914",-2.10852259469321,-1.03088943016357,-2.66236830174651,0.00976134671122468,0.0410101014196525,-2.67048931498885
"ENSG00000154608",2.2541709625629,-4.17249680344691,2.66115111765477,0.00979316803718973,0.0411308965139053,-2.69009875532844
"ENSG00000132164",1.83379829548691,-5.77393977182125,2.66049467588255,0.00981036888249649,0.0411902297456004,-2.69498982234217
"ENSG00000277130",2.64959891003963,-4.81130417126537,2.66006150213014,0.00982173448008115,0.0412293379522003,-2.68072633999502
"ENSG00000172465",-1.95313000806099,-0.635639927336231,-2.65942647208203,0.00983841807356876,0.0412821295682717,-2.66942985586766
"ENSG00000176919",-2.97142515115643,-2.6602811252611,-2.65938582797515,0.00983948676002835,0.0412823050226111,-2.67895267878298
"ENSG00000249684",-2.48183405524336,0.164767518593173,-2.65922368250012,0.00984375122771324,0.0412941445317853,-2.67072896666446
"ENSG00000210154",-2.13649912414847,-3.73940219565087,-2.65888247994002,0.00985273044593976,0.0413076931262561,-2.68826654321148
"ENSG00000218052",-2.78591507917918,-2.07395050519563,-2.65826562605763,0.00986898276255658,0.0413542677736397,-2.6851705406033
"ENSG00000228149",-2.03451813889763,-4.23480598733885,-2.65736594639614,0.00989273053269034,0.041440820347527,-2.67792536404628
"ENSG00000265752",-2.39438508870367,-4.93563185555288,-2.65716245392434,0.00989810909785856,0.0414590312515222,-2.67326412534489
"ENSG00000269119",-2.10287558782959,-0.287059828155158,-2.6563691367465,0.00991910293925835,0.0415337931433925,-2.67483915744961
"ENSG00000230592",-1.98543548506969,-2.50236823149065,-2.65601065084792,0.00992860298779785,0.0415607764801592,-2.69880186927922
"ENSG00000160180",3.0769550144446,-2.30222682511956,2.65569056434569,0.00993709244041916,0.0415919823310496,-2.68286289120838
"ENSG00000279198",2.53398029513864,0.0509154455382534,2.65472878948105,0.00996264080538911,0.0416728837434453,-2.67788884725519
"ENSG00000103855",2.63565841054825,-4.52930330508197,2.65428144452068,0.00997454435646096,0.0417139948214338,-2.70238145365614
"ENSG00000124225",-2.07286405357218,1.59634516997089,-2.65388393080763,0.00998513280483243,0.0417452484421665,-2.72395847145727
"ENSG00000237745",-1.70630915746079,-4.37203834675045,-2.65340832562427,0.00999781480869959,0.0417939223187419,-2.68057660123548
"ENSG00000253115",2.01067617615001,-5.95785369244507,2.65270052598806,0.0100167154488089,0.0418555237992949,-2.70653421643245
"ENSG00000248626",1.72060798262945,-0.447889269377943,2.65224817708043,0.0100288117378856,0.0418930059732415,-2.6831503123739
"ENSG00000249210",1.82802701238661,-1.47562392132046,2.65216666694123,0.0100309928200385,0.0418977634650584,-2.70364386664232
"ENSG00000121446",2.14656667444957,-5.88067325864149,2.64956735442881,0.0101007733462516,0.0421279479267568,-2.72522827339806
"ENSG00000272916",2.6262089345901,-2.06095855668744,2.64896289992049,0.010117063631964,0.0421726222664911,-2.69594483726628
"ENSG00000267472",-2.8720562172149,-2.20946381721812,-2.64893638521568,0.0101177787612633,0.0421726222664911,-2.70468445401332
"ENSG00000269802",-2.59959448572859,-4.1805379170997,-2.64872384157298,0.0101235129496014,0.0421834025290086,-2.7002724482466
"ENSG00000262503",1.59635106672832,-6.39686799277002,2.64846004361341,0.0101306340388186,0.0422043263863819,-2.9428455163553
"ENSG00000223972",-2.5306043267818,-2.54425932620134,-2.64785972332626,0.0101468563831781,0.0422631496390932,-2.69942595362864
"ENSG00000248079",1.75731492344607,-6.28393067785455,2.64748853940154,0.0101568986522246,0.0422918321715933,-2.88014875100674
"ENSG00000123838",3.00339447489972,-0.719295611236631,2.64721349908503,0.0101643456230848,0.0423096938019522,-2.69940295848644
"ENSG00000280106",-2.46021036077146,-1.86345956671101,-2.64555276269777,0.0102094173651103,0.0424665283923604,-2.70795275749232
"ENSG00000264743",2.84186123697173,-1.60082947783317,2.64486383277191,0.0102281680131061,0.0425357205402806,-2.70883750374153
"ENSG00000229344",-1.63716951507414,3.44837852629482,-2.64476499431826,0.0102308606762491,0.0425381177894889,-2.92516846265943
"ENSG00000167191",-3.01780283202026,-2.27856243658929,-2.6442037229072,0.0102461636790264,0.0425797262997952,-2.71018421256421
"ENSG00000246575",2.76854830074566,-3.77484604634901,2.6441031251446,0.0102489086676171,0.0425867313959216,-2.71394065762768
"ENSG00000239198",-1.52153550333931,-5.52824214422946,-2.64363341594172,0.0102617343825908,0.0426224037244464,-2.70691269683773
"ENSG00000179082",1.6986328166729,0.608018358563989,2.6434337658409,0.0102671903833809,0.042640659895938,-2.78936899217599
"ENSG00000179348",-1.69339654387763,3.40472775654784,-2.64322914063424,0.0102727850838515,0.0426594882699101,-2.93320457853876
"ENSG00000230928",1.9716992479555,-5.74225761858639,2.64219893898339,0.0103009942338839,0.0427413118165548,-2.70612972351676
"ENSG00000253358",1.75231843232875,-5.70367349466763,2.64181135780941,0.010311625291017,0.0427738138458144,-2.7464125830653
"ENSG00000280057",-2.24002659763212,-4.74956046720284,-2.64089766158354,0.0103367268285449,0.042858359410208,-2.70875043035287
"ENSG00000080031",2.61049389600112,-3.82028676170668,2.64062077707055,0.0103443445199909,0.0428736081730325,-2.70806956870933
"ENSG00000272977",-2.63799534849365,-0.164776365652769,-2.64027113265195,0.010353971295597,0.0428953656214547,-2.70749552528207
"ENSG00000156966",-1.61396680933737,1.78351534094896,-2.63927014871739,0.0103815765474044,0.042995178127161,-2.77500574092388
"ENSG00000143786",-2.36063216096195,0.141986772888379,-2.63923677387004,0.0103824981159763,0.042995178127161,-2.7166938785605
"ENSG00000275329",-2.48241453203779,-3.64314280404482,-2.63793586277021,0.0104184778186237,0.0431308459751116,-2.72515356907482
"ENSG00000154309",-1.75788019000943,0.721675869516584,-2.63626871747832,0.0104647524829988,0.0432816011265012,-2.73239596877791
"ENSG00000223224",1.56550374260536,-5.88912627287508,2.63623610612819,0.0104656595331257,0.0432816011265012,-2.71810575501211
"ENSG00000211825",-2.52808738484718,-3.0789620175945,-2.63546191543052,0.0104872138504324,0.0433439879937374,-2.72414922253322
"ENSG00000214089",-2.46001775620441,-5.33967204326354,-2.63459404827171,0.0105114242463946,0.0434261923290058,-2.71923425460145
"ENSG00000180712",2.89528262207711,-2.18352086784757,2.63429775996686,0.0105197012718738,0.0434514569538551,-2.72320914659741
"ENSG00000261327",-2.00961080434309,-3.908218505757,-2.63414297757819,0.0105240275866402,0.0434603962031955,-2.72138090416263
"ENSG00000225948",-2.74265302429396,-0.879030112175409,-2.63317218379848,0.0105511991386671,0.0435547086736518,-2.7250106303459
"ENSG00000211777",-3.01687284502844,0.581785983894885,-2.63134406747806,0.010602539650439,0.0437217457202738,-2.72569868385339
"ENSG00000152990",-2.39514670044601,-0.524253371226837,-2.63108592109719,0.0106098076757466,0.0437382576066822,-2.72627036088759
"ENSG00000185745",-4.47725453340862,4.99128366905266,-2.63092304872357,0.0106143956250458,0.0437526846014652,-3.02679567974339
"ENSG00000152952",2.92350277102985,-2.98199754856176,2.63022996303486,0.0106339393350455,0.0438197651852704,-2.74839449328565
"ENSG00000115457",3.24229109851989,0.0872300722268553,2.62907128217606,0.0106666850764912,0.0439276862779243,-2.74196501838645
"ENSG00000110881",-2.55536582029727,-1.15199025179376,-2.62899469396024,0.0106688527820661,0.0439321130333524,-2.73530845815623
"ENSG00000168546",-2.19195908094334,-0.436565886638351,-2.62887780150566,0.0106721620065076,0.0439412389374867,-2.73188904874453
"ENSG00000137819",2.95429692541389,-4.0911631643704,2.62820622357663,0.0106911924715957,0.0440015683602672,-2.75050241141692
"ENSG00000229056",-2.67270955879266,-2.58460285803763,-2.62628116141011,0.0107459140321171,0.044181554092777,-2.74761822696104
"ENSG00000224533",2.45366034535774,-3.15475071616042,2.62358972286326,0.0108228475934135,0.0444161003420182,-2.75106722576894
"ENSG00000267874",2.94561850057742,-4.64221799501152,2.62330996769492,0.0108308729386037,0.0444399626329604,-2.76018712342507
"ENSG00000224117",1.67749224189422,-5.688189017086,2.62281171148179,0.010845179833095,0.0444863025972037,-2.80419670469068
"ENSG00000232699",-1.7680153039454,-5.86398724734176,-2.62168730989734,0.0108775289897867,0.0445782787500932,-2.75306814840004
"ENSG00000198826",2.16793621356701,0.695826640062515,2.6213514044115,0.0108872100333175,0.0446073805299053,-2.77712758171619
"ENSG00000229931",2.68711925669851,-2.53939868793238,2.62063329093439,0.0109079328737287,0.0446786263259949,-2.75950331934445
"ENSG00000239040",2.62028380423235,-3.45984502220578,2.61980689186589,0.0109318249241678,0.0447491320233577,-2.75486651545585
"ENSG00000230836",1.92072540868821,-6.05744089007441,2.61944829816481,0.0109422070317872,0.0447870705652522,-2.7829130517399
"ENSG00000231453",2.88366395874644,-4.35916490906847,2.61698718048714,0.011013704227673,0.0450430251638771,-2.76936711787378
"ENSG00000275741",1.84707224941059,-5.9089385279084,2.61659352226722,0.0110251795871594,0.0450718307276375,-2.76034376041544
"ENSG00000267711",2.78644397131509,-3.12221174874789,2.61659171956374,0.0110252321619717,0.0450718307276375,-2.77115050476131
"ENSG00000205846",2.84342590121783,-3.17903323202397,2.61567403687302,0.0110520254539531,0.0451527378591847,-2.77586093779784
"ENSG00000166763",-2.54428450442071,-3.81806070206644,-2.61564462157239,0.0110528852612367,0.0451527378591847,-2.76277302717615
"ENSG00000167900",1.9098000376771,2.34118945378864,2.61541212623827,0.0110596832238983,0.0451623207506273,-2.81907051274912
"ENSG00000229955",2.31831047181269,-5.58359616054143,2.61541071203547,0.0110597245855909,0.0451623207506273,-2.76072998045411
"ENSG00000274466",2.60030122751814,-4.74706565923167,2.61407087138629,0.0110989746031558,0.0452949930967483,-2.76633462577475
"ENSG00000227388",-2.69067113507429,-2.01119677600246,-2.61302939565992,0.0111295715522837,0.0453932935104594,-2.76964883825721
"ENSG00000141622",-1.62391151765515,1.35965890174486,-2.61284133321083,0.0111351046996091,0.045410172360893,-2.81240044783846
"ENSG00000196951",-2.6530315936144,-2.81521211885861,-2.61195675978843,0.0111611640411384,0.0454933708589521,-2.77602399494312
"ENSG00000235962",-1.97643392747929,-3.85757038491702,-2.61086969276075,0.0111932646891644,0.045596476546133,-2.78155411700531
"ENSG00000233608",3.12076083400839,-3.87664020279375,2.61057808399683,0.0112018900349934,0.0456269891779945,-2.78247999067273
"ENSG00000247570",1.81719662372184,-2.44251541951621,2.61051175467094,0.0112038527988583,0.0456303606746733,-2.78186553802496
"ENSG00000261612",-2.31326490218313,-4.37777874058748,-2.61009810200659,0.0112161003265137,0.0456756143969312,-2.77451798201386
"ENSG00000270948",2.79684362207889,-4.86655377629403,2.60987878045512,0.0112225989849843,0.0456881948753762,-2.76924653171416
"ENSG00000113595",1.51322142419588,1.69050416850787,2.60967359191751,0.0112286819689798,0.0457037027960844,-2.94195926193125
"ENSG00000211727",-2.78551826529288,-0.151870281031564,-2.60956292523153,0.0112319640177769,0.0457124334321386,-2.77333060635928
"ENSG00000256968",-1.74518817028648,-5.31878588916948,-2.60861745437326,0.0112600394547006,0.0458220575116788,-2.77181383601068
"ENSG00000279741",-2.27691176447245,-0.605108125083059,-2.60831813801439,0.0112689408293524,0.0458489990103863,-2.77233337649544
"ENSG00000261114",2.52805601570423,-4.01838313447925,2.60824894144064,0.0112709995770158,0.0458527347698025,-2.78442589901488
"ENSG00000147206",2.41435839721429,-4.4839895543811,2.60781744353678,0.0112838452825353,0.0458936210214787,-2.77342812275094
"ENSG00000271820",-1.86698665993168,-5.45662312937243,-2.60697962461642,0.0113088251634019,0.0459694023477336,-2.77824957872359
"ENSG00000273079",1.73838976611039,-6.07125366456523,2.60550585226711,0.0113528881520963,0.0460972436613044,-2.85185394637619
"ENSG00000264017",2.66082748785575,-2.96581375372978,2.60460504849426,0.0113798971934028,0.0461835884281426,-2.79771727475296
"ENSG00000239523",-2.29067514713282,-2.02474247840436,-2.60448381605031,0.011383536590213,0.0461890329026788,-2.78713173531932
"ENSG00000242979",1.95676994618251,-6.15626226473092,2.60416064031362,0.0113932434879443,0.0462144258603911,-2.86020132989876
"ENSG00000130300",-2.35361875556184,2.9890586483945,-2.60385635962876,0.0114023897243026,0.0462375299270135,-2.91890115234065
"ENSG00000206651",2.40969151756413,-4.74168574359694,2.60372823198362,0.0114062430502107,0.0462438264526596,-2.80157211475675
"ENSG00000189129",2.1219663868393,-5.53937586630541,2.60227913194607,0.0114499058466968,0.0464021285129945,-2.81042701121599
"ENSG00000224334",2.06419781482409,-3.32220607121759,2.60019235456141,0.011513049147802,0.0466157318803439,-2.81498823715413
"ENSG00000211799",-2.39293017792836,1.15829193015416,-2.59833513480157,0.0115695120345512,0.046798661607211,-2.81892685584108
"ENSG00000267654",-2.8296436352986,-2.63656501428184,-2.59667196033673,0.0116202888110402,0.0469695204887834,-2.80527080965025
"ENSG00000173156",-2.48374357262384,-4.28469964039884,-2.5963496795996,0.0116301514179506,0.0470039094329001,-2.8006846418355
"ENSG00000162551",2.9323501176037,9.2133700613785,2.59592581141037,0.0116431344257358,0.0470476721462893,-4.85552672115118
"ENSG00000258388",1.60161173792969,0.451538071244771,2.59544754984151,0.0116577992869169,0.0471021956716214,-2.80222897074559
"ENSG00000128581",-2.26081183496327,-0.618244570228735,-2.59372519936128,0.0117107504526749,0.0472781271036792,-2.80302238136146
"ENSG00000205267",-2.32968800161727,-4.89251050510897,-2.5936505400153,0.0117130506737681,0.0472826652461918,-2.80210148922991
"ENSG00000274307",-2.43544172857192,0.155842878487679,-2.59349148279205,0.0117179525230213,0.0472977035472391,-2.80740030981074
"ENSG00000132004",-2.36175886179837,1.05397643588555,-2.59309930282914,0.0117300467383482,0.0473417667879805,-2.82223020549487
"ENSG00000266744",-2.20563516139129,-5.97626853744664,-2.59256268244283,0.011746613623254,0.0473944469007178,-2.80433253819244
"ENSG00000054179",-3.23479719681287,-1.77170003649431,-2.59148768041012,0.0117798656528479,0.0474959272235142,-2.80820399612767
"ENSG00000282850",-2.12574836208476,-5.02254562895892,-2.59085914788202,0.0117993470037203,0.0475689278222589,-2.80916190016389
"ENSG00000245571",-1.56894955770485,1.04888357409522,-2.58960249045166,0.0118383847425964,0.0476928292836817,-2.8565582956056
"ENSG00000101278",-2.120505034792,-2.93299791439218,-2.58930847527994,0.011847535145825,0.047719408805831,-2.82543344558681
"ENSG00000129422",-2.46923590618823,-0.0172060218736064,-2.58927609372393,0.0118485433237104,0.047719408805831,-2.81510630746067
"ENSG00000236111",-1.91157976141074,-5.2856447155653,-2.58897895748723,0.0118577980942613,0.0477423333986471,-2.81203817357566
"ENSG00000242327",-1.99538423776036,-1.86319220407071,-2.58866372283294,0.0118676237369287,0.0477771088996601,-2.82656613302774
"ENSG00000126856",2.03225381249055,-5.44711584498034,2.58676175831169,0.011927063509786,0.0479827686601036,-2.84660283926236
"ENSG00000183569",-2.58223830297127,-3.1194419866597,-2.58643366028084,0.011937344423119,0.0480193236440093,-2.82740561908997
"ENSG00000226674",1.88983860205112,-5.94503875396099,2.58626258602292,0.0119427082025288,0.0480327141174364,-2.85272939867737
"ENSG00000121653",-2.19291268624253,0.0893806885999037,-2.58577849461868,0.0119578980166942,0.0480779494016542,-2.81830917697215
"ENSG00000111249",-3.09733191183162,-1.354846615369,-2.58474045493117,0.0119905287006836,0.0481771330415265,-2.8208395965078
"ENSG00000236480",1.89648953994538,-1.32236453058741,2.58472689451329,0.0119909555050374,0.0481771330415265,-2.83096743253978
"ENSG00000227963",2.32556472582069,-1.17926621841129,2.58440924374328,0.0120009572758128,0.04820338615116,-2.8218283736323
"ENSG00000238201",-2.43032150971116,-1.50963476088199,-2.58370140387968,0.0120232720281043,0.0482732030434284,-2.82368364840689
"ENSG00000213296",-1.67144112080948,-4.98252508544213,-2.58357927919359,0.0120271258299566,0.0482741851454645,-2.82200612485359
"ENSG00000253364",-2.95093469250086,0.00129515981892993,-2.58333246376617,0.0120349178286437,0.048286204246221,-2.82238900878873
"ENSG00000254027",2.06443523044151,-5.37051610363914,2.5831861555216,0.0120395389619044,0.048290286874836,-2.82712855489738
"ENSG00000245694",2.2463735178218,-5.86869217281937,2.58122773630599,0.0121015505704783,0.0484858018770548,-2.85157006435119
"ENSG00000138755",-2.69097999674524,-3.24655865197234,-2.57952115378487,0.0121558239702591,0.0486596072142146,-2.84009991274987
"ENSG00000271857",-2.26498303566381,-0.533072197981965,-2.57947453658559,0.0121573095999114,0.0486607089342532,-2.83114199383581
"ENSG00000031691",-2.60314296417359,-2.072283259953,-2.57911887493614,0.0121686494948073,0.0486915543933754,-2.83164505156439
"ENSG00000152503",2.73403135983354,-2.19672707343091,2.57885561427132,0.0121770494570342,0.0487106211215613,-2.84418092000129
"ENSG00000244411",1.55624836546246,-6.21287851901758,2.57786594270704,0.0122086743430502,0.0488079878619036,-3.16588497498108
"ENSG00000112796",-2.26261057650868,-0.442617050807673,-2.57722604427686,0.012229161865312,0.0488753121890122,-2.83501288371849
"ENSG00000061337",-2.68629381139843,-2.06673315290862,-2.57528204190196,0.0122915939548721,0.0490614237662598,-2.84659183743481
"ENSG00000257675",1.91964014201819,-4.9792832627277,2.57519617144986,0.0122943583544444,0.0490675860781667,-2.83906920903969
"ENSG00000175093",2.20123632974985,-5.38590486301171,2.57507913729554,0.0122981269042613,0.0490777543979664,-2.88079054754113
"ENSG00000281538",-2.90669216505002,-1.81875007118197,-2.57488130232711,0.0123044996555165,0.0490970395146823,-2.84247030946172
"ENSG00000186272",-1.80633593561828,0.974816973818273,-2.57485329836628,0.0123054019737809,0.0490970395146823,-2.89017787081528
"ENSG00000172927",-2.35043051215543,-0.232228566950392,-2.57409650837237,0.0123298092947284,0.0491846589865719,-2.84099831839773
"ENSG00000214289",-2.19115098304706,-5.62623589895071,-2.57256473167259,0.0123793451112241,0.0493528790322722,-2.84607253265127
"ENSG00000166736",-2.60396197813713,-4.04516484612062,-2.57038060392201,0.0124502890822544,0.0495816267146895,-2.85217621797457
"ENSG00000273056",-2.38075590033011,-5.45822361069145,-2.56918994285533,0.0124891186064681,0.0496941477579434,-2.85050941689823
"ENSG00000135451",2.51791306849384,0.364214569139313,2.56911579316899,0.012491540381376,0.0496941477579434,-2.8513047176756
"ENSG00000212306",1.64896770046645,-6.06644614764892,2.56908950211456,0.0124923991657343,0.0496941477579434,-2.87065550342626
"ENSG00000196678",2.08529425581438,-0.626253941718996,2.56886518846832,0.0124997284357749,0.0497026804317428,-2.85877526757293
"ENSG00000272911",2.83354115658473,-1.68546593030008,2.56800193441057,0.0125279709311742,0.0497972599738052,-2.8631152872677
"ENSG00000227356",-2.33213095097646,-4.72599113729904,-2.56778966636981,0.012534924408563,0.0498199734130548,-2.85407538088296
"ENSG00000275371",-2.89467668722231,-0.226755383334052,-2.56770466932859,0.0125377097220623,0.0498261176597814,-2.85351338312131
"ENSG00000200345",1.83866101938474,-6.17881556275244,2.56744612845221,0.0125461854327672,0.0498548726666115,-2.90559418057351
"ENSG00000272386",1.62525320255045,-5.60519567831261,2.56732961312806,0.0125500068351679,0.0498602010858206,-2.91224861170543
"ENSG00000133477",2.59832097136098,-1.55622767943343,2.5665782075303,0.0125746763360643,0.0499384706176487,-2.86413061472429
