"","logFC","AveExpr","t","P.Value","adj.P.Val","B"
"ENSG00000254649",6.44567621316058,-5.06157936858648,11.722146170016,1.04510389820028e-17,4.20152669154476e-13,25.4193535782521
"ENSG00000279400",6.4917328094443,-5.06605225713817,9.77513908536879,2.1067337844326e-14,4.23474558008798e-10,19.8386866296151
"ENSG00000130779",1.95529128506746,5.6753425258028,9.28748404197927,1.49969062393864e-13,1.86706787788581e-09,20.561509175427
"ENSG00000134851",2.81800745634954,4.10846645132014,9.23456040231989,1.857686560754e-13,1.86706787788581e-09,20.1027586951405
"ENSG00000103994",2.06723423048802,6.5826846919198,9.08873124582305,3.35405195367531e-13,2.69679193283309e-09,19.754325067692
"ENSG00000068024",2.23566059768603,5.89384569243066,8.92252164698622,6.58760340935063e-13,4.41391387104523e-09,19.1274448425243
"ENSG00000169554",2.10972973537912,6.41220428445416,8.8443378241788,9.05446969961767e-13,5.20011129805757e-09,18.7824989978408
"ENSG00000185219",1.79270113240961,5.63161146111094,8.6232791233597,2.22922787964108e-12,1.12024274021664e-08,17.9381568508544
"ENSG00000196712",1.73584742642346,4.17663593255332,8.56423864352411,2.8367602044435e-12,1.26710449357846e-08,17.4803505290714
"ENSG00000168615",2.81739583710469,3.31368475171968,8.53844754519157,3.15184441962702e-12,1.26710449357846e-08,17.2231215705316
"ENSG00000100485",2.41229604424869,5.64672638937897,8.50215592174123,3.65551904970584e-12,1.3359925166934e-08,17.4583615149394
"ENSG00000118873",1.70143282121319,4.20910353891555,8.25097553326715,1.02113700312504e-11,3.42097914996941e-08,16.3010549115229
"ENSG00000100503",1.93762488680596,6.79071514944175,8.2202008762292,1.15823532054355e-11,3.53633659709826e-08,16.2356641923842
"ENSG00000104447",2.64717580731804,3.35979418386184,8.20521997862178,1.23149874034565e-11,3.53633659709826e-08,15.8283966445483
"ENSG00000145569",2.00844813855117,4.56213824489619,8.17959719506058,1.36772252720439e-11,3.6656787359114e-08,16.0868654328982
"ENSG00000168172",1.7235653727866,4.70951904860588,8.11261662693984,1.79942128239856e-11,4.19864610211339e-08,15.8624029067143
"ENSG00000130449",2.3231847927008,4.52970407528304,8.10193539257623,1.87989726476397e-11,4.19864610211339e-08,15.7617555946653
"ENSG00000100697",2.50387406844158,5.66156572969957,8.05293919530898,2.29776062131799e-11,4.6187286249113e-08,15.6713925228801
"ENSG00000182831",1.64498380761089,6.32429159876096,8.03903041827764,2.43250013807019e-11,4.6567319309856e-08,15.542829443215
"ENSG00000150403",2.25171741975134,4.91917618413331,7.99813298424068,2.87625794942058e-11,4.89186870488997e-08,15.444739495805
"ENSG00000254444",5.43251540574996,-5.00029545250857,7.95061348936555,3.49458000371516e-11,5.41039084512248e-08,13.4159653240435
"ENSG00000138594",1.66597420375041,5.70051751279276,7.95029920176629,3.49908367676197e-11,5.41039084512248e-08,15.258371487494
"ENSG00000124788",1.63800217432753,5.45901536658508,7.90796915328957,4.16190165331389e-11,5.92226174196522e-08,15.0869621699227
"ENSG00000051382",1.75238452788326,4.63264196753211,7.90300821687198,4.24738231828285e-11,5.92226174196522e-08,15.0229745733451
"ENSG00000118263",2.35548832381179,5.84028272680724,7.8981727351285,4.33239103930896e-11,5.92226174196522e-08,15.0454540261346
"ENSG00000085662",-1.91741658448328,5.14113130122034,-7.89332196271276,4.41937844532502e-11,5.92226174196522e-08,14.9820420785147
"ENSG00000198363",2.89263309738501,3.99033391576178,7.87209210853102,4.8211099842707e-11,6.25220205121453e-08,14.9149339587376
"ENSG00000188786",2.07574055764068,5.49847929883681,7.83251549454384,5.67006504806914e-11,6.85805757109106e-08,14.7905563565319
"ENSG00000167085",-1.65368673579944,5.60529778391062,-7.82378591439894,5.87659161784589e-11,6.85805757109106e-08,14.7611045180133
"ENSG00000139132",2.90040943093955,3.97090492162233,7.81773118157979,6.02423761896732e-11,6.85805757109106e-08,14.5793345697474
"ENSG00000084112",2.29067898480391,5.91612194256055,7.8130376176585,6.14123855925771e-11,6.85805757109106e-08,14.7062525833394
"ENSG00000093167",1.61019853808496,5.38179703762598,7.80348626778825,6.38639756312868e-11,6.93907986034862e-08,14.6796022460167
"ENSG00000054523",3.05403839615102,5.32118063764779,7.79082006047777,6.72666440680925e-11,7.11645690743541e-08,14.6301215092404
"ENSG00000151553",2.28124397598989,3.88454789944405,7.7742492835696,7.19934065848958e-11,7.23589369840802e-08,14.4688311428667
"ENSG00000181163",-1.82967015314733,7.16130311428221,-7.77424266140095,7.19953604139896e-11,7.23589369840802e-08,14.4241518443348
"ENSG00000145868",1.69842139697373,5.55206947926964,7.75680110951861,7.73297723281643e-11,7.50250853778618e-08,14.4913990346977
"ENSG00000141367",1.60525501744344,6.96420771245947,7.7535077494563,7.83805180306999e-11,7.50250853778618e-08,14.2950037118518
"ENSG00000135720",1.64455080707654,5.15784776096585,7.73911923922001,8.31411312862726e-11,7.77311572086216e-08,14.4230648169462
"ENSG00000153250",1.95187295305604,6.02749711751951,7.73022873233646,8.62260365118081e-11,7.83667257394986e-08,14.3267977353135
"ENSG00000156052",2.0441205034028,5.87499723692911,7.72067450220015,8.96689066219824e-11,7.83667257394986e-08,14.3222115062306
"ENSG00000115808",1.8938679596848,4.41826196887791,7.70483580289239,9.56817166817039e-11,8.01374244591221e-08,14.206733991647
"ENSG00000134313",2.30157295123869,5.40606805723453,7.69947693993432,9.78060137832031e-11,8.02448442063741e-08,14.2649215628991
"ENSG00000120733",1.56131688230088,6.94665793335696,7.66706245215356,1.11698559892099e-10,8.9810110095643e-08,13.9913956647227
"ENSG00000138463",1.97276980931425,3.63541506930202,7.64926815140555,1.20146361690298e-10,9.28870006283337e-08,13.8695305326146
"ENSG00000196782",2.56301630807244,4.39927428626752,7.63931517882223,1.25146908927183e-10,9.43391038323977e-08,13.7265383471523
"ENSG00000132334",1.5446786073813,7.39467301657191,7.62705000603308,1.31596089019565e-10,9.44718923350816e-08,13.6701812000124
"ENSG00000075151",2.09362605316975,5.38639242742815,7.61914526221672,1.35927410537677e-10,9.58693641830826e-08,13.9494981714446
"ENSG00000120868",2.0712452645016,5.80304325961418,7.60269826619019,1.45401245608905e-10,1.00783118551193e-07,13.8666687595357
"ENSG00000137078",-2.39266190361472,4.97374129640705,-7.55811306299705,1.74534226509131e-10,1.15026638920001e-07,13.620025027209
"ENSG00000223117",6.49912389184216,-3.66310794572374,7.55041201700414,1.80126827716834e-10,1.16797721417293e-07,11.3624154589091
"ENSG00000135048",1.99988641228394,5.92446088213889,7.5403330221804,1.87717637646741e-10,1.19787689978957e-07,13.6018105064142
"ENSG00000134698",2.32762661558991,6.8431826009339,7.52745527640745,1.97882949677603e-10,1.24301411608422e-07,13.4556390102244
"ENSG00000141293",-2.1295143186864,5.48993478241982,-7.52034023480815,2.03733270636499e-10,1.25506438678423e-07,13.5376824306
"ENSG00000145384",4.08404148048106,-5.94476115183218,7.51758473692964,2.06045096084173e-10,1.25506438678423e-07,11.5649192051165
"ENSG00000178904",2.66819447796285,3.60425925955929,7.50748480283332,2.14745068501918e-10,1.28853451401703e-07,13.3412525914503
"ENSG00000132205",2.52157182920904,6.99358103576409,7.49953227823095,2.21852658888147e-10,1.3087997163676e-07,13.3019769239062
"ENSG00000117395",-1.57718505518638,4.10581368654774,-7.49446269347367,2.26505739472376e-10,1.3087997163676e-07,13.3339278309426
"ENSG00000226950",-2.07414433439113,3.63434198760632,-7.49297553866807,2.27889110357026e-10,1.3087997163676e-07,13.1359638491199
"ENSG00000170832",1.51515769385677,6.27093576548726,7.46330061789582,2.57326639541826e-10,1.42354194212564e-07,13.2015102981554
"ENSG00000187605",2.05229116554745,5.38257714833219,7.46031870052594,2.60486960007653e-10,1.42354194212564e-07,13.3205778697422
"ENSG00000143514",1.66877459781386,4.56335541644814,7.44696611652611,2.75120478228601e-10,1.47471912876616e-07,13.2026370065544
"ENSG00000119682",1.58819483738272,6.08963613796003,7.44004871389691,2.83021349456866e-10,1.49710845932433e-07,13.2115783591041
"ENSG00000166226",-1.85340358294097,4.814321396309,-7.43553043081469,2.8830390872662e-10,1.50524594008151e-07,13.1994696073186
"ENSG00000137288",-1.59766711014791,3.64367604765282,-7.41196853043108,3.17488667229827e-10,1.6099471664961e-07,12.8628268000031
"ENSG00000075420",2.54212025044679,5.25568526216567,7.41021674501267,3.1977277331308e-10,1.6099471664961e-07,13.1161354077203
"ENSG00000068305",2.19275174755525,5.20686829065198,7.40975957683111,3.20371556936689e-10,1.6099471664961e-07,13.1135461996475
"ENSG00000115310",1.67733194075557,7.18723323157614,7.3816795475471,3.59378316397242e-10,1.78367000935826e-07,12.6970870897249
"ENSG00000123684",1.67410425357547,6.16969746906487,7.37783887419743,3.65069779673599e-10,1.78873636950152e-07,12.905945466725
"ENSG00000149177",2.14120079529535,7.73953120391714,7.37488579686244,3.69507025876079e-10,1.78873636950152e-07,12.6134049825987
"ENSG00000140199",1.90186868283825,7.4907334932419,7.3720967524482,3.73747214163792e-10,1.78873636950152e-07,12.6273716192189
"ENSG00000228800",3.24370280424532,-6.02510791657624,7.36592750496757,3.83299637879192e-10,1.81287200494344e-07,11.0788180324098
"ENSG00000164715",2.2819356561702,4.98223680881797,7.33908249818527,4.27785007107344e-10,1.99974568089877e-07,12.8329918949845
"ENSG00000174125",1.97889851018184,6.42792864112937,7.3286083969739,4.46507461736259e-10,2.04177898728459e-07,12.6902532993169
"ENSG00000135446",-1.55610485014272,4.61220497593348,-7.32837471719212,4.46934358691219e-10,2.04177898728459e-07,12.7253792644821
"ENSG00000170776",1.57759223453564,8.03154736515887,7.32504719736311,4.53057602254352e-10,2.0464968231269e-07,12.3687286408606
"ENSG00000109466",3.43682959992451,4.53770087110655,7.32037813716499,4.61790919667259e-10,2.06276872805146e-07,12.7509706120062
"ENSG00000118518",1.87447901624442,4.58733811205399,7.30671060677482,4.88333047934928e-10,2.13180936726177e-07,12.6921673570571
"ENSG00000226479",1.70043674855366,3.79875818673516,7.30545308520727,4.90850306231869e-10,2.13180936726177e-07,12.5634246955151
"ENSG00000152291",1.52081946785303,8.4433367567323,7.29755827231404,5.06952308627897e-10,2.15842313130894e-07,12.1039057705986
"ENSG00000138639",2.25122827265049,3.51889893562595,7.29350699569794,5.15418687144069e-10,2.15842313130894e-07,12.3725619731671
"ENSG00000138246",2.38396573979591,4.90468228576345,7.27666551459401,5.52152865561915e-10,2.26506627564491e-07,12.5709674995825
"ENSG00000083168",2.1144127836977,6.76122171533851,7.26825709346134,5.71459212392664e-10,2.2992091465162e-07,12.4512686370705
"ENSG00000160551",1.85478022241852,4.87740289082454,7.26806240434314,5.71914120321428e-10,2.2992091465162e-07,12.5589071606377
"ENSG00000161217",1.58783102890991,6.62492144642092,7.24565474039842,6.2675938776819e-10,2.44630882592784e-07,12.320843163707
"ENSG00000167747",-2.11453175424051,3.77482326926464,-7.22364516743056,6.85733649843655e-10,2.6007419048127e-07,12.2104510002263
"ENSG00000111817",1.9217046184523,4.62536068293795,7.2137545235376,7.14007598977246e-10,2.68266668169002e-07,12.3465683046911
"ENSG00000122299",1.61021792130037,4.97577630086875,7.20241436036229,7.47858679784337e-10,2.75829492153118e-07,12.298914037183
"ENSG00000141298",2.25371016565197,7.98671159435537,7.19548008463283,7.69341658008941e-10,2.8117339395705e-07,11.8706261137844
"ENSG00000197442",1.60339550814852,5.92638193069374,7.17733446376371,8.2851543128126e-10,3.00071868183506e-07,12.1682575694846
"ENSG00000260916",1.86509293847845,3.69834549092127,7.15551924702131,9.05693107304584e-10,3.2480911915932e-07,12.0356535873124
"ENSG00000188641",1.97288866927724,5.6590599474798,7.15111941175705,9.22106701417458e-10,3.2480911915932e-07,12.0919806267148
"ENSG00000162702",2.11412023626575,4.17605836463084,7.14204523939593,9.56900413425707e-10,3.31631986383968e-07,12.0501523063934
"ENSG00000121297",3.47163132142945,3.8364485920044,7.13381957344297,9.8957026580012e-10,3.40023109621337e-07,11.7208694002782
"ENSG00000114331",1.76226621112174,5.7605167048375,7.09521020694707,1.15840679091334e-09,3.91346805111749e-07,11.8186515478093
"ENSG00000197321",2.32977837387832,6.66412700048107,7.08228024368356,1.2211383459854e-09,3.9912360801061e-07,11.7279257873375
"ENSG00000133961",2.01978935451759,7.81515969423206,7.07404945352087,1.26282332115797e-09,4.08621963523654e-07,11.3648702770154
"ENSG00000131018",1.9216227033644,6.8360275277279,7.07012809516319,1.28317893339484e-09,4.08621963523654e-07,11.6189591587285
"ENSG00000107968",1.6870589458613,4.38499078331894,7.06942341478518,1.28687141128579e-09,4.08621963523654e-07,11.7657448106058
"ENSG00000105851",1.78025549769722,5.43212915494309,7.06866526115855,1.29085591183285e-09,4.08621963523654e-07,11.7653705208948
"ENSG00000062598",1.54848465947578,6.45529910790163,7.06299971953384,1.32102318638302e-09,4.13058308365874e-07,11.6486443687152
"ENSG00000119402",1.77673776744467,6.07981122582198,7.06218482321238,1.32541967512058e-09,4.13058308365874e-07,11.6827562820141
"ENSG00000147155",-1.68810653462596,4.36693898628919,-7.05677701943704,1.35496736900723e-09,4.19018447452528e-07,11.6964643671881
"ENSG00000159216",1.56221354029687,5.73811381701121,7.05403821285548,1.37018143109341e-09,4.19196384841806e-07,11.6856683232347
"ENSG00000133812",2.03225966209913,4.53086459174567,7.05151603206872,1.38434266454561e-09,4.19196384841806e-07,11.6867752291478
"ENSG00000085185",2.13857285485792,4.80460590083741,7.0450748341146,1.42117329526371e-09,4.19196384841806e-07,11.6404970219676
"ENSG00000128185",-1.8535852276015,4.69772100073744,-7.0421966083551,1.43794503314674e-09,4.19196384841806e-07,11.6384019789879
"ENSG00000132405",2.35505479036677,6.92924342742153,7.04187509145666,1.43983075170028e-09,4.19196384841806e-07,11.4947188893057
"ENSG00000113163",1.66772438722576,5.1952220307007,7.04092008563249,1.44544646912338e-09,4.19196384841806e-07,11.6597467361843
"ENSG00000135677",1.99916802904881,7.41108731828499,7.04025199201277,1.44938802778496e-09,4.19196384841806e-07,11.3221653768628
"ENSG00000096968",2.14822507272333,4.64458388595827,7.01872774169316,1.58227048311603e-09,4.42058047277218e-07,11.5813361990077
"ENSG00000234788",4.56536373203018,-5.03764032978352,7.01855063874099,1.58341273588178e-09,4.42058047277218e-07,9.83092386709081
"ENSG00000197601",2.06784480714505,4.73062488704439,7.00281512239949,1.68825071056995e-09,4.68076241836779e-07,11.5179568173174
"ENSG00000185619",1.66198229390146,5.23766411438175,6.9965122802356,1.73215799315899e-09,4.76960381102588e-07,11.4929504423442
"ENSG00000039319",2.39000847959722,3.97636880538041,6.99012655139828,1.77780290847509e-09,4.86198860724596e-07,11.4115944942713
"ENSG00000167862",-2.24424932804036,3.19264606209533,-6.97246296840583,1.91039877272636e-09,5.12473737003901e-07,11.0372162506909
"ENSG00000123104",1.990813762728,4.1735550592547,6.96892700826413,1.93810283712677e-09,5.15997418928281e-07,11.3019075969782
"ENSG00000047056",1.55634393227311,5.42839776742441,6.96404250678939,1.97703206400228e-09,5.19481327039343e-07,11.3620059665602
"ENSG00000165288",1.73150697358683,4.486351120343,6.95591277436394,2.04356012242104e-09,5.28575367835612e-07,11.3026874734505
"ENSG00000110395",2.06405862692226,6.69883505638389,6.95500976644778,2.05108595050882e-09,5.28575367835612e-07,11.1954554691052
"ENSG00000163393",2.24934041605506,3.34396555739944,6.93462203641054,2.22854497136706e-09,5.67037752777839e-07,11.0567933471742
"ENSG00000112242",2.391894216448,4.40857447829142,6.9309429480111,2.26215996727021e-09,5.71864173599228e-07,11.215117489085
"ENSG00000058668",1.96513497638036,6.64739700884421,6.92944797173939,2.27596308083868e-09,5.71864173599228e-07,11.0505880670877
"ENSG00000227032",5.33529170496001,-4.11644789573522,6.9230109783206,2.33636033214923e-09,5.82706794142731e-07,9.95565773156313
"ENSG00000271522",3.03926602433934,-5.99550518229324,6.92003863499218,2.36478546051274e-09,5.83246043457259e-07,9.67239420138026
"ENSG00000138378",-1.68232119542406,5.221545772635,-6.91231661337269,2.44025263253443e-09,5.94563856564539e-07,11.1603846515693
"ENSG00000163625",3.60220057251798,5.65565359165118,6.90960752468426,2.467292885914e-09,5.97530774695871e-07,11.1363341982201
"ENSG00000100731",1.6877021928552,6.95965810889965,6.89671419844343,2.60013089415035e-09,6.19110862267609e-07,10.7894782566228
"ENSG00000100580",2.291842487383,4.17617829582112,6.88622140325368,2.71347436132848e-09,6.30819157501299e-07,11.0603817292723
"ENSG00000087253",2.29520918707481,5.3286138554726,6.88612083152326,2.71458420595306e-09,6.30819157501299e-07,11.0361410978387
"ENSG00000091106",2.5322996497172,5.48916324428328,6.8839820164488,2.73829409457217e-09,6.31823122216648e-07,11.0276432025811
"ENSG00000112624",1.66482278485753,5.2149144667204,6.88290270821458,2.75033695805963e-09,6.31823122216648e-07,11.0505977216864
"ENSG00000168297",1.73577926425924,5.57135500330421,6.87764314352183,2.80978177340692e-09,6.41414239725836e-07,10.9701403991536
"ENSG00000058272",1.95614835490484,5.85156916802028,6.8764018401236,2.82399682681143e-09,6.41414239725836e-07,10.9016996702634
"ENSG00000142166",1.64365249920978,6.71969132215328,6.87377767236294,2.85428416827132e-09,6.44651304117099e-07,10.7744518829894
"ENSG00000091436",1.75258806179163,3.51339304003573,6.86723371021318,2.93122880406177e-09,6.58331063580399e-07,10.9522684333976
"ENSG00000111678",-2.85198548347354,4.34707567054899,-6.86086759921619,3.00806319751646e-09,6.71611051499399e-07,10.8450114911048
"ENSG00000143322",1.53928607612538,3.78089634157976,6.85882271543046,3.03316642268029e-09,6.71611051499399e-07,10.874776952197
"ENSG00000078596",-2.2790208481985,4.02583109505172,-6.85823046071638,3.0404758811226e-09,6.71611051499399e-07,10.8569350438772
"ENSG00000173597",2.82483271058331,5.1095820611658,6.85592618928378,3.06908183877017e-09,6.74225290066875e-07,10.9253581218024
"ENSG00000116793",2.10904621212708,3.67737974626159,6.85219846863279,3.11592733269487e-09,6.80796253418475e-07,10.9061592514579
"ENSG00000125743",-2.58057399947663,4.72935853426631,-6.84691638080407,3.1835276250349e-09,6.91806365306232e-07,10.8920382733269
"ENSG00000280138",1.99182155638036,3.38034218346803,6.84135610994477,3.25626586323555e-09,7.03808603407503e-07,10.6584633761679
"ENSG00000135049",2.28514878733354,5.84755297422067,6.83811000034616,3.29949313860238e-09,7.09338091754508e-07,10.8191472568197
"ENSG00000113742",2.06171124656397,4.68144550963716,6.83451123041067,3.34808462146223e-09,7.15955840170343e-07,10.850283139911
"ENSG00000117632",-2.53842623419034,4.25358053154172,-6.83189855468061,3.38380728129167e-09,7.19766245092528e-07,10.8074706570947
"ENSG00000177189",1.8313182515795,6.02894329501863,6.82520915074888,3.47700898365325e-09,7.33068922641111e-07,10.7428573107544
"ENSG00000179271",-2.04513207422454,4.82844265088287,-6.82479829636155,3.48281588539009e-09,7.33068922641111e-07,10.8239576000542
"ENSG00000137309",-1.70246366616629,7.42153994408864,-6.8127701169395,3.6571641708935e-09,7.59288314113678e-07,10.4975059086361
"ENSG00000162496",-2.36923774972486,4.27659791145726,-6.80659040467294,3.75008954238382e-09,7.73133845040585e-07,10.5686409740672
"ENSG00000119408",2.14676885788699,4.96576724293849,6.8027443296758,3.80910614366407e-09,7.81294312181546e-07,10.7371849900962
"ENSG00000174547",-1.82718701928691,3.85832516459943,-6.79773331826584,3.8873870285253e-09,7.89296632933202e-07,10.6226414770137
"ENSG00000089902",1.97154384129318,5.41236175803092,6.79083224968744,3.99782110764541e-09,8.03602020847803e-07,10.6863170265351
"ENSG00000173757",1.50912857819687,8.59723125179613,6.78629158662144,4.07218016325402e-09,8.07730227713023e-07,9.80448816899982
"ENSG00000198832",-2.80511168642321,2.66742015441637,-6.77802592583323,4.21109130492128e-09,8.2582581775827e-07,9.97581329461186
"ENSG00000102218",2.21713677730751,3.92481307215127,6.76630046558841,4.41627264534553e-09,8.57695617817299e-07,10.5810261281041
"ENSG00000058063",2.45120132163831,5.7824564766033,6.75797608672826,4.5679479807438e-09,8.74479260580296e-07,10.4273842113652
"ENSG00000142546",-1.6967830617818,7.4127231702504,-6.74575282297303,4.8001043036319e-09,9.145677403536e-07,10.1886888367811
"ENSG00000048462",-7.07002011181696,0.182588772398516,-6.74264286823647,4.86102158089805e-09,9.21805611298412e-07,9.02390065053422
"ENSG00000110700",-1.60914687425205,7.05554205834941,-6.74053757485077,4.90269567389598e-09,9.25343528084349e-07,10.2591208123611
"ENSG00000072364",1.93992699086723,4.54467688442254,6.73661790212895,4.98123444761276e-09,9.3520622788833e-07,10.4722078021847
"ENSG00000175471",1.61450546315679,4.19823284782062,6.73041826368239,5.10802021324261e-09,9.50706613948053e-07,10.4526358522084
"ENSG00000084676",1.53478504530995,6.72187624441041,6.72801588111163,5.15800869648034e-09,9.51203053283956e-07,10.2639432332142
"ENSG00000214706",-1.82366543737368,4.37461725686098,-6.72320930430522,5.25948889536995e-09,9.65488459231336e-07,10.4067626906744
"ENSG00000075426",2.28367224119315,7.6411894124413,6.72060200178134,5.31536465624304e-09,9.71310408683104e-07,10.0067620799704
"ENSG00000145247",-3.01832736625481,3.06661796797152,-6.71828633427086,5.36548543980901e-09,9.76032785752044e-07,9.81738830869156
"ENSG00000282572",3.89151659840108,3.50836641879123,6.71505448857956,5.43622302601031e-09,9.8444611753003e-07,9.96695202270275
"ENSG00000078124",1.90684415055532,4.93097446878713,6.71288075386237,5.48432206189036e-09,9.88702760233704e-07,10.3776617648589
"ENSG00000188559",2.68034835533785,6.30282230404734,6.69858721495531,5.81131672096311e-09,1.02919187143682e-06,10.2145433955038
"ENSG00000135503",2.35793898502431,4.92724283017385,6.69584423602337,5.87625092546189e-09,1.03612736712903e-06,10.3222327609022
"ENSG00000135365",1.60122248720054,7.53616079842893,6.69407189669057,5.91859056323907e-09,1.03903571101894e-06,9.81961401672144
"ENSG00000138641",1.70464993068247,5.43621204996959,6.68237952977258,6.20561611398108e-09,1.08468773484464e-06,10.2641166772051
"ENSG00000165097",2.09783398604613,4.716078741574,6.67476436769915,6.39995542555809e-09,1.10901296559606e-06,10.2181869251876
"ENSG00000137547",-1.98309989906596,2.81066446992383,-6.66551388957086,6.64418634320571e-09,1.14149392892973e-06,9.95771564671073
"ENSG00000184436",-1.51183603775623,4.64972821901202,-6.6572025740097,6.87151453652281e-09,1.16070851847601e-06,10.1442041816411
"ENSG00000148110",1.88523660212057,5.61876734606184,6.65390618977561,6.96380340665803e-09,1.17137583495593e-06,10.1114941873786
"ENSG00000120697",-1.84161149576917,2.99890264431455,-6.65022523779106,7.06831625532472e-09,1.18223789694143e-06,9.88805599659325
"ENSG00000168769",2.91846602067738,5.32875304334462,6.64793730381165,7.13406176828704e-09,1.18513864135816e-06,10.1254823605975
"ENSG00000275210",2.77353751916099,2.84811594474439,6.64262660249469,7.28902194393055e-09,1.19605412322406e-06,10.0060849623085
"ENSG00000154845",1.69924599418477,6.32879301542351,6.63566574105992,7.49721066321111e-09,1.22521489057891e-06,9.94526628305041
"ENSG00000198961",2.00103142773184,5.97187060841604,6.62061743476494,7.96770598843219e-09,1.29160369414093e-06,9.91449915440202
"ENSG00000163694",2.44664150195779,6.0420440231083,6.61838893771233,8.03983331329753e-09,1.29806176249473e-06,9.90133794524679
"ENSG00000014257",2.2005770157762,4.02086089833374,6.61485218527416,8.15563833757865e-09,1.30108322399737e-06,9.90464690047174
"ENSG00000145649",-3.42959459670906,4.60295467573395,-6.59333111593581,8.89692560280434e-09,1.41373202799976e-06,9.88180371338232
"ENSG00000198646",1.66645678700291,5.68570361253776,6.5900268668239,9.01652322719015e-09,1.4214990854098e-06,9.89988771912208
"ENSG00000153317",1.70524177439598,6.71175383097041,6.58585557284249,9.16978812536092e-09,1.44001493053031e-06,9.64235275119622
"ENSG00000162711",1.55096441653082,5.17053463892319,6.58027341958666,9.37895051337927e-09,1.45013055704003e-06,9.87469324076709
"ENSG00000229160",4.66178471749652,-5.31936687600517,6.57933545328198,9.41455836494325e-09,1.45013055704003e-06,8.63940819603118
"ENSG00000167548",1.731186034739,7.74527354502263,6.57222810444041,9.68877586529476e-09,1.46656304043438e-06,9.41656578074364
"ENSG00000140299",1.80513917317184,5.79922739004738,6.57184855877754,9.70364083268357e-09,1.46656304043438e-06,9.73587389080126
"ENSG00000168461",1.99752989178067,6.96903550045339,6.5679293370388,9.85846951973793e-09,1.47890880208731e-06,9.50526590738714
"ENSG00000101493",1.54352719878015,6.34686864036464,6.56600006491591,9.93558463085161e-09,1.48487127631783e-06,9.6618609262267
"ENSG00000139193",-2.75765987253589,6.38525342865032,-6.56155723292685,1.01154568800789e-08,1.50059630071192e-06,9.7771243936234
"ENSG00000006459",1.58241274460616,5.42223466717844,6.55259441952525,1.04882330215647e-08,1.55017626445935e-06,9.71849787898998
"ENSG00000133328",-6.31920903223241,-2.60722428865632,-6.55164782908704,1.0528391439316e-08,1.5504116946644e-06,8.19647926283201
"ENSG00000157557",2.73840691584373,6.03873281343535,6.54872146892544,1.06535090555575e-08,1.55567810657025e-06,9.65296773672913
"ENSG00000166562",-2.14510220402102,3.99246950141322,-6.54810060544044,1.06802437046264e-08,1.55567810657025e-06,9.7374679651
"ENSG00000005020",1.80764320337676,6.22555944260422,6.5462453510306,1.07605296657452e-08,1.56171412860032e-06,9.54776093948278
"ENSG00000144711",1.51183935595164,8.17684357685873,6.5439546485812,1.08604874435356e-08,1.57055149714035e-06,9.10359954466459
"ENSG00000119314",1.51328900202958,6.27289235157159,6.54030415969326,1.10216914452745e-08,1.58173199717392e-06,9.56164389198878
"ENSG00000068366",2.43932810463755,5.233051375251,6.53897917598527,1.108078839279e-08,1.58173199717392e-06,9.65893218874527
"ENSG00000162924",1.67748536899063,3.85812682432094,6.53487481077696,1.12658570237225e-08,1.60038863628159e-06,9.65453350337599
"ENSG00000137177",1.92029560008163,5.42610034836803,6.52395583317288,1.17732900294671e-08,1.66073616057768e-06,9.65017781080979
"ENSG00000157800",2.34602976364694,4.09554081251808,6.5126831343688,1.23209900414558e-08,1.71393924445192e-06,9.61462409233211
"ENSG00000138434",2.16183585457293,4.85401358329292,6.50299144765698,1.28120628556101e-08,1.77610534800426e-06,9.57776481664302
"ENSG00000096063",1.99789783847591,6.19800327292578,6.497894848785,1.30780563611083e-08,1.7944164567552e-06,9.33519691871075
"ENSG00000100330",1.60333933562927,7.7280616491012,6.49589677128168,1.31838274062932e-08,1.8027762904347e-06,9.00468860076755
"ENSG00000156642",1.53763949325667,5.60180792913789,6.49019518893464,1.34903437412328e-08,1.8322256725846e-06,9.4736533835717
"ENSG00000185963",1.53149249705126,6.39284897187899,6.4880888723351,1.36053608905392e-08,1.8326478369672e-06,9.41965345715235
"ENSG00000132825",2.12426253160816,4.77771006797422,6.48763613260763,1.36302100207251e-08,1.8326478369672e-06,9.51760273733987
"ENSG00000065613",1.64957076880302,5.15032791160919,6.48061355163629,1.40214759200806e-08,1.87429833553414e-06,9.46384713853006
"ENSG00000066084",1.63470718553378,5.45612558192323,6.48040565935665,1.40332271776473e-08,1.87429833553414e-06,9.45058356012958
"ENSG00000180776",2.05258657255271,5.05436232567398,6.47397120405207,1.4401816446538e-08,1.917158360211e-06,9.39255608926882
"ENSG00000136942",-2.4831075315123,6.60749272502667,-6.46281603198672,1.50637516550679e-08,1.980941080208e-06,9.26785510073254
"ENSG00000196262",-1.74853920483911,8.08261886309693,-6.46200199165486,1.51132223038381e-08,1.980941080208e-06,8.84573898145105
"ENSG00000134291",-1.67381396128678,3.29855427602536,-6.46177033790049,1.51273297752315e-08,1.980941080208e-06,9.30172329387875
"ENSG00000163605",1.68923268834236,3.98269513033866,6.45547149619338,1.55159757339709e-08,2.02523784563993e-06,9.39487852787634
"ENSG00000145819",1.91952060127395,7.44259553526337,6.45195172784107,1.57374517823571e-08,2.0474985001758e-06,8.99364146857589
"ENSG00000233013",3.60337424233738,1.58877659298493,6.44800115534867,1.59897768305126e-08,2.07140164927721e-06,8.35172403732602
"ENSG00000163938",-1.66682831681008,3.93089439913086,-6.44746661294798,1.60242254844339e-08,2.07140164927721e-06,9.32629860845418
"ENSG00000110422",2.48315052572385,5.29729153412066,6.42492738696958,1.75458356995873e-08,2.19776113094071e-06,9.22617823167076
"ENSG00000148396",1.63492677091527,6.88663089394367,6.42418728048362,1.75981610799877e-08,2.19776113094071e-06,9.1027529161178
"ENSG00000224129",3.36405744274219,-5.90339976839687,6.42404844240894,1.76079941493582e-08,2.19776113094071e-06,8.03020178440948
"ENSG00000141447",2.30420234740397,2.32626145252478,6.42267363188698,1.77056587034798e-08,2.19776113094071e-06,8.78031973238679
"ENSG00000111144",1.54664660819411,7.97568174409704,6.42257876867065,1.77124174524847e-08,2.19776113094071e-06,8.66141360688502
"ENSG00000143314",-1.50117803860191,4.32851764659715,-6.41753251414313,1.80756664134542e-08,2.23593212662673e-06,9.22666379804637
"ENSG00000140563",2.64812087842608,6.39338844122336,6.41120043961738,1.85419538360777e-08,2.27263301255486e-06,8.98465392397737
"ENSG00000100393",1.92667506810376,6.86327173417629,6.40609717538705,1.89264282435868e-08,2.30569778257175e-06,8.95733420784318
"ENSG00000165650",1.95594615366699,4.4123055942724,6.39962226247877,1.94256521530568e-08,2.359365763919e-06,9.18041656603619
"ENSG00000150457",1.93882029697495,3.65864514351613,6.39405948849054,1.98649746246574e-08,2.39105302353437e-06,9.07766047725309
"ENSG00000213553",-2.3545573748534,2.50746600144623,-6.39261932839691,1.99803102057339e-08,2.39508703664186e-06,8.76627395004958
"ENSG00000138032",1.68822522661155,4.61686531408822,6.39215494499878,2.00176420156127e-08,2.39508703664186e-06,9.15161543184112
"ENSG00000100647",1.84574479496451,7.02717163116791,6.38452475461242,2.06410436008911e-08,2.44782075174934e-06,8.87904867350834
"ENSG00000140511",-2.16209529239166,4.71089710290645,-6.38275395343141,2.07884549386788e-08,2.45805136895519e-06,9.07626327406427
"ENSG00000130255",-1.65236498707909,8.24670557915127,-6.38152489908424,2.08913821618427e-08,2.45880742742433e-06,8.51901490730783
"ENSG00000125245",-2.29619801120438,2.96655258434337,-6.38105532380334,2.09308401883155e-08,2.45880742742433e-06,8.63071191291016
"ENSG00000132356",1.81032425420525,4.48214660494895,6.37976679734945,2.10394944289828e-08,2.45880742742433e-06,9.10433617251878
"ENSG00000198618",-2.07877997808271,2.23730167069598,-6.37442689585901,2.14957782729562e-08,2.4972997592416e-06,8.56596692373502
"ENSG00000180879",-1.70861770723981,6.48211401505998,-6.37403822284548,2.15293705214567e-08,2.4972997592416e-06,8.88201413059824
"ENSG00000076641",2.19407200213835,5.71021452212003,6.37373952794348,2.15552215426306e-08,2.4972997592416e-06,8.92546263040866
"ENSG00000104517",1.56035939080781,5.75249130655412,6.37168232514034,2.17341041872388e-08,2.5107886682051e-06,9.01480431523566
"ENSG00000100266",1.54674684297378,7.454759443199,6.36431364499739,2.23870186371553e-08,2.56411089245276e-06,8.62996434902371
"ENSG00000172005",-2.78907429164715,5.06279619165901,-6.36207737041574,2.25889912372144e-08,2.57989382306391e-06,9.02318159823986
"ENSG00000142192",1.62524713829145,5.79798030423394,6.36039251599509,2.27423551252896e-08,2.59005144687505e-06,8.98205876638083
"ENSG00000196227",1.94560967231456,3.7391369099499,6.35830685578854,2.29336344945432e-08,2.59611020755469e-06,8.9635544029825
"ENSG00000112514",-1.71215891973978,5.78131474952242,-6.35770329927446,2.29892849581978e-08,2.59611020755469e-06,8.99120034090239
"ENSG00000130332",-1.59716717465045,4.86166868382997,-6.35191144486157,2.35301792834757e-08,2.63498681769997e-06,8.99724177782277
"ENSG00000136869",2.4976944900322,7.01947385786443,6.34786146571396,2.39158870589622e-08,2.66774770926629e-06,8.66906984449916
"ENSG00000159399",2.72861803571813,5.36591652513145,6.34681123355365,2.40169283623449e-08,2.66774770926629e-06,8.9735796753462
"ENSG00000175581",-2.01682544892561,2.68045154214853,-6.34676063928009,2.40218066453012e-08,2.66774770926629e-06,8.61371875847729
"ENSG00000176542",1.94727369181819,4.03856070983115,6.34161548498226,2.45230701181177e-08,2.70845182661694e-06,8.91219334052164
"ENSG00000135932",1.9032085568796,6.74035637865467,6.3366736458518,2.50142946284085e-08,2.75513608945556e-06,8.62135717898092
"ENSG00000120675",-1.57136619064776,3.165290675215,-6.33013927045642,2.56788399409541e-08,2.81291750219683e-06,8.85541467165498
"ENSG00000140443",2.54691319392938,5.88282198337446,6.31467904064594,2.73217195314776e-08,2.93686569145578e-06,8.82353497917617
"ENSG00000171130",-1.97558592002365,5.18474833997766,-6.31155784652145,2.76658334653582e-08,2.96592489859822e-06,8.84336137539861
"ENSG00000136040",2.20553107374771,7.78457439185047,6.30793042853976,2.80711649351051e-08,2.99341372074561e-06,8.15379719073985
"ENSG00000169567",-2.16568640477644,4.54064949899785,-6.30227392693908,2.87150158648339e-08,3.04591310764658e-06,8.80778662960325
"ENSG00000171960",-1.57086632497604,3.99366045839213,-6.2999726033562,2.89811375565793e-08,3.06162932202009e-06,8.73242468142154
"ENSG00000168496",-1.95370152594088,3.25008057438462,-6.29210980123224,2.99089765498224e-08,3.14207133343193e-06,8.64823801006421
"ENSG00000177106",-2.31237310857063,2.37948872640701,-6.29135427725151,2.99996680745219e-08,3.14207133343193e-06,8.15536671787288
"ENSG00000049768",-2.0440075758937,3.60065554381451,-6.29124903659502,3.00123225719581e-08,3.14207133343193e-06,8.53486816160714
"ENSG00000115020",2.1025951251086,4.21011541627397,6.29019645769162,3.01391799711981e-08,3.14715665766781e-06,8.7484154384267
"ENSG00000133805",1.55484334223521,5.54116173202703,6.28518634749735,3.07503308071622e-08,3.19437932586443e-06,8.68370051252177
"ENSG00000123066",2.12890349473668,5.90891014215552,6.28320995940422,3.09947848393015e-08,3.21147510337525e-06,8.67253681697753
"ENSG00000108946",2.00763245574932,6.55001260606424,6.27494594899993,3.20379924534709e-08,3.26901363607725e-06,8.50366616700526
"ENSG00000112667",-2.23866602980529,3.03674545114131,-6.26654284940632,3.31344674212956e-08,3.35475354937196e-06,8.44992559995832
"ENSG00000008517",-2.02327034812665,7.95164258358089,-6.26595856595329,3.32120768282682e-08,3.35475354937196e-06,8.16450559373763
"ENSG00000167286",-2.66828175802545,5.35315447399708,-6.26290246668068,3.36209608496646e-08,3.38754352901809e-06,8.65770998795534
"ENSG00000106153",-1.50373263977531,6.45598369507816,-6.25372774396312,3.48787058707938e-08,3.47958991925604e-06,8.36050031388397
"ENSG00000242299",-3.07214833756553,2.70370039644291,-6.25252863209641,3.50465007368054e-08,3.48577533892889e-06,8.22118658825709
"ENSG00000173272",-1.96730929569186,4.5904414138134,-6.25203264883203,3.51161388056863e-08,3.48577533892889e-06,8.6104642689289
"ENSG00000111716",-2.21118255179166,7.13374292401868,-6.24991161998003,3.54154914336835e-08,3.5068314941304e-06,8.42846777610649
"ENSG00000163349",1.90805595993468,6.01841219832441,6.2478517825201,3.57086297712617e-08,3.52529677989e-06,8.47888914027155
"ENSG00000198331",-1.53839605338711,2.26375391238468,-6.24737131223588,3.57773515296533e-08,3.52529677989e-06,8.08060856613514
"ENSG00000070269",1.70778578283816,4.2235462827177,6.24429740752442,3.62201270915304e-08,3.55239616534757e-06,8.58596745386166
"ENSG00000119669",1.75092213988189,6.41291123662159,6.24423547473249,3.62291037210214e-08,3.55239616534757e-06,8.3904826368049
"ENSG00000135916",-2.88912180546848,5.76777791932841,-6.23328421834117,3.78515816431376e-08,3.69346913887723e-06,8.48948212861854
"ENSG00000101916",2.43317703036008,6.75625355667841,6.23264492613584,3.7948490642452e-08,3.69395937241612e-06,8.24307887035931
"ENSG00000127947",1.7667778996601,5.90153182674838,6.22580084976658,3.90015120230796e-08,3.76004505120347e-06,8.41235784314745
"ENSG00000135604",1.73875346673115,6.40081344496398,6.22343256880007,3.93725993708051e-08,3.76870771405977e-06,8.31169903146104
"ENSG00000211716",-4.01900688165047,1.40556406575343,-6.21861553289603,4.01382198719306e-08,3.82378368552454e-06,7.10801418647
"ENSG00000114573",1.63064624309399,5.58738502121716,6.21156431610075,4.12856348215497e-08,3.89616218567123e-06,8.406754157353
"ENSG00000204103",2.13185676078071,5.54143396901012,6.20964668373189,4.16032687601038e-08,3.91694288218664e-06,8.4222006106206
"ENSG00000137038",-2.08447378433109,3.42213268947363,-6.20781549472391,4.19088454486958e-08,3.9339679297915e-06,8.35459298168849
"ENSG00000197540",-2.69805348423612,5.30333259513837,-6.20739214096917,4.19798080165304e-08,3.9339679297915e-06,8.44600214343504
"ENSG00000075303",1.93682970538725,3.33668959760633,6.20227043927143,4.2847804462854e-08,3.99667618333099e-06,8.37242526131589
"ENSG00000177125",1.91808110679694,4.55895540445803,6.19312649638265,4.44419338209939e-08,4.13369604075302e-06,8.39207742971826
"ENSG00000100644",1.94839418894715,6.45943995495887,6.19267348433825,4.45224214130157e-08,4.13369604075302e-06,8.15604703126194
"ENSG00000173930",2.86953233262513,3.32660170509237,6.18461043711436,4.59794170872644e-08,4.25913485194056e-06,8.26525779755451
"ENSG00000143970",1.87669827971647,4.78424232278353,6.17985945415771,4.68599488371216e-08,4.32168730866326e-06,8.34099124697022
"ENSG00000206651",4.28934202056175,-4.74168574359694,6.17980733958124,4.68696996810402e-08,4.32168730866326e-06,7.26819365318944
"ENSG00000068650",2.58518292169371,6.14101210921911,6.17587610648461,4.76110766373866e-08,4.35911593422394e-06,8.1469005101456
"ENSG00000173281",1.99082531598979,6.47078501566667,6.17535959785695,4.77093430938395e-08,4.35911593422394e-06,8.05354660656983
"ENSG00000108582",2.54470044589307,6.23569498569046,6.17465880029183,4.7842992261867e-08,4.36141490909655e-06,8.12163046264405
"ENSG00000085491",2.1441642939846,3.38697430366185,6.17076604446579,4.85921640917686e-08,4.39977968652541e-06,8.26463093891677
"ENSG00000106628",-1.57441999627319,5.06658618189666,-6.16799106392091,4.91333044720544e-08,4.43878001434951e-06,8.29681454923227
"ENSG00000125810",2.1791426899765,7.56303136796902,6.15821419172832,5.10878905417072e-08,4.60501205281999e-06,7.93337390616844
"ENSG00000112531",1.67122110215691,5.64202538088219,6.15036099915812,5.27135457077455e-08,4.72075251637268e-06,8.16520859617173
"ENSG00000130309",1.80940996959268,7.32092968584168,6.15035938872021,5.27138842797529e-08,4.72075251637268e-06,7.82982020345393
"ENSG00000095951",1.87264237424017,4.02984876349678,6.15031037462461,5.27241898376034e-08,4.72075251637268e-06,8.19018799011357
"ENSG00000126215",-1.81210103826969,3.34841463336661,-6.1489442704882,5.30122275652642e-08,4.73599460573056e-06,8.05164817760759
"ENSG00000163297",1.61019701704942,6.25770378841929,6.14692672326955,5.34404740324277e-08,4.75709307703114e-06,8.06099115989304
"ENSG00000173660",-1.65095249192258,4.5016399003669,-6.14287113147711,5.43117170117029e-08,4.79681830113832e-06,8.20147349470234
"ENSG00000069974",1.50816180385155,6.6483601483538,6.14215004023008,5.44680927382125e-08,4.79681830113832e-06,7.85658117535878
"ENSG00000143815",2.09763579315897,6.44159443743906,6.14025801200626,5.4880522049209e-08,4.81295307081221e-06,7.9390221863008
"ENSG00000178695",2.0406580658321,5.76590214012144,6.1376875145196,5.544580813506e-08,4.83135351168393e-06,8.0985246379563
"ENSG00000141753",-3.12116601125726,2.47127208612231,-6.13734417618573,5.55217482313809e-08,4.83135351168393e-06,7.59436751051699
"ENSG00000143845",-4.3950755550155,-0.492289972018283,-6.13484400474512,5.60778565852972e-08,4.86920516294194e-06,6.1766519895486
"ENSG00000183023",2.24323738108157,4.01482237854837,6.1285445146421,5.75036330943633e-08,4.95156782102473e-06,8.1382769172542
"ENSG00000225178",-3.032571183463,3.00474247009579,-6.1282278388359,5.75762475927938e-08,4.95156782102473e-06,7.91832449804738
"ENSG00000138593",2.0686268899135,3.5082559631394,6.12798996710328,5.76308518841163e-08,4.95156782102473e-06,8.06156828901836
"ENSG00000273033",1.74575895893047,4.42883450732261,6.1182406818805,5.9913535149361e-08,5.08152729973547e-06,8.10786423659805
"ENSG00000178996",1.95258099320209,5.59437885268456,6.11035770256833,6.18245603765453e-08,5.22157768121402e-06,8.00102545188067
"ENSG00000106780",2.26518738306907,7.4570032254347,6.10732676137243,6.25753011157601e-08,5.25188362308098e-06,7.57705427115091
"ENSG00000233493",-2.03705480878113,2.73297586726383,-6.10260435651624,6.37630404294179e-08,5.34042031529887e-06,7.69226149634939
"ENSG00000173698",3.06184697539491,-5.90872656888801,6.09910607202981,6.46572742985787e-08,5.40405767432736e-06,7.01678787696392
"ENSG00000241755",-5.3117474982204,-0.599231637191165,-6.09592040892724,6.54823978508916e-08,5.4616667186754e-06,6.68446009117266
"ENSG00000111647",1.52053502317378,4.20588017772838,6.09461887368428,6.58225042501221e-08,5.4666680385175e-06,8.0182132189092
"ENSG00000120699",-1.58585764173063,3.34502965263621,-6.08901783637292,6.73062006273794e-08,5.55874636459162e-06,7.87446786051483
"ENSG00000114541",2.42573788285839,3.42022399605534,6.08823155226057,6.75171193013675e-08,5.55874636459162e-06,7.94176699065961
"ENSG00000155629",2.15188073402341,6.84691923587712,6.08764991414038,6.7673563386351e-08,5.55874636459162e-06,7.61826101422986
"ENSG00000186908",2.14348260584003,3.53220450822107,6.08735697019023,6.77524928772174e-08,5.55874636459162e-06,7.95528696237008
"ENSG00000218426",-2.07469757315135,3.55148101108077,-6.08519347018114,6.83382469698406e-08,5.59538534558357e-06,7.89051186813894
"ENSG00000164405",-2.23287157438001,3.38098229714591,-6.08453412101507,6.85177569283294e-08,5.59868061795264e-06,7.91975314277878
"ENSG00000008086",2.08063569301427,2.86508334760828,6.08298563151717,6.89411768496149e-08,5.62185231583817e-06,7.7018000482902
"ENSG00000235552",-2.13808205899422,2.74411691100158,-6.08061355384136,6.9594830481971e-08,5.65222500007313e-06,7.6535792422386
"ENSG00000138071",1.75481948761123,7.97380799923291,6.07988233265329,6.97975620714179e-08,5.65726127095795e-06,7.28596003306501
"ENSG00000155744",2.12759646190145,5.13967145828375,6.07898716941626,7.00465432345818e-08,5.66601837246813e-06,7.84269524922906
"ENSG00000205885",1.65182573422495,3.33827848073023,6.06441795850375,7.42247273111092e-08,5.96796497472242e-06,7.82147979325921
"ENSG00000164125",2.39796785930579,3.91011808519637,6.06255774812029,7.4775667793378e-08,6.00026226872132e-06,7.89313751211038
"ENSG00000167664",-2.80312791687411,3.81344945529658,-6.05189260251443,7.80134452482126e-08,6.21048817003692e-06,7.69453216519045
"ENSG00000113749",2.32012558071958,6.05040309360344,6.04519014096211,8.0118855112965e-08,6.36549054002257e-06,7.70538095777381
"ENSG00000165272",-2.07062541754576,5.51122362339755,-6.03855054020238,8.22599761195158e-08,6.52271313600942e-06,7.79088083331085
"ENSG00000134250",1.73640159007196,7.52437375949438,6.03704954696435,8.2751810168285e-08,6.53592980822278e-06,7.34983032808555
"ENSG00000101236",1.91714075632767,7.97808329847194,6.03620787400974,8.30288761614758e-08,6.54495466557578e-06,7.13852252433005
"ENSG00000165948",-3.41796161125784,1.12353027694471,-6.03561604959229,8.32242456117e-08,6.54751687295805e-06,6.99594179483746
"ENSG00000150054",1.77393246251248,3.57924022412245,6.03403721004527,8.37476721675949e-08,6.55959260422395e-06,7.77743460135338
"ENSG00000081019",1.65744295668005,4.35800677417693,6.03347728877579,8.39340825837871e-08,6.55959260422395e-06,7.78487181052365
"ENSG00000145391",1.98283904851826,3.4627335525047,6.03318845851349,8.40304012530554e-08,6.55959260422395e-06,7.67137462337399
"ENSG00000239951",-3.46059184396602,5.42724677160758,-6.03104302435337,8.47492912184962e-08,6.58397519435454e-06,7.72323904238127
"ENSG00000243466",-3.61515429365868,5.55597078053992,-6.02419854512147,8.70836802087235e-08,6.71342113274028e-06,7.67019786271734
"ENSG00000110344",1.51184415889003,5.61776436151117,6.0234669631664,8.73369298150134e-08,6.71342113274028e-06,7.67728355202324
"ENSG00000157450",1.6706207631629,4.84318675880577,6.01467441784971,9.04382620520737e-08,6.92533144955708e-06,7.71165767517241
"ENSG00000064999",2.05684876545843,5.01892333915346,6.00987290651278,9.21776359173637e-08,7.01841916505654e-06,7.69523607188502
"ENSG00000114779",-1.59606477779276,5.54155308312649,-6.0092324393519,9.24121380403018e-08,7.02297310679813e-06,7.68850109236981
"ENSG00000143224",-1.91838895218532,4.09657998404233,-6.00363384085206,9.4487328616399e-08,7.14536242380785e-06,7.65456951996945
"ENSG00000064393",2.0717298609431,5.34963938731103,5.99876193333145,9.63306552740627e-08,7.26582552219112e-06,7.62375570901529
"ENSG00000164346",-1.51802284308633,5.1717784466224,-5.99281075835827,9.86306886322793e-08,7.4114970923269e-06,7.61584189790581
"ENSG00000035862",1.76809252760884,7.68831831385402,5.99196768085246,9.89608902064252e-08,7.41326803663248e-06,7.09110360301062
"ENSG00000021300",-2.43007794458985,4.33102149898331,-5.99180926692883,9.90230569541725e-08,7.41326803663248e-06,7.54903781302151
"ENSG00000116824",-1.83797737812452,6.85446029460164,-5.9909235428315,9.93713566788045e-08,7.42551539256747e-06,7.44355190663543
"ENSG00000159199",-1.61107640690604,4.3503637396102,-5.98833442509973,1.00396462495826e-07,7.47433071343926e-06,7.61410201469422
"ENSG00000145332",1.9312301186515,3.79979800490372,5.98464041857175,1.01877169454854e-07,7.57054707287256e-06,7.58927443254334
"ENSG00000198734",2.75171183557103,5.64845513786926,5.98068336304363,1.03487299901703e-07,7.67600817462776e-06,7.42131363432685
"ENSG00000198937",-2.89087699209028,2.28680170176438,-5.98011375799323,1.03721137107758e-07,7.67918444568339e-06,7.282379880812
"ENSG00000154016",-1.69893249798304,5.62105554740233,-5.97307809563764,1.06652936590103e-07,7.82979512737703e-06,7.54891050761066
"ENSG00000183762",2.42742833827779,5.97831369162711,5.9703553033591,1.07809421326744e-07,7.86597886783621e-06,7.23633692023981
"ENSG00000116649",-1.57654527240326,5.49642230079407,-5.96978802145066,1.08051927544531e-07,7.86939056366892e-06,7.5015624406355
"ENSG00000117691",-1.67732029089883,3.49749125981111,-5.96754742128838,1.09015045492285e-07,7.92517696000149e-06,7.4712841046496
"ENSG00000139343",-1.66508888047927,3.73996359767861,-5.96661746376725,1.09417276408524e-07,7.94006019165252e-06,7.51076708030665
"ENSG00000173517",1.91551997102877,3.51705272665058,5.96564059627368,1.09841378836644e-07,7.94778078112665e-06,7.46811581745907
"ENSG00000114933",1.58393885536647,3.9723717801702,5.96266322665684,1.11144050303226e-07,8.00548721759729e-06,7.51507499223103
"ENSG00000126457",-1.500214100113,5.55270216411485,-5.96228263838803,1.11311665104444e-07,8.00548721759729e-06,7.48840126575824
"ENSG00000055044",-1.52208131919703,4.32986574862203,-5.96227610328417,1.11314545411594e-07,8.00548721759729e-06,7.52055558025911
"ENSG00000240864",-4.94158441649217,2.84566873891781,-5.95989517522992,1.12368848339167e-07,8.0619343409043e-06,7.23879188934247
"ENSG00000171316",1.62391234927797,4.96749879866706,5.95959941702829,1.12500501598112e-07,8.0619343409043e-06,7.4822699329681
"ENSG00000105202",-1.65285007794159,6.41262675502444,-5.95809594671128,1.13172117378433e-07,8.09563249617038e-06,7.36433184962028
"ENSG00000146592",1.87822447714059,6.78849897448213,5.95391761016762,1.15059529478485e-07,8.20145958172708e-06,7.0726324470137
"ENSG00000170340",1.9844877442734,3.25754503993292,5.95100735846085,1.16392499000792e-07,8.26715767637778e-06,7.44817396587126
"ENSG00000198604",1.96319788656161,6.8394571620677,5.94932090875816,1.17171916991072e-07,8.30643791665776e-06,7.00801725747468
"ENSG00000100934",1.61738554735726,3.85934642051372,5.94666414773941,1.1841026757132e-07,8.36613282408123e-06,7.4463892594424
"ENSG00000123983",1.54926095786939,4.473029299768,5.94292474371189,1.20175220778158e-07,8.46868253304536e-06,7.44245966896135
"ENSG00000102908",2.00368814650087,4.46127539596166,5.93959347956808,1.21769444610149e-07,8.52852824428083e-06,7.42935395030971
"ENSG00000116903",1.75725169541383,3.81780742731938,5.93668265213148,1.23179580575825e-07,8.59733593456477e-06,7.40364407767677
"ENSG00000095015",1.90321535431487,5.88687356859905,5.93579350360861,1.2361353672978e-07,8.61267141007037e-06,7.24202174926873
"ENSG00000166900",1.68989138750952,7.12758661870796,5.92292219180696,1.30067553405454e-07,8.95372565411995e-06,6.95959087524751
"ENSG00000139178",1.58011642583491,6.92642664282187,5.92039599195754,1.31372846682666e-07,9.02812167920778e-06,6.97287297033788
"ENSG00000106799",1.55948447220896,4.81835224648545,5.91927626881592,1.31955547033384e-07,9.0491557032451e-06,7.301271132502
"ENSG00000127603",1.89078459292998,7.24398834846999,5.9055809329128,1.39292811090242e-07,9.4350996019141e-06,6.93168319373152
"ENSG00000091039",1.96328081475268,5.05015457912609,5.90216915714273,1.41182584261804e-07,9.53400329083586e-06,7.22140295909656
"ENSG00000144659",-1.74298523759575,4.92243451561473,-5.89998466266078,1.4240586304832e-07,9.58961558838953e-06,7.28184705864465
"ENSG00000281655",2.59453879681719,-6.08686976187193,5.89662788754566,1.44306058809858e-07,9.65289879579685e-06,6.44665348460173
"ENSG00000119778",1.92778637060979,3.31930318842106,5.89511817414799,1.45168828987054e-07,9.69448050321849e-06,7.19062607510427
"ENSG00000207802",4.58700615803489,-4.41744553528283,5.89398517001869,1.45819666750523e-07,9.72179476402079e-06,6.40744987415768
"ENSG00000089157",-1.92266734397431,9.11223946668344,-5.89042144120905,1.4788567118408e-07,9.84321151149401e-06,6.13156260298223
"ENSG00000071537",1.55474531085339,5.43018091198955,5.8888822997827,1.48786886084247e-07,9.88682709811389e-06,7.13911222488413
"ENSG00000244575",-5.39656409370904,2.33524328162727,-5.88756264381734,1.49563908836038e-07,9.90571377763822e-06,6.95155601685311
"ENSG00000003402",1.64246455826197,9.29614649122755,5.884764366846,1.51224855693171e-07,9.99161539900985e-06,5.89061993188246
"ENSG00000140992",1.97504554027178,5.2257005295716,5.88454139222183,1.51357986617507e-07,9.99161539900985e-06,7.22082186881086
"ENSG00000136404",1.69894006479818,3.84285630670255,5.88379913694961,1.51801998862777e-07,1.00044982922645e-05,7.21928128510092
"ENSG00000137393",1.9179446859962,5.31038939785892,5.88217886719086,1.52775713399349e-07,1.00521918659257e-05,7.1603118127788
"ENSG00000145730",1.87875103558997,4.25074260305321,5.87736057914817,1.55707945688403e-07,1.01950665025491e-05,7.19795255630202
"ENSG00000142675",-3.46800251967648,1.45576979924564,-5.87275852885926,1.585605205618e-07,1.02979806908328e-05,6.3385232352502
"ENSG00000165502",-1.61627137413681,6.7866613505097,-5.87055411676216,1.59945167518477e-07,1.03492667593732e-05,6.88669591510198
"ENSG00000101474",1.78107304533257,8.08566196932171,5.86999155822473,1.60300435493418e-07,1.03492667593732e-05,6.32710334448148
"ENSG00000177663",1.98969068947894,9.19335994815001,5.86807293283861,1.61517968017745e-07,1.04060021638612e-05,5.96780566095238
"ENSG00000186810",-2.15253975843199,4.54647019223939,-5.86519129757608,1.63363813085255e-07,1.04882441659947e-05,7.12234347813534
"ENSG00000270031",4.12463640227178,-4.48479265938923,5.8626330791626,1.65019960247063e-07,1.05471104004013e-05,6.23607714331696
"ENSG00000122406",-1.7068102171566,8.04471407813751,-5.86190182070651,1.65496407937242e-07,1.05506491312445e-05,6.56522088438242
"ENSG00000198814",1.95039665154785,5.67385865975198,5.86174278159277,1.65600208989982e-07,1.05506491312445e-05,6.98344638858409
"ENSG00000133703",1.57636597000598,4.5676006337196,5.86132283978608,1.65874604533979e-07,1.05514095751187e-05,7.13267871141442
"ENSG00000111052",1.6745180342503,4.31428844867383,5.86069089127099,1.66288375558407e-07,1.05610193905198e-05,7.13092229782156
"ENSG00000085433",2.06255505435034,2.79528838486957,5.85845647625348,1.67759568309927e-07,1.06376501028323e-05,6.86683547456992
"ENSG00000144802",1.79197250840151,5.13022772829688,5.85676913105905,1.68879078889233e-07,1.06917743771731e-05,7.03573547763434
"ENSG00000131389",1.64013475678129,8.61007289972463,5.85087159767222,1.72850278055636e-07,1.08576982474886e-05,6.13717302738383
"ENSG00000179978",3.40446343306613,1.8381885429959,5.85036292255249,1.73197096626074e-07,1.08625111990038e-05,6.79548283774211
"ENSG00000229832",4.37554508909044,-4.59000584841072,5.84857751464079,1.74419855348311e-07,1.09051742219484e-05,6.10271613713832
"ENSG00000180992",-1.54891359043303,3.11034124613007,-5.84533796543596,1.76660331408626e-07,1.10281034833689e-05,6.95309518951012
"ENSG00000120437",-1.57230104686314,3.34781827325642,-5.84270799342297,1.7850012873631e-07,1.11256777914064e-05,7.02266026119636
"ENSG00000182957",1.68497464228546,5.67505929741325,5.8363555869845,1.83022450319471e-07,1.13701880156242e-05,6.92704362069313
"ENSG00000132465",-4.96287770718648,5.60000499692367,-5.8356692613899,1.83517778523707e-07,1.13701880156242e-05,6.96230068023041
"ENSG00000186827",-2.30626297849455,2.91905035336525,-5.83561865915949,1.83554351080546e-07,1.13701880156242e-05,6.82881883928685
"ENSG00000132549",1.53237052712975,4.9519463821999,5.83101432109371,1.86912447413137e-07,1.15603910936968e-05,7.01235936793224
"ENSG00000089012",-2.42533945293934,4.65684566664814,-5.82177465179482,1.93835511092387e-07,1.19370350946543e-05,6.96572390530027
"ENSG00000187554",2.48387405556807,4.95553847156926,5.82123147090219,1.94250300423547e-07,1.19370350946543e-05,6.9007420453655
"ENSG00000177706",2.62317325342229,3.58582685911576,5.8128897373311,2.00731596107098e-07,1.22641514083549e-05,6.82748619820428
"ENSG00000136021",1.67021661069796,4.25929078164375,5.81212154111107,2.01339102639669e-07,1.22826018274962e-05,6.95908578499295
"ENSG00000171858",-2.30889079859602,6.10252063314532,-5.81064209002228,2.02514209372949e-07,1.2335570068502e-05,6.82586812148743
"ENSG00000224460",4.30317628533457,-4.30053525552209,5.80902969132578,2.03802634633385e-07,1.237654609899e-05,6.08168041024292
"ENSG00000163932",1.56189971041271,8.51437831006857,5.80367948912438,2.08136153162315e-07,1.25334865925361e-05,6.0244568801999
"ENSG00000202125",2.68138113186062,-5.98190269779475,5.80347045113449,2.08307304126792e-07,1.25334865925361e-05,6.12815165682586
"ENSG00000147459",2.00847310613507,7.23604483661993,5.80315080100581,2.08569288353978e-07,1.25334865925361e-05,6.55781317574904
"ENSG00000112062",2.82319151515538,7.37595557897615,5.80178476483636,2.096925613073e-07,1.25821796263822e-05,6.36727605873888
"ENSG00000114767",-1.63486328074517,3.8055922911021,-5.80108675005215,2.10268835127567e-07,1.25979548581199e-05,6.85272618740056
"ENSG00000196839",-1.51274931266208,4.73167274607143,-5.79991361058934,2.11240894625935e-07,1.26373607823688e-05,6.91481652190381
"ENSG00000129450",2.11314922243686,6.77377637776178,5.79938905569252,2.11676974586969e-07,1.26446325889232e-05,6.62819145855116
"ENSG00000106399",-2.05187603113261,1.88414249817539,-5.79795832540151,2.1287091580838e-07,1.26651350104157e-05,6.54121046981695
"ENSG00000169442",-3.18264003419639,7.21453303699992,-5.79784555264162,2.12965306876301e-07,1.26651350104157e-05,6.61670615343433
"ENSG00000182866",-1.90662630891256,7.52215633147724,-5.79645605219256,2.14131721962683e-07,1.26874091655023e-05,6.57718575985803
"ENSG00000135842",2.55882634865189,8.66120479366625,5.79232099505342,2.17640369756467e-07,1.28292934676679e-05,5.91607946533297
"ENSG00000111885",1.64470942265628,4.87628607031532,5.79023422865738,2.194325251763e-07,1.29159976239204e-05,6.76971422345665
"ENSG00000119333",-1.98665508449507,3.04280879773552,-5.78920964361043,2.20317788545758e-07,1.29302419490753e-05,6.79809083813329
"ENSG00000140396",1.98377960006966,5.00974491406968,5.78623966605443,2.22903902609692e-07,1.30452590849227e-05,6.83270679567365
"ENSG00000189043",-2.1422463265045,3.38281485473082,-5.78621381260719,2.22926545727622e-07,1.30452590849227e-05,6.86115134756673
"ENSG00000159685",-2.8613209869579,0.795868343649255,-5.78209841627916,2.26560043652409e-07,1.32194003990046e-05,5.68014232031388
"ENSG00000125648",-2.56963705855342,3.94465095189481,-5.77892929595915,2.2939789565841e-07,1.33655857989266e-05,6.71683973403987
"ENSG00000211734",-2.61121010528331,2.77802168769826,-5.77696635094166,2.31173238376417e-07,1.3430096140475e-05,6.52214032858922
"ENSG00000119121",2.04382092689226,3.99614977116295,5.77438943729195,2.3352449394639e-07,1.35471164583445e-05,6.81234381687649
"ENSG00000107566",2.31513271865091,4.39914797388102,5.77283544128695,2.34953812065306e-07,1.36103935917139e-05,6.81138255279965
"ENSG00000166441",-1.71440788255357,8.96644871748177,-5.77166910075365,2.36032251268042e-07,1.3628456970504e-05,5.83395677820561
"ENSG00000187260",-3.70333975476747,0.50785405625437,-5.77139906147799,2.36282635402251e-07,1.3628456970504e-05,5.39349752287596
"ENSG00000107099",1.59775357674787,8.14478551113165,5.77042116360906,2.3719155350912e-07,1.36612819973835e-05,6.16963286124883
"ENSG00000132357",1.72680803565539,5.14879915015306,5.7629597574485,2.44241310278943e-07,1.39672676469901e-05,6.67778551785385
"ENSG00000138678",2.0111833928276,5.15830879447736,5.75930072707203,2.47773720228226e-07,1.41491464497374e-05,6.69874857550827
"ENSG00000140575",2.03005857946712,8.62841512701032,5.75881109246481,2.48250223545322e-07,1.41562489176866e-05,5.8021374035541
"ENSG00000138190",1.76219901992988,3.90221307365634,5.75708346407586,2.49938762826772e-07,1.42323486447052e-05,6.75341904010724
"ENSG00000236552",-2.13531793528637,4.29396805835561,-5.75452145898148,2.52463708581328e-07,1.43557935111549e-05,6.73987906980702
"ENSG00000168081",-2.31456389881843,2.19164974435369,-5.75282440262449,2.54150073058316e-07,1.44312729337435e-05,6.38615853967206
"ENSG00000198821",-2.01583546676497,7.27644697962219,-5.75188748987651,2.55085845227604e-07,1.44639790547816e-05,6.46769514581834
"ENSG00000134243",3.05134316179415,5.98161725030001,5.74863989952454,2.58355903430092e-07,1.46081913216548e-05,6.57666595164272
"ENSG00000168028",-1.93018258314595,8.48218718102738,-5.74737946108558,2.5963618616821e-07,1.4659963421818e-05,5.90841806247411
"ENSG00000139287",2.04240191762302,-6.2502129795623,5.74334052241682,2.63781075696746e-07,1.48117105106855e-05,6.09347653092226
"ENSG00000100911",-1.66249888788631,6.66962618620819,-5.74299761959527,2.64135968879337e-07,1.48117105106855e-05,6.44274356026284
"ENSG00000166199",-1.62557353132334,3.18502603665814,-5.74261328279896,2.64534305424411e-07,1.48117105106855e-05,6.55986601244132
"ENSG00000169826",2.9199659444536,5.0355976547768,5.73895361452467,2.68357127352783e-07,1.50048584615251e-05,6.63674162856628
"ENSG00000131873",2.37428132385616,5.10487908543459,5.73086292325468,2.77003233665423e-07,1.54239390579188e-05,6.61983799085683
"ENSG00000233913",-2.15748340315902,4.21419963251287,-5.72637428789293,2.81918070189833e-07,1.56326486314092e-05,6.61625763901368
"ENSG00000249437",3.18035038827322,4.75369174196412,5.72596116818335,2.82374720574942e-07,1.56364029153634e-05,6.61743798471789
"ENSG00000162378",1.61539342458064,3.86648968439919,5.72334020555443,2.85288921536864e-07,1.57384962097369e-05,6.62287280234927
"ENSG00000146677",-1.99044908868656,2.33183078820691,-5.72159218913596,2.8724899882521e-07,1.58191565079056e-05,6.20960994281907
"ENSG00000165312",2.20296301942055,3.96759770526174,5.71657555864131,2.92948373813497e-07,1.60669993506824e-05,6.59169761244242
"ENSG00000131469",-2.16982052378471,7.07832000833157,-5.71044742231335,3.00062224346696e-07,1.64028679031926e-05,6.13225437162978
"ENSG00000237254",-3.78212037631432,0.996961531429332,-5.70769492353437,3.03312723644182e-07,1.65451534816057e-05,5.32709519812141
"ENSG00000280260",4.52419977422966,-4.6225332921375,5.70670992571789,3.04484361009746e-07,1.65865586467667e-05,5.79423508654456
"ENSG00000105639",1.60255176255528,9.13166660714402,5.70234493420975,3.09730449859102e-07,1.68040263768362e-05,5.17309696520726
"ENSG00000142937",-1.64026277448178,8.40602504141395,-5.69232048815013,3.22118580282695e-07,1.74048441278751e-05,5.75190517276287
"ENSG00000183617",-1.554799406607,4.35569899093692,-5.69179931703283,3.22775848608752e-07,1.74048441278751e-05,6.51475168929723
"ENSG00000055609",2.26321315787672,5.65092732008376,5.69065180696157,3.24227686953424e-07,1.74492656906312e-05,6.42554382767628
"ENSG00000259922",2.40160533985171,-6.09059813072521,5.68049550072805,3.3736179246864e-07,1.81076352213942e-05,5.79527752969298
"ENSG00000011114",1.59746179511529,3.82100622035277,5.67949955011336,3.38677687239736e-07,1.81540271765492e-05,6.45772830007535
"ENSG00000211660",-4.40161596788091,2.58350010173975,-5.6775875819435,3.41218081322247e-07,1.82658446142703e-05,6.2653373598669
"ENSG00000171105",1.80747051078049,3.12571017686031,5.67651134936416,3.42656314560607e-07,1.83184430292095e-05,6.29714524311156
"ENSG00000105339",1.57789485746602,8.58717407206907,5.67504034724085,3.44631785132638e-07,1.83995843637481e-05,5.4924436574584
"ENSG00000112419",1.58380668773109,3.72741185410164,5.67108287301905,3.50002422329415e-07,1.86368177251486e-05,6.43151370309045
"ENSG00000118495",2.10081530997709,3.93936940844881,5.6679049999455,3.54374805559421e-07,1.87701922702238e-05,6.40055425386494
"ENSG00000204634",2.32778372972769,5.13270195629511,5.66453918049096,3.59064576621488e-07,1.89686124958437e-05,6.31596077090058
"ENSG00000119686",2.00598827934333,3.31645501946581,5.66122189691627,3.63746645294217e-07,1.91907383649844e-05,6.37019640606706
"ENSG00000196663",1.74002812719033,7.00319184291334,5.65910427714496,3.66766945968547e-07,1.92994303165282e-05,6.0010932006219
"ENSG00000211817",-4.08867119671146,0.316831724682038,-5.64988914379235,3.80201016759874e-07,1.98762565354753e-05,4.86646071956949
"ENSG00000116260",2.05712106357724,7.01880639627287,5.64947863651733,3.80810632328945e-07,1.98786465318534e-05,5.91517978968903
"ENSG00000215244",2.77754984716712,2.0494994194058,5.64747833354051,3.83794971611597e-07,1.99603175274637e-05,6.05740710169932
"ENSG00000115425",1.67451468893974,3.07723824592954,5.64492963055108,3.87630951537259e-07,2.01070488692265e-05,6.31015816787298
"ENSG00000134755",3.33470444839566,3.41706388179564,5.64460862776893,3.88116758432908e-07,2.01070488692265e-05,6.27788064805093
"ENSG00000179299",2.67058143175675,2.67744397641187,5.64395009564666,3.89115264959779e-07,2.01328338248559e-05,6.28282866272574
"ENSG00000116991",2.99666141481103,4.7306499109099,5.64327243028066,3.90145428989207e-07,2.01437369376402e-05,6.30529175209866
"ENSG00000253983",2.48312164837464,-6.13634827906214,5.64315243642945,3.90328119855273e-07,2.01437369376402e-05,5.6531040675603
"ENSG00000205423",1.50000476010946,3.82869639008162,5.63962234231756,3.95740630894761e-07,2.03447120757432e-05,6.32220498841222
"ENSG00000198931",-1.55080762377098,6.30586190987962,-5.6373171366927,3.99314986494918e-07,2.05022491533444e-05,6.17187111685161
"ENSG00000090266",-1.62675692528289,3.85581389414285,-5.63548857116085,4.02172924477617e-07,2.05963769552219e-05,6.29668439862182
"ENSG00000122642",2.4932429447973,2.05118320856924,5.63135896762991,4.08701717174616e-07,2.09041048776768e-05,6.01600690029239
"ENSG00000276649",2.30406616265764,2.10907982336399,5.62970750328345,4.11341813217057e-07,2.10124060672835e-05,5.99154266833434
"ENSG00000087157",1.83401327657801,6.90217657006064,5.62419445858376,4.20277618742419e-07,2.14144497194965e-05,5.74662472768636
"ENSG00000130731",-1.5187289280788,4.96598062083347,-5.62323518884912,4.2185189246081e-07,2.14674554186196e-05,6.25202088555996
"ENSG00000137720",-3.37039645136112,1.075122979018,-5.62153440455096,4.24657393120842e-07,2.15829033100431e-05,5.19221319433225
"ENSG00000170017",2.07768748208012,2.9456478016749,5.61681849801565,4.32533081644849e-07,2.19001195822244e-05,6.15423156050411
"ENSG00000231500",-2.41261043907283,8.18464191413772,-5.61470074669378,4.36116501464139e-07,2.20537806186935e-05,5.58873209614183
"ENSG00000183723",2.991316054137,1.76431505218982,5.61213603145174,4.40495453555019e-07,2.21637024077833e-05,5.78822929407344
"ENSG00000079277",2.14904670842576,7.14513663598818,5.61136982374606,4.41812058443494e-07,2.21993004912098e-05,5.66435272465903
"ENSG00000113088",-4.04271028103178,3.51831289613136,-5.61108217383369,4.42307340268123e-07,2.21993004912098e-05,5.930930345481
"ENSG00000158470",2.33955757585738,6.79319817704132,5.60645680920133,4.50347019392484e-07,2.25465141639062e-05,5.76763878257173
"ENSG00000174917",-1.78572936318145,3.73993949061173,-5.60381678596151,4.55000277721993e-07,2.27228834347572e-05,6.16308347135106
"ENSG00000083845",-2.07202354319297,7.86004617528217,-5.59575334664924,4.69508386982385e-07,2.33603665513191e-05,5.59221847407418
"ENSG00000184983",-1.73261253215473,3.93859056386597,-5.58614780543196,4.873875611515e-07,2.40605987426754e-05,6.1231196400647
"ENSG00000211666",-4.22755965431895,4.27207630820038,-5.58594539347457,4.87771453541626e-07,2.40605987426754e-05,6.12622739981474
"ENSG00000144118",1.52624443290141,7.0466343362895,5.58282455265503,4.93728292051868e-07,2.42948161530835e-05,5.62901544504502
"ENSG00000180096",-1.76398797788479,7.00935449492356,-5.5789275932914,5.01267340084959e-07,2.46050846757241e-05,5.87386194725339
"ENSG00000198216",2.85809114803027,3.20801216505827,5.57749082616573,5.04075456297261e-07,2.46831199684074e-05,6.07807954371301
"ENSG00000198053",2.19597397897883,8.62944859948188,5.5765266746654,5.05968552674986e-07,2.47456785336251e-05,5.11361430576656
"ENSG00000224631",-2.26580314999804,2.45507472518033,-5.5692387293069,5.2050692773068e-07,2.53028047262742e-05,5.74337325658413
"ENSG00000133256",-1.93037289738464,2.36257337577537,-5.56757071344811,5.23891870704119e-07,2.54059119252678e-05,5.71811111542823
"ENSG00000211772",-2.24852848180003,7.63105109693269,-5.56406870639784,5.31069358208546e-07,2.56919980008423e-05,5.73532013262232
"ENSG00000186431",2.86530054208102,5.57360823129006,5.56367953204345,5.31872946698802e-07,2.56999473595976e-05,5.87418154923192
"ENSG00000073331",1.72875853150405,6.76350983042497,5.56220583426391,5.34926799541572e-07,2.57745645866999e-05,5.65236741883799
"ENSG00000111291",-5.85921076666036,-1.69563172761965,-5.55789739513215,5.43954419628543e-07,2.60307383268516e-05,4.97746839727011
"ENSG00000063241",-1.87985226091137,3.41157181612976,-5.55776202091533,5.44240494700182e-07,2.60307383268516e-05,5.99101432534561
"ENSG00000203710",3.28021475368518,6.39938796084655,5.55706780520089,5.4570985556519e-07,2.60307383268516e-05,5.67477610634776
"ENSG00000229119",-2.5710407685332,1.95326220800459,-5.55700578718902,5.45841311614743e-07,2.60307383268516e-05,5.69169294179829
"ENSG00000156273",1.84541118176672,6.07520137058234,5.55345754060838,5.53414550518085e-07,2.62672629987344e-05,5.78591424617627
"ENSG00000171940",2.03977978597317,6.22363453607749,5.55179562153164,5.56997219472552e-07,2.63750320579924e-05,5.83375341462427
"ENSG00000109046",2.23067590561846,6.8862881903239,5.5495700151275,5.61830891590176e-07,2.65413930713375e-05,5.53133681977607
"ENSG00000198755",-1.54442513161181,8.24112386342387,-5.54719696286286,5.67030352852212e-07,2.67242136522446e-05,5.27293986787526
"ENSG00000115594",2.81296091745975,4.22102796905029,5.54522863221124,5.71379021670605e-07,2.68976339920394e-05,5.95354619516986
"ENSG00000101057",-2.92014431309811,4.08085161331926,-5.54303087540243,5.76273424465898e-07,2.70646544513762e-05,5.93445622153922
"ENSG00000240505",-2.88150724486541,2.24062147198595,-5.5410915889869,5.80626525038435e-07,2.72021249735454e-05,5.74059136736881
"ENSG00000213064",1.51349310466846,5.37183651501995,5.53957276083314,5.84058448282589e-07,2.73026950440193e-05,5.90951341781868
"ENSG00000114480",1.84982525634896,3.50004438884235,5.53695230451464,5.90026670749931e-07,2.75496541434248e-05,5.92537276230009
"ENSG00000165801",1.87452072064978,7.00925190736983,5.53450560180999,5.95653413373776e-07,2.77801142975087e-05,5.5340198822304
"ENSG00000179715",-1.70637095868748,6.05803737937646,-5.53002530466817,6.06094307682936e-07,2.82005142359551e-05,5.84643880284502
"ENSG00000163235",2.1921521429812,4.0100777931135,5.52919693319345,6.08044411779824e-07,2.82005142359551e-05,5.91415106804273
"ENSG00000139631",1.52440812879069,5.84741188465832,5.52513917754658,6.17686653894967e-07,2.86085701150754e-05,5.76257479735642
"ENSG00000205871",-4.49463794895038,-1.99756570088616,-5.52046384834207,6.28983374706428e-07,2.90499062827646e-05,4.41394724045676
"ENSG00000067900",1.66141657003646,6.11796875602282,5.5199707830456,6.30186544021671e-07,2.90499062827646e-05,5.56833175060126
"ENSG00000185641",-2.32465100537271,2.09013458036955,-5.51939041471637,6.31605655373715e-07,2.90499062827646e-05,5.40246574224483
"ENSG00000121060",1.8143234167987,8.15846755536886,5.51925966734351,6.31925792118383e-07,2.90499062827646e-05,4.89654079749416
"ENSG00000117713",1.57790743449683,7.22194909178002,5.51432391971565,6.44128720054344e-07,2.95608022872429e-05,5.49323681866423
"ENSG00000183298",-3.23584948921719,0.395996664089262,-5.51386763152101,6.45268485638419e-07,2.95793428274068e-05,4.90207741569067
"ENSG00000159082",2.16342145880064,4.02695819168454,5.51282262740191,6.47886303205755e-07,2.96399543619486e-05,5.85515379163131
"ENSG00000211747",-2.62051477039391,3.430162481141,-5.50712189428757,6.62352450552032e-07,3.01903551214204e-05,5.63641383152507
"ENSG00000170802",1.95700375401996,3.96347244308999,5.50631235333179,6.64432381945505e-07,3.02508614031407e-05,5.82748816124996
"ENSG00000130150",1.50657366178914,4.83778562884228,5.50493217379962,6.67993290767354e-07,3.0344255678451e-05,5.77746704689987
"ENSG00000135426",-1.90571187761854,6.05135347323417,-5.50433100597685,6.69550197350553e-07,3.03679947497304e-05,5.77068734921767
"ENSG00000099795",-1.53500956066816,5.65038753123233,-5.50389228161733,6.70688663850081e-07,3.03679947497304e-05,5.67070430145398
"ENSG00000100596",1.74511747006037,6.63259771013659,5.50385633259692,6.70782034171448e-07,3.03679947497304e-05,5.43383444971302
"ENSG00000257743",4.07693521284855,2.20849441932225,5.49890917860996,6.83754197356983e-07,3.08510507768187e-05,5.71077581645091
"ENSG00000266109",2.00836655244282,-6.2071444907718,5.49695385219307,6.88949238016842e-07,3.10506023169878e-05,5.31863426007976
"ENSG00000215114",1.56009310457579,6.27859254853855,5.48969948949878,7.08565166672872e-07,3.17921169984183e-05,5.44958424868676
"ENSG00000173559",2.14085872709229,7.08355748543736,5.48744828490767,7.14763603306355e-07,3.19988044322072e-05,5.24954193950078
"ENSG00000089009",-1.6742677703413,8.01479894465746,-5.48181974242634,7.30495893519034e-07,3.25993060113401e-05,5.07859768391998
"ENSG00000136051",1.72652652040605,4.88632815489647,5.48177943122694,7.30609788473644e-07,3.25993060113401e-05,5.66035009555303
"ENSG00000134982",1.8444971521879,4.21743534945494,5.48144789013095,7.3154718607282e-07,3.26049445393564e-05,5.74463416620773
"ENSG00000185650",1.59504355905398,8.81387062933413,5.47673063039389,7.4501381886079e-07,3.30954276134929e-05,4.70208380261609
"ENSG00000204475",-2.34158644375771,3.92642289151196,-5.47588259324629,7.47460526556991e-07,3.30954276134929e-05,5.64280223806382
"ENSG00000181524",-2.57800380094953,0.728734102894584,-5.47506915665968,7.49814844322032e-07,3.31253366719059e-05,4.86382589093151
"ENSG00000231767",-2.14551711316523,1.3197805706484,-5.47452480025108,7.51394445966518e-07,3.31586822357255e-05,5.04014820365249
"ENSG00000111639",-1.56218407830777,4.69961380372229,-5.47367540284648,7.53865759898471e-07,3.32312623678052e-05,5.69257762418606
"ENSG00000248487",-2.98954555468266,2.69198764731305,-5.46928483274719,7.6676831365545e-07,3.36157249133876e-05,5.37788413951454
"ENSG00000104375",2.29774799841591,2.14879086549316,5.4655378343633,7.77951471214686e-07,3.39895284706955e-05,5.53183000049894
"ENSG00000271109",-3.1481538342639,2.38028562464552,-5.46471641229714,7.80424447045202e-07,3.40288759437215e-05,5.04529318107612
"ENSG00000182022",1.52889946019256,7.85710466745939,5.46200956742244,7.88628613451098e-07,3.43018149882049e-05,4.96524405285598
"ENSG00000100749",-1.79716318215546,2.58709508268258,-5.46180771809666,7.89243790460413e-07,3.43018149882049e-05,5.53480166990433
"ENSG00000244313",-2.31642687695155,2.14042559402477,-5.45383097313101,8.13936678677002e-07,3.51364894462074e-05,5.40228096868327
"ENSG00000240954",-4.83182644686929,-2.39247272417677,-5.44429073568973,8.44470299037208e-07,3.61933848207823e-05,4.26565045854862
"ENSG00000139687",1.63104925111221,4.0975840970538,5.4419142031917,8.52250254599833e-07,3.64879283657321e-05,5.5917938562306
"ENSG00000224607",-5.44740405525833,-3.4338445796398,-5.43797532826394,8.65300516121732e-07,3.69286744682865e-05,4.55227862331192
"ENSG00000171984",-1.88682541901497,2.39802826986517,-5.43707840035498,8.68299611416382e-07,3.70173711327268e-05,5.43075784918429
"ENSG00000170476",-3.70985480384431,5.08417767186943,-5.43484966313149,8.75796325379432e-07,3.72579511882581e-05,5.50277027477956
"ENSG00000133321",-1.86113396491374,5.78177730287849,-5.4345603641414,8.76774090631562e-07,3.72601183843235e-05,5.50996009748096
"ENSG00000226031",4.04858420814098,-5.64014758955665,5.42645465574525,9.04610825916984e-07,3.83215641975918e-05,4.85423147145536
"ENSG00000156482",-1.97547372840462,7.99442304324952,-5.42449873383153,9.11457151095356e-07,3.85303894724874e-05,4.88538941841906
"ENSG00000282508",1.97990560610412,4.54198311884371,5.42152238103391,9.21973298818773e-07,3.88116969205364e-05,5.5072033864644
"ENSG00000227063",-4.87035581366769,0.270200151206709,-5.41953892181781,9.29047562545946e-07,3.90685879806194e-05,4.51493403914646
"ENSG00000234851",-1.71693186741283,4.47603168414364,-5.41762024963931,9.35941599439565e-07,3.92763300424524e-05,5.5132188360731
"ENSG00000276644",4.16365506152521,0.70733169406767,5.41370724764756,9.50158001353863e-07,3.97484411763038e-05,4.88107442618795
"ENSG00000243290",-3.89454212168378,2.74201552726743,-5.41140555214417,9.58619420228399e-07,4.00607255010625e-05,5.37621491969456
"ENSG00000211663",-5.89136469311221,4.17980918530391,-5.40694905588985,9.75213653448168e-07,4.0711878811966e-05,5.47360458817147
"ENSG00000082515",-1.93278974488962,2.01208512873802,-5.40580125981195,9.7953318985758e-07,4.08497855795171e-05,5.28570755412261
"ENSG00000152229",2.25822479737575,5.62576722913571,5.39940829869284,1.00393885897044e-06,4.17376939072696e-05,5.21654688796445
"ENSG00000254087",1.78117315736661,9.00205815168036,5.39536381639771,1.01968712700705e-06,4.23049142207815e-05,4.26356160690497
"ENSG00000266472",-1.77551496951377,4.1783484076227,-5.39375604747062,1.02601472781637e-06,4.24966697093971e-05,5.42671219533138
"ENSG00000137310",-1.69185986071379,3.31691007854748,-5.39296644930589,1.02913643867212e-06,4.25154973107143e-05,5.39411816611986
"ENSG00000143947",-1.97393792805365,7.69847809163292,-5.39203213788063,1.03284235758346e-06,4.25870035482772e-05,4.93336968459716
"ENSG00000232346",-3.82374909594798,-1.60112211419703,-5.38990189224814,1.04134110205012e-06,4.28240730280205e-05,3.89303627351678
"ENSG00000007237",2.53623282997636,7.57335212343211,5.38951159627043,1.04290565553455e-06,4.28262442939733e-05,4.74657468585818
"ENSG00000143185",-5.13516206320571,0.915135167681287,-5.38920757638212,1.0441259626573e-06,4.28326040313764e-05,4.53253935183495
"ENSG00000181035",-1.59184056763092,4.28150932278492,-5.38764342988245,1.05042654960657e-06,4.30033076856244e-05,5.40657594961
"ENSG00000143061",4.33702793745177,-4.92319816966593,5.38605568160807,1.05686047784026e-06,4.3200323593197e-05,4.72194764550687
"ENSG00000154359",1.62984577621986,2.90901099893173,5.38384673602836,1.06587620583771e-06,4.33708048857161e-05,5.32221715080784
"ENSG00000112695",-1.8312926502637,4.34076104532071,-5.3810561377945,1.07737421033642e-06,4.37143825247483e-05,5.35764760997064
"ENSG00000095585",-1.58920898651419,3.46239578475251,-5.37958383081953,1.08348960915258e-06,4.38642431849483e-05,5.33127147519573
"ENSG00000204228",-2.45824386047475,2.58342747030011,-5.37783362636494,1.09080374296481e-06,4.40286065006739e-05,5.03819188663645
"ENSG00000142405",1.85425303700237,7.54283823728631,5.37525254937577,1.10167885897633e-06,4.44229623756937e-05,4.77934563493156
"ENSG00000182541",2.00535131888431,8.07504839822761,5.37397992430204,1.10708014621319e-06,4.45522486006721e-05,4.44986427174117
"ENSG00000147133",1.65495665773066,4.89091981292675,5.37386658046028,1.10756246318202e-06,4.45522486006721e-05,5.34164031443025
"ENSG00000240671",-4.53135787659159,0.743128026640536,-5.37371454388821,1.10820975575026e-06,4.45522486006721e-05,4.7599558073495
"ENSG00000067208",1.63280104277641,2.48214321406621,5.37223689748272,1.11452022868977e-06,4.47611810527335e-05,5.19153288410829
"ENSG00000172493",1.75424072219208,5.6382263502045,5.37000997253532,1.12409745068858e-06,4.5100764184214e-05,5.18767385345724
"ENSG00000123131",-1.89308619547828,3.16430037122285,-5.36298844124005,1.15482793024902e-06,4.60166199464364e-05,5.31370463560765
"ENSG00000123643",1.95715397595934,5.29133282602121,5.36070414778131,1.16500247621723e-06,4.62994168992277e-05,5.15581334750568
"ENSG00000137575",1.56962917754349,8.41454185675951,5.3544108120667,1.19349229580881e-06,4.73183207851141e-05,4.28982837590854
"ENSG00000280832",2.12693370544946,3.49242919119009,5.35373507402263,1.19659180522458e-06,4.73944667523531e-05,5.28223554201342
"ENSG00000283063",-5.40006387548304,0.399260296304452,-5.35144672941746,1.20714703730354e-06,4.77505162906776e-05,4.25691569468245
"ENSG00000206907",2.54954255731943,-6.00719461055763,5.35028247905344,1.21255237179438e-06,4.77912063243899e-05,4.71029129746645
"ENSG00000143641",2.34151695741688,6.44231522682487,5.34706104948216,1.2276331050531e-06,4.82909061539576e-05,4.94083287749303
"ENSG00000211653",-4.25424998739678,4.5555974930682,-5.34614820060255,1.23193994776545e-06,4.83656736133464e-05,5.22470353518481
"ENSG00000172594",3.24017326850751,2.4794352805841,5.33824337594634,1.26986216862998e-06,4.97088596915897e-05,5.09611716048752
"ENSG00000185950",2.44159438803806,5.31129854530717,5.33693910801919,1.27622861477657e-06,4.99094774039374e-05,5.1241282058082
"ENSG00000148803",-2.4331542986488,2.28944739522053,-5.33428352189726,1.28928837261726e-06,5.03223020931643e-05,4.91944262213738
"ENSG00000099849",-1.54685362389368,4.43368655722398,-5.33280835712162,1.29659970666904e-06,5.05585852643149e-05,5.20757994724666
"ENSG00000140526",1.56223635402366,7.6748449273744,5.32752046725487,1.32314466313571e-06,5.14937674224413e-05,4.64446750629968
"ENSG00000215788",-2.04017140826211,5.75818126229256,-5.32693087380424,1.32613731482309e-06,5.15603214028219e-05,5.14538582064985
"ENSG00000236438",2.64534977046802,5.78199297653007,5.32249382096678,1.34887344790269e-06,5.23936331909024e-05,5.02793890285749
"ENSG00000063601",1.72882588271914,5.20168048696268,5.32143582588552,1.35435113256514e-06,5.25049413995986e-05,5.12839976436697
"ENSG00000163218",3.80509245044729,-4.94492640581913,5.3191074613413,1.36648322487864e-06,5.29242375785847e-05,4.50760580983909
"ENSG00000163220",1.51261411516321,12.2755499921898,5.31540448420858,1.38599833565199e-06,5.35253651199627e-05,-5.48293456562412
"ENSG00000277734",-2.04935228433649,8.04486795992659,-5.31330152601087,1.39720292797665e-06,5.39062880139322e-05,4.66511937612802
"ENSG00000008324",-1.58975370252772,2.38989700671074,-5.31091621019936,1.41001977436432e-06,5.41624106446857e-05,4.97286200576445
"ENSG00000104964",-1.66502854514664,9.4217249012558,-5.31081286424282,1.41057768133391e-06,5.41624106446857e-05,3.99860206592302
"ENSG00000183621",1.67477167292466,4.96408541040821,5.30955664574615,1.41737668402522e-06,5.43715433694485e-05,5.02741895460542
"ENSG00000131370",1.63547845542676,6.26632318712113,5.30688357570767,1.43195150859544e-06,5.48782788832733e-05,4.86145010002395
"ENSG00000197958",-1.85302265103837,9.03146130114002,-5.30527000454836,1.44082068087296e-06,5.50084264125876e-05,4.13665499112232
"ENSG00000164506",1.61940997013785,4.59173793900341,5.30457159479585,1.44467629787107e-06,5.51032984127254e-05,5.07144104209944
"ENSG00000027869",-1.82556949396647,5.51152075222606,-5.30156280410282,1.46140285607986e-06,5.5583081949028e-05,5.06181576069406
"ENSG00000114391",-1.97334695991541,7.41144621901252,-5.30125658526752,1.46311583628031e-06,5.55956359642165e-05,4.6250672361788
"ENSG00000235162",-1.74099965255752,3.1826791577472,-5.2951171411748,1.49787933834059e-06,5.67022082485577e-05,5.04433517104795
"ENSG00000255464",2.71736585841174,-6.10008800373482,5.29066999588638,1.52356645090392e-06,5.75121300086755e-05,4.48574633108159
"ENSG00000165775",-1.90064098317147,4.76744646101337,-5.28889618762556,1.53393252486846e-06,5.77624340162014e-05,5.00766747499588
"ENSG00000110777",-2.06092160449219,5.31932820103338,-5.28865488032967,1.53534806401318e-06,5.77624340162014e-05,4.95132446266031
"ENSG00000211751",-2.13057236877132,7.03815074036912,-5.28045919025771,1.58419507418405e-06,5.91894148441888e-05,4.76123448787269
"ENSG00000243199",-1.89754400164465,1.70284943357895,-5.2801297015162,1.58619047528148e-06,5.92089410281021e-05,4.62901445569149
"ENSG00000163659",1.82465152256161,4.20345562407789,5.27805580232691,1.59880695935246e-06,5.95141086850811e-05,5.00731489817905
"ENSG00000143702",2.01904835152489,3.56895309672391,5.26986389484887,1.64961371347568e-06,6.08419912927976e-05,4.98054569465057
"ENSG00000114268",1.50463017546867,6.88553863194706,5.26575234911453,1.67570863824682e-06,6.16092651907494e-05,4.5238080747836
"ENSG00000211803",-3.33610360819075,1.04687988442436,-5.26562132655506,1.67654684141784e-06,6.16092651907494e-05,3.96175896924147
"ENSG00000127507",1.62918881914831,7.58797630113352,5.25703000872772,1.73241777345747e-06,6.32002353253514e-05,4.21361648082224
"ENSG00000229278",3.91564199943916,-5.54506635349579,5.24959442918886,1.78224702063225e-06,6.45599453654646e-05,4.11586754322894
"ENSG00000104889",-1.52995923425099,3.27360947141871,-5.24242161048149,1.83164901950838e-06,6.61004972013248e-05,4.83303319403397
"ENSG00000271430",1.9199028731603,2.97831062475429,5.24207473109497,1.83407192338296e-06,6.61285735101719e-05,4.85579011347833
"ENSG00000102531",1.97542612941667,3.85204217511442,5.24107166677938,1.8410959219788e-06,6.63157113916208e-05,4.88204796788157
"ENSG00000065057",-1.64863217215712,2.80654488814801,-5.24086287630833,1.84256130601563e-06,6.63157113916208e-05,4.79175116562477
"ENSG00000133318",1.60786382876742,8.49360332015457,5.2380359353004,1.86251520265804e-06,6.68543180154092e-05,3.8097499260564
"ENSG00000145592",-1.67022867845881,8.27661178744249,-5.23686531221977,1.8708400485874e-06,6.6973741436608e-05,4.10879813951896
"ENSG00000111796",-3.35700671783926,3.63399934597019,-5.2354995124947,1.88059910823052e-06,6.71653988496949e-05,4.70544933752134
"ENSG00000168653",-1.86505561549754,4.30068803487644,-5.23518177733975,1.8828765858317e-06,6.71653988496949e-05,4.85796798689701
"ENSG00000005339",1.51289888098583,7.71860705180731,5.22908051198311,1.92713892254152e-06,6.8622532297621e-05,4.27401059794986
"ENSG00000081913",1.89353347335587,3.50308230070301,5.22530911836333,1.95500853886073e-06,6.93691555863009e-05,4.77125520079731
"ENSG00000144713",-1.92682142559401,8.59369370607289,-5.22134337147525,1.98474147993045e-06,7.02381839578908e-05,4.01342612466135
"ENSG00000123159",-1.54584358289884,4.64921929526728,-5.21831289924382,2.00776128251332e-06,7.08656883929769e-05,4.79880351078904
"ENSG00000164587",-1.77558457346299,7.95159652397047,-5.21658382574086,2.02101282561633e-06,7.11460224303219e-05,4.15396276034572
"ENSG00000188042",-1.63211996494235,6.7739854362514,-5.20808572983757,2.08740096795347e-06,7.29719075771004e-05,4.46818827555581
"ENSG00000253315",2.47169306037907,-5.98939333742097,5.20472257390009,2.11426191826738e-06,7.3846705159153e-05,4.26354525489193
"ENSG00000278195",-2.38518838667244,3.31333801041735,-5.20443682580232,2.11655972566715e-06,7.38627900097837e-05,4.66025357652271
"ENSG00000169740",-2.50602229238558,2.50123600650756,-5.20174720366379,2.13830853803139e-06,7.45570510372401e-05,4.53264422794695
"ENSG00000167468",-1.51485224002136,7.26675629864359,-5.19763162926668,2.17201345477824e-06,7.540525467098e-05,4.16729283289677
"ENSG00000184220",-2.63270838953536,1.8061661403053,-5.1962942410577,2.18307804973883e-06,7.56587101341382e-05,4.321643625142
"ENSG00000054793",3.85505330908737,2.7139749729594,5.19058381960428,2.23094808650033e-06,7.70958629187967e-05,4.67934682051762
"ENSG00000120063",1.50803932238626,5.60835826640687,5.19043410333135,2.23221691551364e-06,7.70958629187967e-05,4.5078929982641
"ENSG00000211673",-3.99407154963656,4.56280371564164,-5.187654430389,2.25590347511219e-06,7.78470656707813e-05,4.66306183928973
"ENSG00000114023",-1.76970481737664,3.02109122121955,-5.18737511386712,2.25829723166047e-06,7.78628347403208e-05,4.60818075888586
"ENSG00000211956",-4.55511466112678,3.32509829582329,-5.18423265281291,2.28540077183445e-06,7.86623988264457e-05,4.65314663619633
"ENSG00000133935",-1.63416316722734,3.54530584042597,-5.17838019424769,2.3367319391592e-06,8.02231404082648e-05,4.63840236116538
"ENSG00000162244",-1.6185680948684,8.39142017364708,-5.16481091299126,2.46014121479689e-06,8.37447901077599e-05,3.83515652863091
"ENSG00000134057",-2.20137956824742,1.57610209415949,-5.16057052463063,2.50000258707268e-06,8.47429207466239e-05,4.479395731839
"ENSG00000129493",2.38086506625588,2.58655787365444,5.15968313317862,2.50842430612349e-06,8.49159263073159e-05,4.41741794890778
"ENSG00000176658",-1.84943748473178,2.63188943608647,-5.14984802659777,2.60364881896319e-06,8.75915395982913e-05,4.45337401897967
"ENSG00000128594",1.67722219864507,5.72102919158117,5.14896959158053,2.61232453879599e-06,8.78099256761508e-05,4.3935508777091
"ENSG00000038427",2.48586528819727,7.89213772649804,5.14449153616791,2.65699426021514e-06,8.91623399408756e-05,3.8282944311052
"ENSG00000157106",1.65136028739345,6.11539445874205,5.13535402740685,2.75048138922558e-06,9.19159208725242e-05,4.22959625973299
"ENSG00000160961",1.57268837593909,4.52791130308495,5.13452108880514,2.75916213102044e-06,9.21294318864483e-05,4.49470821652992
"ENSG00000116771",-2.51284813159442,2.10285402201723,-5.1331502664261,2.77350717760151e-06,9.22029235655498e-05,4.13983187226417
"ENSG00000106070",3.04122205409475,3.4638995799696,5.12914331745769,2.81585907212992e-06,9.33249517046718e-05,4.47918227451056
"ENSG00000142168",-1.51334321147206,5.85316263978492,-5.12858789621591,2.82177951860864e-06,9.34441352612065e-05,4.27177137066108
"ENSG00000113282",1.80873538602467,5.52495629270701,5.12377645703379,2.87358035368758e-06,9.47692185225168e-05,4.33616689813418
"ENSG00000227436",3.97057949708692,-4.60033567203525,5.12207844081023,2.89208335633717e-06,9.53012582716941e-05,3.9033850242404
"ENSG00000175061",-1.52588605097267,6.13235247253427,-5.12168729960728,2.89636209590198e-06,9.53640859782567e-05,4.17892255578717
"ENSG00000241657",-4.14622669404623,0.694872564614586,-5.12003417347355,2.91451454319052e-06,9.58832354053563e-05,3.48283875271755
"ENSG00000174080",-2.46431076112208,3.04631639927499,-5.1175956619606,2.94149500759661e-06,9.64551242213694e-05,4.26134290985009
"ENSG00000205269",1.9213365715784,3.63574242752157,5.11483110660211,2.97237940086185e-06,9.72584612060079e-05,4.434052371477
"ENSG00000121064",1.78225155572356,6.57720448023254,5.11272371359765,2.99613576128132e-06,9.7927357621977e-05,4.01790395844761
"ENSG00000211780",-3.53853772800711,0.0934887591121502,-5.11216538327528,3.00246089702593e-06,9.80543728531573e-05,3.28477318527961
"ENSG00000115339",1.69840345545751,3.6184514774345,5.11186080072381,3.00591693089242e-06,9.8087558811475e-05,4.42168789079403
"ENSG00000124126",1.57752091575366,9.60895828071702,5.11114106643242,3.01409911982096e-06,9.82747873601317e-05,2.94897725677325
"ENSG00000163635",1.52051196983739,5.21732302504368,5.10981341834037,3.02924965398549e-06,9.86887314339745e-05,4.31393443815153
"ENSG00000211809",-4.5103458777951,-0.127267883920723,-5.10925464071699,3.03564849542616e-06,9.88171180673056e-05,3.4324899250511
"ENSG00000161981",-1.65171032134388,2.97567076752888,-5.10796414958731,3.05047727497996e-06,9.91392784225906e-05,4.37912566010306
"ENSG00000145780",1.59083225883034,3.76940186580993,5.10639946813382,3.06855206392989e-06,9.96461470711708e-05,4.39055942809505
"ENSG00000075651",1.60805002917698,2.57104536278632,5.10581709189004,3.07530631763156e-06,9.97044069205034e-05,4.35638741933015
"ENSG00000173744",2.46702005938359,6.10693713533556,5.10120266554398,3.12934139613716e-06,0.000100938085850588,4.07635911532941
"ENSG00000105370",-4.99903305759786,-1.71506742824226,-5.10106788399965,3.13093361165322e-06,0.000100938085850588,3.37873231632093
"ENSG00000166289",-2.10650555244706,4.66956837632515,-5.09641633800735,3.18637340056861e-06,0.000102233506344501,4.36930349223332
"ENSG00000111913",1.5437792876308,9.49107014356145,5.09351200583143,3.22147603415364e-06,0.000103096703284983,2.80473664976204
"ENSG00000230291",-4.2190084519604,-1.64709106937343,-5.09349978910119,3.22162448741913e-06,0.000103096703284983,3.11828723583145
"ENSG00000152082",-1.78909815778344,5.59259806295871,-5.09314464778615,3.22594296973519e-06,0.000103096703284983,4.20347938401647
"ENSG00000170837",1.72896734004114,4.59063650863094,5.09023041519134,3.26159487026732e-06,0.000103900663212747,4.27954284658182
"ENSG00000137133",-1.6851826787256,3.10305571925576,-5.08880683222245,3.27915080611691e-06,0.00010437721354514,4.30260326829967
"ENSG00000167815",-2.20141829062565,6.40252094679963,-5.08655376742464,3.30712569285563e-06,0.000105172824696251,3.98391754148453
"ENSG00000278600",1.54992129028499,4.3173802668122,5.08601269821288,3.3138785876113e-06,0.000105172824696251,4.32001941104527
"ENSG00000008988",-2.07744466096448,8.17310492533819,-5.0838237909372,3.34133586663985e-06,0.000105770381504453,3.62927285738613
"ENSG00000260528",2.4869527333779,4.8074795730004,5.08327246741756,3.34828667686524e-06,0.000105907018869659,4.30376688493274
"ENSG00000075239",-1.53672829276921,3.30277222822128,-5.08119246692362,3.37463818724648e-06,0.000106572823569272,4.3118842626244
"ENSG00000148158",1.64676600300267,4.23350112230151,5.08091382118441,3.37818376132761e-06,0.000106601054609806,4.31734387703234
"ENSG00000226360",-2.0457806525935,2.5452533091768,-5.07938753095115,3.39766965754201e-06,0.000107047896216696,4.1415349758518
"ENSG00000121454",5.50087759502745,-3.63105321335714,5.07649259338487,3.43493213496823e-06,0.000108052536533641,3.04301004767355
"ENSG00000197329",2.05301092210445,5.67191945698929,5.06934916466924,3.528602518535e-06,0.000110671614157224,4.11172895392476
"ENSG00000269981",2.12803029983718,5.92282625619844,5.06622462477786,3.57035719188545e-06,0.000111874902438175,4.09995565146654
"ENSG00000172197",1.59232905064669,3.77423623457856,5.0644288598274,3.59457367104024e-06,0.000112370957016454,4.25973074357535
"ENSG00000164919",-2.06157981192951,3.04033033728611,-5.06375972822568,3.60363825564124e-06,0.000112566794990901,4.24472577627996
"ENSG00000171848",-2.51712453480051,3.27205308479551,-5.06179341085126,3.63040544606769e-06,0.00011313919359908,4.22647323174699
"ENSG00000084731",2.00099051103379,4.07450595566112,5.06046636846529,3.64858035904112e-06,0.000113508241092239,4.24215978203452
"ENSG00000159459",1.52959772545626,3.63801135246177,5.06010527713809,3.65354121619216e-06,0.000113508241092239,4.24431447568034
"ENSG00000146707",-1.55385493009228,3.18711607410291,-5.05844692591969,3.67640955565687e-06,0.000114130515024338,4.21782392278608
"ENSG00000212664",-3.87893616189243,-2.75186359946794,-5.05495599274301,3.72500846163803e-06,0.000115283133313912,2.91246962693767
"ENSG00000258831",5.80901916392612,-2.1103394047559,5.04944412473277,3.80302688449762e-06,0.000117246385590931,2.82898147564766
"ENSG00000102575",-1.65981946657992,5.23063337451087,-5.04601274031127,3.85240355801565e-06,0.000118379536390232,4.06399804750494
"ENSG00000107036",1.55026333276716,4.11210859549727,5.04305401560059,3.89548294403067e-06,0.000119538876016017,4.17223427440523
"ENSG00000143797",1.64418861510516,4.52006409276564,5.04286843194049,3.89820074764932e-06,0.000119538876016017,4.07461545616896
"ENSG00000211640",-4.11263364099822,2.85928393790963,-5.04262414735844,3.9017810382066e-06,0.000119557470501511,4.16704357624115
"ENSG00000135837",1.61342108095078,4.78487783046043,5.04167932168126,3.9156589875185e-06,0.000119891334818141,4.13548972794359
"ENSG00000100410",-1.62094254249056,2.84728794170016,-5.04070912675737,3.9299599208041e-06,0.000120146196757541,4.15153141835521
"ENSG00000212027",2.40401601975948,-5.92037473105249,5.03988804978986,3.94210280495203e-06,0.00012033440923666,3.75472773884824
"ENSG00000163519",-3.71510524788644,2.33758158100062,-5.03679819455396,3.98812907951212e-06,0.000121462700950414,3.93686329907581
"ENSG00000170860",-2.68940831244748,2.50918065361754,-5.0362776292207,3.9959350607308e-06,0.000121516324743948,4.02421958413001
"ENSG00000136149",-1.85621958425278,3.73084144903327,-5.03386272919448,4.03234328735833e-06,0.000122530812425079,4.14317626712898
"ENSG00000057757",-1.51261870552014,5.27950347448108,-5.0313989346717,4.06982371638634e-06,0.000123389934423954,3.99647667712068
"ENSG00000232869",-3.54052248686643,2.93491497352669,-5.03115930741333,4.07348720959526e-06,0.000123407937302298,3.84979892073833
"ENSG00000153208",4.34386937917412,1.94053824087466,5.02949356656807,4.09904303138406e-06,0.000124028600106897,3.75273128799633
"ENSG00000230897",-2.86667005455323,-0.507744431639917,-5.02532835834167,4.16363542553368e-06,0.000125477114975491,2.99113873661887
"ENSG00000237506",-2.93009597242978,-0.357993030592741,-5.02393288067157,4.185498216141e-06,0.000126041497591985,3.11898341190228
"ENSG00000155903",1.90687531431101,4.49005185714042,5.02230721658854,4.2111092098466e-06,0.000126717823693303,4.0580643361645
"ENSG00000163681",1.65695410552061,4.51075889475405,5.0194787757427,4.25603549993323e-06,0.000127782777571558,4.0589423555397
"ENSG00000186654",-1.6013869170129,5.36433561518415,-5.01847182492403,4.27214277262241e-06,0.000128075081092443,3.99920612185047
"ENSG00000099958",-2.5583899070189,3.66295072467851,-5.01813362047347,4.27756611009803e-06,0.000128142110848108,4.09536581788221
"ENSG00000151151",2.38410795407748,2.6627987996293,5.01753947859276,4.28710991925e-06,0.000128215175323038,4.06849033825943
"ENSG00000163162",1.60982275086441,8.59989407269283,5.01624798127286,4.30792750924162e-06,0.000128668129068746,2.89782023242995
"ENSG00000172869",1.55045836779697,3.13472391187459,5.01012522008322,4.40797573148212e-06,0.000131266252116329,4.04650247127383
"ENSG00000041357",-1.52013369314755,5.07851643988531,-4.99960302547494,4.58525640423293e-06,0.000136142155068665,3.88659847070836
"ENSG00000065717",-3.25157276717158,2.91773510784243,-4.99740910680663,4.62309071315114e-06,0.000136992571998505,3.75734252507643
"ENSG00000143669",1.57864615781549,6.9635126276822,4.99509348312975,4.663355588826e-06,0.000137647739634349,3.50509183430274
"ENSG00000211746",-2.60990303358347,2.93212769078227,-4.98731916277749,4.80106715204323e-06,0.000141194222126146,3.80524937558076
"ENSG00000114686",-1.61588121078431,3.83090618542242,-4.98686338135552,4.80926316779982e-06,0.000141331869789392,3.98920189156414
"ENSG00000254826",5.80055444764843,-3.02766909056644,4.98634218122268,4.81865236310252e-06,0.000141504355223848,2.9593476046654
"ENSG00000144228",1.6266178481711,3.89340151463072,4.9853775390938,4.83607736751388e-06,0.000141762115799395,3.9672699138049
"ENSG00000268903",2.07701965126253,6.13968010255802,4.98485069977673,4.84562007836102e-06,0.000141881732258026,3.74858690905488
"ENSG00000244437",-3.414328446316,3.94745099652685,-4.97581027325273,5.01227359861357e-06,0.000146122859471692,3.95050428754407
"ENSG00000152520",1.62142634968099,4.84359998053013,4.97151606344203,5.09338814565102e-06,0.000147737655289655,3.87709494642021
"ENSG00000152240",-3.88363339773773,1.35598734488713,-4.97049264606165,5.11290866816456e-06,0.000148196938916764,3.53327295305908
"ENSG00000258875",-1.92335607246095,2.62612708724242,-4.96999490080293,5.12242905647713e-06,0.000148365917095457,3.78471037589073
"ENSG00000007255",-1.5015888929825,4.19896779627651,-4.96778816997386,5.16484678273859e-06,0.000149379259251552,3.92290356334231
"ENSG00000112282",1.69724912761702,4.3823481928443,4.96668981606011,5.18608733663802e-06,0.000149885753492107,3.90582571076627
"ENSG00000007350",-3.29015247811397,1.74985219294458,-4.96372924941262,5.24376730817993e-06,0.000151335199801471,3.47690923502264
"ENSG00000251748",3.20900218565392,-5.39380165008461,4.96212120577713,5.27535920363278e-06,0.000152028667171645,3.42394348506189
"ENSG00000213621",-3.51947673361169,-2.21851903496781,-4.96055012224395,5.30640494443117e-06,0.000152813819180531,2.64368214919005
"ENSG00000234389",3.4010087451997,2.91734491984514,4.95907975879522,5.33562241465613e-06,0.000153435402227472,3.8911239520489
"ENSG00000279744",1.67909167189992,2.36476191641659,4.95735706910968,5.37005426961453e-06,0.000154199794402913,3.82613463226475
"ENSG00000116406",2.00173666236895,3.9013088037872,4.95717477370968,5.37371056063086e-06,0.000154199794402913,3.86668637350577
"ENSG00000196683",-2.39252004657485,4.23301525798939,-4.9513851700938,5.49110891678635e-06,0.0001568946958521,3.86718182822765
"ENSG00000111906",-1.82792679419618,2.92414765926711,-4.95119809876139,5.49494382766421e-06,0.0001568946958521,3.78803801259952
"ENSG00000059728",1.6511849620425,9.12493276110809,4.9504753696745,5.5097842252248e-06,0.000157124296948523,2.43665624505146
"ENSG00000026508",1.79837185288133,9.05118016342745,4.95042587778483,5.51080191775078e-06,0.000157124296948523,2.47497434781562
"ENSG00000173762",-2.11071658714234,7.55206145125993,-4.95021038788629,5.51523514203844e-06,0.000157139251013628,3.42408731048692
"ENSG00000007312",-1.72070836710383,5.94859849027802,-4.94968363492772,5.52608661475632e-06,0.000157336922157531,3.70039521461097
"ENSG00000090097",-1.53489246764358,3.58881938280026,-4.94179167030189,5.69119114745594e-06,0.00016132441710799,3.82257645901272
"ENSG00000245164",-1.65748480230681,7.18180966202779,-4.94130423794865,5.70154536884425e-06,0.00016132441710799,3.42860530509673
"ENSG00000139537",-4.13863190386385,0.672464710407923,-4.9392759392269,5.74482963771064e-06,0.000162300520797782,3.02237464258363
"ENSG00000102010",3.76699647761971,3.00844207058412,4.93277016674948,5.88584585310463e-06,0.00016547047201854,3.77048775558225
"ENSG00000125520",-1.54372809936464,5.98335623115396,-4.93130258088138,5.9181219161418e-06,0.000166145486922299,3.65388519567975
"ENSG00000067064",1.88473971305465,4.40806742314724,4.93026902228965,5.94095648104014e-06,0.000166670155234317,3.70715045352143
"ENSG00000240376",-2.25678348387037,-0.316608606046201,-4.92980878349826,5.95115233507151e-06,0.000166839767206796,2.82350874430014
"ENSG00000182899",-1.61736093541053,6.61759824295847,-4.92796450723046,5.99218142822713e-06,0.000167639302559212,3.40899394278725
"ENSG00000225067",-2.46748755568727,-0.148999074369954,-4.92775081927627,5.99695314441862e-06,0.000167656126781584,2.79607765351499
"ENSG00000205133",1.99657543351313,2.32847676961256,4.92696318249526,6.01457345009154e-06,0.000167915195722625,3.69339296475471
"ENSG00000173889",1.56540230030333,5.0596671396268,4.92385575501071,6.08458568635197e-06,0.000169399247758118,3.66676225467277
"ENSG00000100908",-1.67608665214154,2.47810024476281,-4.92225318164323,6.12100375880445e-06,0.000170295220146337,3.68314845411477
"ENSG00000114942",-2.12729812596662,6.05735648167032,-4.92094057059742,6.15099135925959e-06,0.000170892988683451,3.53600722565776
"ENSG00000135617",-1.68669970662621,2.67265820100015,-4.9199394730165,6.17395879713707e-06,0.000171183874787396,3.71070322117149
"ENSG00000254634",4.78172385116244,-3.4541637430586,4.91836523199768,6.21024530111221e-06,0.000171939322517053,2.61270321679096
"ENSG00000204219",-2.90640573781107,2.65386769808848,-4.91807832292208,6.21688104908717e-06,0.000171939322517053,3.52143612180801
"ENSG00000116652",4.14722066407591,-4.36141079678313,4.91800446050296,6.21859049151272e-06,0.000171939322517053,3.05245750134729
"ENSG00000174837",2.17206336027496,5.98530799432112,4.9118203331215,6.36335684977216e-06,0.000175700324227019,3.40737346896536
"ENSG00000064886",-2.50617781319043,3.28146713688735,-4.90939034347488,6.42113936810216e-06,0.00017681003073729,3.66507846212099
"ENSG00000158636",1.5666632153546,3.86797860467897,4.90821715953969,6.44921987683648e-06,0.000177461695748515,3.7184652191325
"ENSG00000244482",2.12025049030263,6.65594919094734,4.90711358042122,6.47574403222467e-06,0.000177947957336634,3.17263243661267
"ENSG00000123700",2.06940664320703,5.14915662191561,4.90597183368499,6.50329787130679e-06,0.000178461147455478,3.52843511467813
"ENSG00000117411",-3.21819710443451,1.35723965282995,-4.90233026706105,6.59194863512723e-06,0.000180524195524104,3.41519635330763
"ENSG00000261172",4.9891910898388,-2.97397658139001,4.90104253529209,6.62357945622086e-06,0.000181266944383248,2.95681230537026
"ENSG00000236439",-3.58241868914571,-0.0464220881027942,-4.89299434723456,6.82465980404524e-06,0.000186262711094519,2.8876595661783
"ENSG00000100483",1.53202645413619,3.09215020518966,4.89143957557559,6.86418762044821e-06,0.000187214430608724,3.65461290067284
"ENSG00000231047",4.17061762581932,-5.105462008072,4.88339126944664,7.07241175414316e-06,0.000191852292402202,3.1873840632018
"ENSG00000239466",3.54236849271314,-5.6507655445677,4.8806579999037,7.14452203538314e-06,0.000193677730860737,3.16460323666367
"ENSG00000187601",-1.59901089906872,2.66881027964777,-4.88035310735004,7.15261028773064e-06,0.000193766333414654,3.52322966688052
"ENSG00000171988",2.00108809264423,5.73431112318597,4.87888470610573,7.19168994562836e-06,0.000194693817639159,3.41505254490152
"ENSG00000246985",-3.46591626070293,0.207736410245673,-4.87782558669155,7.22000664358037e-06,0.000195115245928034,2.83992175499374
"ENSG00000278467",3.6889482289035,-4.03022394883366,4.87775801383358,7.22181697281018e-06,0.000195115245928034,3.15424763739387
"ENSG00000224407",4.69429040493823,-3.87571471355766,4.87265032829221,7.35994858163434e-06,0.000198048629771662,2.89447771159646
"ENSG00000157227",2.66792272018052,1.84943508523428,4.87218766451072,7.37258768252556e-06,0.00019825603345344,3.26487491642159
"ENSG00000132464",-4.93498386320703,-4.54803181827109,-4.86421709995696,7.59369089038114e-06,0.000202979761419616,2.68974572166656
"ENSG00000233927",-1.55703750178839,8.40119530213834,-4.86161605898462,7.6672371631016e-06,0.000204673485013951,2.71711113408609
"ENSG00000164611",-2.67362590445099,1.84978490115813,-4.8599362254423,7.71510535056861e-06,0.000205385391400382,3.43943728569343
"ENSG00000115268",-1.50991604568064,8.98406263144471,-4.85829982913025,7.76201669829192e-06,0.000206245766950764,2.39926013126017
"ENSG00000221263",2.51024340607757,-5.97093576251323,4.85794954581387,7.77209461825714e-06,0.000206245766950764,3.1782313814795
"ENSG00000120992",1.59009403758483,3.61972841294826,4.85443968240164,7.87378508938777e-06,0.000208663090417645,3.52816628375628
"ENSG00000148154",2.41360826868865,4.22963650933913,4.85289274522015,7.91901611577624e-06,0.000209585441663223,3.40356764907681
"ENSG00000100368",2.18118340038728,8.91688333367807,4.8456185529741,8.13513546952811e-06,0.000214739800489802,2.34687895648238
"ENSG00000166046",1.64318090743414,5.00562718323058,4.84308048862123,8.21189102431686e-06,0.000216481601940712,3.34812161005191
"ENSG00000019991",3.69465269269791,1.96400144523028,4.81981717856757,8.9492091263146e-06,0.00023316662689313,3.32658374692321
"ENSG00000177575",3.41596100982335,5.98978411674877,4.81616701797095,9.07062435078431e-06,0.000235953732598716,3.23576635858869
"ENSG00000196083",3.37846073540028,4.42145895637746,4.81607251361685,9.07378912983471e-06,0.000235953732598716,3.38114515598437
"ENSG00000090263",-2.59116575845511,1.84568574492294,-4.81026089066379,9.27049725897824e-06,0.000240446794068028,3.16820692902827
"ENSG00000211933",-5.001915235091,1.34451927452556,-4.80772850498396,9.35750963716585e-06,0.00024207889474475,3.05920674289907
"ENSG00000101224",-1.5557464126459,7.39364667983078,-4.80477158934106,9.4601189530617e-06,0.000243948494003199,2.93542053397181
"ENSG00000230076",-2.3751456919839,2.05039017384489,-4.80342482382475,9.50721730034551e-06,0.000244900627537627,3.34289385567067
"ENSG00000224578",-1.53030641944252,1.38414513370944,-4.80271842357389,9.53201266307788e-06,0.000245330328476989,3.03378677865567
"ENSG00000223350",-4.47794092419416,0.602744101457389,-4.80142513051688,9.57757238729464e-06,0.000246198124345216,2.9971975392971
"ENSG00000211793",-2.80955516550307,1.75889583642939,-4.79907354869359,9.66095891743656e-06,0.000247697621427796,2.89353471954746
"ENSG00000109586",1.72718677850578,3.33666998084817,4.79714161388133,9.72999521565945e-06,0.000249149852012701,3.33897100087408
"ENSG00000137502",-1.6214192549984,2.45757768423716,-4.79344230385497,9.86353493746369e-06,0.00025160776113954,3.26416870417108
"ENSG00000280195",-1.79691058423146,1.91137409355872,-4.79038315943846,9.97531665445034e-06,0.000253975731565682,3.16262128469271
"ENSG00000115255",-2.91108764314251,1.46115574916357,-4.78509634401663,1.0171422015951e-05,0.000258511592988814,2.7895447832773
"ENSG00000138449",1.50344147349474,5.69634720591321,4.78506058802269,1.01727610593579e-05,0.000258511592988814,2.94172492887203
"ENSG00000238009",4.56679032143416,0.264803828173668,4.78480098375508,1.01824882691397e-05,0.000258595321159793,2.55650985454518
"ENSG00000267469",-2.49238187954693,2.45978452493152,-4.78423171724317,1.02038501444016e-05,0.00025897423201088,3.11667307144768
"ENSG00000274322",3.91615880555873,-4.6791642137766,4.78000860535841,1.03636961969911e-05,0.000262203470428846,2.86365899933444
"ENSG00000171049",2.25200198875294,7.36973917783963,4.77627941495591,1.05068786157716e-05,0.000265325084240735,2.60676485376601
"ENSG00000120833",-3.25949033026634,1.99594340877315,-4.77584327540164,1.05237498754263e-05,0.000265584301627048,2.98553554319692
"ENSG00000137154",-1.74519693211382,9.00046951093349,-4.77392509477955,1.05982657820003e-05,0.000267297039503121,2.14731528908509
"ENSG00000130487",-2.16006307633517,4.0083831154851,-4.77200355906699,1.06734285809171e-05,0.000268855373314555,3.25285224277109
"ENSG00000258352",-3.23341233616072,1.95445818979553,-4.76983910262412,1.07587169888468e-05,0.000270574916279029,2.87774213397074
"ENSG00000168078",-4.81956454897573,-4.06829147040309,-4.76975903376748,1.07618847602151e-05,0.000270574916279029,2.39018788388234
"ENSG00000132510",1.63954781875086,8.99519231817193,4.76614989765084,1.09056230711468e-05,0.000273211750427351,2.0799446609133
"ENSG00000278857",-4.37233917312385,-2.15478782950919,-4.7660666365868,1.09089610713236e-05,0.000273211750427351,2.38932454495235
"ENSG00000225573",-2.8219614547068,-0.79118576904492,-4.765093701331,1.09480408158078e-05,0.000273598365669115,2.24696379511519
"ENSG00000167191",-5.24655148928317,-2.27856243658929,-4.76480507695206,1.09596602170385e-05,0.000273644139935115,2.46898030749437
"ENSG00000077238",2.12442419743391,8.45687161959015,4.76465662541793,1.09656412475864e-05,0.000273644139935115,2.05308581563582
"ENSG00000213442",-1.59695131068332,4.34709921996066,-4.76266884493746,1.10460355495914e-05,0.000275479355561213,3.21017856564223
"ENSG00000222335",1.87831314862945,-6.23474078443128,4.7557086366101,1.13320972879553e-05,0.000281913969783649,2.98009837855783
"ENSG00000165629",-1.71557725766212,4.89868454819339,-4.75468821159963,1.1374639715638e-05,0.000282622537606971,3.08398492957075
"ENSG00000241351",-2.79115533192496,4.86352409809834,-4.7538399135519,1.14101246774335e-05,0.000283279102157858,3.07379442985751
"ENSG00000035720",-2.28706007674476,2.2370477379503,-4.75270102368681,1.14579353195426e-05,0.000283990083672164,3.00005085298793
"ENSG00000164236",2.14173156833359,2.56079229704217,4.75057450702558,1.15477306688748e-05,0.000285863219427404,3.13179011327813
"ENSG00000154511",-1.75087651750896,2.23445989120773,-4.7492734412231,1.16030084906938e-05,0.000287054859903305,3.07806653413535
"ENSG00000227081",-3.55289153980894,2.39283775174992,-4.74448099061752,1.18088603265012e-05,0.000291430204325354,3.0205068620886
"ENSG00000079462",-1.5619198914688,3.4873784078855,-4.73774122539991,1.21043992675009e-05,0.000297992075537093,3.13416889592201
"ENSG00000144741",-1.61345425375637,2.74278134759275,-4.73520276147283,1.22175723976923e-05,0.00030022667819806,3.06025361261452
"ENSG00000211946",-4.1565510933644,0.439587423882821,-4.73492667409711,1.22299433825417e-05,0.000300347088494161,2.77212119994428
"ENSG00000237298",1.66011734146192,3.71612684283478,4.73233137000675,1.23468335925328e-05,0.000302827497657458,3.10187378055195
"ENSG00000242477",-3.60335430261976,-2.63855394844334,-4.72933840845337,1.24829880505251e-05,0.000304973242737061,1.98055871335311
"ENSG00000108384",-2.41960742383932,1.75652310269015,-4.72925962724434,1.24865916507935e-05,0.000304973242737061,2.8559545324237
"ENSG00000131023",1.65102445198792,3.41427449493585,4.72907351861185,1.24951086413674e-05,0.000304995966970402,3.10900262172676
"ENSG00000197779",1.67979065821039,2.14617724633166,4.72877903290856,1.25085969354108e-05,0.000305139935678024,3.00448258039097
"ENSG00000013725",-1.64190057239312,7.47928419611376,-4.72744377427996,1.25699341289753e-05,0.00030626454051701,2.63022529945455
"ENSG00000211945",-3.41973816299951,3.41889926659107,-4.72537399562427,1.26655932238076e-05,0.000308221657859269,3.08923357398367
"ENSG00000232472",-2.676859038764,0.00779602822503435,-4.72406740379687,1.27263454645892e-05,0.000309397765175022,2.4200217770319
"ENSG00000112053",2.13634491134029,3.77884359895441,4.72346273186344,1.2754556894727e-05,0.00030982398566877,3.02123043976498
"ENSG00000189308",1.52731278297407,2.90798242868804,4.72209603180919,1.28185463720072e-05,0.00031081495853283,3.07674137808186
"ENSG00000145555",4.51459167722444,0.400466935590023,4.71952275496748,1.29398796011172e-05,0.000313065473525461,2.70700875003949
"ENSG00000133116",5.45287556906198,-2.56854169147642,4.71906217923132,1.29617142517503e-05,0.000313341453005932,1.88878716762294
"ENSG00000260452",4.08374487544217,-4.17662663511048,4.7174158970575,1.30400543509459e-05,0.000315045832341784,2.47753240831441
"ENSG00000143156",-2.74080755041798,0.878203552440351,-4.71352316913141,1.32271363091042e-05,0.000318915830058893,2.58468897023826
"ENSG00000251468",2.49071388954756,-5.90993256053121,4.71020714441539,1.33885657921951e-05,0.00032211078514532,2.72758757454133
"ENSG00000226979",-2.23341801325016,3.17406350129751,-4.70929771502073,1.34331731370351e-05,0.00032281052418165,2.98325098952807
"ENSG00000174799",1.66839122683239,3.13179572963831,4.70928678896241,1.34337099387071e-05,0.00032281052418165,3.03467010973655
"ENSG00000182774",-2.26111818011292,5.18991471180498,-4.70754228498217,1.35196871002652e-05,0.000324295024346575,2.92779013878972
"ENSG00000260521",-2.90766421405422,-1.17187938869035,-4.7050738186307,1.36422623380915e-05,0.0003268451910107,1.89344946461785
"ENSG00000105699",-1.62559889654842,4.09694943425596,-4.70474052228107,1.36588955005785e-05,0.000327048789109147,3.02737067324257
"ENSG00000198018",3.97331019108004,1.6174497641884,4.70389682647788,1.37010886387945e-05,0.000327388460810915,2.89901458001901
"ENSG00000179144",-1.62895883996699,6.33301456243742,-4.70382510550161,1.37046812555261e-05,0.000327388460810915,2.73858666344802
"ENSG00000115271",2.14278219436174,7.30002288255128,4.70321277671622,1.37353912099209e-05,0.000327903917708576,2.2579938676547
"ENSG00000239672",-3.16278033751768,0.755874430581656,-4.70153472778101,1.38198944100591e-05,0.000329334555467218,2.71458446468425
"ENSG00000279656",3.5532073099187,-1.62427198283627,4.70134920908528,1.3829267837959e-05,0.000329362692903807,2.62659657267309
"ENSG00000196465",-1.72009818487024,2.21721371929804,-4.70058576347112,1.38679066405238e-05,0.000329696973839348,2.98097943214695
"ENSG00000170855",-2.12539546497279,1.59183579960612,-4.69462324054368,1.41733210273995e-05,0.000335964535344054,2.82057695234923
"ENSG00000185155",-4.90016061562066,-3.06993724272054,-4.68624070631383,1.46138147987007e-05,0.00034569668605919,2.25198303366635
"ENSG00000161267",-1.63883426869026,3.65869774103583,-4.6820653247053,1.48381806217677e-05,0.000350278647889786,2.94842387268524
"ENSG00000280355",4.99068380807826,-3.03333204603444,4.68124691766332,1.488255014884e-05,0.000351119883265061,1.97096427521941
"ENSG00000270781",-4.59298136876377,-2.39353710759201,-4.67801437094675,1.50590692862847e-05,0.000354660048885305,2.10633951694614
"ENSG00000264764",5.35386875651226,-4.04148768871613,4.67161272085038,1.54146886711051e-05,0.000361975066562947,2.04183821842056
"ENSG00000265527",4.95584619288446,-3.5820441530169,4.6701472714896,1.54972407484774e-05,0.000363335982270152,1.94575481750443
"ENSG00000162961",-2.06453474165317,2.58093071160947,-4.6701027324774,1.5499756469661e-05,0.000363335982270152,2.87107629440543
"ENSG00000255883",-2.9178944886776,-3.94068090808417,-4.66538678442532,1.57683952878816e-05,0.000368344583011862,1.70536265331214
"ENSG00000182197",1.75021351101723,4.01781727305873,4.66504655708541,1.57879505697323e-05,0.000368587217656433,2.86499067928405
"ENSG00000279166",5.49088899118995,-1.12169786441602,4.66366262913062,1.58677387231316e-05,0.000369660848747817,1.74738799386575
"ENSG00000188856",-3.96723465542225,-2.3758487011788,-4.66238803222812,1.59415712499977e-05,0.000371096147882111,1.97120064008987
"ENSG00000102543",1.65830401356997,2.44857474281479,4.66209866524953,1.59583797650858e-05,0.000371272444048599,2.86282097773745
"ENSG00000086300",1.7563169622707,4.39769999297823,4.66128205310677,1.60059077072906e-05,0.000372162811826777,2.80064035372543
"ENSG00000125430",1.75765385156147,3.52735340100528,4.65939136181418,1.61164787652405e-05,0.000374084687829214,2.86877191668425
"ENSG00000117115",2.44598818686219,8.35752921950753,4.6561829701544,1.63058175946135e-05,0.000377607418743463,1.98399955166647
"ENSG00000123636",1.59353055402049,5.14168147606101,4.65271705532321,1.65127902592474e-05,0.000381797696887493,2.70209870427145
"ENSG00000243664",3.88939773409425,-5.19634615787669,4.65267607289251,1.65152528453149e-05,0.000381797696887493,2.40786060561362
"ENSG00000148700",1.50178029704083,6.57018494601034,4.65224653936176,1.6541084558025e-05,0.000382175104253864,2.38530354613698
"ENSG00000102245",-2.5660939992213,4.01223810563688,-4.65182576005721,1.65664279870552e-05,0.000382540802949796,2.84103983916134
"ENSG00000180964",-1.6013044702713,2.86251016671704,-4.65090914632386,1.66217664961408e-05,0.000383434648086592,2.8220181498449
"ENSG00000124588",1.57808880419257,6.43706601245238,4.65086869969999,1.66242125171616e-05,0.000383434648086592,2.1471544280537
"ENSG00000160224",-4.80348771613889,-3.10604115645548,-4.64777652651262,1.68122549595112e-05,0.000387549468969192,2.05013172597801
"ENSG00000137970",-3.46705326748081,1.52555363906927,-4.64732802539823,1.68397009743779e-05,0.00038795968972604,2.59613865063345
"ENSG00000272578",1.61730454531394,2.80043784242704,4.64510468990013,1.69764040737204e-05,0.000389979119298934,2.79985626058619
"ENSG00000138688",1.97387920451124,5.2208295515021,4.64503823003571,1.69805070024131e-05,0.000389979119298934,2.68077062865675
"ENSG00000138061",3.04765724809596,4.47379627364652,4.64495642053025,1.69855588749921e-05,0.000389979119298934,2.66646986409572
"ENSG00000116574",2.67273788200894,3.00513996271612,4.64246591318385,1.71400548661656e-05,0.000392190705489414,2.81916985062256
"ENSG00000165030",1.55561920349728,5.91507502775092,4.64141021219756,1.72059567084953e-05,0.000393242678564483,2.46569270683258
"ENSG00000167088",-1.68953330919911,2.95358437679607,-4.6370239321739,1.74824234349057e-05,0.000398654785553078,2.79024229489999
"ENSG00000178773",-4.34237359858018,-1.45535022195297,-4.63636896247173,1.75240758461269e-05,0.00039937805961791,1.99859555328321
"ENSG00000187037",2.67777099769336,2.46980766382141,4.63368729409957,1.76956258279612e-05,0.00040224284191318,2.77123198498436
"ENSG00000142185",2.26938293778023,5.33335452906513,4.63362547444658,1.76995997506566e-05,0.00040224284191318,2.49328727388797
"ENSG00000214016",-2.91716683417888,-3.59671567907292,-4.63350428021099,1.77073929445784e-05,0.00040224284191318,1.55276919060252
"ENSG00000178464",-1.64643026816101,3.22103417040361,-4.63346668365576,1.77098112080575e-05,0.00040224284191318,2.78558190543609
"ENSG00000259781",-1.64223328489674,1.39224564539051,-4.63075746685494,1.78849216164019e-05,0.000405161884920687,2.68606588963838
"ENSG00000233476",-1.63305231783892,2.89574638745626,-4.63069897780618,1.78887206043037e-05,0.000405161884920687,2.75806308838153
"ENSG00000259600",5.75141634141256,-2.37803062043892,4.63040902623507,1.79075651886474e-05,0.000405360324163289,1.6825623908381
"ENSG00000141068",1.60620780688018,5.79813866859752,4.62742818730641,1.81024214742348e-05,0.000408850307925385,2.61921528897264
"ENSG00000268734",2.15665426129631,4.52226125025814,4.62698718151091,1.81314247300672e-05,0.000409275427848489,2.63765583750828
"ENSG00000167775",-1.75218799021705,4.05877790437692,-4.62643339353721,1.81679093687402e-05,0.000409868850977606,2.76209281635667
"ENSG00000145431",4.07696892009957,0.377757660072868,4.62415649240612,1.83186692011839e-05,0.000412307433716057,2.2487920011724
"ENSG00000273716",-4.03493257928991,-0.788118379105902,-4.6240269692248,1.83272818280333e-05,0.000412307433716057,1.92658668965161
"ENSG00000242986",2.07039928201806,-6.26147487437468,4.62007332523283,1.85920854004823e-05,0.000417330551239637,2.56290405804181
"ENSG00000169020",-1.75438834498272,4.17159056581275,-4.61802485286028,1.87307483889475e-05,0.000419974091875331,2.71531693393114
"ENSG00000213261",-2.9480074689536,-3.08537208012075,-4.61482613744283,1.89492896192907e-05,0.000424164443916884,1.52104535550994
"ENSG00000080986",-2.38351521025561,1.17566296031174,-4.6082530705168,1.94061963430366e-05,0.000433185955237511,2.45564509632018
"ENSG00000260549",-4.83620692821925,-3.19375283977623,-4.60787072441282,1.94331017012668e-05,0.000433305354738949,1.97966560125099
"ENSG00000230099",-2.75963311251848,1.69020541543987,-4.60663958103482,1.95199832696739e-05,0.000434760314353146,2.29147021163802
"ENSG00000200063",3.72277325910459,-5.0408318538716,4.60547538022497,1.96024886967309e-05,0.000436356174189356,2.23653359589965
"ENSG00000181381",1.80626134509749,6.40403523586355,4.60173330950957,1.98699915736395e-05,0.000440846247926852,2.16347478714251
"ENSG00000160185",-1.70020723107834,4.84679860353461,-4.59842715159016,2.010928888306e-05,0.000445532403898051,2.64840936290426
"ENSG00000170325",2.07493498655558,2.82192119706076,4.59820405471626,2.01255371742416e-05,0.000445532403898051,2.65897831380908
"ENSG00000102760",-2.12790737429331,4.20260746381096,-4.59614167859929,2.02763480647802e-05,0.000447638519989178,2.63198164554376
"ENSG00000185088",-2.06730854711747,2.01532790923187,-4.5931629603877,2.04961106872662e-05,0.000451251172973427,2.58974568013275
"ENSG00000125148",-2.46130001199316,5.28653679762936,-4.59270367431223,2.05302014492877e-05,0.000451373280854469,2.46801275863232
"ENSG00000229000",4.31484797788406,-3.96804600467295,4.59254635671621,2.05418911256945e-05,0.000451373280854469,1.76851455845047
"ENSG00000278969",3.21974643597942,-5.64283560206876,4.59247220001331,2.05474036777789e-05,0.000451373280854469,2.03771189426171
"ENSG00000188522",-2.1618648177984,3.0167022689793,-4.59243941887619,2.05498409729526e-05,0.000451373280854469,2.61730802170115
"ENSG00000234287",-3.1475849301209,-0.531215036167071,-4.59190671320137,2.05894874098251e-05,0.000451822365092679,1.85151390733567
"ENSG00000233038",2.15261051635707,3.65922383552495,4.59108110957741,2.06510798947094e-05,0.000452717834315257,2.64045613557796
"ENSG00000102981",-1.90079294206762,2.170384239678,-4.58871654675047,2.0828477792885e-05,0.000455727031612075,2.53847528657514
"ENSG00000222009",2.59570044908962,2.6103837080182,4.58776463616168,2.09003116725951e-05,0.000456897406123799,2.61076385760237
"ENSG00000211598",-3.3015416319714,5.52044212989655,-4.58738469896321,2.09290501221574e-05,0.000457276996201615,2.41948503263942
"ENSG00000106178",2.92654116953295,-5.7336740290378,4.5871560293953,2.09463652327855e-05,0.000457406721938317,2.31631751424825
"ENSG00000137462",1.56464036913059,7.63651331102248,4.58668917559287,2.09817592357508e-05,0.000457930882082331,1.69309510856791
"ENSG00000100453",-2.4092008117444,6.35511307889328,-4.5841538787447,2.11749891540955e-05,0.000461396701340352,2.37217681834116
"ENSG00000282939",-3.07160086799659,3.05418089408173,-4.5821712994395,2.13272994244822e-05,0.000464212285578252,2.52698712130534
"ENSG00000241294",-4.22202378612082,2.21214847034308,-4.57347034404938,2.20084521275533e-05,0.000476112564768905,2.4356642360638
"ENSG00000214389",-3.66857840922392,-0.160120669873473,-4.57301938253444,2.20443269539975e-05,0.000476465608712154,1.98928722518757
"ENSG00000224373",-2.61996953825209,3.89842485289081,-4.57007966994167,2.22795855555438e-05,0.000481291724075213,2.55219300669508
"ENSG00000222037",-5.08893529298576,-1.92486751425009,-4.56972117940912,2.23084414076014e-05,0.000481656262872392,1.97097916972759
"ENSG00000212370",2.13794047361653,-6.11087681014341,4.56924766127128,2.23466119054415e-05,0.000481962710205237,2.35612217124944
"ENSG00000226084",-3.67504626149605,-2.31366924122973,-4.56740597849266,2.24956761475443e-05,0.000484599525207019,1.59146110209576
"ENSG00000111261",2.10039033817158,6.06104580414501,4.56646483006539,2.25722251501212e-05,0.000485526268317375,2.17149419882815
"ENSG00000186648",-3.01387256416742,1.65479864005771,-4.5659772239922,2.26119846026578e-05,0.000485734138230257,2.33416032172197
"ENSG00000204020",3.31214172087416,1.40162394946046,4.56527846914947,2.26690800127967e-05,0.00048656826197248,2.31505265016049
"ENSG00000257298",3.30695923679465,-4.99248332686273,4.56432428680595,2.27472731585293e-05,0.000487725800276903,2.22896772931503
"ENSG00000220749",-3.02643967739339,0.614272164875553,-4.55921530046231,2.31704300670309e-05,0.000495477462529137,2.03419408157546
"ENSG00000104408",-1.54177186131155,6.45861903279366,-4.55872333531867,2.3211579653882e-05,0.000495829928398175,2.19115053896766
"ENSG00000220583",-3.59852001701211,-3.00474178449579,-4.55736837461047,2.33252810893115e-05,0.000497994131891928,1.53407363443003
"ENSG00000168300",1.54897466457952,3.99639290920732,4.55127001568622,2.38437699000009e-05,0.000506374663243442,2.48439033119671
"ENSG00000249353",-1.5461687082913,1.21255429792755,-4.55092645736055,2.3873310940975e-05,0.000506734343426123,2.25635896421079
"ENSG00000244716",-3.19495823718279,-1.7885876956938,-4.54943056477838,2.40023517236671e-05,0.000508935940925562,1.52264898625712
"ENSG00000237943",-1.63828382763919,3.68919703627569,-4.5456393370974,2.43324433955333e-05,0.000515663094036494,2.49935385789541
"ENSG00000175928",4.03673924058695,0.446819822179991,4.54158125363073,2.46906636986096e-05,0.000521879107261568,2.20764255590109
"ENSG00000232573",-1.74193804102968,4.15867857401981,-4.54078984796516,2.47611191426343e-05,0.000522818546098837,2.45886474079685
"ENSG00000258215",2.63728117357826,-6.09124263740298,4.54022685834939,2.48113587210699e-05,0.000523604327193938,2.21643151812192
"ENSG00000120696",2.66441849577182,2.79504223322355,4.53898411599804,2.49226088268009e-05,0.00052541187942233,2.47522132846272
"ENSG00000131203",-4.75483631325988,0.691082009583188,-4.53897809007864,2.49231494467535e-05,0.00052541187942233,1.90455648704102
"ENSG00000202472",1.78868927786966,-6.37509979346034,4.53726589216851,2.50772236838018e-05,0.000528106100857098,2.31855813770297
"ENSG00000223138",2.85803868668689,-5.89189082184365,4.53455027207245,2.53234943718182e-05,0.000532455607079411,2.16671101088966
"ENSG00000260128",3.08181031257419,-5.40451253969771,4.53375397125709,2.5396153320048e-05,0.000533282809874196,2.15257514688695
"ENSG00000245954",-2.5804785852326,3.02930284353982,-4.5333885598933,2.54295633509445e-05,0.000533282809874196,2.41105699316873
"ENSG00000072952",2.06023878874076,6.21520379045863,4.53327285811309,2.54401510236725e-05,0.000533282809874196,2.15343587604008
"ENSG00000182173",-1.50289696668619,4.90398971324238,-4.53314988478646,2.54514088044669e-05,0.000533282809874196,2.41157237318795
"ENSG00000237719",2.29304912739568,-6.0354870099425,4.53264738651459,2.54974611602768e-05,0.000533282809874196,2.24533774289625
"ENSG00000272449",-1.51023425450882,2.99378874618577,-4.53258153032454,2.55035026739841e-05,0.000533282809874196,2.44252776120414
"ENSG00000234797",-2.93899787415842,-0.057384658573504,-4.52852789331491,2.58780682360542e-05,0.000539880694979685,1.93017322177611
"ENSG00000212802",-2.01232391812174,2.64226101638594,-4.52632841141869,2.60835394923748e-05,0.000543603138762287,2.41858123413082
"ENSG00000256262",-1.72749320576078,1.61111417255924,-4.5258464264515,2.61287771014671e-05,0.000544263780846208,2.27003143472194
"ENSG00000241556",-2.27535535025104,1.22464531326109,-4.52369124409512,2.63319910986493e-05,0.000547928936929555,2.08927620049741
"ENSG00000278416",3.2291237075258,-4.97459510423564,4.52193034955562,2.64991677703945e-05,0.000550837405742191,2.10656221067667
"ENSG00000116016",2.5785981913525,1.82281802456641,4.52130451031227,2.65588322979164e-05,0.000551792339039192,2.27417495867374
"ENSG00000186891",-2.88584456285779,2.27527594722073,-4.51451497531759,2.72145702142974e-05,0.000562424397686137,2.21772058156712
"ENSG00000243181",-3.36311751875191,-2.31424528313248,-4.51427070205755,2.7238453367865e-05,0.000562424397686137,1.3543358613331
"ENSG00000216475",1.9026693945663,-6.33730777957593,4.51110896664302,2.75494288441903e-05,0.000566908223090076,2.25566112023483
"ENSG00000236525",3.96652006873167,-0.472733994674756,4.51105954159264,2.75543173951049e-05,0.000566908223090076,2.01028470826095
"ENSG00000090376",3.55890237018866,6.28772605647383,4.50840910494616,2.78177069148873e-05,0.000571742051836553,1.93865221832139
"ENSG00000170909",1.50949468734516,7.60638531034488,4.50599533391646,2.80597065834187e-05,0.000574952254875941,1.47035122987001
"ENSG00000258227",2.76078964906024,2.80256157067104,4.50326935577285,2.83354692032715e-05,0.000578832587860731,2.36006250429036
"ENSG00000106268",-1.54959848184586,3.70780612614416,-4.50232234441275,2.84318851447789e-05,0.000580507184657391,2.35411789504078
"ENSG00000232380",2.57591461972878,-5.90190276043487,4.50201095172291,2.84636579026187e-05,0.000580860901015775,2.09695197350001
"ENSG00000211651",-3.48557419290749,4.3357157097319,-4.50179218446929,2.84860003262854e-05,0.000581021910257394,2.30310050797961
"ENSG00000198056",-1.91770743201114,2.0208763190856,-4.50121305038504,2.85452289123281e-05,0.000581345759703321,2.24833579515006
"ENSG00000260317",-4.54057043934268,-4.20320863246695,-4.50106906202651,2.85599733126132e-05,0.000581345759703321,1.57422974353723
"ENSG00000173207",-3.09869321757182,0.637856087770545,-4.50092347231133,2.85748892205776e-05,0.000581345759703321,2.02016747697631
"ENSG00000147408",2.27714772525987,4.37968806711126,4.50078930555363,2.8588641533592e-05,0.000581345759703321,2.29449988223373
"ENSG00000265507",2.18798012297678,-6.13749395214692,4.50031482335946,2.86373283786197e-05,0.000581747284222975,2.13968013003404
"ENSG00000112299",2.99246953742896,4.80675802280783,4.49997709276745,2.86720321793629e-05,0.000582158099835731,1.94011740810436
"ENSG00000267246",3.27374314721312,-4.48052864242412,4.49959423311363,2.87114227075857e-05,0.000582663612160707,2.04025239303831
"ENSG00000087903",1.89949979373905,5.21877153931265,4.49762542915319,2.89148155863832e-05,0.000585898876334577,2.13810031226661
"ENSG00000206848",3.89118684197192,-4.84511706277077,4.49748728358529,2.89291395832082e-05,0.000585898876334577,2.02689028395081
"ENSG00000101842",-1.99100565071875,2.58298751297243,-4.4971058742368,2.89687228702986e-05,0.000586405134356367,2.25437146521138
"ENSG00000225523",-4.57127401815647,-2.01825512119501,-4.49368022109465,2.93266111362074e-05,0.000592456492913472,1.75693030635448
"ENSG00000230629",-2.07804591538448,2.33634851968144,-4.49225061376863,2.9477234445351e-05,0.000595200290895027,2.24699878161131
"ENSG00000211642",-5.15164097998574,0.582452602979141,-4.49163476024263,2.95423522492481e-05,0.000596215685303349,2.04926248277999
"ENSG00000148400",1.61616074368461,7.96508557327239,4.48930493784398,2.97899656071648e-05,0.000600609928454984,1.51553121274251
"ENSG00000133657",2.50708224210725,3.4710973587751,4.48907593871816,2.98144122320905e-05,0.000600801504037345,2.30633176793675
"ENSG00000211677",-2.99163887082023,4.7100353928397,-4.48783392421503,2.99473426319989e-05,0.000603177890025862,2.14551504601103
"ENSG00000277443",1.66171479776989,7.49977691991149,4.48765657347654,2.99663710825248e-05,0.000603258913500081,1.38900542508882
"ENSG00000197093",-2.43088856811182,3.17647941014665,-4.48641446855092,3.00999697441967e-05,0.000605342162909553,2.25644759023497
"ENSG00000224032",-1.51561954070519,2.84286294079974,-4.4862007844571,3.01230115310595e-05,0.000605502654785827,2.27078577958856
"ENSG00000211829",-3.20805220593148,4.11421611780445,-4.48573675054656,3.01731078689858e-05,0.000606206538005481,2.29173285814665
"ENSG00000155307",2.39208405229446,4.60255566752139,4.48379503978054,3.03836116070131e-05,0.000609826237556236,2.09503801727081
"ENSG00000197081",1.86769616012068,8.7072960381056,4.48338706514964,3.04280218664463e-05,0.000610412841853729,1.24941552129155
"ENSG00000213741",-2.06494521114265,6.44430579418275,-4.48278948163745,3.04931859988214e-05,0.000611414994276617,1.91120904622241
"ENSG00000141696",-2.78522495185265,1.37520033775682,-4.47847607999636,3.0967585205465e-05,0.000619999432485111,1.87026310467276
"ENSG00000213293",-2.85087000990643,-2.98972453567385,-4.47664738816589,3.11708677582546e-05,0.000623138351873373,1.16232771135202
"ENSG00000163421",2.46674188912895,6.70900187623851,4.47427003557851,3.14370807626167e-05,0.000626280238264974,1.5649561360596
"ENSG00000283041",-1.53848361236618,3.99209929364296,-4.47318536789683,3.15592733011439e-05,0.00062809203230326,2.25239960884363
"ENSG00000211786",-2.81167746135899,0.787666230849275,-4.46890690834875,3.20457771296735e-05,0.000636513998106291,1.70706202941272
"ENSG00000174444",-1.51962736563747,9.410300968418,-4.46531592462043,3.24597266560032e-05,0.000642513998535027,0.837169302966069
"ENSG00000257495",-5.22966835571718,-1.29916130360216,-4.46393137430405,3.26207141763137e-05,0.000645065396613952,1.65480894180844
"ENSG00000058091",1.53596835711216,3.2676355914247,4.46235164780336,3.28053432940536e-05,0.000647996407175049,2.22092365458654
"ENSG00000198918",-2.56693503719221,4.49048308874156,-4.46224972860924,3.28172898116611e-05,0.000647996407175049,2.1574784032912
"ENSG00000236801",-3.0629702898605,-1.48600705044927,-4.46024193343736,3.30534983891877e-05,0.000651061608153908,1.24950460865837
"ENSG00000173376",4.08267583824288,-5.65282673626867,4.45898672743268,3.32020063175154e-05,0.000653017359299396,1.92088824879141
"ENSG00000127946",2.996439885204,6.57883771438528,4.45740015226635,3.3390647523345e-05,0.000656095215901034,1.89610345030634
"ENSG00000169896",2.36680627750543,8.55604819483119,4.45663693363325,3.34817635134765e-05,0.000657243094125381,0.987640209893501
"ENSG00000184489",-1.70942885677095,5.80834768826072,-4.45592585316336,3.35668723885225e-05,0.000658270928665064,1.99208573726543
"ENSG00000280136",4.1180801062291,-2.97766856480356,4.44772287427785,3.45640073263852e-05,0.000673880806273199,1.29059438947547
"ENSG00000211625",-3.7113288057548,0.462951375722277,-4.44690938373603,3.46644472891753e-05,0.000675511444459247,1.95998745460975
"ENSG00000211745",-3.21191760538106,1.66122543073642,-4.44613454924234,3.47603780616772e-05,0.000676979567196096,1.718005878045
"ENSG00000229899",2.95011791571726,-5.41971895068489,4.44602901361558,3.4773464162478e-05,0.000676979567196096,1.90059022573844
"ENSG00000261701",2.77183988948789,-6.05574226525353,4.44362188659164,3.5073243331689e-05,0.000681603755505006,1.9210286701997
"ENSG00000137265",-1.6899370458978,4.38524708928674,-4.44357740707357,3.50788062817735e-05,0.000681603755505006,2.0823496139071
"ENSG00000123989",-2.03980623743012,3.02861682872648,-4.4430655056421,3.51428903252527e-05,0.000682519070944836,2.16483793946296
"ENSG00000227671",1.93959299344227,3.64222865920072,4.4421577756262,3.52568071642452e-05,0.000684400850611775,2.15294808487842
"ENSG00000267119",-2.88331531673191,-1.74296981777644,-4.44170695626346,3.53135165822232e-05,0.000685170846350645,1.35473974485999
"ENSG00000150967",-2.59596033335207,2.00246099874887,-4.44075101975222,3.54340588943392e-05,0.00068717802010141,2.12009512569753
"ENSG00000149418",1.98496416369552,5.22119125600186,4.43952925417845,3.55887038052792e-05,0.000689844296229427,2.04695047297622
"ENSG00000099985",1.91170391972071,2.54085022052589,4.43890206110287,3.56683451567915e-05,0.000691054849153414,2.14931675285132
"ENSG00000196428",1.51615434162336,3.5970874171957,4.43700205872299,3.5910666465543e-05,0.000694411069383243,2.14301829637333
"ENSG00000269893",-2.23527434415939,2.01729149261286,-4.43384875756284,3.63163630874229e-05,0.00070093957389581,2.01850982209196
"ENSG00000004799",2.23621148167277,3.1719256850546,4.42793771571593,3.70888896432258e-05,0.000714103228657549,2.11320651142634
"ENSG00000263266",-3.3736392155807,0.0391801762160185,-4.42711575729432,3.71975689382495e-05,0.000715084925846115,1.79175701526244
"ENSG00000211632",-3.7079089288294,-0.452451447474835,-4.42662184991294,3.72630220082952e-05,0.000715742002282601,1.55088665654422
"ENSG00000137962",4.81176329208462,-3.18710589263786,4.42210486052394,3.78668288322066e-05,0.000725952433339232,1.12170401878963
"ENSG00000143977",-2.18169818157225,2.35166959516956,-4.41672569950259,3.8598284633785e-05,0.000738566510636565,2.05252113340734
"ENSG00000196189",1.66464755693446,7.86996682610299,4.41593328068129,3.87071900043542e-05,0.000739594321556581,1.11885829800716
"ENSG00000227486",-4.23904040449937,-3.70518732735177,-4.41578650195077,3.8727395126677e-05,0.000739628854576091,1.30151904483153
"ENSG00000157570",-1.85032675752366,4.49262924998785,-4.41029976364566,3.94900719771723e-05,0.000753121382175655,2.04791818303216
"ENSG00000235576",-3.80102462516018,-0.100634224685991,-4.40982069817766,3.95573516875179e-05,0.000754046776928209,1.40441099962978
"ENSG00000089685",-2.38698941914845,1.57891731536258,-4.40709837692356,3.99417908985305e-05,0.000758903988791426,2.04375772245312
"ENSG00000126249",-4.31537587263039,-0.655809102857182,-4.4019133135038,4.06840684967774e-05,0.000770988045415632,1.39999224398331
"ENSG00000256576",-2.08877152410939,3.00918671913248,-4.40141624527102,4.07559264719043e-05,0.000771770963741638,2.01004892896221
"ENSG00000173334",1.75551715616722,5.30337370161624,4.40117901819824,4.07902642805757e-05,0.000772057535126037,1.79188157980818
"ENSG00000211689",-2.93766882751145,3.11368011752389,-4.39771909649826,4.12942786189358e-05,0.000779421498911262,1.94532915986849
"ENSG00000148737",1.81892940238588,3.62505581338415,4.39770972624914,4.12956517755581e-05,0.000779421498911262,2.01062204645564
"ENSG00000256136",2.12902440167964,-6.26400987169559,4.39751024383226,4.13248953030122e-05,0.000779430442870311,1.84816971110144
"ENSG00000136603",1.91128863809448,2.22219005379931,4.39606984800762,4.15366503254536e-05,0.000781767985198447,2.01248572678933
"ENSG00000239559",-2.06006134996548,2.10366997695951,-4.39592912119409,4.15573951873751e-05,0.000781792419898387,1.91175495522778
"ENSG00000158089",2.45104853841941,2.97242540509367,4.39399880010636,4.18429650857818e-05,0.000785810962133457,1.96158430861726
"ENSG00000211665",-4.77233323471033,-2.15201666494255,-4.39395684270464,4.18491933219176e-05,0.000785810962133457,1.513058153692
"ENSG00000137804",-1.60738864837377,2.63779472057007,-4.39263844983804,4.20453569640499e-05,0.000788757555141734,2.00099790785706
"ENSG00000139973",1.98774392469363,-6.27350643296698,4.39108516134569,4.22776157583926e-05,0.000792744733544263,1.83135171741851
"ENSG00000275569",3.10872610298971,-5.26445335694306,4.38956333525325,4.2506377238851e-05,0.000795738416210487,1.72720029141555
"ENSG00000163170",-3.24965710990006,0.559476646818488,-4.38705232424342,4.28864617294048e-05,0.000801916992765364,1.59107393210696
"ENSG00000064763",1.53506772269476,4.16790366054946,4.38558575121007,4.31099759651489e-05,0.000804973178704559,1.89922138051917
"ENSG00000108175",1.55272333311178,6.39990077042858,4.38197392882715,4.366526879288e-05,0.000812745414938944,1.64857396151566
"ENSG00000148908",-1.64238673908093,5.45715697412439,-4.37753309859393,4.43575324438895e-05,0.000823677376124363,1.77047882384665
"ENSG00000259436",-2.2112615264031,2.5255162485324,-4.37654093151823,4.45136463775222e-05,0.000825813387941461,1.81203837858449
"ENSG00000127184",-2.27443030822274,3.89034906560006,-4.37541801896424,4.46909756615202e-05,0.000828338683054143,1.92566375718998
"ENSG00000185834",-1.743746232165,1.50787342512287,-4.37298128344253,4.50781428145723e-05,0.000833941015104621,1.70423683142847
"ENSG00000257335",3.84933358885585,7.60522062626931,4.37286340477257,4.50969545504563e-05,0.000833941015104621,1.25471668753509
"ENSG00000133134",-3.33647095852225,1.08473600587558,-4.37225298270849,4.51944909942547e-05,0.000835360426184381,1.58868040758226
"ENSG00000169508",-1.78133080539041,4.1429254304717,-4.37093232433404,4.54062135053992e-05,0.000838117812371009,1.9222456641228
"ENSG00000136514",-2.72606461261713,2.83025653427103,-4.36762115898098,4.59412846190517e-05,0.00084760510521116,1.91090302215136
"ENSG00000237609",3.38578228381986,-5.87621033362149,4.36224988373098,4.68222933678631e-05,0.000861487340034248,1.63720222556673
"ENSG00000204389",1.84497951058794,7.08862650872258,4.36132886969284,4.69749968497383e-05,0.000863901566035306,1.3024718290354
"ENSG00000188906",1.75867262852306,7.2226000874022,4.36097923433905,4.70330925324139e-05,0.000864574479189806,1.17407241814937
"ENSG00000075702",-2.40208151921447,1.52410489725348,-4.35948995330658,4.72813341063726e-05,0.000868592718011889,1.77780124089845
"ENSG00000089505",2.22130978966705,2.97985376848401,4.35882318441248,4.7392886170611e-05,0.000869994890333746,1.88813979035359
"ENSG00000256269",-2.13373174383158,3.9666860407129,-4.35765328739476,4.758922988103e-05,0.000872802107516955,1.79196401705739
"ENSG00000100504",2.27290605646862,8.6077206973876,4.35750776245696,4.76137084135125e-05,0.000872852852549034,0.59903535562093
"ENSG00000260719",-2.29071465215636,2.65824973528378,-4.35563466214197,4.79298718971766e-05,0.0008774484107515,1.8317805139375
"ENSG00000144152",-2.92492227325361,0.972269322624631,-4.3539285708792,4.82196166058426e-05,0.000881548443286986,1.51536527831079
"ENSG00000213757",-3.99087825036149,-3.23074567818673,-4.34948622550022,4.89820495978044e-05,0.000893861260976365,1.08025324642008
"ENSG00000211648",-3.95766522756192,3.99055631620408,-4.34683860907274,4.94420015984674e-05,0.000901436439120901,1.81952078625621
"ENSG00000142541",-1.75108645071903,10.054481103242,-4.34634190706566,4.95287554396073e-05,0.000902608806066679,0.141367149743699
"ENSG00000196684",-1.72528393336395,8.02936288129426,-4.34522437661473,4.97244829271271e-05,0.000905354919672267,1.053803150252
"ENSG00000005884",-2.11347682174149,2.17542834796463,-4.34269324632518,5.01705690239934e-05,0.00091265032393782,1.71402428966015
"ENSG00000256436",3.41844944059375,-4.99665404607129,4.34239680488438,5.02230669389336e-05,0.000913192101799642,1.57980857554118
"ENSG00000163923",-4.26406393692059,-1.60086579942901,-4.3410175584511,5.04680239390995e-05,0.000916816763849832,1.26714788698275
"ENSG00000155719",3.41096806542114,-5.38696841984311,4.34060140810501,5.05421602763914e-05,0.000917748838044935,1.57402956659632
"ENSG00000118181",-2.02305063489953,7.92213340525636,-4.34033648438747,5.05894108842919e-05,0.000918192097684109,1.13895057955108
"ENSG00000166527",2.51587824695411,2.56802137916651,4.33708489551377,5.11728493772978e-05,0.000927525198677243,1.79688850669066
"ENSG00000276819",-3.68231775475509,0.704565973243805,-4.33601838777066,5.13656314350992e-05,0.000929333918801607,1.30029875569392
"ENSG00000183696",1.68155511319418,6.95415969507207,4.33589366636188,5.13882220162174e-05,0.000929333918801607,0.945448730701923
"ENSG00000182195",-2.02799923578268,2.36006844300143,-4.33439760013211,5.16599537526294e-05,0.000933827994947485,1.70845220576804
"ENSG00000244538",-4.06199016645671,-2.80375016220527,-4.33225120716556,5.20522387293754e-05,0.000939229848024395,1.05123792117257
"ENSG00000242692",-3.89448357528171,-1.20918852136463,-4.32935269517189,5.25865695087262e-05,0.000948020299277942,1.05854579177017
"ENSG00000198242",-1.60714117028335,9.09485861263342,-4.32915609073667,5.26230047624792e-05,0.000948251921766556,0.616851317898021
"ENSG00000250069",4.64874049983316,-3.7291107445304,4.32715778805647,5.29947264137528e-05,0.000954094935640702,0.983973643643682
"ENSG00000168273",-1.98917970678806,1.51087575366025,-4.32312961578172,5.3751792750686e-05,0.000965994444418006,1.64530811526185
"ENSG00000197465",-4.5232926788197,-2.24794614716841,-4.31756085866383,5.48156830881533e-05,0.000982041038997298,1.11821368979879
"ENSG00000108984",1.83812303621261,3.66897993247342,4.31557140187262,5.52006858900301e-05,0.000986739872899507,1.69225926409274
"ENSG00000167861",-2.26917926505195,2.09085059710677,-4.31505299707046,5.53014379476525e-05,0.000988101514831789,1.64549975962636
"ENSG00000267194",3.00817692434028,2.06966953465267,4.31080261472641,5.61342470281404e-05,0.000999871067357244,1.66977766630577
"ENSG00000211649",-3.21896053810569,2.1894305739849,-4.30981606824232,5.63292789396441e-05,0.00100290065187404,1.72991019483354
"ENSG00000156414",3.03400001376542,2.69781999776825,4.30584222875134,5.71215426737571e-05,0.00101565690339247,1.71424986044698
"ENSG00000220842",-3.61860518393722,1.89585628275687,-4.30385115435311,5.75225517603345e-05,0.00102128991604216,1.5321395380201
"ENSG00000232063",4.73144396982806,-1.90944039006393,4.3015675130187,5.79858428812912e-05,0.00102738953526385,0.80354378362209
"ENSG00000281162",2.22655757408548,4.41366053392595,4.29954477629508,5.83992203798689e-05,0.00103289285425055,1.6205086966053
"ENSG00000174177",-1.75911933974874,3.20469048453222,-4.29699188403448,5.89250196991256e-05,0.00104036172241732,1.69348460653
"ENSG00000260910",-2.45483810641761,1.48189368990243,-4.29609057762424,5.91117477048249e-05,0.00104274264204887,1.48917296163355
"ENSG00000167210",2.39642443900378,2.4029368168349,4.29493706207246,5.93515633909745e-05,0.00104651383835261,1.68104108612047
"ENSG00000211662",-3.38722385915236,4.23676179646571,-4.2930228695185,5.97516045409991e-05,0.00105310565793829,1.56879689188948
"ENSG00000100906",1.61480631354086,7.368055184675,4.29289125971088,5.97792050081575e-05,0.00105313041180453,0.846812908405357
"ENSG00000123349",-1.50789128617275,6.2275453153039,-4.29250992732435,5.98592456259083e-05,0.00105407857759648,1.22767569511094
"ENSG00000127948",1.71877762813978,7.00017879629117,4.28915415533392,6.05681030758458e-05,0.00106423027965697,0.955749548812458
"ENSG00000251155",2.94849539839979,-4.90982525011697,4.28525734279428,6.14014508788911e-05,0.00107699002104414,1.43468725320616
"ENSG00000227615",-1.63330321804082,3.54568569837116,-4.28459615362166,6.15439460857337e-05,0.00107901863084983,1.65689831633177
"ENSG00000180316",2.11069510396876,2.5899205038405,4.28444020531776,6.15776016968629e-05,0.00107913807472419,1.65495986300173
"ENSG00000112936",2.0751114119696,-6.10480456729155,4.28426403912272,6.16156420222441e-05,0.00107933422247419,1.52366461514603
"ENSG00000012779",1.78218186779832,9.24947262572459,4.28329860303328,6.18245172150272e-05,0.00108252144646277,0.0931574613454149
"ENSG00000207956",1.58570494023719,-6.37761306688459,4.28265413217989,6.1964332003309e-05,0.00108449720295909,1.57772938575161
"ENSG00000207574",3.90138268920256,-5.17189835071304,4.27996502765807,6.25510312404589e-05,0.00109381320484077,1.39929446197103
"ENSG00000229638",-1.521169571756,2.78220442756768,-4.27734191631747,6.31285128683272e-05,0.00110295196624619,1.61490951596895
"ENSG00000240382",-3.99450057105847,2.15934458966387,-4.27711787002212,6.31780755591365e-05,0.00110333839862224,1.58440459880077
"ENSG00000263120",5.15535833143066,-2.89084198462872,4.27552460435537,6.35316200813441e-05,0.00110854956185338,0.847329219323637
"ENSG00000164530",-2.47060283459268,2.48405918679802,-4.27501911695854,6.36441870986257e-05,0.00110933061306381,1.57464958526852
"ENSG00000270933",-4.41792601955692,-3.7544303317439,-4.27495192627171,6.36591643285961e-05,0.00110933061306381,0.947167391827558
"ENSG00000271605",1.59399714520584,4.5578023226418,4.27255147176508,6.41964851878131e-05,0.00111820931435029,1.43434587391527
"ENSG00000228929",-2.08841419573913,0.616299958208818,-4.27007907215401,6.47544996180972e-05,0.00112646490421754,1.2808150248306
"ENSG00000242534",-3.64390609367218,-1.6922221834137,-4.26964139723505,6.48537697360462e-05,0.00112770382825628,0.98084584085606
"ENSG00000127954",1.50133277900109,7.45774187003849,4.26922147540247,6.49491517065283e-05,0.00112780229473082,0.641282660992228
"ENSG00000250305",4.44874340539459,-4.2774943942661,4.26740686165624,6.5362890746558e-05,0.00113410398523657,1.01271539165381
"ENSG00000248477",3.84967786743681,-0.394100930628988,4.26643781548207,6.55848809369968e-05,0.00113746479009023,1.00511327356144
"ENSG00000100632",-1.5500307695426,3.99881754242569,-4.26603710813553,6.56768885627754e-05,0.00113847726400654,1.54463097244537
"ENSG00000211897",-3.59354124309579,5.34193640024157,-4.26571979655807,6.57498360680052e-05,0.00113885174907624,1.3033379462412
"ENSG00000168995",1.50249049672462,5.49533517534716,4.26422684197396,6.60941088375188e-05,0.0011433370755103,1.45195292680453
"ENSG00000211810",-2.92559160816828,0.897532805008575,-4.26391093632281,6.61671794892241e-05,0.001144108795624,1.06111269517277
"ENSG00000059804",2.22413873188044,8.45739678595015,4.26242678480946,6.65115195466541e-05,0.00114759489648695,0.139098015408315
"ENSG00000164483",-1.6194866278422,3.89191105290353,-4.26184022665186,6.66480853910987e-05,0.00114871875177037,1.57986358093106
"ENSG00000229117",-2.48571069554112,6.97921447997152,-4.26117865331673,6.68024424042157e-05,0.0011506391557559,1.02953207198095
"ENSG00000240733",1.92526071884609,-6.17484492760154,4.26041826014102,6.69802832941588e-05,0.00115222137312442,1.46427814527525
"ENSG00000121895",-2.07743859823466,2.68375128973312,-4.25998751204756,6.7081229964468e-05,0.00115346433149339,1.56563298271279
"ENSG00000256973",4.23924710652295,-4.32579623267805,4.25948508130277,6.71991616607623e-05,0.00115499816036168,1.24989824555005
"ENSG00000169891",1.64167406641899,5.14193332252938,4.25687012198818,6.78161982313836e-05,0.00116311723604867,1.40052832820374
"ENSG00000100479",-4.12705227275371,-1.50940958203079,-4.25616991225431,6.7982351142804e-05,0.00116497292440026,1.033652428993
"ENSG00000243836",-3.52023509170117,0.209280263927679,-4.25482928613355,6.83015685360533e-05,0.00116869732133759,1.03676670719695
"ENSG00000123975",-3.63096119946423,-0.613399165015958,-4.25168616572697,6.9055676733493e-05,0.00117934422941371,1.23049710254658
"ENSG00000234814",4.70248066750596,-1.61200840898064,4.25130613328151,6.91473995863038e-05,0.0011804092391374,0.671463208912386
"ENSG00000256338",-3.00693231249469,0.111052022305662,-4.24908308826945,6.96863098864675e-05,0.00118809543259362,1.14125633680016
"ENSG00000212743",3.05984109728498,1.25038367992423,4.24711844331316,7.01659602080421e-05,0.00119475304205155,1.40466402221416
"ENSG00000104093",1.80497323372616,4.93196926510834,4.24527634067739,7.06185938068589e-05,0.00120144253416138,1.36939473365144
"ENSG00000276916",4.91863313487595,-2.53225824054372,4.24295120482887,7.11939512162519e-05,0.00121020686122442,0.690425935821588
"ENSG00000104043",1.58567831646665,2.9902862482838,4.23891189422974,7.22042840487579e-05,0.0012258262784325,1.50883167408055
"ENSG00000168679",3.66524050726022,-1.80019803826829,4.23653124656766,7.28062259755055e-05,0.00123500248804526,0.635812011941248
"ENSG00000198851",-1.88088286915622,8.53371136151448,-4.23518640417988,7.31484095037561e-05,0.00123923824646861,0.670721075983106
"ENSG00000134809",-2.31925893337932,3.56362392018221,-4.23313061350077,7.36744964490607e-05,0.00124709983420848,1.47471588437734
"ENSG00000137441",-2.35877445705096,5.53151784147192,-4.22948845247573,7.46155431193328e-05,0.00125984631015683,1.30773692249779
"ENSG00000171863",-2.64048773313198,5.59845838613552,-4.22745934057484,7.51448489708304e-05,0.00126665543745297,1.17855728591686
"ENSG00000240859",1.50168823609728,1.72918356389103,4.22479933662379,7.5844230346411e-05,0.00127737316647944,1.40890260002534
"ENSG00000196407",-4.85671943332092,-1.57825398147396,-4.22453498385181,7.59140782128207e-05,0.00127801414250914,0.989496449897246
"ENSG00000207972",1.66050790341768,-6.30620170200233,4.22342511290804,7.6208010266088e-05,0.00128135275145013,1.3944736107967
"ENSG00000123384",1.54544180483485,7.12782137919717,4.22238386402117,7.64847693612227e-05,0.00128546851917219,0.957555262644233
"ENSG00000213280",-2.79106297154341,-0.958928095412153,-4.22043032224373,7.70066365888201e-05,0.0012920787997261,0.852496836875804
"ENSG00000225159",-2.8000219460891,-2.94838857508853,-4.21686729507577,7.79673416846232e-05,0.00130656234698008,0.496730487914104
"ENSG00000282499",-4.86527938344566,-0.98629972797297,-4.21175866174601,7.93650390042527e-05,0.00132446380159775,0.928203900874655
"ENSG00000151458",2.79260368716866,1.2052402058568,4.21114774755336,7.95337952125033e-05,0.00132617902742972,1.29341730247668
"ENSG00000211796",-4.02044744243562,-0.489002290919407,-4.20935618770505,8.00306907915565e-05,0.00133280606097852,0.80752045228127
"ENSG00000164385",1.87299156755155,-6.2483444417039,4.2071746966215,8.06397886886493e-05,0.00134072819886728,1.3692157470512
"ENSG00000241052",1.60121930171377,-6.4655993103476,4.20612562954351,8.09342941074055e-05,0.00134506841327239,1.41123535352115
"ENSG00000158106",-1.53981112116918,3.98708351673149,-4.20311179755336,8.17861659900592e-05,0.00135530397573469,1.37263937836753
"ENSG00000076604",-2.01719041905602,3.18830110471328,-4.20278356817026,8.18794630954553e-05,0.0013562909663632,1.39572818905989
"ENSG00000169288",-2.31103647142592,1.0199603127185,-4.19701319185674,8.35365579365093e-05,0.00137862754604415,1.26317528752008
"ENSG00000163710",5.75485930750404,-2.82565087805375,4.19386067832674,8.44555193374602e-05,0.00139093846309077,0.779363006462405
"ENSG00000271817",2.90810700758866,-5.22430229140105,4.19261101949606,8.48224941956278e-05,0.00139641028323203,1.0765630330385
"ENSG00000180535",-4.86015736513166,-0.910196203383466,-4.19126289939329,8.52201112779114e-05,0.00139958919747178,1.09165988702423
"ENSG00000188322",-1.967091494271,5.17914536917194,-4.191248136988,8.52244752850835e-05,0.00139958919747178,1.28426890188017
"ENSG00000146094",1.50056883449874,9.34549537263926,4.18795409893201,8.62036667515625e-05,0.00141336044483944,-0.352620657612072
"ENSG00000236770",3.40562507272101,-4.88513821476145,4.18089412745817,8.83390850062496e-05,0.00144424883913023,1.11933273561399
"ENSG00000186468",-1.97129856750417,7.87619579858758,-4.18001327863435,8.86090738408954e-05,0.00144807397827304,0.603682202689447
"ENSG00000183496",4.42549816325512,-2.9801778068202,4.17754023360637,8.93713550918163e-05,0.00145875242281819,0.843764842257036
"ENSG00000231680",-2.60752244296701,0.882875219815115,-4.17173487405072,9.11857522728129e-05,0.0014859544438069,0.99469848542906
"ENSG00000203999",2.45084016451621,3.79463844746031,4.16935532305926,9.19396911999044e-05,0.00149642083628282,1.28475403690755
"ENSG00000252627",2.89425747774649,-5.82566750153571,4.16883746146198,9.21045670008406e-05,0.00149849769428078,1.10594902801927
"ENSG00000109501",-2.45897914432127,1.82342062297946,-4.16717385401232,9.26361581073592e-05,0.00150592754882008,1.1327036661884
"ENSG00000178429",-3.87841804187523,-3.09338788644244,-4.16364608596071,9.37732493356307e-05,0.00152010974588348,0.589584080400844
"ENSG00000034510",-1.50708101396075,9.6691080367866,-4.16231731030149,9.42050340669744e-05,0.00152526410775695,-0.404278993341238
"ENSG00000092470",-2.14088473831206,2.28840947744101,-4.16101798919791,9.46291042392454e-05,0.0015315133851152,1.24902165492099
"ENSG00000239819",-4.13688929790544,-1.6661352779402,-4.15982491004141,9.50201227866568e-05,0.00153660457613402,0.70854862011325
"ENSG00000105640",-1.74383244911694,9.37797416056163,-4.15700853161351,9.59493596802019e-05,0.00155015530535033,-0.169957564803576
"ENSG00000238961",2.48385850521246,-5.7963120718133,4.15693497421863,9.59737464558222e-05,0.00155015530535033,1.10204443350425
"ENSG00000279483",-2.97616947131502,-1.6174317867738,-4.15362481810827,9.70773930793209e-05,0.00156609364228526,0.582116406801684
"ENSG00000267757",-4.72943119536627,-0.650991966042151,-4.15229019916093,9.7525829776716e-05,0.00157143623594531,0.802463207941304
"ENSG00000266111",2.66929500544954,-5.58920905721507,4.15116911514821,9.79040633407328e-05,0.00157626718238852,0.91048744824633
"ENSG00000120915",-1.7823245322641,3.67200548625856,-4.15059158287034,9.80994647806735e-05,0.00157814913289821,1.23805947697758
"ENSG00000189343",-1.57990840981194,3.79689718188332,-4.14514992452368,9.99591739015878e-05,0.00160101940605244,1.20488490337584
"ENSG00000241612",-3.08839090429486,-2.61822402833695,-4.14368624889763,0.000100465172170087,0.00160784269569341,0.417621614445254
"ENSG00000101307",1.73670636619558,7.86094945505838,4.14092341820565,0.000101427041384928,0.00162130016610611,0.405070535022674
"ENSG00000180509",2.53797257146363,3.40348144445853,4.13926941356248,0.000102007125154079,0.00162863004187621,1.12040981482043
"ENSG00000177173",4.3290209064359,-2.31457792728936,4.13833918151596,0.000102334777103227,0.00163191698100116,0.386495010882809
"ENSG00000249242",2.15783166143156,-6.24669958480785,4.1377535532015,0.000102541571561592,0.00163247854465997,1.08888282679034
"ENSG00000167634",-4.25916229822344,-2.38946080203623,-4.13612803027759,0.000103117685124137,0.00163790485079437,0.601924541297903
"ENSG00000211937",-2.90668652643261,3.18218092041672,-4.1341896148531,0.000103808778562979,0.00164692995887486,1.18756955760064
"ENSG00000261596",2.40703445408737,1.89714873346597,4.1323503750063,0.000104468645843191,0.00165543890429167,1.18024952205519
"ENSG00000235043",-2.62134578431064,-0.0950601795746986,-4.13169165192563,0.0001047059603457,0.00165854571230017,0.683600234325802
"ENSG00000257138",2.06488721887824,-6.00810278152823,4.13028044201331,0.000105216121911219,0.00166597027691013,0.955618639421821
"ENSG00000214784",-3.54668240289938,-2.39039573673741,-4.12955641619948,0.000105478792366246,0.00166947181523931,0.468431107378213
"ENSG00000213172",4.84999788471671,-4.28337683340847,4.1293398043482,0.000105557500249395,0.00166970719588988,0.561531652807785
"ENSG00000198682",2.56562779031326,1.03038312282374,4.12794158526289,0.000106066921498276,0.00167679999137779,0.917505841266032
"ENSG00000225200",-1.96016388148421,0.912896508300493,-4.12733549372689,0.000106288478816894,0.00167964206973144,0.930695102038051
"ENSG00000185608",-1.76888443786015,2.08335472029588,-4.12647316396309,0.000106604474277733,0.00168331228394086,1.12892550653222
"ENSG00000113391",1.50872159930869,2.97426409251861,4.1260929264646,0.000106744097856258,0.00168432407664901,1.15802438698925
"ENSG00000218227",-1.73355725477601,2.19112615759125,-4.12385428282779,0.000107569715345981,0.00169588349915348,1.09618930083247
"ENSG00000240087",-2.17935291602678,0.00191447933090018,-4.11536689347868,0.000110756219903002,0.00173659186916555,0.76308936844023
"ENSG00000272282",-2.85765296975424,1.80619639022539,-4.11368909121073,0.000111396827180999,0.00174391559436547,0.962029780311608
"ENSG00000169245",-4.7863064021503,-2.5405051423889,-4.11139933961165,0.000112276856315291,0.00174951712309587,0.670111223081571
"ENSG00000176597",2.85576693153195,1.61618182462762,4.11084513024496,0.000112490863869391,0.00175034321504696,1.11229168817989
"ENSG00000139679",-1.765425320053,3.12314869523415,-4.10346310923629,0.000115379230249194,0.00179160904383086,1.07954735935177
"ENSG00000154928",-2.07900639682722,3.52132309471421,-4.1021338693877,0.00011590686795657,0.00179771909937887,1.08569665369165
"ENSG00000223351",-1.52756994998046,-6.61264950566637,-4.10139860935727,0.000116199726227701,0.00180017780108133,1.0830983482705
"ENSG00000214919",-1.52756994998046,-6.61264950566637,-4.10139860935727,0.000116199726227701,0.00180017780108133,1.0830983482705
"ENSG00000257084",-1.52756994998046,-6.56800267466014,-4.10139860935727,0.000116199726227701,0.00180017780108133,1.0830983482705
"ENSG00000225422",2.27558779347144,-2.3265808911746,4.10042390570349,0.000116589056738867,0.00180508217781937,0.316541179922762
"ENSG00000083807",-3.44385360982319,0.432440073506452,-4.09965052786333,0.000116898865703406,0.00180822170027253,0.635636625308071
"ENSG00000167513",-2.35351235454366,2.03253149681552,-4.0984821342984,0.000117368421351992,0.00181348018591671,1.07367383182234
"ENSG00000143891",-1.6560753620078,4.37163984654538,-4.09846791589379,0.000117374146653283,0.00181348018591671,1.00192181199719
"ENSG00000109943",-1.56912928873098,2.42653591635257,-4.09385251753751,0.000119246926998425,0.00183537954012418,1.01126133152158
"ENSG00000185808",-2.09148122629708,1.59609783918917,-4.09384969476265,0.00011924808116025,0.00183537954012418,0.918389340054188
"ENSG00000200648",4.61913604940145,-3.11735459093818,4.0924629413694,0.000119816394505484,0.00184271564342367,0.307449242842434
"ENSG00000260811",-1.56387493133823,-6.61038943986084,-4.09058033364013,0.000120592098343702,0.00185039829679905,1.04717707244263
"ENSG00000273606",-1.56387493133823,-6.61038943986084,-4.09058033364013,0.000120592098343702,0.00185039829679905,1.04717707244263
"ENSG00000222320",-1.56387493133823,-6.61038943986084,-4.09058033364013,0.000120592098343702,0.00185039829679905,1.04717707244263
"ENSG00000224877",-2.01301557008415,2.52626702015994,-4.09020424990847,0.00012074763804844,0.00185137167994789,1.03500150840559
"ENSG00000238113",1.51828665837874,4.03972721904787,4.08971074830165,0.000120952032649973,0.0018537985576036,0.986280743406459
"ENSG00000281571",-2.62705568282517,0.558028376492364,-4.08936535740736,0.000121095282360364,0.00185528679171165,0.67621509879829
"ENSG00000100316",-1.78761143272859,9.8380664569388,-4.08643614606708,0.000122316758211861,0.00187186079696735,-0.570087971987627
"ENSG00000282431",-2.17566975319792,1.76035345168364,-4.08527173775367,0.000122805607211115,0.00187791214191755,0.865461538393002
"ENSG00000258603",-1.56387493133823,-6.58806602435772,-4.08355067536062,0.000123531605776971,0.00188757796102082,1.02596825354684
"ENSG00000178445",-4.36830458644887,-0.148222908674881,-4.08000019791901,0.000125042406783965,0.00190487110175405,0.805806939678559
"ENSG00000213145",-1.67974831854954,2.86968891831753,-4.07947706095538,0.000125266512670244,0.00190501685965932,1.02001470793899
"ENSG00000215030",-2.23094393951958,5.69009041923131,-4.07918864097834,0.000125390234040314,0.00190501685965932,0.68673941873239
"ENSG00000231622",-1.59542854190058,-6.60835577916597,-4.07876256057646,0.000125573222180419,0.00190501685965932,1.00806111100256
"ENSG00000217585",-1.59542854190058,-6.60835577916597,-4.07876256057646,0.000125573222180419,0.00190501685965932,1.00806111100256
"ENSG00000242065",-1.59542854190058,-6.60835577916597,-4.07876256057646,0.000125573222180419,0.00190501685965932,1.00806111100256
"ENSG00000254237",-1.59542854190058,-6.60835577916597,-4.07876256057646,0.000125573222180419,0.00190501685965932,1.00806111100256
"ENSG00000100565",-1.59542854190058,-6.60835577916597,-4.07876256057646,0.000125573222180419,0.00190501685965932,1.00806111100256
"ENSG00000224911",-1.59542854190058,-6.60835577916597,-4.07876256057646,0.000125573222180419,0.00190501685965932,1.00806111100256
"ENSG00000235295",-1.59542854190058,-6.60835577916597,-4.07876256057646,0.000125573222180419,0.00190501685965932,1.00806111100256
"ENSG00000272219",4.55184468798638,-3.37286129868169,4.0772505491463,0.000126224663770135,0.00191273423780134,0.457285302101321
"ENSG00000275234",-3.72744069178963,-0.784938026021487,-4.07648521083524,0.000126555646240229,0.00191630511870045,0.443401025489219
"ENSG00000253159",3.05601456019136,-5.3655442594071,4.07577541196828,0.000126863357538426,0.00191735364652624,0.835941787315255
"ENSG00000273841",-1.72883052879729,2.78507071148494,-4.07485613436156,0.000127262954001254,0.00192267015285923,1.00588962827086
"ENSG00000106327",-2.82294338177239,2.41409461206354,-4.07458840878718,0.000127379558341404,0.00192362827886844,0.992288721204866
"ENSG00000202566",4.63596018389904,-4.79889647002789,4.0743810986691,0.000127469920275248,0.00192362827886844,0.791055313537593
"ENSG00000139998",-1.96632261239231,2.27475889319743,-4.07390645187172,0.000127677041175997,0.00192603092283581,0.973541051135607
"ENSG00000140450",1.92961285411754,3.006254303317,4.07303519889012,0.000128058073146854,0.00192960669289724,1.00041044814385
"ENSG00000254709",-3.41149543519633,0.80785077247545,-4.07252166310032,0.000128283175055205,0.00193155063804096,0.914961883958282
"ENSG00000171843",-1.60640199616542,2.96767593574263,-4.0682271899349,0.000130180593839592,0.00195760935384761,0.978263305045989
"ENSG00000234618",-3.13118858908005,-2.53360814483536,-4.0678921171577,0.000130329770730428,0.00195760935384761,0.232825228489067
"ENSG00000138166",-1.77292244341237,3.12799441130069,-4.06773469424145,0.000130399913461089,0.00195760935384761,0.982443248221285
"ENSG00000259671",4.75155711299366,-1.88449691057621,4.0677268512047,0.000130403409024524,0.00195760935384761,0.321234837375334
"ENSG00000253795",-1.62290627398015,-6.60650726461276,-4.06584639054024,0.000131244123629032,0.0019691798652685,0.965648327376194
"ENSG00000164258",-3.12689520611084,1.54214030090202,-4.06544725770271,0.000131423238461076,0.00197071131391726,0.850424282968557
"ENSG00000175287",-4.0062046208895,-1.23598997651785,-4.06235268069941,0.000132819977762155,0.00198720831633575,0.485216156659898
"ENSG00000131634",-1.88588682259265,4.73559430614367,-4.06157196638985,0.000133174607234991,0.00199177290180844,0.903329473511785
"ENSG00000211930",-4.57052937973062,-3.2076766482929,-4.0591887441849,0.000134262808871019,0.00200580952888617,0.467019216629379
"ENSG00000241947",1.55321358415908,-6.21087108232445,4.05634707864358,0.000135571542366098,0.00201869771000751,0.905400571418939
"ENSG00000271709",-1.64877246923394,-6.60481297963082,-4.05633435587676,0.000135577429407001,0.00201869771000751,0.933531576899425
"ENSG00000272043",-1.64877246923394,-6.60481297963082,-4.05633435587676,0.000135577429407001,0.00201869771000751,0.933531576899425
"ENSG00000100206",-4.10587436383788,-3.71500892497765,-4.05114447645668,0.000137999532527142,0.00204642464280936,0.346271078315517
"ENSG00000279274",-3.60774553955959,-2.48903309545187,-4.05076709653674,0.000138177271550163,0.00204830481963851,0.269221606074394
"ENSG00000223336",4.1668043612931,-3.84617943245899,4.05048516328704,0.000138310200864439,0.00204876444183942,0.646997433675454
"ENSG00000213253",-3.38034235673286,-1.41742101574486,-4.04686702230373,0.000140027100699015,0.00206962114055214,0.298484666744402
"ENSG00000252250",-1.6719969102723,-6.60324915832957,-4.04647903758233,0.000140212423601145,0.00207159862315812,0.90048155352809
"ENSG00000142684",-1.57897784628974,2.61270720110081,-4.04492751040705,0.000140955883157411,0.00207876317486949,0.914750000839873
"ENSG00000064545",-1.5623344841495,3.42081370561038,-4.04325435660228,0.000141761879350147,0.00208950308238211,0.908910651122501
"ENSG00000218189",3.48063544909678,-5.4843282087394,4.04105186460537,0.000142829641018694,0.00210254017877463,0.610751455838473
"ENSG00000243477",-1.92881595108577,3.40226032402001,-4.03717069049473,0.000144730105345223,0.00212429342646538,0.8906526910314
"ENSG00000069020",1.87750481568036,2.83511811579609,4.03695854208602,0.00014483468544208,0.00212505256355565,0.88516087151122
"ENSG00000035141",-1.65415485771511,3.53242318485256,-4.03520756782711,0.000145700624836789,0.00213541980302173,0.872082236193474
"ENSG00000199536",-1.69175115351875,-6.52955371452803,-4.03386494499464,0.000146367990757517,0.00214285723395255,0.859474294302361
"ENSG00000225179",-1.69175115351875,-6.60179713730191,-4.03386494499464,0.000146367990757517,0.00214285723395255,0.859474294302361
"ENSG00000279591",3.3424783651891,-5.03503688456954,4.03237228277428,0.000147113391396968,0.00215220253309348,0.706025758856616
"ENSG00000131174",-2.40364031145364,2.64379497516562,-4.03014109336323,0.000148234416002201,0.00216635148202951,0.867463722394508
"ENSG00000251431",3.32386837745973,-5.5555548073498,4.02974235424549,0.000148435620519367,0.00216811427807928,0.268783137071295
"ENSG00000220793",-2.85723094482586,-2.80367737535757,-4.02816001758942,0.000149236666429713,0.00217692759934954,0.0982682973469853
"ENSG00000174292",-2.28478349030634,1.32242735999947,-4.02601968019063,0.000150326822389834,0.00218965178033192,0.6277598463886
"ENSG00000225371",-1.59542854190058,-6.58603236366286,-4.02364085003363,0.000151547449408287,0.00220526599664977,0.843154594729961
"ENSG00000259379",4.30884806380481,-1.33821029607778,4.02169694675476,0.000152551986841894,0.00221724330260948,0.415512995309253
"ENSG00000227802",-1.70959599505512,-6.60044199201656,-4.02126691475242,0.000152775075955863,0.00221968326836921,0.818726418487826
"ENSG00000114021",-2.13934672900136,2.79263240255226,-4.01853731408181,0.000154198461873687,0.00223793738781443,0.8279611192779
"ENSG00000123485",-3.53210199124755,-0.143709451660889,-4.01638720875197,0.000155328643548068,0.00225190123617722,0.718035863206431
"ENSG00000138031",1.83385717686545,4.79344936813027,4.01145026784347,0.000157953955745157,0.0022866636402113,0.541692604949867
"ENSG00000167098",-1.72601023795123,-6.59917160034091,-4.00914224405401,0.000159195893946924,0.0023013280576966,0.779571746069099
"ENSG00000137642",2.5947842824863,9.24169275910907,4.00809390776192,0.000159763098727266,0.00230703882723906,-0.678780325499209
"ENSG00000185909",-1.95631625782532,3.90874737288839,-4.00793337257113,0.000159850128229241,0.00230746673431667,0.765249862621498
"ENSG00000255279",-1.56387493133823,-6.57768622725679,-4.00607575031667,0.000160860509168281,0.00231872147349703,0.793583744524422
"ENSG00000163534",2.37150957426596,3.94133370448634,4.0054967926323,0.00016117666501402,0.0023216138613019,0.756973519800243
"ENSG00000256195",-1.59542854190058,-6.55332915105881,-4.00516683392237,0.00016135711554931,0.00232338064445321,0.788170150712131
"ENSG00000118496",1.70986108519889,2.39119006742909,4.00505040493303,0.000161420835592896,0.002323465962229,0.782713272862626
"ENSG00000120278",4.25410344474797,1.14621844737364,4.00290565815719,0.000162598968380978,0.00233707677041548,0.406511575213996
"ENSG00000276015",1.88523834576326,-5.98220039795159,4.00071069759526,0.000163813250658825,0.00235200725106645,0.725885007683494
"ENSG00000242766",-4.1308734604094,-3.27439523363398,-4.00036920150221,0.000164002953755289,0.00235389030591579,0.407650366649907
"ENSG00000143919",-1.92248289681474,1.73191054839119,-3.99786664647593,0.000165399603528684,0.00237055075260612,0.695166056127806
"ENSG00000157107",2.07995043456124,2.68975790798161,3.99729906117262,0.000165717955560017,0.0023734211789896,0.76427651495085
"ENSG00000178498",-2.12044370244752,3.73728843092036,-3.99575394425635,0.000166587583996807,0.00238417730574569,0.76520945483723
"ENSG00000137869",5.86186331577811,-4.56918481963692,3.99094178512103,0.000169324206293973,0.00241817823851875,0.21073868414683
"ENSG00000263417",-4.17694300955772,-2.90931256920798,-3.98962361121649,0.000170081352423063,0.00242554470738275,0.220264586296333
"ENSG00000211655",-4.59634757665506,-1.25477654243955,-3.98810207041209,0.000170959360630197,0.00243575386326241,0.406080996302542
"ENSG00000105388",2.32974398078046,-5.80873881350648,3.98738648290336,0.000171373797979869,0.0024396492303069,0.640139288823992
"ENSG00000275791",-2.69627246358095,1.49677138435753,-3.98638527571158,0.00017195527647647,0.00244653471661385,0.525297438548206
"ENSG00000211658",-4.47994070590962,0.651184164541573,-3.9833373837523,0.000173737130621059,0.0024645660286619,0.693699639386492
"ENSG00000261451",4.2064128742421,-3.06827855887926,3.98282216591913,0.00017404008625216,0.00246799278571758,0.0510328068574113
"ENSG00000267365",3.24478347807395,0.604723962674616,3.98243617127178,0.00017426738967135,0.0024703447107079,0.468853007614871
"ENSG00000258632",3.40630891572377,-5.19725838726576,3.98077243721835,0.000175250396915046,0.00247888383667392,0.528758180916841
"ENSG00000243859",-3.58535945200011,-3.36481481097705,-3.98068636561979,0.000175301396638574,0.00247888383667392,0.0896367203562649
"ENSG00000105255",-3.4224348002389,0.729693710028318,-3.97996879260285,0.000175727133830841,0.00248403032147238,0.476422623870808
"ENSG00000250138",2.34835195592167,5.14566883509253,3.97896038649646,0.000176327103965046,0.00248988487306034,0.498997690442215
"ENSG00000224041",-3.19528319179794,-2.15377041303884,-3.97828338768119,0.000176731002011174,0.00249296131328182,0.194431464189444
"ENSG00000176890",-2.2298698256682,2.2098758999391,-3.97537203032188,0.000178478084624223,0.00251584009749755,0.696117564726005
"ENSG00000237214",-1.79969354480671,0.628990525586642,-3.97473435877194,0.000178862957828609,0.00251858060163344,0.540375900886067
"ENSG00000214190",1.65866504180212,-6.15056533957369,3.97233867978001,0.000180316039442389,0.00253672195568207,0.659416173872489
"ENSG00000037749",1.66527125981792,2.35062439162467,3.96956336580943,0.00018201358102181,0.00255370867027104,0.68715174207435
"ENSG00000122025",2.45246587155698,2.09547263372359,3.96943033975592,0.000182095332181122,0.00255370867027104,0.666782493027941
"ENSG00000188389",-2.32964900166136,2.96444502799021,-3.96804258159465,0.000182950287234967,0.00256098207469649,0.682913344927313
"ENSG00000251333",2.19352489476682,-0.810280890693693,3.96803560947555,0.000182954592272233,0.00256098207469649,0.139676010261026
"ENSG00000255571",-2.20577932883724,1.4726415492355,-3.96761135405714,0.000183216738399617,0.00256375889910943,0.496581896283957
"ENSG00000125997",-1.59542854190058,-6.57565256656193,-3.96675127906272,0.000183749284875254,0.00256852877279379,0.674296957110738
"ENSG00000175274",1.57966908297168,7.46771709403429,3.96649159140916,0.000183910372202689,0.0025698869597819,-0.251482291310775
"ENSG00000225873",1.98731789066362,4.56528497808917,3.96449362620818,0.000185154283111482,0.00258278018377786,0.480519742381681
"ENSG00000154134",-2.86254475347428,2.38740489718848,-3.96438992438257,0.000185219067067232,0.00258278769831317,0.560068660919987
"ENSG00000252126",2.05688959590445,-6.15138629499029,3.96316790176887,0.000185984124954306,0.00258776921744734,0.597039527770837
"ENSG00000162971",1.93924747857995,2.06290420990872,3.96299716257627,0.000186091259331383,0.00258776921744734,0.66419302337369
"ENSG00000236992",-2.28945142705836,-0.0177677139085407,-3.9618802314874,0.000186793569503966,0.00259394648746061,0.271800321312605
"ENSG00000239593",1.75055283889228,-6.31596975221602,3.961713107112,0.000186898873839977,0.00259451261260869,0.659855451553183
"ENSG00000248127",-1.7778741833842,-6.59476092590063,-3.959876480845,0.000188059890649205,0.00260702887030322,0.623023644695606
"ENSG00000255572",-1.52756994998046,-6.56800267466014,-3.95957502243548,0.000188251117780524,0.00260878022647798,0.656960195904263
"ENSG00000251634",3.01814604960652,1.00109349213377,3.95831474755867,0.00018905258689989,0.00261648443806247,0.629649519162415
"ENSG00000156398",-1.67830748808227,2.47958089907991,-3.95829151556664,0.000189067391984764,0.00261648443806247,0.613766405017601
"ENSG00000224415",-2.28791807007543,0.019923584150673,-3.95734242440303,0.00018967317448545,0.00262215989018709,0.30117748885951
"ENSG00000211947",-2.70755257677811,3.75688709339725,-3.9562278241146,0.000190386980102692,0.00263021902889636,0.602345826973907
"ENSG00000076043",-1.72719619014871,3.07744497276509,-3.95570055804337,0.000190725547758595,0.00263308670020296,0.629454620838897
"ENSG00000227813",-1.64877246923394,-6.5824895641277,-3.95453100889392,0.000191478604707629,0.00264076256139146,0.63279426596221
"ENSG00000206992",2.4785381614327,-5.8260228916736,3.95294074736089,0.000192507139450051,0.00265255565929589,0.525972641927592
"ENSG00000116983",-2.59521552279111,1.892869735118,-3.95290294948496,0.000192531650510557,0.00265255565929589,0.518383636408955
"ENSG00000155265",-2.17436095401952,3.16768492745456,-3.95147113085749,0.000193462364635248,0.00266446522201653,0.633201180632216
"ENSG00000154102",-2.66488953789757,1.94968371448581,-3.95098632692045,0.00019377847695312,0.00266659476386223,0.537742447095049
"ENSG00000279589",2.87723006804922,-5.41020843600698,3.9498750051847,0.000194504979485277,0.00267332963598876,0.49594009557048
"ENSG00000197140",3.0239869067221,-5.65367706703143,3.94719400154413,0.000196268419692307,0.00269388289807789,0.483129360724937
"ENSG00000108950",3.48265079357995,0.704384621828918,3.94562153813062,0.00019730985210289,0.00270632912802469,0.614265472695659
"ENSG00000105373",-1.72397787926429,9.19915793227887,-3.94260311418145,0.000199323835822419,0.00273022720536043,-0.700103257596592
"ENSG00000211794",-2.44570272716267,1.43266957376847,-3.94200720348836,0.000199723773849204,0.00273291189798696,0.361300624085942
"ENSG00000174705",5.14416421057572,0.570331966798812,3.9401342510813,0.000200985809550718,0.00274861162049507,0.247929959994074
"ENSG00000117281",-2.88900715897135,2.48295075803358,-3.93840061137486,0.000202160800164292,0.00276155911933567,0.513865206230939
"ENSG00000228612",3.46083675163928,-4.38503228779022,3.93763871026972,0.000202679271107012,0.00276524846945234,0.0864931283294279
"ENSG00000175701",-1.57027953683757,2.24819567921519,-3.93759945962227,0.00020270601560808,0.00276524846945234,0.575807288551814
"ENSG00000186603",-4.34021578910662,-2.4670020909193,-3.93734058921785,0.000202882488984506,0.0027667170360092,0.179110514822127
"ENSG00000170161",-3.40100052149492,-1.32500075992153,-3.93663639872067,0.000203363286814416,0.00277037310227365,0.135838319528268
"ENSG00000235286",-1.7664498854078,-6.53391349439327,-3.93654522167773,0.000203425619461192,0.00277037310227365,0.558966107182729
"ENSG00000252414",3.31771329292055,-4.85096651228245,3.93654432512719,0.000203426232473803,0.00277037310227365,0.367504277213443
"ENSG00000196352",2.39038762748119,7.70505119630199,3.93627875439238,0.000203607893488379,0.00277190807112083,-0.516936533167066
"ENSG00000131379",4.36620362263085,-3.15283495332781,3.93501681549865,0.000204473242452811,0.00277992333212307,-0.0657266403277648
"ENSG00000211792",-2.64021256036078,1.63489464061683,-3.93274395560093,0.000206040731553604,0.00279650556715665,0.367666207089688
"ENSG00000155368",-1.50545212444954,4.40468196145419,-3.93134145528562,0.000207013725969852,0.00280693380557644,0.421199183136189
"ENSG00000211959",-2.86130866008349,3.48454861276097,-3.93132041087603,0.0002070283592386,0.00280693380557644,0.539139426937163
"ENSG00000275741",2.58660492733538,-5.9089385279084,3.93123415825828,0.000207088345538524,0.00280693380557644,0.461043754974746
"ENSG00000163959",5.64669901383018,-1.0105753142108,3.92989086809299,0.000208024724408162,0.00281677668260591,0.31691629649352
"ENSG00000122952",-1.89337880377008,1.37143568556953,-3.92627164689896,0.000210567893274119,0.00284312396424235,0.550699683108975
"ENSG00000164687",-2.52188488000249,1.49135281391538,-3.92587962730192,0.000210845145121128,0.0028453831903859,0.533519109910442
"ENSG00000110660",-1.88337050115557,1.63632134328697,-3.9247072719451,0.000211676375470721,0.00285372691035343,0.512307270257021
"ENSG00000211638",-3.47958758092025,2.25944014825096,-3.92433262069066,0.00021194267599928,0.00285635918891152,0.551487783572981
"ENSG00000079215",5.4816671458166,-0.692527389618954,3.92381518768654,0.000212310994390702,0.00286036414091656,0.294493578654836
"ENSG00000250442",-1.52756994998046,-6.59032609016326,-3.92256168110042,0.000213205814179002,0.00286953469756419,0.547168919913635
"ENSG00000018280",1.95988239270985,9.46218174606774,3.92021595371593,0.000214890060873091,0.00288640502078851,-1.22915404699522
"ENSG00000167414",-4.17818469964921,-2.21141090747719,-3.91982342190237,0.000215173146385303,0.00288901944710698,0.0681888432739086
"ENSG00000166803",-4.07492561162744,-3.59160257172124,-3.91974682587729,0.000215228427543043,0.00288901944710698,0.0866490956360861
"ENSG00000232888",-1.59786247512603,0.725479124412215,-3.91846403224064,0.000216156279676061,0.00289857063226718,0.368547582897272
"ENSG00000178814",2.26211273619073,4.34282402740065,3.91706106323063,0.000217175453554299,0.00290774471123196,0.316696756233851
"ENSG00000135083",1.78749573102298,6.19898121491804,3.91595112098726,0.000217985029121581,0.00291628423984885,0.0971683810036437
"ENSG00000130055",-1.62290627398015,-6.5223202234367,-3.91547697143226,0.000218331749638156,0.00291946691140473,0.521075339463467
"ENSG00000274505",3.50752145763641,-4.9883585325892,3.91403800164636,0.000219387237834865,0.00293114181968668,0.17925059011178
"ENSG00000196976",-1.92882155164329,3.05274098664508,-3.91311844980559,0.000220064295916145,0.00293725923785553,0.519388812135612
"ENSG00000173890",1.6692595615957,3.06106722007239,3.91275957390924,0.000220329077120762,0.00293934029807591,0.475365180117877
"ENSG00000115604",3.62030268199119,4.48747622143444,3.91260995790641,0.000220439555213643,0.00293934029807591,0.273612983891622
"ENSG00000115607",1.84506877524981,6.44225174176271,3.9117562411406,0.000221070967502214,0.0029448293689609,-0.316333747210932
"ENSG00000062282",1.50222341507019,7.87896787778284,3.91027614749381,0.000222169768290124,0.00295554898239563,-0.629137348430191
"ENSG00000117399",-2.80460232497665,1.65418883544913,-3.90895777713986,0.000223152922381192,0.00296764597603992,0.507180596367035
"ENSG00000135119",-2.11240749651505,1.39638403044891,-3.90595246169058,0.000225409729145493,0.00299468669236851,0.382631820594671
"ENSG00000241939",3.62484581717253,-4.70692734414993,3.90571139786012,0.000225591699545895,0.00299611414111136,0.254020188129753
"ENSG00000241634",3.2413553836749,-5.33575396702176,3.90148297376814,0.000228806612057896,0.00303380059958824,0.34852230718477
"ENSG00000282996",2.70175297252432,-5.77668332050168,3.89989925846886,0.000230022011380651,0.00304690112076603,0.366197987940756
"ENSG00000226801",1.6490192705808,-6.05690875527882,3.8989700326477,0.000230738014738877,0.00305161125417202,0.453390423158211
"ENSG00000227825",2.39971265041337,1.73554658688235,3.89884691903686,0.000230833038752727,0.00305161125417202,0.410438209647055
"ENSG00000277235",-1.59542854190058,-6.56370894815974,-3.89675778684856,0.000232451253335435,0.00306654711141614,0.468456515875253
"ENSG00000277856",-4.46495350986781,-0.325318492152908,-3.89669921209475,0.000232496781145127,0.00306654711141614,0.24287775980676
"ENSG00000126353",-1.83319837239824,7.27939249248244,-3.89417831276693,0.000234464306626788,0.00308743336226995,-0.0918861612685991
"ENSG00000167900",-2.00272498227964,2.34118945378864,-3.89337308184171,0.000235096138451974,0.00309473967192084,0.435915344640369
"ENSG00000163958",5.50319233699116,2.04038478586268,3.89088515368047,0.000237058655730241,0.00311751131098042,0.445632076647309
"ENSG00000170921",1.6475088937009,3.46242104911086,3.88892638020823,0.000238614820333951,0.0031338755331805,0.426486477069564
"ENSG00000221986",2.15034957591286,-6.01672159135196,3.88610644416458,0.000240872370042909,0.00315939674403426,0.363500814672562
"ENSG00000167524",1.68047950182353,2.38652158168481,3.88490443993316,0.000241840873608664,0.00317106549276436,0.416601861328704
"ENSG00000211778",-3.58070855329368,1.01809684472644,-3.88451848864759,0.000242152641999231,0.0031741181981262,0.165096252198329
"ENSG00000232528",2.97244537624166,0.648976584915907,3.88396472021007,0.000242600645516633,0.00317895409095817,0.25847463635999
"ENSG00000278196",-3.20891367443133,2.46690630517481,-3.8828746448487,0.000243484850860319,0.00318950080621914,0.42839502749762
"ENSG00000214980",2.34364000219251,-5.07312839093699,3.88257963910175,0.000243724673428123,0.00319160238474183,0.301598426183109
"ENSG00000237310",-4.08593518130049,-2.82763022193183,-3.88235368897893,0.000243908511044785,0.00319193032585366,-0.0301916130432733
"ENSG00000221643",4.51101102415442,-2.58657627195383,3.88209395178994,0.000244120002894147,0.00319261950434304,-0.205424663297791
"ENSG00000105352",1.58175561981928,6.75866353131536,3.88125392809297,0.000244805200378528,0.00319949891600052,-0.166435034415699
"ENSG00000261061",-3.47573391102717,-0.520734524974694,-3.88110447880157,0.000244927297615842,0.00320005434473581,0.141016115036869
"ENSG00000231789",-4.0208422469993,-3.52114357527605,-3.88060513768122,0.000245335673749997,0.00320434852374834,-0.0595340536334827
"ENSG00000170298",-2.83918057344642,1.30857459779995,-3.8771600869593,0.000248170993973784,0.00323822469968649,0.298059522402511
"ENSG00000135469",-2.16717930308032,2.43722734063871,-3.87691689625799,0.000248372326523032,0.0032387493580535,0.381886648595716
"ENSG00000222112",4.17839707836008,-0.958357448028172,3.87621858420163,0.00024895131601544,0.00324524669469933,0.0534712649840401
"ENSG00000213176",-3.59000811516163,-3.05270618647493,-3.87358787523107,0.00025114415765896,0.00326747489521214,-0.161678275019642
"ENSG00000204577",1.63981887524775,9.05669555169806,3.8726472478072,0.000251932710576171,0.00327561411079665,-1.16686719126849
"ENSG00000166171",-2.51962997772418,1.18938354745464,-3.87014659465067,0.000254040641752088,0.00329343498217267,0.353565594955159
"ENSG00000236018",2.82084594874646,-4.20780432864817,3.86826324282799,0.00025563937576038,0.00331095817793776,-0.108870838339838
"ENSG00000122026",-2.60173483579463,7.25354051817136,-3.86468506762994,0.000258703430180796,0.00334310360016983,-0.218092558266993
"ENSG00000082397",1.63036061799787,4.38426277869302,3.86444411343516,0.00025891102444475,0.00334424585858672,0.319609979080407
"ENSG00000227392",-1.74107404999325,-6.55332915105881,-3.86411669755182,0.00025919336590268,0.00334620799486819,0.356958504859065
"ENSG00000156140",4.94551420863562,-4.93606885862039,3.86384067897468,0.00025943161515637,0.00334820860112886,-0.0341051353589368
"ENSG00000175344",3.61628964760155,-4.75455994746903,3.86128305209184,0.000261649278982573,0.00337436862965082,0.0436027196034612
"ENSG00000182885",2.13886623539999,8.28870634650826,3.8606437611206,0.000262206428092186,0.00337862782708943,-0.975905409394704
"ENSG00000163682",-2.83361268375416,6.0970975367775,-3.86030086761381,0.000262505732149701,0.00338136989550857,-0.142847520360706
"ENSG00000151131",-2.58905244349614,0.689144893686874,-3.85893559343621,0.000263700701950359,0.00339445106193457,0.192398991290769
"ENSG00000175449",-4.11203368029111,-1.87067759914307,-3.85875517887749,0.000263859001257289,0.00339445106193457,-0.0162895084251824
"ENSG00000226985",1.69781281872326,-6.53622324151564,3.85730085824548,0.000265138383143116,0.00340981870733191,0.340948356836397
"ENSG00000108679",-2.06170409896953,5.50591624536824,-3.85110129481112,0.000270659241845379,0.00346640421811658,0.126311302289876
"ENSG00000269524",3.67834367602212,-4.54610015952353,3.84872344147331,0.000272805883249501,0.00349167211664962,0.123338983301714
"ENSG00000111886",3.42617071384598,-1.2074283990913,3.8480021308674,0.000273460276964713,0.00349893381748421,0.0345508025767627
"ENSG00000223648",-3.88783748158019,-1.93084006750869,-3.84601006350421,0.00027527536393881,0.00351767965068915,0.00614199079921995
"ENSG00000011590",-2.89524703356442,1.87317829271751,-3.84575326830512,0.000275510183449784,0.00351899948087217,0.314387079265386
"ENSG00000237094",2.86532786028967,0.581576149605375,3.84478512717437,0.000276397202046556,0.00352641076378155,0.0333750961917483
"ENSG00000224220",-4.29289089858366,-4.63666872123827,-3.84446729528808,0.000276688998555491,0.00352765854670469,-0.101190083885053
"ENSG00000249506",2.447111731176,-5.6856260476494,3.84300935904785,0.000278031295382872,0.00354163946038727,0.189721897267412
"ENSG00000240677",-1.72601023795123,-6.49542058323885,-3.83843360854531,0.00028228476729774,0.00359126968826067,0.286188453257456
"ENSG00000273154",2.68979713425608,-5.63635319890408,3.83794719995553,0.000282740567075761,0.00359479325666658,0.196162447090166
"ENSG00000222266",2.55382775189381,-5.80040756752784,3.83661873640189,0.000283989029656613,0.00360541735145995,0.203321745888176
"ENSG00000239344",-2.83486039105808,-4.27832981442263,-3.83643259614781,0.000284164381859997,0.00360605318167159,-0.291376580229945
"ENSG00000134419",-1.56688475816739,4.3144295507598,-3.83467087423814,0.000285829147036213,0.00362489065272865,0.125294392492179
"ENSG00000259519",1.71919001720699,-6.46183662704752,3.83430020203338,0.000286180607435876,0.00362705951454511,0.2617372012838
"ENSG00000166136",-1.74067918291744,1.56957482670432,-3.83400426815651,0.000286461500444624,0.00362906492627536,0.233541737004107
"ENSG00000112312",-2.77959013279285,0.928980879784824,-3.83258694936613,0.000287810450733003,0.00364082937078923,0.229649532798247
"ENSG00000283084",-3.83700599751796,-4.54712754519573,-3.83198690480072,0.000288383382638728,0.00364692945858513,-0.215944536986495
"ENSG00000100346",-1.55073167854361,4.09427537152862,-3.83059647568307,0.000289715189478663,0.00365801823097399,0.217359093636253
"ENSG00000167676",1.84017222999308,5.1552402945645,3.82864454975122,0.000291594767668785,0.00367601131188856,-0.0188979315122761
"ENSG00000116717",2.57028926069994,3.54417695940307,3.82811350937865,0.000292108143520522,0.00368116226413732,0.0822781519382545
"ENSG00000235419",-4.00040345027807,-4.92206831272602,-3.82769389113167,0.000292514416009171,0.00368410543621576,-0.218068294531151
"ENSG00000136026",2.02229770840597,7.37677996500894,3.82666794789573,0.000293510010948959,0.00369548683375197,-0.790802861988062
"ENSG00000248429",2.52446026386208,1.05677469208022,3.82655153357816,0.000293623186518384,0.00369575433450597,0.163996675051413
"ENSG00000140795",4.42958667764804,-3.10848810745863,3.82576830322523,0.000294385714417289,0.00370167335549894,-0.329393725224667
"ENSG00000165949",-5.80818825101673,3.97838573349308,-3.82576615184606,0.000294387811541497,0.00370167335549894,0.147255002463725
"ENSG00000169860",4.30322721017774,-1.91279912861141,3.82189835541182,0.000298181301884863,0.00374258029921176,-0.321257988517659
"ENSG00000252438",3.44857755812761,-5.21961917255441,3.81994796363539,0.000300111941597771,0.00376211421144796,0.124834151908343
"ENSG00000169429",-4.67103668880249,-1.17326753294601,-3.81974558527586,0.000300312954777043,0.00376346053863675,-0.0776696574269975
"ENSG00000262766",2.54953254777508,0.92600919888307,3.81887858997166,0.00030117556235773,0.0037719189900017,-0.0187660157776639
"ENSG00000121316",1.90487370529179,8.41623074123345,3.81751931674088,0.000302532735895214,0.00378400096199067,-1.14126127773601
"ENSG00000167434",2.53112766452755,5.02600637337168,3.81744121738781,0.000302610892313815,0.00378400096199067,-0.108666000973193
"ENSG00000183918",-1.97142263484018,3.09931738694121,-3.8165094723561,0.000303544811182246,0.00379449891142682,0.235438131140556
"ENSG00000171811",3.33344662826035,-3.96308760223022,3.81598724488198,0.000304069463754075,0.00379869502232484,0.0858682603634957
"ENSG00000219222",-3.30909711088864,-4.35600419924859,-3.81497009576602,0.000305093830778368,0.00380912490215899,-0.311842134306127
"ENSG00000200816",3.01831231069008,-4.76540413024705,3.81316405596506,0.000306920836996345,0.0038295566384007,0.118035954048064
"ENSG00000223188",2.93569374655469,-5.36702937549339,3.80984703360814,0.000310303697872285,0.00386098089194107,0.110692113929863
"ENSG00000142583",-2.00921318577213,1.54754331209704,-3.80881834026067,0.00031136004369674,0.00387292589006694,0.200859930200322
"ENSG00000088543",-2.0583240659744,2.80886246174252,-3.80854328094444,0.000311643079933604,0.00387524747896404,0.205116448320444
"ENSG00000188305",1.63659035407424,6.21948687012707,3.80544899208841,0.000314844129607509,0.00391142265095213,-0.26882725222298
"ENSG00000178562",-1.79638309986625,4.6543019984411,-3.80372108878615,0.000316645325185967,0.00392894301331057,0.0913759811148216
"ENSG00000201944",2.22405631503418,-5.88014090696083,3.80313450801994,0.000317259027127457,0.00393534323004568,0.087974270899231
"ENSG00000266315",3.35813521700771,-5.55445298861211,3.80044625764419,0.000320086171158079,0.00396796307520725,-0.0482272703218465
"ENSG00000211637",-4.19015824038647,2.61623694987094,-3.79937499698091,0.000321219488547716,0.00397901246339581,0.185967319571937
"ENSG00000233327",3.68460983004979,-4.33166250749667,3.79930302191767,0.000321295770607449,0.00397901246339581,-0.156434992158657
"ENSG00000105289",-2.59483393247359,1.87020011108131,-3.79898523502247,0.000321632781300358,0.00398099786756065,0.0542925562649392
"ENSG00000211788",-2.40015893127089,2.33688264476296,-3.79875904259593,0.000321872862874512,0.00398168951030817,0.12148293968586
"ENSG00000126860",-1.96553159521242,3.24948416246225,-3.7987450752361,0.000321887693510964,0.00398168951030817,0.0982069856872894
"ENSG00000234171",-2.16343776038823,0.958300379541566,-3.797476179788,0.000323237748113026,0.00399354492379881,0.0539811237402121
"ENSG00000222179",4.59136185441261,-3.60906082503593,3.79576326881416,0.000325068818277649,0.00400748746777002,-0.239844512702533
"ENSG00000103723",4.74430614227033,0.139698932189719,3.7954959149777,0.000325355508981673,0.00400979220480724,0.0468025395177332
"ENSG00000241886",3.24726877864938,0.321734701056794,3.79359998008644,0.000327395526522073,0.00402999233228426,0.0473578063911848
"ENSG00000184574",-1.89191895182551,4.1719201804207,-3.79163549825709,0.000329522214391201,0.00405120858194344,0.131935561937058
"ENSG00000282416",5.00506741514535,-0.755641365625593,3.79087600621911,0.000330347956420663,0.00405570983785844,-0.3918847496266
"ENSG00000188313",1.97718632389109,5.74855235798949,3.79083484968513,0.000330392759538988,0.00405570983785844,-0.385706079963596
"ENSG00000166446",1.81148350530694,2.12161630712547,3.7901036504795,0.00033118971530858,0.00406301157608652,0.159084584723399
"ENSG00000143994",-3.5561397874963,-1.25970415218554,-3.78881951423281,0.000332593788983781,0.00407899191724405,-0.296901830200724
"ENSG00000258572",-4.17022863761945,-0.711142545593428,-3.78791309784001,0.000333588292261205,0.00408869406264786,-0.079917473438182
"ENSG00000142676",-1.96186833039886,7.99247363042326,-3.78585741697288,0.000335854305135554,0.0041127062976118,-0.818287608397933
"ENSG00000211721",-1.69924124118746,2.07310594458397,-3.78299145956667,0.00033903809910726,0.00414538006700428,0.0784059481948116
"ENSG00000201348",1.82416846111284,-6.14807295151348,3.78288785375069,0.000339153734120529,0.00414553311617923,0.0972745640645076
"ENSG00000230202",-2.4671133692838,3.16230133125181,-3.78152112346403,0.000340682686562327,0.00416295603804823,0.0797139622250311
"ENSG00000224650",-2.74474743755668,2.47782330290776,-3.7806004500425,0.000341716353897686,0.0041730500787955,0.124314330312798
"ENSG00000100575",-1.85198293269165,2.49941961068077,-3.77999700086819,0.000342395491658801,0.00418007396163593,0.129418634313178
"ENSG00000211962",-2.75292856882446,2.88687892568225,-3.77852946701025,0.000344052487339578,0.00419520718714762,0.124007962459412
"ENSG00000278030",-2.47664860617076,2.87992141655388,-3.77763183863086,0.000345069780575168,0.00420517992765402,0.0778974641159333
"ENSG00000253209",-4.15376009870494,-5.03076461071745,-3.77655537859833,0.000346293541473015,0.0042169325586,-0.289158736988111
"ENSG00000228340",3.86816868698796,1.31833144179482,3.77624903092037,0.000346642567570421,0.00421761604100649,-0.0952141634264665
"ENSG00000223086",2.61152227511973,-5.39067244987017,3.77335670658845,0.000349954464567642,0.00424784703639745,0.0275898632760301
"ENSG00000250280",2.67245433488885,-5.76950792589915,3.77282221391874,0.000350569798026811,0.0042540316994488,0.0243994736603454
"ENSG00000272053",-2.3004796881215,2.16541290183397,-3.77167399121287,0.000351895189063838,0.00426879502174799,0.0882776796150972
"ENSG00000233421",2.66727828024098,-5.7720683768698,3.77076896064128,0.000352943240960909,0.00427895783266299,0.0172415536958486
"ENSG00000242894",2.91956843823432,-5.7121716018068,3.77067101525177,0.00035305684349698,0.0042790446856393,-0.248417830854124
"ENSG00000211592",-3.57852782129597,8.58560558324123,-3.76981621748055,0.000354049771631379,0.00428978568991099,-1.14096019131778
"ENSG00000253328",1.81587551670205,-6.25783280307706,3.76838832351718,0.000355714366017565,0.00430543311305276,0.0957529931074106
"ENSG00000105974",-3.89783348503702,-1.52146513745136,-3.76824820869589,0.000355878110286414,0.00430545043326344,-0.119399896351798
"ENSG00000077585",1.55837171400069,2.96129353100195,3.76710806450223,0.000357213215477012,0.0043190032146186,0.0932249317814433
"ENSG00000164867",-2.55658574697203,1.6529278613217,-3.76522808273766,0.000359425137548619,0.00434313476998184,-0.0166486557420162
"ENSG00000123545",-2.10827694819003,1.05679690549123,-3.76497879460611,0.000359719423351719,0.0043453846927842,-0.0371534392182378
"ENSG00000125691",-2.48447517486816,6.15960355593999,-3.7644546301635,0.000360338953879931,0.00435004577774507,-0.344766683983862
"ENSG00000211652",-3.18359239579299,1.60358906258732,-3.75986913243783,0.000365802422987358,0.00440430937674087,0.0638134936916446
"ENSG00000224321",-3.44427205124364,-3.12311416772547,-3.75924653190086,0.000366550311594754,0.00441121563649167,-0.424572441423832
"ENSG00000235084",-2.48428278308281,-1.91872549002656,-3.75862747879229,0.000367295388646557,0.00441699348320936,-0.40094746310823
"ENSG00000159496",2.12615649700617,5.6124333578548,3.75777488536922,0.000368323920459408,0.00442539098933327,-0.432860198422957
"ENSG00000257075",3.0291633322122,-5.75183329727395,3.75727269575105,0.000368931028664267,0.00443136098427274,-0.133792648575383
"ENSG00000211664",-3.7662666210719,-1.31608271451552,-3.75621172253784,0.000370216810917047,0.00444414936771787,-0.218251741401834
"ENSG00000170819",-4.06371725505698,-3.50716998065034,-3.75381391576732,0.000373138492169291,0.00447403420612347,-0.312694138827667
"ENSG00000259090",1.59606463159927,-6.41485111499774,3.75291960153265,0.000374233831576873,0.00448166472953633,0.0301154197688067
"ENSG00000132669",1.50128994976236,3.39243828397025,3.75077837320234,0.000376868874758163,0.00450784959923466,0.0192011732712611
"ENSG00000268521",3.61971577191045,-4.09167692729398,3.75024992874726,0.00037752191437026,0.00451297532010502,-0.260675000439767
"ENSG00000187193",-2.13214007018304,0.27978691412087,-3.74874870049049,0.000379383005870193,0.00453252766775438,-0.115237162512146
"ENSG00000211647",-3.67926275346909,-4.38073155249364,-3.74653325114568,0.000382145558377423,0.0045587583791956,-0.422503946873704
"ENSG00000112378",-2.92843819448989,0.426281774848642,-3.74505858311295,0.000383995043917078,0.00457810461315373,-0.149951885812656
"ENSG00000249173",5.85880235808908,-2.46326727422723,3.74455349193284,0.000384630479574404,0.0045843209427365,-0.3497159539516
"ENSG00000011478",-1.67073189744162,2.67376579302594,-3.74396352824464,0.00038537396283425,0.00459182099995925,0.0256854143174676
"ENSG00000182263",1.85675243363541,-6.30345401447007,3.74154158849336,0.000388440557852037,0.00462561827807097,0.00353949126458541
"ENSG00000275248",1.77758542172903,-6.10881709174934,3.74051315882708,0.000389749771040627,0.00463983425980909,-0.0102338487628302
"ENSG00000226221",-2.98500679626725,-1.33214459395905,-3.74017956510104,0.00039017534827228,0.00464332675728223,-0.499432189208709
"ENSG00000160050",-2.45318817602596,2.12947976256286,-3.74001171906046,0.000390389643291725,0.00464332675728223,-0.0367096942029717
"ENSG00000163803",1.77252141550328,5.66248395733198,3.73975713383788,0.000390714896055127,0.00464582083738782,-0.45708233455272
"ENSG00000267385",3.67455348467441,0.164990081847539,3.73962675816987,0.000390881561556336,0.00464642830800941,-0.374925569636459
"ENSG00000155926",1.95302171722134,8.60807518838056,3.73858992432974,0.000392209417412286,0.00465848242625927,-1.31497917898588
"ENSG00000120306",2.07386047149288,5.89563362046431,3.73492913190252,0.000396932302464772,0.0046989023626881,-0.756030366874882
"ENSG00000184557",2.40320502665985,6.14698282755222,3.73453993095456,0.000397437605352847,0.00470349914936566,-0.755606920620957
"ENSG00000167680",3.62011216580294,1.43293224440033,3.73180849773624,0.00040100118376971,0.00474272719724039,-0.0115711195503172
"ENSG00000237550",-3.08033215662832,1.70613605540079,-3.731728337287,0.000401106225327529,0.00474272719724039,-0.0238127142162377
"ENSG00000230724",1.74626995938436,4.22929215773656,3.72932818069518,0.000404263577637991,0.00477584612054144,-0.157687179399592
"ENSG00000225972",-2.8027611173727,2.8758862255697,-3.7269033625066,0.000407477479844182,0.00480534163822112,-0.245103216264959
"ENSG00000259375",2.7762817245443,-5.5739796462527,3.72477592529558,0.00041031732006573,0.00483316053363097,-0.110645560940672
"ENSG00000115274",3.32497997949173,-2.93436587396876,3.72381119747445,0.000411611323519329,0.00484272707876034,-0.219767646779424
"ENSG00000242324",2.07780648804163,0.853943001172427,3.72229029645827,0.000413659251688951,0.00486397462310594,-0.0986828626194365
"ENSG00000215196",3.67810881621734,-0.508805705389728,3.72168465636555,0.000414477466920689,0.00486932294714949,-0.171323327759341
"ENSG00000211611",-4.0861218743517,-0.622383353073416,-3.72095261165393,0.00041546851778761,0.0048766906137511,-0.187873285527586
"ENSG00000150779",-1.98776360826999,1.42745759312241,-3.71924367028629,0.00041779092153707,0.00490108859866743,-0.0458450950747364
"ENSG00000211964",-2.1472323449742,2.76354399574826,-3.7187228773435,0.000418501126621556,0.00490798783326715,-0.0671872582110016
"ENSG00000228403",3.53249127100354,-4.22310190094781,3.71770065130791,0.000419898490576974,0.00492293937537927,-0.356356632245443
"ENSG00000167799",-3.75817035024538,-0.774886718998399,-3.7172888379358,0.000420462690257206,0.00492668058109012,-0.387446860050362
"ENSG00000224083",4.33286961736642,-2.64406636715265,3.71579027702281,0.00042252189277999,0.00494504370699888,-0.577701432373626
"ENSG00000150045",-2.30037443695811,2.17716299199183,-3.71319657142529,0.000426108739564424,0.0049789815511758,-0.0688801199706282
"ENSG00000183508",-1.86026616909257,5.92404693966366,-3.71284755367826,0.000426593612004459,0.00498254398309217,-0.734642763345187
"ENSG00000260405",-1.62290627398016,-6.5514806365056,-3.71231269586425,0.000427337685195296,0.00498978496085428,-0.0637953772872155
"ENSG00000259531",2.27033817804103,-5.20314495492039,3.71181541046699,0.000428030600963092,0.00499497422929411,-0.175246381931254
"ENSG00000170128",-2.80303941609902,1.64561662881649,-3.71027876750679,0.000430178541349187,0.00500840941770056,-0.204924837758068
"ENSG00000251102",2.845509472263,-4.14949217376177,3.70760404635099,0.000433941877965701,0.00504098239496654,-0.399165868684612
"ENSG00000248112",-1.79864565030868,-6.54822253022241,-3.70606118345737,0.000436126965073568,0.00506300209352803,-0.0985490801763031
"ENSG00000127585",-2.12422717385513,3.50773607423838,-3.70400723872496,0.000439052182542109,0.00508814524144072,-0.0939395913094341
"ENSG00000138738",3.82905428093094,-0.69843006123587,3.70379302564091,0.000439358340264922,0.00509022593525372,-0.389859300574162
"ENSG00000182985",-2.57252874898207,0.0687268379363893,-3.70041458912311,0.000444213913218291,0.00514055490477886,-0.227821927985078
"ENSG00000131153",-3.45133295123822,0.3373362068524,-3.69939575340459,0.000445688235932541,0.00515391384999957,-0.149999372364761
"ENSG00000228519",-2.42299293504713,-2.54393083032645,-3.69935113441581,0.000445752909219653,0.00515391384999957,-0.690903251770767
"ENSG00000104490",-1.95539503336203,3.13025706285959,-3.69670063202599,0.000449610812475046,0.00519553144096631,-0.108684384095681
"ENSG00000237352",-4.05207698211475,-3.22199584189232,-3.69631435046799,0.000450175713726651,0.0051990703944955,-0.504061456557979
"ENSG00000175066",1.68899338993105,3.73659629568178,3.69577794626474,0.000450961279346974,0.00520365825267137,-0.207723133423481
"ENSG00000007264",-1.86155491366793,6.00587954728798,-3.69527316328642,0.000451701730629417,0.00520962080220825,-0.420475172826833
"ENSG00000245532",1.92161403549699,8.37243864769926,3.69508230783532,0.000451981993114804,0.00521094926504197,-1.37868958397856
"ENSG00000269385",3.47990288534517,-4.53184247030234,3.69487876088188,0.000452281075408189,0.00521261592290393,-0.247421376311499
"ENSG00000134321",-3.76779847014486,4.60270443360524,-3.6946325803385,0.00045264305391001,0.00521408482902298,-0.348157043239943
"ENSG00000213178",-2.03097171644698,-0.586070720482534,-3.69386578261716,0.00045377230960348,0.00522371846833528,-0.534816974678392
"ENSG00000237729",-3.25557694738984,-2.29904431747107,-3.69380009240818,0.000453869175909038,0.00522371846833528,-0.605681328559031
"ENSG00000233297",-3.58770471259455,-0.772407176120312,-3.68889450703119,0.00046115895496897,0.00528643065516468,-0.371246373952065
"ENSG00000219133",-3.23411608190187,-2.70634236517547,-3.68808677261216,0.000462369925604688,0.00529729146456531,-0.637950225110036
"ENSG00000041880",-1.84390218261671,3.10279339247243,-3.68693818767781,0.000464097133025181,0.00531526584758802,-0.135509418329444
"ENSG00000116251",-1.5745152423564,7.10763333819758,-3.68672076771413,0.000464424774994736,0.00531628838392323,-0.748770031482951
"ENSG00000230979",-1.89854132978731,3.42512016808097,-3.68546971721433,0.000466314344806903,0.00533336252914001,-0.159654351952047
"ENSG00000021355",1.79102960794753,7.89607104348686,3.68508576736793,0.000466895727331374,0.00533849318264388,-1.41572690806103
"ENSG00000276248",3.86437233563328,-1.20979358652405,3.68476480353628,0.000467382266264392,0.00534253678372508,-0.502877666063965
"ENSG00000230287",1.69733180328566,-6.54013469791074,3.68430545174125,0.000468079424951673,0.00534594575054181,-0.171657471434844
"ENSG00000237989",-2.88104732176338,0.0834842896565551,-3.68420306464149,0.000468234953149669,0.00534620323388895,-0.369788731814185
"ENSG00000184979",-3.78457440778379,1.85399169141204,-3.68371721296531,0.000468973644723578,0.00535016845025894,-0.184997856876179
"ENSG00000163754",2.64541365738093,6.13529495760082,3.68263921952698,0.00047061660500104,0.00536577673121152,-0.859422447076267
"ENSG00000259459",-1.64877246923394,-6.54978635152366,-3.68225236684961,0.000471207541825297,0.00537099109624627,-0.149251270544971
"ENSG00000164741",5.1685264255362,-2.45187553276946,3.68129215797522,0.000472677370335512,0.00538164136001933,-0.584333015986894
"ENSG00000181016",1.64709876492947,2.50157133051617,3.68057044810159,0.000473784998068334,0.00538967303122331,-0.169295333278233
"ENSG00000213860",-2.96454550718331,-2.26721839951028,-3.67737943483749,0.000478712084090945,0.0054364924306848,-0.688619771541587
"ENSG00000253683",-2.80009110373524,-2.11160623363426,-3.6771782890826,0.000479024295701816,0.00543769164622876,-0.638122302989631
"ENSG00000233966",-2.86394357656785,-2.03127772719981,-3.67578165009958,0.000481197474912664,0.00545394550129238,-0.565636046598656
"ENSG00000234160",-2.73616707182554,0.0611220765186866,-3.67578095131534,0.000481198564575993,0.00545394550129238,-0.484949989213729
"ENSG00000211639",-4.33359662804682,-0.471490263007753,-3.67426919094233,0.000483561478444607,0.00547763836473094,-0.280735882197524
"ENSG00000157240",1.75908894771523,2.46371375360277,3.6740688695304,0.000483875414439197,0.00547965053839003,-0.172307270428124
"ENSG00000259626",4.69376747458118,-4.31893831802286,3.6733464999263,0.000485009099781967,0.0054909422217501,-0.423314418862678
"ENSG00000262222",-2.71143846844185,2.05425759245559,-3.67242426698571,0.000486460133066452,0.00550581933264006,-0.271144084041964
"ENSG00000162004",-3.62752855077127,-0.284850399462845,-3.67121967462812,0.000488361666325851,0.00551990161372478,-0.45987010162017
"ENSG00000163273",-1.65839874968565,-6.55843577189522,-3.67104415686848,0.000488639324516599,0.00551990161372478,-0.299695060401286
"ENSG00000198312",-1.52756994998046,-6.48948283189877,-3.67103888538693,0.000488647666001738,0.00551990161372478,-0.182389971112418
"ENSG00000197635",-1.52344891323068,4.12139070528007,-3.66966335982199,0.000490828917919943,0.00554122554288614,-0.225184571584144
"ENSG00000172216",2.06562986130531,8.92871894094635,3.66854377845024,0.000492611157192463,0.0055551062388363,-1.68416684780308
"ENSG00000211706",-4.27243871542159,0.361591397436603,-3.66770815040294,0.000493945398005442,0.00556474351355259,-0.448985685593675
"ENSG00000277447",-2.93278627089556,-4.33609061029329,-3.66438246169646,0.000499289735375038,0.00561938576191133,-0.686927935571647
"ENSG00000133687",3.78325138038716,1.22750123320068,3.66071901973681,0.000505240660831848,0.00567207066371459,-0.244102158696609
"ENSG00000214298",-1.56892703817666,-6.42646791956018,-3.65938580628749,0.000507423083303953,0.00569048385219072,-0.213111361055469
"ENSG00000126787",-3.19882651917862,-0.144814732782084,-3.65780231285808,0.000510026884937716,0.00571144869868136,-0.275821483750932
"ENSG00000273018",4.2516193888558,-3.15827441422555,3.65756979449746,0.000510410295276649,0.00571415056828512,-0.701719739163873
"ENSG00000177954",-2.90641676589938,7.91018882408952,-3.65709473222731,0.000511194502101203,0.00571815285850655,-1.10322565219068
"ENSG00000224478",-4.00298341777837,-2.86538714088116,-3.65665517778931,0.000511921117703439,0.00572468783697181,-0.578686328123476
"ENSG00000213073",1.59955812276623,2.82763609043983,3.65519679942234,0.000514338984306936,0.00574510083454122,-0.240948598526476
"ENSG00000113396",2.08240678560445,-5.98219411887682,3.6548960277952,0.000514838990492345,0.00574772482526333,-0.264088848238884
"ENSG00000211599",-3.54953862478252,-0.297413157274016,-3.65173633417445,0.00052011978522222,0.00580023888899821,-0.370312584911231
"ENSG00000277998",-2.49388278882975,-3.74319593534051,-3.65165035487172,0.000520264201624982,0.00580023888899821,-0.801421202840382
"ENSG00000184005",2.54707367232329,1.02748371109545,3.65070721081103,0.000521850879152521,0.00581470317175433,-0.244485001046628
"ENSG00000180673",2.06140184832058,-5.34455553721686,3.64850007209866,0.000525582059411229,0.0058546550159186,-0.323520176410435
"ENSG00000279549",4.03855947933242,-2.065760227449,3.64571583959745,0.000530325102315827,0.00590258299094709,-0.767056779257051
"ENSG00000187736",3.2435545964396,-4.68546696415881,3.6440101096422,0.000533251000999175,0.00592530589888581,-0.400506112683736
"ENSG00000099954",3.97107475297778,-3.06886118704024,3.64298335245874,0.000535019645368658,0.00594003308011897,-0.629724068919723
"ENSG00000106025",1.63133930500232,-6.2148584572981,3.64071387254425,0.000538948803894685,0.00598035324708091,-0.278706307336415
"ENSG00000179241",2.46875774533413,1.66655471879597,3.6391293841187,0.000541708320492609,0.00600434460999279,-0.303352712735934
"ENSG00000277545",3.0789150135476,-5.43433506584547,3.63760869865578,0.000544369377925515,0.00603092975630767,-0.35096025205987
"ENSG00000225964",-3.83886872838357,0.00936844858206651,-3.63628563056034,0.000546694753158788,0.0060496070648196,-0.358378082578073
"ENSG00000211785",-2.28437231570795,1.3903180365462,-3.63460250033658,0.000549666642241553,0.00607880918188215,-0.425925707506233
"ENSG00000242076",-4.10694282011245,-1.94750372473909,-3.63453433293747,0.000549787328623538,0.00607880918188215,-0.558288135215337
"ENSG00000213071",-3.83531449089182,0.296511688310476,-3.6295446350091,0.000558690186824665,0.00616368355947453,-0.511714859990353
"ENSG00000145354",-1.61348137359915,2.58710043898709,-3.62874270264208,0.000560133782834546,0.00617452655264996,-0.353617306686932
"ENSG00000211972",-4.12365944979605,-2.1228919526417,-3.62704702883561,0.00056319795462249,0.00620660202076024,-0.630588881423315
"ENSG00000232043",2.837595120644,-5.36176212335289,3.62582223133926,0.000565421153802677,0.0062259822583334,-0.487086762940974
"ENSG00000221855",1.50275981288743,-6.24328960167654,3.62515517852978,0.000566635472934767,0.00623764492960666,-0.317957744277793
"ENSG00000172508",-2.29019712084881,3.44885176002855,-3.62138663573263,0.000573542617493958,0.0063016016147833,-0.319390374364233
"ENSG00000169583",-2.23151957998065,4.23433604443186,-3.62096222832153,0.000574325494610129,0.00630847910773672,-0.346900449039419
"ENSG00000218208",-2.8318388650149,-3.50005275263107,-3.6199912949573,0.000576120342602927,0.00632301119664834,-0.816039422914447
"ENSG00000046647",-1.52543582543801,2.44419090831011,-3.61976475691647,0.000576539884285151,0.00632428837546815,-0.324450289345739
"ENSG00000254291",2.54224751980738,-5.86493335905908,3.61975857442931,0.000576551338144639,0.00632428837546815,-0.415645042904344
"ENSG00000232909",1.51851245102319,-6.2644856012468,3.61953997306607,0.000576956464862589,0.00632700594664642,-0.328494934162475
"ENSG00000138772",2.06204214905925,5.37295651517828,3.61826784659586,0.000579319440090854,0.0063477242111018,-1.02324850040296
"ENSG00000088325",-1.54196561219749,2.27000034524703,-3.61696562251154,0.00058174786672355,0.00636739116199841,-0.367470709654847
"ENSG00000239039",1.97328747515412,-5.65990179882437,3.61404566441275,0.000587228380414988,0.00641340813622476,-0.400613946294901
"ENSG00000276566",-4.22213103220579,-2.49500871314387,-3.61391387397872,0.000587476895880369,0.00641437973063079,-0.481198953610561
"ENSG00000204933",4.86522350265222,-2.93787784930902,3.61373975244511,0.000587805388109075,0.00641622378842277,-0.505777053968455
"ENSG00000139572",3.41647098506197,2.51274671485614,3.61279958042461,0.000589582111243164,0.00643387080244237,-0.405041778003216
"ENSG00000111837",2.18710204350128,2.66438033361622,3.61159744718163,0.000591861335237376,0.00645523857819126,-0.354238948836411
"ENSG00000128512",1.53860484160033,2.71715497838683,3.60689850975768,0.000600851186444744,0.00653909566796199,-0.381784287234145
"ENSG00000227191",-1.80724899496976,4.02006672256815,-3.60641831994631,0.00060177715607041,0.00654385859571074,-0.413146725824851
"ENSG00000147604",-2.64525959394843,6.82053062357053,-3.6040460115961,0.000606371744984829,0.00658669464790059,-0.984097012667336
"ENSG00000118520",3.13290957682306,2.81080317114543,3.60307687393635,0.000608258322257169,0.00660361897687894,-0.487097513218799
"ENSG00000206645",2.22849970710696,-6.08509748119652,3.60156385554369,0.000611214823110624,0.00663392503204462,-0.408289465739086
"ENSG00000259651",4.31850567192567,-3.21466283660488,3.60042867120006,0.000613441996793213,0.00665270978016745,-0.857193562580387
"ENSG00000274765",4.00027471344874,-3.23837077692806,3.60022559597204,0.000613841233702505,0.00665524414166885,-0.871059360219419
"ENSG00000282308",2.95069634140842,-5.55320738167832,3.59933184345649,0.000615601252900749,0.00667252671046533,-0.448062038430215
"ENSG00000241244",-3.85046977637962,-0.146247644437819,-3.59819097874091,0.0006178548765816,0.00669154141927088,-0.549790142994529
"ENSG00000251587",3.4772612436534,-3.88392151661698,3.5969320615753,0.000620350809590835,0.0067132277673815,-0.81541519507859
"ENSG00000140807",-3.03607718479023,-0.105098321645426,-3.59687230114498,0.000620469529061293,0.0067132277673815,-0.692287893098956
"ENSG00000171596",-2.01034662663327,3.90823915473666,-3.59673782584524,0.000620736755421477,0.00671370972328604,-0.440507868380895
"ENSG00000186940",-2.58692624866637,-2.86823059703367,-3.59609536163472,0.000622014958633943,0.00672455220929807,-0.862835083185042
"ENSG00000216775",-3.66382991550833,-3.49975844718274,-3.59260830741441,0.000628996374961801,0.00678843282314478,-0.725666311476286
"ENSG00000172901",1.99730529779372,-6.05685342575921,3.59157709282778,0.000631075210549831,0.00680173877064995,-0.425217115750681
"ENSG00000235917",4.3876571720124,-2.91868714027636,3.59133292555079,0.000631568386172115,0.00680522976705746,-0.854286379050643
"ENSG00000239264",-2.08905400938278,2.63703046825663,-3.59112388421513,0.000631990904857595,0.00680795775913318,-0.452364152261731
"ENSG00000278029",-3.72085691146472,-4.99423111644165,-3.59067072992348,0.000632907753436344,0.0068123581000396,-0.792267172921894
"ENSG00000133106",-2.25580494498909,5.90534255079027,-3.59036204952162,0.000633533018461025,0.0068145351332206,-0.949672555169865
"ENSG00000069956",1.52717319297058,2.7370390477732,3.58911974538232,0.000636055385834863,0.00683708519286983,-0.434568653826602
"ENSG00000244245",-2.5756612849387,-0.58307053662893,-3.58683783783942,0.000640713474521642,0.00687796077509187,-0.752720132289141
"ENSG00000254094",3.07876953542841,-4.24461013566356,3.58359776413551,0.000647383272752601,0.00693289886286629,-0.546087963208276
"ENSG00000216867",-3.60952204022325,-2.8041351412195,-3.58334355868127,0.000647909348197004,0.00693668485118934,-0.838274380986947
"ENSG00000211694",-3.65198214214133,0.355197507614682,-3.58324598206731,0.000648111389943138,0.00693700055870449,-0.640931899685487
"ENSG00000225750",2.714405901897,-4.99425961234887,3.58146644650001,0.000651806620111304,0.00696727725118709,-0.485670648339472
"ENSG00000164120",3.4322898483329,1.44764047747841,3.58068102444766,0.000653443927114031,0.0069810663720006,-0.43607126988581
"ENSG00000109686",-3.64837328316387,-3.07030825790171,-3.57857129650294,0.000657861300340435,0.00701579799809766,-0.809182166200112
"ENSG00000143365",-2.83015798887883,2.37520685306776,-3.57855747621507,0.000657890330850377,0.00701579799809766,-0.489031852553574
"ENSG00000172543",-2.34386069701648,7.29530974101186,-3.57854502665975,0.000657916483081144,0.00701579799809766,-1.04319546984369
"ENSG00000235174",-3.2305423465442,0.2881177426885,-3.57652670602267,0.000662169380172377,0.00705740546704398,-0.589316964818551
"ENSG00000236844",-2.91646312256575,-2.71722000183255,-3.57212452755534,0.000671536304605826,0.00713865468351848,-0.935571376120939
"ENSG00000214535",-2.66203107340743,-0.521776882222096,-3.57152378667975,0.000672824286139383,0.00715011418222983,-0.622317971996306
"ENSG00000165029",1.78073498706716,4.0160649960365,3.57124341912059,0.000673426194681082,0.00715461941822644,-0.671603944958715
"ENSG00000149554",-3.52206338421966,-0.408573670663625,-3.56994784599726,0.000676214259002528,0.00718234230922579,-0.580426431640888
"ENSG00000123119",5.18018152921857,-4.29659444838221,3.56884339613204,0.000678599691189301,0.00720577516777398,-0.887971792730186
"ENSG00000268170",3.2584419928128,-0.925944827161135,3.56546237456187,0.000685951988742249,0.00727423947544603,-0.610903662709552
"ENSG00000274536",1.6411469139474,7.38879967561639,3.56484859521141,0.000687294797395044,0.0072865573430579,-1.5630775274579
"ENSG00000219747",-2.41490850873032,-0.00754104494098331,-3.56423702705251,0.000688635254011702,0.0072988437863903,-0.761848748459856
"ENSG00000225752",-1.52756994998046,-6.56800267466014,-3.5622126075765,0.000693090201937055,0.00733832296504438,-0.488654244992627
"ENSG00000228205",-1.91399251444411,0.134306794878113,-3.55784585313401,0.000702793174505352,0.0074176138622904,-0.666187425033954
"ENSG00000189046",-1.74648007112292,2.06605937457066,-3.55675162658807,0.000705244712099383,0.00744153488604183,-0.504095201625812
"ENSG00000073861",-1.53607603077572,6.08744588375137,-3.55571616175806,0.000707572082045183,0.00746104241807199,-0.883857827843376
"ENSG00000211950",-4.70995293916413,1.64130829310571,-3.55568144719555,0.000707650234816887,0.00746104241807199,-0.532666587253432
"ENSG00000227220",1.72784651570684,-6.34950860340037,3.55470291731755,0.000709856573899435,0.0074803811229109,-0.554122846431885
"ENSG00000272529",-2.23961639731896,0.967575359455952,-3.55459315688233,0.000710104463540077,0.00748103240126787,-0.624333863371717
"ENSG00000154027",-3.75522342750175,2.10537626718618,-3.55273062420823,0.00071432348515144,0.00752153817445212,-0.558251457105911
"ENSG00000224721",3.7463052723009,-4.71736220250379,3.55201646642696,0.000715947510205951,0.00753271965592768,-0.816422883954489
"ENSG00000103056",-3.01620212243934,3.25629713582196,-3.5492716353755,0.000722222092892564,0.00759147851843792,-0.522628038375762
"ENSG00000272583",-3.60323022960451,-3.9042612835846,-3.54890362309281,0.000723067317684558,0.00759768748184909,-0.907554059632442
"ENSG00000072195",-1.82021038388858,2.38269860378202,-3.54864886773397,0.000723652972413678,0.00760185440213606,-0.520691504691622
"ENSG00000228548",1.71299208222861,-6.39416120048168,3.54783036426983,0.000725537674667327,0.0076196618591891,-0.544628656640313
"ENSG00000234985",-3.57904961888628,-2.82856836642536,-3.54701726836976,0.000727414543012892,0.00763619978794243,-0.917425246640478
"ENSG00000069869",2.74791554825609,0.658997696356052,3.54616061598957,0.000729396943194574,0.00765072812869677,-0.527232532415266
"ENSG00000105369",-1.62385102250903,7.23513870561601,-3.5457269138917,0.000730402540155935,0.00765874880525532,-1.2035863623725
"ENSG00000203327",2.50606885461876,-5.26886252529592,3.54521488133606,0.000731591452583067,0.00766921501349268,-0.57360376240963
"ENSG00000234782",-2.13981836288341,-0.0734052185576127,-3.5443727960758,0.000733550729586634,0.00768769583673357,-0.694451945398186
"ENSG00000169679",-2.02587420296492,1.61691417607102,-3.54429291296847,0.000733736852035886,0.00768769583673357,-0.549780110136624
"ENSG00000263800",1.54336914504463,-6.3452923584012,3.54356159921156,0.000735442852504182,0.00770356267753338,-0.534927756536089
"ENSG00000229917",2.27843570969302,-5.34967671671108,3.54315839847318,0.000736385045674053,0.00770997904876862,-0.568795267366674
"ENSG00000244232",2.87165001954111,-5.2838770981766,3.5426205735069,0.000737643611895028,0.00771915544597019,-0.591700422495085
"ENSG00000214485",-2.81518627576677,-1.83414436411614,-3.54243530495226,0.000738077632595392,0.00771915544597019,-0.950570402962243
"ENSG00000083817",-1.94673872048719,1.72343369881061,-3.54235086546682,0.000738275525838401,0.00771915544597019,-0.578020859600364
"ENSG00000140836",1.52617161671803,2.43151718866971,3.54158359796172,0.000740076013419666,0.00773596877054015,-0.540866005549661
"ENSG00000151882",-1.82678233424293,1.88385230634659,-3.54091936698648,0.000741638081365449,0.00774826770973331,-0.571318922637567
"ENSG00000171202",-1.86631185796848,1.10685341107535,-3.53998672921439,0.0007438366473657,0.00776316741884628,-0.584440783316823
"ENSG00000204661",-1.62290627398016,-6.57380405200871,-3.53896008250743,0.000746263985581296,0.00778445893833401,-0.547471038648109
"ENSG00000162062",-4.08779778531264,-2.57341961230552,-3.53836147688718,0.000747682761553182,0.0077936216318379,-0.784156695408786
"ENSG00000186854",-1.5744146388224,5.08481347312204,-3.53740537551526,0.000749954166647486,0.00781307295428681,-0.738540029059376
"ENSG00000264864",3.73093356899775,-2.82499925398381,3.53665552553977,0.000751740166128644,0.00782399228001522,-0.868508372378985
"ENSG00000280071",-2.07666557518844,1.35819627701638,-3.53651406393008,0.000752077553362938,0.00782479860256129,-0.661354353892705
"ENSG00000150687",-2.73375685105368,2.58238708872312,-3.53639061784265,0.000752372090933037,0.00782583772307631,-0.563936984434041
"ENSG00000163600",-2.8323806297019,2.09547185828316,-3.53508735271328,0.000755488322890465,0.00785418711063938,-0.563088482720447
"ENSG00000142945",-2.4318703748741,0.735225667633876,-3.53409404884177,0.000757871636523806,0.00787656615595845,-0.564628352691866
"ENSG00000225131",-2.14082242145028,0.553424546786804,-3.52967207687547,0.000768568555450279,0.00796750723729039,-0.702976557843983
"ENSG00000199730",2.59108660998849,-5.36809325888545,3.52600292964653,0.000777553055116189,0.00804819462455742,-0.626616376538168
"ENSG00000256553",-3.14944262479486,1.13851744754272,-3.52574308738229,0.00077819308806314,0.00805274608141939,-0.815368345221814
"ENSG00000010030",-3.97189133458173,2.16640682896218,-3.52519720457769,0.000779539314293606,0.00806460100700761,-0.607116862010551
"ENSG00000214456",1.79535302845326,4.54154043911582,3.52450829272913,0.000781241427482294,0.00807766443433306,-0.836486566673333
"ENSG00000188290",-3.88609563807298,1.74920551231962,-3.52417842980562,0.000782057677593466,0.00808114026727935,-0.599375083643604
"ENSG00000101546",-1.53404621304477,1.97498501462677,-3.52226738213405,0.000786802548226192,0.00811676572845506,-0.61419271316933
"ENSG00000227502",3.4650905906212,-4.9129925969846,3.51954511461221,0.000793608787763547,0.00817648910447722,-0.993859777859697
"ENSG00000249138",4.33064450674592,-1.82775047046757,3.51918288355693,0.000794518643886685,0.0081816697032614,-0.959332718554654
"ENSG00000176349",1.80017408746002,-6.29002033768482,3.51899087842753,0.000795001326071289,0.00818170075971774,-0.613120981216877
"ENSG00000211659",-4.42964526418216,3.96370523862601,-3.51895436927264,0.000795093138023014,0.00818170075971774,-0.705177900170585
"ENSG00000100427",-1.54061550321775,4.32690377418349,-3.51847395585871,0.000796302203038585,0.00819164308253766,-0.722301654207603
"ENSG00000171236",1.92251612118217,7.73584109356504,3.51811336686955,0.00079721085027187,0.0081988924539856,-1.85481553600391
"ENSG00000228692",-1.56387493133823,-6.42880165771137,-3.5165827651544,0.000801078777304016,0.00822907255888157,-0.612246316014825
"ENSG00000254911",3.43658131743521,-5.22380673880821,3.51520058688162,0.000804586930178549,0.00826206992772364,-0.67315269927709
"ENSG00000188672",-3.80620832000617,-1.85663804126357,-3.51472184338893,0.000805805441792046,0.00827139312698864,-0.731134759282755
"ENSG00000135424",3.00355295790642,1.3538951909855,3.51447068289063,0.000806445403005432,0.00827481319337019,-0.69039634057035
"ENSG00000105205",-3.3238484949165,3.71615288501307,-3.51361179927036,0.000808637500681517,0.00828884365180988,-0.618237113927584
"ENSG00000087995",-1.67570503732527,2.75330643094475,-3.51304150720646,0.000810096159755739,0.00830153633738258,-0.617887177406359
"ENSG00000109805",-2.67977395521833,0.266102290874159,-3.51290321783936,0.000810450244102356,0.00830153633738258,-0.625434704709518
"ENSG00000132170",4.1665272524775,-1.97384552517139,3.51152686255377,0.000813982362036473,0.00833512962776116,-0.859654125746228
"ENSG00000271178",-3.76080932284874,-4.44146311706942,-3.51123267081961,0.000814739234338144,0.00834075546189511,-0.971204727127298
"ENSG00000153044",-2.55924274931043,0.44491314835253,-3.50958513845349,0.000818990229754505,0.00837177371548758,-0.72467806627562
"ENSG00000269404",-1.63771428671843,3.21687371340262,-3.50742004815242,0.000824608653145729,0.00842034977743576,-0.635431618028639
"ENSG00000108691",-4.25285016966377,-3.38308205567679,-3.506438417871,0.000827168023874969,0.00843577090203488,-0.910152285617679
"ENSG00000130396",1.60191843140094,2.81561919939208,3.50542920493599,0.000829807167696329,0.00845839446139144,-0.655407326469433
"ENSG00000234184",-3.88462968458272,-2.80207553832158,-3.50400641348623,0.000833541416593865,0.00848570069129059,-0.94164041069408
"ENSG00000257303",-3.27399268371186,-2.59724836282362,-3.50317807533661,0.000835722805624908,0.00850575398271711,-0.999156301194691
"ENSG00000168824",-2.68924700622129,2.48796975568756,-3.50176464033695,0.000839457531653807,0.0085394412164844,-0.691260758024208
"ENSG00000094804",-2.67190020840949,0.527128266147093,-3.5015599546084,0.000839999684600576,0.00854279466742028,-0.654007060029811
"ENSG00000221996",1.57098101723769,-6.29441714442385,3.50121574177506,0.000840912153417482,0.00854774978298094,-0.651925569463697
"ENSG00000258738",1.74577467991923,2.14155179457801,3.50075912129787,0.000842124053342931,0.00855790475037728,-0.654142051987974
"ENSG00000241963",1.76742452138983,-6.29697683456523,3.49455430897534,0.000858757141634605,0.0087159188608923,-0.66734228337429
"ENSG00000138829",1.94558133224302,1.91514141346982,3.49397308581721,0.000860331075568406,0.00872748672722712,-0.669201634764426
"ENSG00000164109",-2.90994332256364,0.05536414259479,-3.49276386138311,0.000863614389760579,0.00875416684244953,-0.730190428905567
"ENSG00000211896",-4.0832775481716,7.90704587391758,-3.48852738393677,0.000875211378184508,0.00885398159333076,-1.72225303417683
"ENSG00000184206",1.75489981737974,-5.70055218068339,3.48816688887136,0.000876204991224245,0.00886168378797412,-0.684856113444106
"ENSG00000138119",1.6202626490817,4.18559839893499,3.48790853227089,0.00087691774351595,0.00886666175171737,-0.80491310059647
"ENSG00000201643",1.97997505287904,-6.18420709666002,3.48777896716581,0.000877275393760657,0.00886804761879958,-0.702623065846275
"ENSG00000223947",2.89812957380764,-5.46288396042864,3.48755272228229,0.000877900249620899,0.00887213319136736,-0.886196136774743
"ENSG00000203780",-3.67364772864565,-2.41777734101561,-3.48566135812341,0.000883140463617314,0.00891612579566631,-0.988566668766944
"ENSG00000232618",3.61822664856673,-3.09564966197365,3.48239396199244,0.000892263061181937,0.00900089655590644,-1.02212458172297
"ENSG00000115541",-3.06403496110916,0.387329611309636,-3.48159576012821,0.000894505189230832,0.00901501569753269,-0.816627647525725
"ENSG00000207870",1.66228339244069,-6.39052198487731,3.48134327511364,0.000895215524434574,0.00901991341185933,-0.741449397495642
"ENSG00000132481",-1.69342750250765,2.05054313878757,-3.4810741727417,0.000895973199286492,0.00902528553187561,-0.715650620983541
"ENSG00000106992",-1.77253174754896,2.42076583793208,-3.48073201668407,0.000896937439459712,0.00903047306315035,-0.70484644463362
"ENSG00000145725",1.50066941794272,4.07156714415058,3.47998461087603,0.000899047149056445,0.00904718234952871,-0.889759082057463
"ENSG00000145425",-2.74250887238771,6.10699130749042,-3.47953591203174,0.000900315954780075,0.00905541706631688,-1.23300779235843
"ENSG00000178718",-1.65975769521307,2.41831282918783,-3.47900834394363,0.000901809954102222,0.00906590742055952,-0.709396035772973
"ENSG00000181007",-1.72314673856525,1.37508221908467,-3.47798892509217,0.000904703467579478,0.00909044958851042,-0.781189898027703
"ENSG00000073737",1.77906960213162,4.88585353867359,3.47790695895512,0.000904936501762373,0.00909051905143701,-1.08261595538797
"ENSG00000234648",-1.87885398725327,0.204358311801459,-3.47681063053055,0.00090805889897492,0.00911277679894901,-0.9192838732561
"ENSG00000158525",-4.72250667462654,-1.71224917685852,-3.47496427993518,0.000913340492181549,0.00916120620426214,-0.925408429869168
"ENSG00000136840",-1.80467231629468,5.91059188899857,-3.47422439736548,0.000915465131198171,0.00917793745746356,-1.17897164976602
"ENSG00000165059",1.66945889397271,-6.08008494634119,3.47119504512011,0.000924213145354202,0.00925871339883619,-0.754749802236928
"ENSG00000143257",2.46984505026532,-5.32384409025603,3.46990581332933,0.000927960109744699,0.00928930585955089,-0.767345768582518
"ENSG00000114854",-3.64564510933208,-1.81013838127158,-3.46825346869827,0.000932783462746352,0.00932829869883802,-1.03880954382955
"ENSG00000160307",-3.49077375032308,1.41082426955742,-3.46755768709167,0.000934821617065854,0.00934403248366023,-0.745932413838101
"ENSG00000219329",1.93336878473988,-5.25805705233816,3.4645588291184,0.000943654571178621,0.0094112629795393,-0.757938227405766
"ENSG00000272916",4.20920200261303,-2.06095855668744,3.46389463410599,0.000945621586971672,0.00942854142843134,-1.15955871110524
"ENSG00000269940",1.52254477322812,2.70815282081331,3.46289466891311,0.000948590316624703,0.00945110976677728,-0.756056733604058
"ENSG00000173156",-3.78306179529491,-4.28469964039884,-3.46273471856791,0.000949066001002468,0.00945350628649684,-1.08067494980517
"ENSG00000101052",-1.63746226830542,3.02586052429344,-3.46158824351961,0.00095248218283581,0.00948505618235421,-0.783503568314718
"ENSG00000279017",1.84290647066514,-5.90282495197637,3.46151351409999,0.000952705260045428,0.00948505618235421,-0.75672066019937
"ENSG00000197880",-3.29052649726643,0.86227885631352,-3.46079369109596,0.000954856563417734,0.00950412071367164,-0.952572196569901
"ENSG00000251576",4.787405359878,-4.8531442590777,3.46063743043047,0.000955324180444774,0.00950642146095069,-1.01206490408282
"ENSG00000148950",-3.65284445791518,-2.29581756769935,-3.46053841820606,0.00095562059124202,0.00950701781962675,-1.00714950495325
"ENSG00000175899",-3.75482911125397,-2.81043880030009,-3.46028570912696,0.000956377516119749,0.00950864053296072,-1.02367609278934
"ENSG00000071082",-2.62509789053842,5.2998254304353,-3.45955234376702,0.000958577340401161,0.00952464810647737,-1.09965342624378
"ENSG00000092621",-1.97055078111513,2.52215512012634,-3.45817094454079,0.000962734052204495,0.00955414326505187,-0.775748768953914
"ENSG00000212306",2.07088490397616,-6.06644614764892,3.45745646317682,0.000964890663391695,0.00956609974097976,-0.781569734058902
"ENSG00000201077",2.13529337786415,-5.86021828961349,3.45468462154164,0.000973300666615033,0.00964184699062234,-0.87048153061509
"ENSG00000103260",-1.78311523543771,2.13319377814249,-3.45366584554164,0.000976409134094783,0.00966361398544521,-0.77923956109008
"ENSG00000260467",4.44853653958946,-1.51759522449113,3.45215540470782,0.000981035070183487,0.00969269400135575,-1.16974780082376
"ENSG00000214748",-2.37940624878273,-0.411456910224375,-3.45206327817559,0.000981317891204792,0.00969310610865235,-1.00894997445515
"ENSG00000072571",-3.20373833564828,-1.79796523485055,-3.45169779096716,0.000982440668561916,0.00970181276284111,-0.884181233853516
"ENSG00000152380",2.34787775161287,0.12765261720406,3.44986253812896,0.000988096987332861,0.00974570046240326,-0.815669419267915
"ENSG00000259468",1.91999876979484,-6.03106266394478,3.44950233347998,0.000989210766592016,0.00975429267562723,-0.799153853566661
"ENSG00000264007",1.61622644703841,-6.19101894614281,3.44938063248271,0.000989587343683469,0.00975561314143277,-0.788981282780417
"ENSG00000214199",-1.96292934567448,1.12014224067409,-3.44505908903841,0.00100304776382668,0.00986653442656231,-0.85436060735204
"ENSG00000154277",-3.91252860356555,-3.10093723228573,-3.44487171852696,0.0010036352753085,0.00986748479773839,-1.03906011701509
"ENSG00000171631",-2.61875715729682,0.808257674203695,-3.4431603232664,0.00100901655942948,0.00991069722017684,-0.922001203129788
"ENSG00000244545",-1.52756994998046,-6.53820722089367,-3.44240690911525,0.00101139423415241,0.00992919926773999,-0.818860638066783
"ENSG00000250444",-2.63612418998236,-4.44474205831487,-3.44050871794049,0.00101740821506486,0.00998092851684662,-1.24406747524926
"ENSG00000211669",-4.75302322853125,1.91788926629072,-3.43943217698895,0.00102083401704327,0.0100072102299862,-0.817857079427191
"ENSG00000213881",-2.39091262130999,-3.09322437068086,-3.43930653257243,0.00102123455754991,0.0100086961683621,-1.27570530328173
"ENSG00000234185",1.55318573516209,-6.57054594572552,3.43835957935226,0.00102425812983434,0.0100334369726121,-0.904843397026776
"ENSG00000174106",1.91895235783756,3.34131915306365,3.43669638923871,0.00102958913400235,0.0100758379662031,-0.897254378035994
"ENSG00000251194",2.9372088371754,-0.40968537423577,3.43164615010412,0.0010459380375878,0.0102134566400546,-0.90816007588385
"ENSG00000277539",3.40066035546972,-3.86589579294368,3.43124105017892,0.00104726003990724,0.0102214003700779,-1.0271618802996
"ENSG00000262728",3.11858489575097,-3.43833665484191,3.43112928780986,0.00104762504326546,0.0102222046872817,-1.00594426181499
"ENSG00000265625",3.64565210429124,-0.524436865817892,3.43099836359247,0.00104805278021432,0.0102222046872817,-1.08513827401747
"ENSG00000115718",-3.97006967027964,-1.01517025594102,-3.43086311272473,0.0010484948261555,0.0102222046872817,-1.05732825358015
"ENSG00000281530",4.09070144624151,-1.29604651187537,3.4308267189482,0.00104861380355081,0.0102222046872817,-1.22899932583964
"ENSG00000200830",2.53503951341659,-5.65887394497621,3.4295812522015,0.00105269315423404,0.0102520276614624,-1.00342670280634
"ENSG00000259772",-3.05138131499081,0.523363269237424,-3.42891398429528,0.00105488487061776,0.0102683974742313,-0.891719878655175
"ENSG00000274618",2.70928266700536,-5.20475278753182,3.42691091493242,0.00106149014643149,0.0103201999677965,-0.884047669281282
"ENSG00000236609",-2.07369894235104,2.65257441835573,-3.42610181162893,0.0010641693093488,0.0103337523126668,-0.860660952111677
"ENSG00000227382",2.57791373881649,-5.64300728899314,3.42584182776435,0.00106503154479925,0.0103396276657859,-0.883228334196286
"ENSG00000231292",-3.2610720119498,-4.38072194726167,-3.42546809855557,0.00106627217455112,0.0103475109380082,-1.21040558969577
"ENSG00000235297",-1.62217333273573,-0.810605135652362,-3.42358243717497,0.00107255269239648,0.0103950731291522,-1.10912769035274
"ENSG00000213885",-2.49909294343739,-0.743091717289267,-3.4232548306119,0.00107364740493272,0.0104031749754411,-1.15688089251892
"ENSG00000237788",3.81626138545461,-1.7938980683615,3.42263633394356,0.00107571702301748,0.0104207170504455,-1.25702476404882
"ENSG00000107864",1.913668422688,1.22241630923671,3.42103663249728,0.00108108747769581,0.0104651766863297,-0.868731175467873
"ENSG00000267568",-3.80524024213023,-4.41208188970577,-3.42012354617101,0.00108416421713456,0.0104899085095653,-1.16703425794693
"ENSG00000150456",-3.13082475232086,0.0380347469249775,-3.41998295248525,0.00108463869758011,0.010491974234869,-0.986560760973601
"ENSG00000259642",1.59485953538917,2.28639834577633,3.4198959555322,0.00108493239630366,0.0104922906413759,-0.872873561519817
"ENSG00000250144",-1.78209750038206,2.4818456579247,-3.41917722762786,0.00108736167718294,0.0105132549653941,-0.86946512321852
"ENSG00000251495",-2.59362177741719,-0.0603641262594194,-3.41765091576844,0.00109253764891321,0.0105531471796274,-1.04742570313046
"ENSG00000170627",-3.23213127239027,0.335761271270777,-3.41657642875884,0.00109619537978894,0.0105833925692303,-0.982053564621993
"ENSG00000255443",3.75739368242077,-2.72389454634264,3.41566547930346,0.00109930547281892,0.010604675506606,-1.24714957797276
"ENSG00000274525",2.57920220809971,-0.0101040574606898,3.41384707061249,0.00110553872110226,0.0106556863260017,-1.04788052299401
"ENSG00000211710",-3.10044380954728,1.05711560348387,-3.41009477792235,0.0011185068752622,0.0107651935358609,-0.968503126758903
"ENSG00000103569",1.56543727604313,9.50826100160512,3.408791320232,0.00112304527768791,0.0107959508019152,-3.05237953875634
"ENSG00000217094",-2.33623129498025,-1.34644349264439,-3.40808685975314,0.00112550532491895,0.0108170129267014,-1.18071227685764
"ENSG00000228594",-1.74360070847714,2.92427401375107,-3.40706606385968,0.00112907909161594,0.0108438038851846,-0.90543329867716
"ENSG00000230327",1.52042774718068,-6.32140948390867,3.40498072018052,0.00113641317851507,0.0109009979963404,-0.962709748142512
"ENSG00000183019",3.30698516877493,5.04805199234837,3.404674375922,0.00113749436892304,0.0109087663691421,-1.528284050735
"ENSG00000201217",2.7040606779553,-5.19763357875859,3.40363454998407,0.00114117151782005,0.0109335980360824,-0.989581313467569
"ENSG00000235843",1.98999160543435,-5.81253670028946,3.40164414390406,0.00114824158555026,0.0109960953364201,-0.919877643660817
"ENSG00000267534",-2.24952781307885,2.00848007864147,-3.40108070830936,0.00115025045866688,0.0110100878426967,-0.952644380147603
"ENSG00000236254",3.88378494276769,-4.08481056837063,3.39974431426533,0.00115502853342342,0.011045303782276,-1.26682405590307
"ENSG00000177590",-3.81748486901388,-3.01195251387133,-3.3975252539874,0.0011630039198673,0.0111035894033242,-1.17836492030893
"ENSG00000130182",2.61792275544737,-4.99683977029955,3.39751055079304,0.00116305693690359,0.0111035894033242,-0.955443069601995
"ENSG00000166025",4.15545495852918,-0.447795203169053,3.3959615704638,0.00116865509438114,0.0111543855898173,-1.28326202500746
"ENSG00000213077",3.26332645727746,-4.46437199520136,3.39477810936542,0.00117294938632748,0.0111825626040315,-1.11937286400853
"ENSG00000272821",-2.07404604023175,1.42739968615659,-3.39472675713401,0.00117313605961973,0.0111825626040315,-0.958224710650116
"ENSG00000196284",-1.55306497720253,1.51266038683109,-3.39468821577028,0.00117327618187664,0.0111825626040315,-0.966831110213351
"ENSG00000232599",3.80322231097289,-4.39140430912022,3.39253445834556,0.00118113164526143,0.0112441047603126,-1.02517702289387
"ENSG00000250182",-1.64495843112489,2.98669126945076,-3.39087392695663,0.00118722206159755,0.0112940608898118,-0.960190513529216
"ENSG00000100345",1.58983653979143,10.77527817539,3.39061404185963,0.00118817793753465,0.0113004801146837,-3.25993900972527
"ENSG00000240823",2.90135461002914,-4.19868460867371,3.38931708868979,0.00119295910609781,0.0113325477276333,-1.02717189898825
"ENSG00000255045",-2.43977303811292,0.808346989606433,-3.38864537022294,0.00119544251217245,0.0113507746514778,-1.05899270408821
"ENSG00000219451",-3.20374381512461,-2.41105160491316,-3.38839062891703,0.0011963855917462,0.0113543658072193,-1.26999582863654
"ENSG00000019169",2.11689353480302,4.44223794139834,3.38748100440676,0.00119975885987903,0.0113812766052574,-1.1241557551367
"ENSG00000160957",-2.24799826707295,2.12991533941853,-3.38736195895563,0.00120020099473935,0.0113812766052574,-0.966677599661442
"ENSG00000238000",-2.0920941946583,0.163504298326889,-3.38721666185949,0.00120074083687029,0.0113812766052574,-1.03444317793447
"ENSG00000248780",4.01883250046776,-3.3291349339207,3.38648440366503,0.0012034649896773,0.0114027102321486,-1.31604093261815
"ENSG00000051180",-2.76658808677283,0.185238403715015,-3.38604875905912,0.00120508844798,0.0114154019287681,-1.00243421012773
"ENSG00000272869",2.80855563614231,-4.97724756527099,3.38594104587599,0.00120549016722334,0.0114165172444553,-1.02369113853931
"ENSG00000233533",1.56107764418029,-6.14458391352907,3.38406400176993,0.00121251100292447,0.0114748981496162,-0.969589402755348
"ENSG00000266998",-4.27220567595116,-0.863011339156596,-3.381448267808,0.00122235926796867,0.011554499715701,-1.20493898255903
"ENSG00000241061",-2.23994357442059,-1.20659418518466,-3.38127188558019,0.00122302606146472,0.0115580850312657,-1.27505432214594
"ENSG00000207450",1.50155330143563,-6.36260709402433,3.38067310216134,0.0012252922603798,0.0115740600215669,-0.973272243161536
"ENSG00000110721",1.55603224114338,2.97147261197974,3.37946826942882,0.00122986418484972,0.0116117895630175,-1.00054299500891
"ENSG00000134463",2.69063579405729,2.31877265487224,3.37755088675531,0.00123717323664265,0.011669835396412,-0.98008410356264
"ENSG00000273445",-3.65712694873776,-2.43037464985531,-3.37445030414132,0.00124907953277949,0.0117600691748949,-1.27115213260847
"ENSG00000119599",-1.67875476598127,2.57461416503645,-3.37374283184486,0.00125181136401253,0.0117802716423295,-0.988943851377787
"ENSG00000126243",-1.61268170401963,3.15673233558275,-3.37326614555081,0.00125365522004987,0.0117948624283746,-0.999348198155089
"ENSG00000108255",-1.56387493133823,-6.43112595003728,-3.37254708419726,0.00125644145371659,0.0118127828162568,-1.00346598845785
"ENSG00000234742",-3.18578112264732,-2.84978274229688,-3.37129793705094,0.00126129558469022,0.0118501063556243,-1.32350662564222
"ENSG00000148459",1.80605860901586,1.77588449710247,3.36834464346074,0.00127284248498747,0.0119502133539156,-1.01154308793672
"ENSG00000181754",-1.61934947924372,3.52005860210319,-3.36795256900039,0.00127438291757853,0.0119618823377287,-1.02700976577839
"ENSG00000281593",1.90664529655146,-6.08514105878583,3.36694453544249,0.00127835149511962,0.0119935325103382,-1.01399751504804
"ENSG00000189127",3.02451356008784,-0.557854992880369,3.36601935030087,0.00128200417081587,0.0120148975428239,-1.04610938101339
"ENSG00000213939",-2.39811848206172,-0.575902331605342,-3.36331044511216,0.00129275581292694,0.0120906546116735,-1.25279747447107
"ENSG00000183578",5.05939722990752,-4.44564639327959,3.36268910763029,0.00129523387564516,0.0121062285679646,-1.33365274286691
"ENSG00000142303",-1.84708174786275,4.08630554425053,-3.36262678191566,0.00129548269487547,0.0121062285679646,-1.09172210134196
"ENSG00000178715",-2.43426047503347,-0.379663219255662,-3.36146067461144,0.00130014640470115,0.0121469871628621,-1.14930056943239
"ENSG00000228169",-2.45974982766025,-2.03204110027499,-3.36097189382771,0.00130210593682391,0.0121624681394505,-1.35998579681744
"ENSG00000187762",2.9747942629972,-5.2132975996411,3.36005972707213,0.00130577029102358,0.0121938623088804,-1.204634485336
"ENSG00000183474",1.54913675663778,1.6152326101164,3.35914615059676,0.00130945006449734,0.0122253858553001,-1.02715841511971
"ENSG00000224533",3.74727683119981,-3.15475071616042,3.35885595547254,0.00131062098187318,0.0122313163072235,-1.39161353448723
"ENSG00000273189",-3.59126470120105,-1.47078640657799,-3.35877490155774,0.00131094820539445,0.0122313163072235,-1.30120931945413
"ENSG00000255307",1.57996421736985,-6.24764195658264,3.35754433700821,0.0013159256124042,0.0122687480217703,-1.03133315647717
"ENSG00000241319",1.93989738868449,-6.18994586602613,3.3573246232143,0.00131681618903967,0.0122742045981389,-1.0344765719032
"ENSG00000211782",-2.8961227906926,0.0369472515582028,-3.35592488434449,0.00132250319015146,0.0123129396133555,-1.22129636283607
"ENSG00000247271",-1.54677372479837,2.24195502043579,-3.35581563930099,0.00132294801590983,0.0123142292511246,-1.03640251079652
"ENSG00000105366",-5.34902509870829,0.0809976660171841,-3.35573306893068,0.00132328432100148,0.012314508396505,-1.18407152067831
"ENSG00000263887",2.42330171412002,-5.45424953312672,3.35455173360883,0.00132810468674098,0.012353763578253,-1.0767519160014
"ENSG00000211668",-2.90666906117406,2.42147602184327,-3.35454868129516,0.00132811716295731,0.012353763578253,-1.09029481522827
"ENSG00000266821",2.43158623289011,-4.58944687878051,3.35377350393431,0.0013312892549175,0.0123746799135707,-1.06112544028896
"ENSG00000275743",-3.90299564946888,-1.33399286763012,-3.35341374540553,0.00133276384568391,0.0123855229135887,-1.28336193712913
"ENSG00000248964",-1.52756994998046,-6.55078587999343,-3.35182295537238,0.00133930272917618,0.012434791759432,-1.06350246948572
"ENSG00000144834",1.58683550450671,-6.24592218325329,3.35134334474593,0.00134128008349418,0.0124445284829525,-1.0589858180913
"ENSG00000174405",1.9215176580565,1.81090777344143,3.34943244203637,0.00134918580494121,0.0125092176499646,-1.06101715834263
"ENSG00000235605",-2.16073920774375,-1.68593649920298,-3.3489367312027,0.0013512438144363,0.0125254101517104,-1.43047984127108
"ENSG00000211776",-3.61433935305961,-0.106411258168133,-3.34847248737572,0.0013531738703888,0.0125375192296313,-1.25819760324105
"ENSG00000187536",2.60281615614723,-4.76141026016211,3.34744085477383,0.00135747211639336,0.0125657596185231,-1.11143779611887
"ENSG00000147669",-2.45392167308233,0.850504366179495,-3.34731392868663,0.00135800183677877,0.012567769300686,-1.06637223961605
"ENSG00000183625",-2.39790059845925,4.08135924097455,-3.34480277513753,0.00136852221236435,0.0126389455505334,-1.0726148854004
"ENSG00000078967",-1.55215981168748,3.04822545157542,-3.34448107390478,0.00136987550980696,0.0126485381821909,-1.07808113172444
"ENSG00000172867",-3.72412887343678,-3.5086270300168,-3.34394480752526,0.00137213422339215,0.0126635766870549,-1.32622122616443
"ENSG00000159231",-3.43427772463572,0.477253682608861,-3.34290820699747,0.00137651027076299,0.0126981335257489,-1.17771412708204
"ENSG00000136425",-3.00177152093821,0.693282907366792,-3.34222142476983,0.00137941679517322,0.0127220266115058,-1.15862398816995
"ENSG00000111863",-2.10517031343906,1.64324879510227,-3.34206553602036,0.00138007733621596,0.0127251993281087,-1.08362319051968
"ENSG00000253931",4.45718610360247,-4.56614136003047,3.3417504858746,0.00138141319639188,0.0127316765981995,-1.32861923284147
"ENSG00000212123",-2.93514110857716,0.322769021520993,-3.34136330179763,0.00138305658612731,0.0127402515870449,-1.17388765831018
"ENSG00000250616",-3.36906953760048,1.89373137251859,-3.34130732786433,0.00138329431812972,0.0127402515870449,-1.14517543454792
"ENSG00000196689",-1.8046097203466,1.76910265419595,-3.34014838881645,0.00138822522456232,0.0127739598255561,-1.10302562512686
"ENSG00000227309",-1.56387493133823,-6.57084922969101,-3.33993330254716,0.00138914216850266,0.0127765484919112,-1.09051605565312
"ENSG00000168754",-3.82085010364517,-2.40946078238535,-3.3386886175412,0.00139445967059168,0.0128166592768923,-1.34415146670382
"ENSG00000238005",1.92773345172218,2.38063801432386,3.33859773425169,0.00139484869039625,0.0128173044688709,-1.08430667965517
"ENSG00000282977",3.08842979297966,-4.69154936008547,3.33768497137527,0.00139876139153798,0.0128503211751851,-1.22727303513514
"ENSG00000126259",3.51907483565004,-3.33256238069822,3.33739668376887,0.00139999933126585,0.012851809101198,-1.20108570210082
"ENSG00000173715",-1.63743848990246,2.18242723065394,-3.33689528611031,0.00140215485178129,0.0128630547690281,-1.08498928141819
"ENSG00000228887",-1.94465599989865,0.453091212404971,-3.33678579720602,0.00140262596342819,0.0128630547690281,-1.18954105289099
"ENSG00000149089",-1.62269844001544,2.15743076751031,-3.3360282407509,0.00140588968917385,0.0128834231329308,-1.08742768426048
"ENSG00000179639",-3.65494518181922,2.39304811214064,-3.33390095593579,0.00141509285605319,0.0129588981774603,-1.12957443970535
"ENSG00000178462",1.70130064349739,-6.48085482070394,3.33216253002691,0.00142265587966763,0.0130044592256476,-1.19389945853414
"ENSG00000222898",2.8399178813272,-5.76633386662696,3.33148411612092,0.00142561764755658,0.0130256092425158,-1.1246571550103
"ENSG00000100298",-2.03514238889692,1.17742943595819,-3.32868828503956,0.00143788494209945,0.0131198026423699,-1.1514286312653
"ENSG00000243680",-2.04817950797484,-1.39830957413227,-3.32825711044137,0.00143978564667743,0.0131311847930413,-1.43696583165824
"ENSG00000273112",4.13856733145221,-0.648359117986794,3.32761223974303,0.00144263278847326,0.0131511844358734,-1.34601206425122
"ENSG00000116353",-1.57701647474792,2.49326776665384,-3.32629220448991,0.00144847738436078,0.013198478650515,-1.11260860204648
"ENSG00000241889",-1.70769936820858,0.275484564673108,-3.3241213154709,0.00145813779845976,0.0132744691516484,-1.27095934231262
"ENSG00000100628",-1.96275816664555,2.05328545414887,-3.32398321482477,0.0014587543940637,0.013277075877326,-1.12982819651136
"ENSG00000211934",-3.7683492810903,3.00961876378096,-3.32245628948217,0.00146558825656953,0.0133272063086651,-1.15438680138978
"ENSG00000237039",-1.79656556885601,0.619769775667032,-3.32116738617754,0.00147138031332058,0.0133708027477654,-1.25253337275059
"ENSG00000234118",-2.77171002999228,-2.10681254945468,-3.32034780034495,0.00147507457289447,0.0133922646746846,-1.4268181017112
"ENSG00000273706",3.22242352387739,-5.61176018596478,3.31871415943679,0.00148246425953913,0.0134502433224988,-1.25023366325178
"ENSG00000262814",-2.09660431914801,0.893003739299483,-3.31681811231714,0.00149108467536345,0.0135132069700093,-1.15919505014548
"ENSG00000161381",-1.75074888284219,3.50727058290079,-3.31599515972482,0.0014948409296863,0.0135350439313623,-1.16640690141951
"ENSG00000233558",-2.43887755258661,-0.936999407929288,-3.31489643981679,0.00149986978891298,0.0135683540175246,-1.39726728899057
"ENSG00000260992",-3.45064210080571,-1.05042530897204,-3.31422960694651,0.00150292966421069,0.0135929760091335,-1.37051314196639
"ENSG00000222430",1.65913911980852,-6.46694324788392,3.31188019265452,0.00151375728932213,0.0136816705362698,-1.24804263203039
"ENSG00000263368",3.50833233780413,-2.63467635394261,3.31106854615975,0.00151751493580853,0.0137070715781933,-1.38789657632691
"ENSG00000124191",-2.99134993607285,1.12024506219489,-3.31023572030965,0.00152137977071643,0.0137351245323022,-1.18084143402995
"ENSG00000254859",3.5343584837495,0.637863695944079,3.30952883059101,0.0015246674579641,0.0137586265196572,-1.22304782504548
"ENSG00000226855",-3.15062642751798,-4.13452638303284,-3.30885984581142,0.00152778501679376,0.0137774816610908,-1.48304640224475
"ENSG00000169246",1.73078689608588,2.66984797876025,3.30763214459967,0.00153352190018826,0.0138137233769591,-1.16646845022935
"ENSG00000199845",-1.53219799793382,-6.57811857651345,-3.30688800839424,0.00153700902184734,0.0138420333101045,-1.16404550791988
"ENSG00000228037",-3.01203258779549,-0.639424245707084,-3.30497723915391,0.00154599739243943,0.0139042924319575,-1.33801316668854
"ENSG00000252222",3.17606964704172,-5.43069454783316,3.30221654661225,0.0015590713441048,0.0139999522393793,-1.22858788250398
"ENSG00000253230",2.69327599102835,-5.6887483587996,3.30088535213463,0.00156541270040834,0.0140380819499924,-1.27529452498531
"ENSG00000253008",2.49834427926995,-5.72979888615968,3.3003310053813,0.00156806057750769,0.0140555565968705,-1.19522528315108
"ENSG00000165591",-3.11492178514102,-0.434303587859044,-3.29778579759925,0.00158027218522238,0.0141587034522643,-1.36399825563962
"ENSG00000101003",-3.20815643193489,-0.919452520557232,-3.29705813855267,0.00158377983722695,0.0141805206091949,-1.29668650075808
"ENSG00000105088",-1.84260997566809,3.36503696231411,-3.29698803518763,0.00158411815471604,0.0141805206091949,-1.19165043961172
"ENSG00000259863",2.75965309552773,-5.27055381724173,3.29561138575135,0.00159077564548518,0.0142242799154349,-1.21257043713227
"ENSG00000161970",-1.6791182491262,2.44520289445864,-3.29471095771435,0.00159514436807859,0.0142601720892808,-1.19761741215644
"ENSG00000037241",-2.40990798313662,1.03394180060718,-3.29456747824465,0.00159584154860643,0.0142622693142099,-1.20551458988299
"ENSG00000235582",-3.22935052128287,-4.29126590584159,-3.29134416574602,0.00161157976915843,0.0143879035930951,-1.46269469425445
"ENSG00000111665",-2.89924353829868,0.00866772371521684,-3.29033790884958,0.00161652279879633,0.0144224255564159,-1.22442357413539
"ENSG00000271781",-3.61253760125364,-2.61048251814359,-3.28903018354473,0.00162296806178588,0.014457469980039,-1.46533927359802
"ENSG00000102554",2.33784250222326,1.05776372480477,3.28757608091757,0.00163016316558703,0.0145183472713624,-1.21936989476839
"ENSG00000148175",1.69829167085558,6.70903441160478,3.28705367706077,0.00163275541736152,0.014534994085201,-2.4641812238567
"ENSG00000233559",4.19672805699111,-4.30850368703661,3.28649700551083,0.00163552198140695,0.0145531772236658,-1.49545316157941
"ENSG00000188157",-2.49923662520649,2.80886519503734,-3.28497310362794,0.00164311811006285,0.0145981512178445,-1.23177688186032
"ENSG00000280239",-2.59311616259081,0.546675920026669,-3.28435581935699,0.00164620450111563,0.0146218712256924,-1.30866758235499
"ENSG00000017427",-3.49624894076906,-3.63003185575397,-3.28412462805373,0.00164736185030522,0.0146229280428286,-1.41251923140862
"ENSG00000262678",3.62826371273962,-4.43122179073734,3.28404397647535,0.00164776577419788,0.0146232846918991,-1.49747967668144
"ENSG00000164162",-3.11807583239524,-0.321358930467763,-3.28214373712399,0.00165730967947908,0.014701492439192,-1.35529088034898
"ENSG00000248791",2.08047531776827,-0.311633213474223,3.28167056610786,0.00165969424707678,0.0147161467643006,-1.25237251227137
"ENSG00000203472",-1.51004400760739,-6.53627891182022,-3.28159807843657,0.0016600598372246,0.0147161467643006,-1.23202911400863
"ENSG00000276557",-3.09256337284156,1.70309062204197,-3.28150686816001,0.00166051996215329,0.0147169804934935,-1.25422890453938
"ENSG00000116661",-3.01011438273455,1.35491091123304,-3.28142222247106,0.00166094707834663,0.0147175213673554,-1.24239405186967
"ENSG00000272666",-3.58413082200466,-1.13846132379383,-3.28114178058226,0.00166236290730522,0.0147235764704746,-1.3277038744455
"ENSG00000008516",1.63366584577918,10.5347718312589,3.28102998641816,0.00166292762394408,0.0147253339951102,-3.87249261569848
"ENSG00000100079",-3.06592896457379,2.87996755166604,-3.27967706807115,0.00166977608015026,0.0147827214213171,-1.2322753723323
"ENSG00000178146",1.97411724439199,-1.45611719512031,3.27908177324721,0.0016727978568252,0.0148062129986981,-1.47094244183395
"ENSG00000243238",-2.8770089618392,2.42925501012562,-3.2788497390427,0.0016739770792178,0.0148133890686141,-1.2499103087202
"ENSG00000279996",4.03046150886169,-3.401370549748,3.27877087900793,0.00167437803235284,0.0148136764209175,-1.48050882309286
"ENSG00000207042",3.19069486801081,-5.21249286720198,3.27743892624516,0.00168116383481596,0.0148671686069669,-1.45069575681975
"ENSG00000237200",3.09811277582228,-4.85759239627609,3.27724183795964,0.00168217012139371,0.0148727959578337,-1.38303424388761
"ENSG00000252456",2.75078083367403,-5.39845084775487,3.27677771546862,0.00168454206148288,0.0148845054727855,-1.25934482981605
"ENSG00000169432",2.8255254727508,-1.12687653663896,3.27676536139816,0.00168460524106199,0.0148845054727855,-1.31038691354912
"ENSG00000213609",-2.1585737464034,1.14789301059876,-3.27423169977475,0.00169760979034827,0.0149797290526221,-1.2803912759231
"ENSG00000175398",1.73939841122059,-6.33741606138874,3.27395511132085,0.00169903514328924,0.0149856539777346,-1.24683957845486
"ENSG00000177076",3.96376032971973,-2.38447210981671,3.27239476484509,0.00170709724860192,0.0150418265141403,-1.56711891106046
"ENSG00000115523",-2.14848276512314,8.31944762535492,-3.27228827474924,0.00170764877892981,0.0150418265141403,-2.34174226223897
"ENSG00000211801",-3.32278993441028,1.10669290394245,-3.27201634343354,0.0017090579182342,0.0150509411673278,-1.35529398345748
"ENSG00000244527",-3.07539691613578,-3.08033857121195,-3.27176045448336,0.00171038492556068,0.0150593286853681,-1.54755774772369
"ENSG00000275063",-3.43909254209852,0.623844908654922,-3.27154611180194,0.00171149722527692,0.0150658225203816,-1.25905036466104
"ENSG00000211790",-3.2107010840955,0.684061839505758,-3.27102754255746,0.00171419107941157,0.0150862324375009,-1.40050377824095
"ENSG00000230621",1.98455028210425,-5.44075789098269,3.27087393127995,0.00171498982201319,0.0150866566355743,-1.26739587552593
"ENSG00000187608",-3.83461376530609,6.04864530244036,-3.27032464299287,0.00171784885775037,0.0151051968021173,-1.73695497821271
"ENSG00000196074",2.23291946055586,0.689796183952982,3.26918448348356,0.00172379768701034,0.0151475660356699,-1.25903311880542
"ENSG00000278530",1.73226925536911,-6.25003512592388,3.26872601012646,0.0017261952494228,0.0151653193656677,-1.2734545702929
"ENSG00000271533",3.25815776168934,0.6080504962961,3.26707118881551,0.00173487517136864,0.0152182962337687,-1.32404387616344
"ENSG00000237955",1.9578814465421,-6.18831553008053,3.26606715224678,0.00174016157043471,0.0152513365976429,-1.27206696795685
"ENSG00000092200",-2.34239700390355,2.17109132568424,-3.26446695933541,0.00174861814761079,0.0153054532484757,-1.310950960059
"ENSG00000242952",-3.01031942114183,-3.16298199522531,-3.26206961087539,0.00176135983320903,0.0154002148792235,-1.59121423702245
"ENSG00000243964",-1.64117452951726,0.811611422884152,-3.26172002997935,0.00176322510173388,0.0154087160764327,-1.35458183334911
"ENSG00000009694",3.63515765325888,1.02432014396083,3.26147512841052,0.00176453293624126,0.0154145486968212,-1.29303048963205
"ENSG00000226839",3.15452207023095,-4.42987593619688,3.2608797397659,0.00176771626369097,0.0154390026575938,-1.37316563378591
"ENSG00000151729",-2.50066088574259,1.3330585889311,-3.25949168066767,0.00177515869773473,0.0154972703509949,-1.2889159743021
"ENSG00000105173",-2.6594894021948,0.388666174224555,-3.25869660096593,0.00177943498344826,0.0155211206779316,-1.32190242200698
"ENSG00000163535",-2.62729201708844,-0.366984722124618,-3.25805063693844,0.00178291639000933,0.0155413713597474,-1.31162273009808
"ENSG00000248654",1.62995526528315,-6.345058173541,3.2574163328248,0.00178634118727195,0.0155645014613075,-1.34939130836606
"ENSG00000198417",-1.91418322205462,2.07436386809692,-3.2568052321243,0.00178964655211839,0.0155873114608794,-1.30920828228643
"ENSG00000211807",-1.96170270891925,1.43475828210572,-3.25451879722755,0.0018020646624757,0.0156810830218286,-1.34055074614379
"ENSG00000131746",-3.59370947664082,-1.69401797395021,-3.25400533947653,0.00180486447706445,0.0156942494287031,-1.51825475341868
"ENSG00000189283",-1.73947518081501,3.14220146770365,-3.25373319121566,0.00180635012192276,0.0157013811030354,-1.31778279674714
"ENSG00000237984",1.53352019325651,0.118968052211999,3.25327892348198,0.00180883251005012,0.0157195600019531,-1.36213833467715
"ENSG00000238142",-1.75829214930882,1.1559501082173,-3.25175239100534,0.0018171979054988,0.0157820242378187,-1.31916176548227
"ENSG00000266088",-2.53447073312659,0.58197985716396,-3.25127910408876,0.00181979889412778,0.0157971955557932,-1.3562266854924
"ENSG00000229785",-2.37639723058843,-5.22152696348471,-3.24968280103809,0.0018285973443072,0.0158502092358426,-1.54216587012287
"ENSG00000164850",4.0029419421509,1.00427746831767,3.24778098747852,0.00183913189378116,0.0159346509469375,-1.41008311228637
"ENSG00000138606",-3.02085346967308,-0.250683268740285,-3.24620265046454,0.00184791792528599,0.0159870716645312,-1.51204484869506
"ENSG00000279359",3.65520563865147,-5.28932134159456,3.24612279621292,0.00184836349178501,0.0159870716645312,-1.37928343805855
"ENSG00000145623",2.77118185542849,-5.80362560000632,3.24561031676918,0.0018512254015111,0.0160083810693803,-1.33626147483928
"ENSG00000143079",3.23969848546886,-0.259125969100758,3.24383505329895,0.00186117148334178,0.0160909281663024,-1.52276288230582
"ENSG00000229808",3.77910143543602,-1.05854016773852,3.24307096938063,0.00186546777590489,0.0161185320148123,-1.55885694509182
"ENSG00000187999",1.60374696897108,-5.80570982993715,3.24278757725277,0.00186706360173066,0.0161210676367646,-1.38996363909064
"ENSG00000275014",2.64663403793606,-5.48774877800327,3.24030986512194,0.00188107073181798,0.0162075678152748,-1.34667814674715
"ENSG00000224094",-2.87952989884684,-3.57030996053675,-3.24030671399254,0.00188108860864997,0.0162075678152748,-1.63623046274251
"ENSG00000168779",4.64923040570791,-4.34355901412357,3.2396230658095,0.00188497082431162,0.0162274713896522,-1.530948748365
"ENSG00000276182",3.51811091294018,-2.49937768020492,3.23961127550037,0.00188503784363155,0.0162274713896522,-1.6468535129367
"ENSG00000189337",1.81335940274315,3.3664717154869,3.23933776015786,0.00188659320770062,0.0162349911659503,-1.41349512690137
"ENSG00000166250",2.3225720132945,-4.86401555058523,3.23877494324512,0.00188979749954594,0.0162580010863997,-1.34424848309431
"ENSG00000259418",2.76032854166681,-4.47403810466462,3.23821501023008,0.00189299044614865,0.0162750217955663,-1.37617514652807
"ENSG00000230359",3.66048335485714,-3.16049372200907,3.2378773642153,0.00189491827849222,0.0162881130279975,-1.58836884700149
"ENSG00000124003",1.91704633670193,-5.87951303992222,3.23664326248665,0.00190198024081423,0.016334845041917,-1.34234634747724
"ENSG00000231331",-1.53225658122251,-6.51551931761836,-3.23335084007124,0.00192094180057839,0.0164520030393806,-1.40997958972924
"ENSG00000197077",-2.56246017338617,1.65496077557031,-3.23256842940225,0.00192547386256698,0.0164778489585789,-1.37866880303752
"ENSG00000211941",-2.47360483976088,2.4481956450034,-3.23202953593503,0.00192860120640846,0.0165000267503794,-1.3722556190413
"ENSG00000226091",1.73701077794786,4.34779577603883,3.23163420540576,0.00193089844907301,0.0165091406741032,-1.62857689739105
"ENSG00000250321",-3.02343914971093,-2.88981163422762,-3.23077719476184,0.00193588731619487,0.0165447580539256,-1.61631605862455
"ENSG00000237749",-2.70830241720918,-2.61025124950327,-3.23008237406591,0.00193994092037725,0.0165688346889752,-1.63824940240578
"ENSG00000167094",-1.5822992560991,4.15697838416374,-3.22870877238168,0.00194797802196374,0.016633944868094,-1.5258737501489
"ENSG00000279613",3.55869132340843,-3.39796070299484,3.22791443818258,0.001952640023126,0.0166666739298751,-1.6489741109921
"ENSG00000159055",-1.63324236210318,1.13431489257135,-3.22744009918065,0.00195542894556752,0.0166869357821493,-1.38771317783049
"ENSG00000248693",-3.45286554084371,-3.39299803256441,-3.22627239280546,0.00196231053730326,0.0167314545536937,-1.61872804551075
"ENSG00000240914",-2.76251032092875,-1.03088943016357,-3.22557857608091,0.00196641014063906,0.0167628542141585,-1.54601127963162
"ENSG00000263439",1.60534123965659,-6.01790397460428,3.22489981073211,0.00197042859076031,0.0167935489094225,-1.37229722933318
"ENSG00000211750",-3.51674129379464,0.444706416550534,-3.22432231675871,0.00197385356057258,0.0168191735570452,-1.46760537442199
"ENSG00000077152",-3.18710628488805,-0.904875883356468,-3.22060999161351,0.00199600423509052,0.0169719463322989,-1.47386681891081
"ENSG00000254936",3.48873611876863,-2.8828709839973,3.22053467287282,0.00199645605267622,0.016972198399173,-1.63958701895346
"ENSG00000258181",-3.11115061781178,-2.23226675816787,-3.22025872783656,0.00199811219581723,0.0169826863628424,-1.64305189169601
"ENSG00000233974",2.71157960179546,-5.00222502124712,3.21920608711973,0.00200444169630892,0.0170292825602306,-1.41704907804634
"ENSG00000215006",-2.84136947982298,-2.93863638049102,-3.21557347808779,0.00202642933561273,0.0171979126346428,-1.66856107961839
"ENSG00000215915",-3.26206327773246,-0.428466107238289,-3.21515701606915,0.00202896453371886,0.017215794044864,-1.62355725650697
"ENSG00000267338",1.61806943127794,-6.17137681824196,3.21377255237073,0.0020374138237444,0.0172729039523771,-1.39900887411772
"ENSG00000243802",-2.89186660386575,-3.41196518132063,-3.21366964983454,0.00203804314784146,0.0172733782300526,-1.68970947318072
"ENSG00000062524",-2.7171182659408,2.722795506041,-3.21362290348417,0.00203832909614869,0.0172733782300526,-1.40496869329713
"ENSG00000122852",-1.52756994998046,-6.45825270241131,-3.21261144156145,0.00204452545759204,0.0173185866932396,-1.43070164623787
"ENSG00000144648",-3.46428117351783,-2.65848894744897,-3.21226656466094,0.00204664226174862,0.0173328654322346,-1.6317089378117
"ENSG00000234981",-3.04282929592832,-2.52976783199471,-3.21095433307495,0.00205471536535405,0.0173865853752817,-1.68166108953521
"ENSG00000036448",-3.36009714681063,3.02154855845513,-3.20865230812061,0.00206895011550947,0.0174776071745559,-1.47419341750598
"ENSG00000171320",-3.47283479019797,-2.68766868825787,-3.20775765635603,0.00207450719427857,0.0175135107569062,-1.555974895337
"ENSG00000132832",-3.49274006578689,-0.313713642590992,-3.20699109280543,0.00207927979891151,0.0175402314116489,-1.54567755675751
"ENSG00000238213",1.92104793478001,-5.56495855842037,3.20647018620939,0.00208252882693891,0.0175591073617026,-1.41794616368553
"ENSG00000255163",1.7410396234862,1.94131247389975,3.20505775955498,0.00209136248003487,0.0176261958956734,-1.42813502737541
"ENSG00000128218",-1.99680583382522,2.41671932931124,-3.2038631494143,0.00209886128673304,0.0176819827010146,-1.42666706435962
"ENSG00000224831",-1.61986341288358,-1.54944134556405,-3.20363984126925,0.00210026583215527,0.0176869078043067,-1.62607117309049
"ENSG00000276290",-1.69175115351874,-6.40191546062161,-3.20363030994082,0.00210032580114821,0.0176869078043067,-1.43160930570046
"ENSG00000239975",-3.75600942586054,-1.81340008979343,-3.20099972958503,0.00211693837073062,0.0178114003373294,-1.57942570441417
"ENSG00000215156",4.07978626018544,-0.317614373875208,3.20086892798541,0.00211776761386086,0.0178114003373294,-1.49561456667572
"ENSG00000230789",3.99621070467947,-4.03355346589383,3.19995980439751,0.00212353961084394,0.0178562098797633,-1.68240083098147
"ENSG00000262823",-1.85796685794157,1.79031820732731,-3.1997255798402,0.00212502908413744,0.0178576515648335,-1.45129053468112
"ENSG00000100526",-3.19697753393434,-2.12392041882687,-3.19922203086127,0.00212823455544194,0.0178769923940403,-1.53786105227271
"ENSG00000170439",4.23317712277646,-0.750772840928566,3.19826406376427,0.002134345268547,0.0179245766630722,-1.44075899205172
"ENSG00000078081",-3.28723593334998,0.416880129670276,-3.19676607919129,0.0021439336609463,0.017978811230155,-1.49913449921373
"ENSG00000166033",3.43299538839376,-0.46633027297475,3.19541077969024,0.00215264354406423,0.018029286616348,-1.60126174127477
"ENSG00000268027",-2.32336918814759,2.3638778400239,-3.19247375176171,0.00217163247298293,0.0181694003493985,-1.45522778978629
"ENSG00000277491",-3.60400805343525,-3.83665084226996,-3.19204639245405,0.00217440855829613,0.0181812755533737,-1.68225519024898
"ENSG00000200674",2.35820946095563,-5.12581072321804,3.19084679313012,0.0021822188325223,0.0182276254945069,-1.46328772454492
"ENSG00000219433",2.47257494608796,-5.24561213109186,3.19035012885286,0.00218546017627057,0.0182509077703427,-1.47613152993817
"ENSG00000279598",3.42638977903625,-2.36167972091626,3.19024505401151,0.0021861464968409,0.0182528476564897,-1.69188816390573
"ENSG00000179141",-1.5134534089358,-6.42761920622583,-3.18936990145841,0.00219187061401028,0.0182854497664331,-1.56889132834814
"ENSG00000174348",-3.52641631851532,-0.347195954266422,-3.18807562941857,0.00220036183412579,0.0183372608738651,-1.59344234385866
"ENSG00000235095",2.80010156008108,-4.70671108602989,3.18730346868875,0.00220544236161814,0.0183757914656523,-1.6768528091144
"ENSG00000164124",2.15638653683296,1.03323543529286,3.18650043617046,0.00221073767894998,0.0184106459183017,-1.4695768754861
"ENSG00000188167",2.54770709512759,0.923400273539373,3.18639143475814,0.00221145736877466,0.0184106459183017,-1.48856755720389
"ENSG00000259415",2.43748609656498,-5.15135417699043,3.18617736724169,0.00221287140457373,0.0184186037694975,-1.5050687324114
"ENSG00000115468",-3.88638684631307,-1.60106275501919,-3.18596203938136,0.00221429462076353,0.0184228212632317,-1.65603453989841
"ENSG00000214194",-2.07610024658482,0.932943683986108,-3.18524169131666,0.00221906202337605,0.0184548472204724,-1.48837382940198
"ENSG00000168734",-1.57251600150316,2.98833836570135,-3.18500984319948,0.00222059848476989,0.018459987651927,-1.49793864227971
"ENSG00000196155",-1.89545522486406,2.53405037567807,-3.18425963583181,0.0022255769588945,0.0184937256927402,-1.47260045297765
"ENSG00000230364",-2.25121486340256,-1.70428629028903,-3.1826132982613,0.00223653896825786,0.0185503073245105,-1.74188167946038
"ENSG00000165895",-3.22341303897304,-2.90513467688033,-3.18210852792944,0.00223991006635837,0.0185704243188358,-1.63171200254073
"ENSG00000138642",-2.10805756403948,4.12512739365234,-3.18142698010129,0.0022444693265898,0.0185968993956231,-1.64027461881475
"ENSG00000196792",1.52980352294367,2.41863101028438,3.18133518551982,0.0022450840568966,0.0185981597476524,-1.54070780553804
"ENSG00000218027",2.3261313651134,-5.26654296005208,3.18125743807966,0.00224560483968456,0.0185986414843426,-1.51473086160509
"ENSG00000251442",2.38400981238334,0.40037753978376,3.1808371148518,0.00224842229054675,0.0186181406641731,-1.48293194089502
"ENSG00000224810",1.96560022193505,-6.09265752983638,3.18035305145732,0.00225167110031782,0.0186412029602506,-1.4829621658948
"ENSG00000241127",-2.69399254113895,-0.115962333610179,-3.17744226159951,0.00227129993621002,0.0187650637146558,-1.61169014614572
"ENSG00000206177",-2.54325288616968,6.14979460023814,-3.17713447060934,0.00227338486561011,0.0187784299090317,-2.15564434610616
"ENSG00000248905",1.97846813466329,1.03029408346903,3.17705465765198,0.0022739257992234,0.0187790396426415,-1.5048811028239
"ENSG00000213684",-2.63589769651912,-3.73554823354036,-3.17690786050577,0.00227492103422382,0.0187834001679741,-1.7222236317072
"ENSG00000217026",-2.29192027484864,-0.0148290915999896,-3.17645107219164,0.00227802051645564,0.0187972146298388,-1.58468885302828
"ENSG00000204791",4.31164315605262,-0.31732584583682,3.1763644878653,0.00227860846997101,0.0187972146298388,-1.57458012698619
"ENSG00000136908",-1.52872018937623,5.61089517316862,-3.176316853081,0.00227893199606572,0.0187972146298388,-2.030378996143
"ENSG00000092377",-1.5890518882865,-6.55113028905998,-3.17503093002773,0.00228768201603888,0.0188539139829428,-1.49739846453062
"ENSG00000264610",2.10005487577901,-5.98558720300262,3.1745398664129,0.00229103174058672,0.0188737823842351,-1.497839226115
"ENSG00000138131",2.41678727562961,-5.17191669026547,3.17369773213185,0.00229678694792847,0.0189173179431716,-1.50583511464298
"ENSG00000027644",1.83074461266127,-5.86493319253929,3.1725286282014,0.0023047991496694,0.0189689231781463,-1.55616160699024
"ENSG00000201581",3.63473276941606,-3.81505501512436,3.17230326375373,0.00230634664388029,0.0189759672375149,-1.76091203874004
"ENSG00000259244",1.61465536908174,-6.48547530236147,3.17219610257409,0.0023070828214785,0.0189759672375149,-1.62990516596198
"ENSG00000238793",2.27146668376407,-5.56411450763262,3.17202418602916,0.00230826431647314,0.018980368553356,-1.5080494290303
"ENSG00000176788",2.16724627492809,9.0760023671035,3.17152604466887,0.00231169099069794,0.0189972610809564,-3.29463589389244
"ENSG00000123094",2.42144360637428,-5.21960665378599,3.16962784350603,0.00232479229475165,0.0190815230366692,-1.51453415766088
"ENSG00000156234",-2.59066963556069,-6.13311768045565,-3.16789472118365,0.00233681495083768,0.0191567362670425,-1.76442762535198
"ENSG00000219023",-2.64692934427137,-1.07641577985185,-3.16742087824751,0.0023401121202756,0.0191637728441886,-1.61228516987106
"ENSG00000273211",-3.6747716957264,-2.20016365678989,-3.16736037706593,0.00234053342283881,0.0191637728441886,-1.6994624315039
"ENSG00000260027",-3.46405980469659,-3.76331622967112,-3.16722203572085,0.00234149703569976,0.0191677588737939,-1.74706739763331
"ENSG00000170089",-1.86594336293867,1.39305034588836,-3.16698646013651,0.00234313878627176,0.0191719460307835,-1.54126492736664
"ENSG00000272417",2.06564120704704,-5.35168913716369,3.16636841446609,0.00234745113723463,0.0191891481535394,-1.51923461835047
"ENSG00000244675",2.47605108145464,-5.95693398514094,3.16624406912097,0.00234831964208731,0.0191923452431783,-1.52368943031413
"ENSG00000279172",-3.73286171390184,-3.90502568739786,-3.16518032409744,0.00235576180643898,0.019245343658293,-1.72844433753032
"ENSG00000105376",3.14482716639363,-0.00306856310351418,3.16416351131293,0.0023628962696721,0.0192918675534845,-1.6263115727689
"ENSG00000280649",-2.78935615518765,1.84887048069965,-3.16334039790539,0.00236868645840748,0.0193352148225173,-1.52538350698942
"ENSG00000232757",1.82342118013728,-5.75232959989479,3.16203913724614,0.00237786728949087,0.0193944047011791,-1.52854104254212
"ENSG00000203363",2.58023086089386,-5.1285866344497,3.16195851339183,0.00237843721282092,0.0193951182210601,-1.53593523363395
"ENSG00000176563",3.06184850273374,-4.10294611524974,3.15770734227642,0.00240867024056873,0.0195822709690852,-1.63801528298197
"ENSG00000140006",-1.58688364815368,1.90734707004302,-3.15770397324959,0.00240869434212542,0.0195822709690852,-1.53844111020357
"ENSG00000250819",-1.50980628626955,-6.49645400839843,-3.15758605710379,0.00240953804036429,0.0195849845297189,-1.53936468451637
"ENSG00000259092",-3.27726034618588,-1.1524566686734,-3.15641965818545,0.00241789862518532,0.0196372445514546,-1.73729521143513
"ENSG00000213090",3.53902839231511,-3.57930688461672,3.15621270906061,0.00241938484181443,0.0196453462756259,-1.73938778608314
"ENSG00000233647",1.81564703508571,-6.27722089607966,3.15606946191074,0.00242041408005669,0.0196497348235943,-1.58217237863129
"ENSG00000252892",-2.31628664502427,-6.30093359511514,-3.15428120778884,0.00243329732946802,0.0197343996851469,-1.71799738477981
"ENSG00000227339",1.95655416540892,-4.84297601845573,3.15301128558536,0.00244248527606634,0.0198035050383894,-1.6162747715514
"ENSG00000239855",-3.23993119136446,1.44870668314427,-3.15296739863433,0.002442803380065,0.0198035050383894,-1.5555426765035
"ENSG00000270164",-1.95277160517798,0.365098298049417,-3.15192767098797,0.00245035094862386,0.0198486820142205,-1.5866555818208
"ENSG00000271795",1.6772706179169,0.306066257081801,3.15082259559808,0.00245839681592592,0.0199083267048407,-1.56786374544095
"ENSG00000228679",2.66097562963484,-5.60618335026061,3.15023136245922,0.00246271163289956,0.0199211905856227,-1.56508035900087
"ENSG00000231829",1.68583706988952,-6.38886574887003,3.14945265294227,0.00246840546902056,0.0199587362561474,-1.64952926144939
"ENSG00000198034",-1.67079970893377,9.44443495601401,-3.14813989150184,0.00247803213658297,0.0200244920512379,-3.19173686387277
"ENSG00000199165",2.48785756412584,-5.77658076930169,3.1460342410648,0.00249354658760867,0.0201215495614299,-1.57203943157558
"ENSG00000235325",1.62251501245278,-6.01920613438553,3.14466027117559,0.00250371897031978,0.020189300156064,-1.62911158194548
"ENSG00000230580",-2.73336081531311,-1.06818397673676,-3.14405213795114,0.00250823375859523,0.020219774125335,-1.76015187980445
"ENSG00000255097",2.88864860975718,-4.82286981380463,3.14196575196448,0.00252378108369468,0.0203328751756901,-1.61053251773746
"ENSG00000256304",3.78632016657761,-3.8538041541969,3.14135022290437,0.00252838507902487,0.020357728208884,-1.81005570282727
"ENSG00000155906",-1.52700060120107,2.3681489602275,-3.13997993496569,0.0025386627075249,0.0204216144388583,-1.58919928759847
"ENSG00000095397",-1.83231140810197,2.0262222019588,-3.13995375000786,0.00253885948374245,0.0204216144388583,-1.58466305662084
"ENSG00000100450",-2.06340604655902,5.86053234247084,-3.13876874452928,0.00254777958135275,0.0204810707317623,-2.06109110264339
"ENSG00000095932",-2.99857100073934,2.52847807157516,-3.13846323044467,0.0025500840801718,0.0204954978390777,-1.59411025946892
"ENSG00000103196",1.51274737425821,6.89127242776071,3.13774142696372,0.00255553640674524,0.0205270079168776,-2.44779500173732
"ENSG00000113387",-1.52402863275947,4.85017837188429,-3.13703031477361,0.00256091863726986,0.0205497107895255,-2.01779456569075
"ENSG00000253182",2.57666706102107,-5.64386345799355,3.13634371251068,0.00256612541914427,0.0205832749601832,-1.59729647481962
"ENSG00000255135",-2.83863692306072,-0.123916190392152,-3.13530004025943,0.00257405897755598,0.0206345601227728,-1.6697919815261
"ENSG00000093009",-2.7305248613584,-0.235632423272356,-3.13474232895331,0.00257830786530357,0.0206645001596758,-1.60354051931599
"ENSG00000111537",-3.55326586447812,-4.04611214869146,-3.13441063202683,0.00258083798727721,0.0206806555241217,-1.81320829540577
"ENSG00000223345",2.50849991149848,-5.62043041073012,3.13343183888607,0.00258831758234423,0.0207240676051389,-1.60406613191036
"ENSG00000242737",3.31974967050675,-4.80926789752993,3.13321482490876,0.00258997867106532,0.0207332382584962,-1.67775189557142
"ENSG00000242583",1.68414541960069,-6.03715666532492,3.1322025140078,0.00259774037817549,0.0207912320691641,-1.6020066677169
"ENSG00000006282",-1.93082806694388,3.85133985356501,-3.13204833053145,0.00259892445890091,0.0207934201981939,-1.6360836369619
"ENSG00000134326",-2.03233409483472,3.79714706805807,-3.13203221908347,0.0025990482188927,0.0207934201981939,-1.86310237254435
"ENSG00000211973",-3.95101667242371,-0.216176108790124,-3.131157722401,0.00260577393503696,0.0208347899236985,-1.67968986517672
"ENSG00000281383",1.81896504932799,-4.93043269715684,3.12984305295203,0.00261591563673921,0.0208951004228472,-1.68930195109169
"ENSG00000256393",-2.65001890694533,-0.239449831369989,-3.12954733280517,0.00261820197869131,0.0209009046758038,-1.6752105264107
"ENSG00000234584",2.05087257638567,-5.82931993196414,3.12919523759287,0.00262092661805872,0.0209143493249696,-1.60899969863133
"ENSG00000253234",-3.97998119027709,-2.72726992410075,-3.12691266678355,0.00263865438627239,0.0210391082183504,-1.78369856708242
"ENSG00000124507",-2.29247417392717,2.18257125426487,-3.12531596222572,0.00265112190142325,0.0211069243736218,-1.62387405035621
"ENSG00000203729",2.28042338533331,-5.74936623100264,3.12530630194264,0.00265119749896539,0.0211069243736218,-1.620751757597
"ENSG00000271858",-1.62119187131628,1.46311608714077,-3.12441302151947,0.00265819667398669,0.0211487873911761,-1.63785997517292
"ENSG00000251429",3.15127937558413,-2.59724138818038,3.12357215648119,0.00266480093755959,0.0211971363853919,-1.87930729496407
"ENSG00000200483",2.1653461910874,-5.3675943809709,3.12343658580808,0.00266586716226238,0.0212014226819529,-1.63660364827453
"ENSG00000203414",-3.46962596930049,-3.86442427694176,-3.12332697524619,0.00266672950967807,0.0212040861843508,-1.81518308245428
"ENSG00000177725",1.80015754367696,-6.15306748553801,3.12135714014553,0.00268227146779363,0.021302385924188,-1.66266700848346
"ENSG00000278690",-1.69175115351875,-6.55715030629568,-3.12078165685186,0.00268682797722161,0.0213259345193017,-1.64079601362656
"ENSG00000244327",3.15648052504877,-4.02929379407901,3.12070575057394,0.00268742952092643,0.0213264985393376,-1.75212077206069
"ENSG00000144485",-2.55427739386975,0.659671430465067,-3.12058627830064,0.00268837657239789,0.0213298036241445,-1.63054719734345
"ENSG00000212124",2.18154751189754,-5.5942298005737,3.11989270802544,0.00269388063912854,0.0213650403342367,-1.64338662919925
"ENSG00000223803",-2.08913448168334,-0.758787686077337,-3.11943519298682,0.00269751717220197,0.0213896618060875,-1.80053847225858
"ENSG00000198300",2.30713758633026,-5.72416578131195,3.1171232005272,0.00271596420550868,0.0215147178305143,-1.64044055606994
"ENSG00000101384",2.60574928799974,0.153837256159599,3.11353463078036,0.00274483053748254,0.0217340989364594,-1.65041315702839
"ENSG00000157827",2.97143429431152,0.220137152718005,3.11328110224162,0.00274688071799275,0.0217382083906978,-1.72055882820944
"ENSG00000136002",-2.85421673785035,0.127594846944016,-3.11298175143591,0.00274930328658943,0.0217530979585649,-1.79700891665219
"ENSG00000213967",-3.09274057511415,-1.75641543646038,-3.1100774034527,0.00277291130045867,0.0219140122077923,-1.81884338637595
"ENSG00000255138",1.88540160236709,-4.84438859030514,3.10981774073227,0.00277503116950993,0.0219221464092431,-1.6872049271594
"ENSG00000205544",-2.80440719963133,-1.07086103089621,-3.10955636885127,0.00277716652118466,0.0219347050068105,-1.74743762800855
"ENSG00000159247",3.72117881683897,-0.774753956352325,3.10929340446986,0.00277931643247622,0.021944470542014,-1.79107943149788
"ENSG00000268543",2.07398202391768,-4.87852109065044,3.1078067285972,0.00279150028671076,0.022017636752275,-1.66086545562864
"ENSG00000279339",2.55095222435827,-4.25193295832375,3.10768855161052,0.00279247092837847,0.0220209721974639,-1.68389871877194
"ENSG00000224646",-2.25109965828798,-0.624297207942408,-3.10752079958316,0.00279384929402922,0.0220275209489239,-1.85200993708039
"ENSG00000198221",1.66463635013293,-6.16727623912307,3.10704543810798,0.00279775864320991,0.0220540182302598,-1.66652827908236
"ENSG00000173898",-3.50119549238294,-2.52224594986128,-3.10672308002394,0.00280041260732821,0.0220659564299962,-1.84644922742629
"ENSG00000162572",-1.5986764425589,2.20415084996616,-3.10670017331194,0.00280060128705394,0.0220659564299962,-1.66332991980255
"ENSG00000215086",-2.61573897130138,-2.76345761043568,-3.10666151388808,0.00280091974683525,0.0220659564299962,-1.93751753415205
"ENSG00000250474",2.3616147713572,-4.61741128509312,3.10448535775668,0.00281890063665088,0.0221740632891173,-1.69213550359184
"ENSG00000265396",1.72228819849555,-6.18975090407803,3.10426773733217,0.00282070468383614,0.0221740632891173,-1.67072196047215
"ENSG00000270330",2.63698746003381,-4.8962366074291,3.10405626636552,0.00282245878592118,0.0221834776366771,-1.67503714934309
"ENSG00000162383",-3.650418703586,0.232180935228754,-3.10385420703129,0.00282413577260863,0.0221923194547326,-1.72907065860111
"ENSG00000118804",3.78899773611535,-3.45195706127234,3.10017775086214,0.00285481143070662,0.0223896077130838,-1.8617415525032
"ENSG00000076554",-1.79036921968898,2.05584714148597,-3.09897752617628,0.00286489307078092,0.0224511561854843,-1.70381120280238
"ENSG00000231120",-2.08949685500917,-2.81614690544766,-3.0986524992778,0.00286762894548137,0.0224682165009242,-1.9625756962242
"ENSG00000274051",3.05304594306031,-4.76165383928863,3.09846858307819,0.00286917811863357,0.0224750735334455,-1.81487342696412
"ENSG00000269834",-1.73823606857294,0.811196547298342,-3.09775327679666,0.0028752107604135,0.0225100726368342,-1.71500576578128
"ENSG00000204044",4.09103492723122,0.175529150703561,3.09760749749154,0.00287644166392789,0.0225153247222019,-1.70942577773833
"ENSG00000189233",-2.33079726757807,1.49940896740118,-3.09686291825423,0.00288273627926389,0.0225558123586935,-1.6869153213849
"ENSG00000135903",2.16599237906962,-5.96642217965738,3.09473053848021,0.00290083449343662,0.0226621353099765,-1.69229510192902
"ENSG00000230735",1.85975099164416,-5.69020060654593,3.09446651032513,0.00290308275467622,0.0226664853182158,-1.69295029340874
"ENSG00000266970",3.90357564491064,-2.38037884724897,3.09340410033163,0.00291214587812645,0.0227284194510657,-1.87654421174039
"ENSG00000277449",2.20645674334903,2.05118303781026,3.09319435201504,0.00291393830222519,0.0227335819185051,-1.71880406903067
"ENSG00000282051",2.1819992361779,-5.79180817821935,3.09309968978548,0.00291474758455973,0.0227354835844917,-1.69657099816789
"ENSG00000229820",2.16186602325946,-5.64351377729458,3.09295518409284,0.00291598339120769,0.0227407108231487,-1.69634801074981
"ENSG00000211938",-2.5198206321414,3.79066667442549,-3.09183098918654,0.00292561417854724,0.0228025477328337,-1.86298035017943
"ENSG00000130595",-1.56392589472169,2.73830664602107,-3.0917023710035,0.00292671791983848,0.0228067287872352,-1.73403556284123
"ENSG00000063180",-1.53981789930823,2.36297120988611,-3.09142433965415,0.00292910518387296,0.0228209082562133,-1.70977423336664
"ENSG00000236499",-3.62778978409511,-3.12004514578753,-3.0912767437816,0.00293037322670681,0.0228263639721114,-1.89624234484902
"ENSG00000205309",-1.60894940531776,3.57375401875361,-3.09108633001238,0.00293200988869665,0.0228346884047622,-1.8334946847003
"ENSG00000109475",-2.77975901073001,4.05076297189132,-3.08988945944654,0.00294231689653309,0.0228894697035678,-1.8415626539711
"ENSG00000231747",-2.16080205104461,-0.29492993432525,-3.08943124419947,0.00294627182293244,0.0228925434529435,-1.82372438758694
"ENSG00000223916",-2.42164073176077,-0.549687022861542,-3.08880084116849,0.00295172103906163,0.0229260218725571,-1.85147836507236
"ENSG00000200502",2.62641316517805,-4.0373262863805,3.08767132208512,0.00296150816043015,0.0229798400049436,-1.74029968641353
"ENSG00000230207",-1.8679566777595,1.00771322532171,-3.08728439407923,0.00296486779588009,0.0230014695349231,-1.72363801271198
"ENSG00000105808",-1.73003179964939,1.75351451709348,-3.08620401641113,0.00297426738990441,0.0230610410046166,-1.71438118637127
"ENSG00000204323",-1.77524861239543,2.76037576580791,-3.0853582582785,0.0029816451283787,0.023109330528452,-1.82506133761124
"ENSG00000253785",-2.14981839938205,-4.18549559205505,-3.08522833365058,0.00298278000244996,0.0231136703273888,-1.98567838700089
"ENSG00000247317",-3.06535748963545,-0.800794748065616,-3.08120830302112,0.00301809428265872,0.0233423290402935,-1.8163966918635
"ENSG00000272396",4.82958217552277,-4.35497347560999,3.08024593605463,0.00302660595761967,0.0233935978071288,-1.93722683199277
"ENSG00000204010",-2.89288559828717,2.61359948231016,-3.07963128752892,0.00303205394511435,0.0234232576290329,-1.8342919210593
"ENSG00000123836",5.07885531983876,3.72385188914909,3.07750425086009,0.00305097781029991,0.0235513459926415,-1.88874602754243
"ENSG00000109084",-2.20162499993231,1.11144279360202,-3.07607637868348,0.00306374308662886,0.0236328863264886,-1.74833305764563
"ENSG00000022556",-1.7956112133165,2.86806956037735,-3.07605970643388,0.00306389243156207,0.0236328863264886,-1.81695810606129
"ENSG00000244116",-3.08211357355262,-2.6399159318444,-3.07594271670716,0.00306494058094406,0.0236364360704226,-1.90829008879229
"ENSG00000264840",1.96179736907492,-5.9913244764323,3.07472994594344,0.00307582591768191,0.0236976530361534,-1.74029036281147
"ENSG00000198019",1.5020791187948,4.23411247724717,3.07446624834935,0.0030781975283486,0.0237097457439846,-2.13456801825737
"ENSG00000196110",2.33521109267213,0.240699546698311,3.07442429329479,0.0030785750157604,0.0237097457439846,-1.78466541654716
"ENSG00000128581",-2.87262740437151,-0.618244570228735,-3.07357921348354,0.00308618775817989,0.0237547233877748,-1.84569892044826
"ENSG00000213942",-2.89696738425125,-3.67987292921668,-3.07253517242831,0.00309561705336452,0.0238181812017915,-1.95659008715527
"ENSG00000215912",-2.70171919550155,0.395613334417052,-3.07240904245627,0.00309675801840078,0.0238205357146674,-1.79968901188042
"ENSG00000132541",-2.9804760093265,-1.38111981627813,-3.07134519941476,0.00310639710455143,0.0238782746457317,-1.8552249979831
"ENSG00000221946",-3.2616874036107,0.675289262404001,-3.06865971181728,0.00313085393022603,0.0240222777066515,-1.81964484130524
"ENSG00000201223",-1.52756994998046,-6.47365200489489,-3.06863210320365,0.00313110629279274,0.0240222777066515,-1.7988348637939
"ENSG00000112333",3.9880867210317,-4.45853042222142,3.06828951621458,0.00313423936262932,0.0240325559520168,-1.98262451398231
"ENSG00000186583",3.00444418184361,-0.140904272321643,3.0672255791671,0.00314398806275975,0.0240843384335113,-1.75863611784054
"ENSG00000257315",2.8232618011679,-1.36414198338607,3.06291742444357,0.00318375283655271,0.0243102054197706,-1.82029304179334
"ENSG00000133055",-4.46636219333368,0.181833862639467,-3.06230027815858,0.0031894874165348,0.0243401239786507,-1.84702937728114
"ENSG00000211724",-3.33838267611291,0.527711450637995,-3.06173308924359,0.00319476627885172,0.0243711563458058,-1.84728864303842
"ENSG00000172116",-1.56931896511135,5.3658028250086,-3.06152105234012,0.00319674181027134,0.0243769753900851,-2.04041394037847
"ENSG00000274235",-1.64877246923394,-6.50396972136633,-3.06103033540968,0.00320131815046754,0.0244026151469655,-1.79555061169107
"ENSG00000226125",3.80729800746399,-2.52870950065219,3.06042969789072,0.0032069279036114,0.0244407422902342,-2.00487626390023
"ENSG00000231123",3.84013158201809,-3.68054047818865,3.06000799335871,0.00321087195673793,0.0244661626999201,-1.9994583835201
"ENSG00000171860",1.53523166524183,5.43743682393935,3.05926361237885,0.0032178449258155,0.0245007200203854,-2.42015525360968
"ENSG00000226660",-2.76946024677209,1.64038827390596,-3.05823302208395,0.00322752225571446,0.0245558004777125,-1.79238575843716
"ENSG00000185420",-2.42555725247196,1.77646089712939,-3.05772136485484,0.00323233683145771,0.0245877777290942,-1.78128672820313
"ENSG00000072163",-1.70824679125699,2.67605844256288,-3.05689250216308,0.00324015044551944,0.0246425516857307,-1.79132839911776
"ENSG00000215817",2.57783494568544,-1.77756889834377,3.05560518293293,0.00325232080000695,0.0247304332895554,-2.02028793351245
"ENSG00000165304",-3.11144630857686,-1.39552876304756,-3.0553176601851,0.00325504486302327,0.0247464662600722,-1.85196402917612
"ENSG00000282989",1.68352161803204,-5.18316603993833,3.05474375639537,0.0032604885316744,0.0247784801418477,-1.80747276723401
"ENSG00000236762",-2.00322179669612,-0.319299520604507,-3.05466484481337,0.00326123769749489,0.0247794893053656,-1.9179343228445
"ENSG00000242327",-2.59449114743362,-1.86319220407071,-3.05404024202251,0.00326717317502121,0.0248105205859847,-1.98194856324362
"ENSG00000234737",1.95909684599915,-5.80196395616739,3.05361885492375,0.00327118321921196,0.024831591347953,-1.79371767479794
"ENSG00000119865",-3.31027299903594,-2.89772095405386,-3.0530415837794,0.00327668414820366,0.0248674081862421,-1.95835521167946
"ENSG00000211633",-3.26179433670994,-5.70698016393808,-3.0529309676471,0.00327773921454788,0.0248674081862421,-1.95558874362828
"ENSG00000178917",1.64550166131241,1.45527702466497,3.05204403102702,0.00328621034666423,0.0249081549011585,-1.79459747651029
"ENSG00000207248",3.85472413494609,-3.74304893410596,3.05179916859231,0.00328855261901101,0.0249171579719369,-2.02189453499213
"ENSG00000162337",-2.32347823743122,0.662693113305079,-3.0500683969455,0.00330515301555001,0.0250233072563355,-1.81430692923622
"ENSG00000152253",-3.17406573508684,-2.3337617744774,-3.04934115352257,0.00331215151443559,0.0250385699855847,-1.86224242968353
"ENSG00000263834",2.23413934954579,-4.78665131872422,3.0477735038053,0.00332728450138765,0.025119904511697,-1.80507891901482
"ENSG00000235636",2.70404089560575,-4.07974067407887,3.04713485436248,0.00333346802085269,0.0251443600588728,-2.0198010744998
"ENSG00000183571",1.51558277552967,-6.1321922248877,3.04711596849722,0.00333365104009233,0.0251443600588728,-1.87822930427137
"ENSG00000146166",2.61774448205993,-4.33749171845557,3.04647445249841,0.00333987340920099,0.0251865673976174,-1.81713232050113
"ENSG00000259278",1.80194382754206,-6.26113661735412,3.04599708956755,0.00334451059892156,0.025216807032604,-1.83919374269687
"ENSG00000161888",-2.45517679715245,0.29569012487944,-3.04577597901036,0.00334666053871108,0.0252282855760853,-1.80979061603157
"ENSG00000131142",-3.56397203479676,-5.01185989572896,-3.04548157588462,0.00334952512766346,0.0252451460784264,-1.97039446767204
"ENSG00000185198",-3.78579490605433,-0.238488446668355,-3.04434234347736,0.00336063157375054,0.0253098745837241,-1.86160383402295
"ENSG00000125900",1.78792382247773,1.21218749829244,3.04425931732471,0.00336144234046013,0.0253112389906683,-1.81633111040066
"ENSG00000274173",3.3143218817969,0.783405097076342,3.04286903127409,0.00337504585638498,0.0253946459888432,-1.83277445896845
"ENSG00000165182",1.82056139515227,-5.8762287939586,3.04280203420102,0.00337570269519443,0.0253948352829728,-1.84203057136683
"ENSG00000271503",-1.83288621179993,8.94112925257613,-3.04211458285688,0.00338244934550792,0.0254408285478222,-3.19140919898958
"ENSG00000197670",1.93529160654001,-5.54796264778886,3.0411649020228,0.00339179017743915,0.0254968968912667,-1.821920845948
"ENSG00000138050",-1.65018103457025,1.03027137584362,-3.0411632454988,0.00339180649157988,0.0254968968912667,-1.83098574953764
"ENSG00000262209",2.2299650469864,-5.49090077214212,3.04092334933759,0.0033941698610626,0.0255098928312654,-1.82144378417957
"ENSG00000268618",1.93319008532533,-5.78678791600952,3.04070450426713,0.00339632718055282,0.0255117984515292,-1.82186829426506
"ENSG00000201342",2.57620150989593,-5.80306865128749,3.04053728441701,0.00339797645227695,0.0255175779845127,-1.82387705820021
"ENSG00000274605",-3.20341608597902,-2.75395503079688,-3.04030376328159,0.00340028089476248,0.0255242559720881,-2.002191137901
"ENSG00000271394",2.00263167505306,-5.93177694555658,3.03961676784737,0.00340706877253656,0.0255638258293234,-1.82441603876125
"ENSG00000232742",2.44136587567528,-3.27286445413843,3.03899942376125,0.00341317922138654,0.0255998764678968,-2.02173071834737
"ENSG00000175800",-1.56387493133823,-6.45599263660577,-3.03873143870508,0.00341583490291636,0.0256104801878112,-1.86624745405882
"ENSG00000205927",-4.56600888920833,-1.20768926198914,-3.03579232645086,0.00344508750512026,0.0258057402423784,-1.9386262651064
"ENSG00000276597",-3.50110508238152,-2.79386254312477,-3.03280781301589,0.00347503054241378,0.026010645664889,-2.01130425418161
"ENSG00000130962",2.68781220729554,-5.14381771351031,3.03243713276439,0.00347876637371143,0.0260289160163683,-1.87841013407345
"ENSG00000055118",-2.19697059944844,2.39573750138479,-3.03222210215259,0.00348093523261415,0.026040297398875,-1.88480595713471
"ENSG00000170525",3.72109290422482,6.64189339544148,3.03190226380316,0.00348416354052137,0.0260595986336819,-2.71639890904411
"ENSG00000129159",-1.5147028548739,-6.39463377174522,-3.03090145414208,0.00349428328941571,0.0261158536532981,-1.86195199883069
"ENSG00000239569",-1.54228326051252,2.3812483329782,-3.03059235889532,0.0034974142512338,0.0261295386969153,-1.88565895418346
"ENSG00000260861",2.91006165855353,-5.38722471544047,3.03035673556631,0.00349980273762979,0.0261425250201027,-1.994765231507
"ENSG00000206710",1.55398211772793,-6.3292161387881,3.03026708919566,0.00350071187119491,0.0261444582288274,-1.8541467989314
"ENSG00000164023",2.0746776140444,1.64154281833031,3.02930189306795,0.00351051418048525,0.0262103805578228,-1.87777535427391
"ENSG00000207622",1.67093816957218,-5.94779449476935,3.02920548370716,0.00351149469390661,0.0262103805578228,-1.85138488419795
"ENSG00000256751",2.45873728936154,0.353179434551993,3.02901063419575,0.00351347715281824,0.0262179425677833,-1.85275089723716
"ENSG00000211670",-3.03435007180647,1.21914544779319,-3.02891365199097,0.00351446426789176,0.0262179425677833,-1.84939720216408
"ENSG00000096060",2.54332671042225,7.49426195319383,3.02737443026627,0.00353016554719126,0.0263155415034643,-3.08178223885328
"ENSG00000186281",-3.04375018450301,0.0946742650186382,-3.0271518260516,0.00353244168275584,0.0263260846119216,-1.95791840317879
"ENSG00000064270",4.11246747318121,-0.769650196927477,3.02703022064263,0.00353368567898383,0.0263271370768176,-1.89930304287081
"ENSG00000163584",-2.26955194547688,0.833157034916387,-3.02670418158535,0.00353702299829352,0.0263471185060953,-1.85465664577872
"ENSG00000265465",-1.7664498854078,-6.53820722089367,-3.02636500094303,0.00354049794729691,0.0263681175393165,-1.86421253801867
"ENSG00000105559",-2.90651744939254,0.27713903931188,-3.02585073218395,0.00354577275793953,0.026397621558275,-1.91319334942862
"ENSG00000266916",-3.26916587921732,-4.14258518031766,-3.02549877749397,0.00354938694167444,0.02641963596171,-2.02044629207742
"ENSG00000249863",1.9631446242446,1.11448060423324,3.02505992300175,0.00355389829265385,0.0264223571403207,-1.859726366932
"ENSG00000244073",-2.18104127693291,-1.93395786811317,-3.02495181521563,0.00355501044156994,0.0264223571403207,-2.09112322264365
"ENSG00000228071",-2.96670700083794,-3.97608046847859,-3.02455991516554,0.00355904479316738,0.0264474526386165,-2.02751260366202
"ENSG00000064655",-3.43697353164964,-4.41342923578046,-3.02332725009985,0.0035717620578476,0.0265321467571303,-2.05074128923509
"ENSG00000109906",2.74229774829613,2.12333996818541,3.0228770324178,0.00357641743582412,0.0265618203870315,-1.86385933409843
"ENSG00000232613",-3.64873936182713,-4.00789230917618,-3.02123613707389,0.00359343259070475,0.0266635616484888,-2.03906950276217
"ENSG00000109265",3.74227816155206,-2.98496288587085,3.02086503487515,0.00359729113978253,0.0266872667284623,-2.05762167273671
"ENSG00000227525",-2.9267835467163,-4.44031700360452,-3.02045308131261,0.00360157895729658,0.0267138105308083,-2.04633923854207
"ENSG00000257553",-3.42827999760392,-4.21958142314725,-3.02029131785961,0.00360326397166017,0.0267138105308083,-2.04884375383663
"ENSG00000147889",-1.82644773950316,0.57109937651741,-3.02026606826155,0.00360352705110625,0.0267138105308083,-1.87146396565055
"ENSG00000227189",2.06473763473925,-4.71882660111891,3.02009166254292,0.00360534469922393,0.0267223575955384,-1.87030409305272
"ENSG00000227560",2.33246702772263,-5.24997532634095,3.01862976966269,0.00362061405426465,0.0268157564866521,-1.89074637996388
"ENSG00000092969",2.07799069168621,-5.6808867161984,3.01833402964215,0.0036237103430265,0.0268337452956993,-1.87528500090293
"ENSG00000278757",3.29707731679067,-5.04022891442678,3.01718440393481,0.00363576991507265,0.0269032251289804,-1.92251366593084
"ENSG00000160883",2.17464118933914,8.66095739032247,3.01657277548939,0.003642201102312,0.0269408958077547,-3.73641012475733
"ENSG00000253310",1.99763862974585,-5.99201304617432,3.01479606421105,0.00366094304211601,0.0270645884845803,-1.91035496798386
"ENSG00000130300",-2.88792753480936,2.9890586483945,-3.01335460948583,0.00367621434421497,0.0271674943136269,-1.91855017942971
"ENSG00000079385",2.7971049480465,5.77828995365128,3.01311620206202,0.00367874582331381,0.027174033449612,-2.63899285674628
"ENSG00000216657",-2.56631503231413,-5.30343601139746,-3.01308031619102,0.00367912701025417,0.027174033449612,-2.04789642269493
"ENSG00000173905",1.68308477129824,1.60104691721826,3.01177419194269,0.00369302595224272,0.0272566604244652,-1.89203693033331
"ENSG00000136160",3.74522063493203,-4.21940156593779,3.01023380990695,0.00370948046919845,0.0273630337289387,-2.04876874682377
"ENSG00000244331",-2.63403826893624,-4.71450485891175,-3.00975596653446,0.00371459867996605,0.0273957615358641,-2.0943037465936
"ENSG00000258643",2.08819437407666,-5.79372100992005,3.00910044657486,0.00372163068060946,0.027437556688403,-1.89619076685115
"ENSG00000152463",4.79148472270451,-1.50222197242221,3.00782606822133,0.00373533683930303,0.0275083369872981,-1.93355459662665
"ENSG00000230606",-2.24883142600309,-0.631474250834528,-3.00723007374489,0.00374176295833418,0.0275354849809538,-1.96471708330232
"ENSG00000259351",2.17327573256711,-5.7217986084674,3.00581277089692,0.00375708588241104,0.0276179130818593,-1.90387081440073
"ENSG00000230383",-1.77045792901322,0.257369376162826,-3.00545455734521,0.00376096787182955,0.0276382847704347,-1.95701552463122
"ENSG00000241478",-2.62913901322416,-2.12455519097484,-3.00436360369571,0.00377281361141368,0.0276985546381863,-2.12195206150085
"ENSG00000111196",-1.55274133539615,1.39916057824264,-3.00435758213696,0.00377287909056037,0.0276985546381863,-1.90751557799647
"ENSG00000260693",2.25350339266118,-4.99972370021093,3.0034418429029,0.00378284925490796,0.0277514791506952,-1.91388532736177
"ENSG00000220494",1.93962386444503,-5.99534278144518,3.00280070164575,0.00378984428969205,0.0277882442812681,-1.91206288359556
"ENSG00000235321",3.76346234598426,-3.49900210844874,3.00247134868094,0.00379344229820606,0.0277987545155815,-2.09165124702808
"ENSG00000267735",-3.44870242510424,-4.14982806442283,-3.00105541218502,0.00380894686325599,0.027886957165656,-2.08192710313966
"ENSG00000204194",-2.24921919975376,-2.45891461820124,-3.00035288711062,0.00381666138774821,0.0279332643564998,-2.15609936468412
"ENSG00000237976",-3.20066177104768,-3.25528191223365,-2.99994567642861,0.00382113967078188,0.0279585411168146,-2.10721029746717
"ENSG00000266900",2.99558777800081,-5.41677666381018,2.99893281519795,0.00383229976270328,0.0280269831828247,-1.92371208615421
"ENSG00000211678",-3.50885019964704,-3.97707326013634,-2.99887366579879,0.00383295242871425,0.0280269831828247,-2.08823395150054
"ENSG00000167074",-1.76045814922049,2.67997235489192,-2.99743487573573,0.00384886017501538,0.0281279543275711,-1.92945438976197
"ENSG00000233750",2.56744376593595,-5.47198109935744,2.99532651710606,0.00387228175990073,0.0282631574639668,-1.96451681913704
"ENSG00000185267",-3.17718391361612,-2.02968762621411,-2.99448090504888,0.0038817127561394,0.0283217089332697,-2.07407260757883
"ENSG00000249189",3.14957857904609,-5.48630395641897,2.99393378629393,0.00388782606507028,0.0283611655721204,-2.03190629726678
"ENSG00000225900",2.16361561476681,-5.20455842655668,2.99320118408822,0.00389602591028734,0.0284055193408363,-1.93348784782179
"ENSG00000113448",1.76858880677755,2.95933677440814,2.99213095465734,0.00390803362695893,0.0284724117200078,-2.08230285264173
"ENSG00000184451",-2.1908112270423,0.120516431618498,-2.99199416330103,0.00390957086905897,0.0284784504580375,-1.99636717636851
"ENSG00000211949",-1.9203034666334,5.07063342815231,-2.99169275083591,0.00391296008320953,0.028494701323821,-2.3579780609927
"ENSG00000242262",-2.09068237628921,-0.758793437291163,-2.99077289342548,0.0039233202494221,0.0285527372677891,-2.05450364446706
"ENSG00000175175",1.69764957148727,-6.03781528978821,2.98954324346924,0.00393720935275389,0.0286330843703712,-1.94628917320002
"ENSG00000270210",1.80771895502244,1.54045787984141,2.98887595840082,0.00394476555674426,0.0286776609244544,-1.9603973399738
"ENSG00000263403",2.35152591536176,-4.91006648813573,2.98821702599481,0.00395224039505046,0.028716422982436,-1.94980258080087
"ENSG00000153246",-1.69175115351875,-6.31252909932218,-2.98753328069114,0.00396001061612307,0.0287474983336765,-1.96893142479328
"ENSG00000244582",-2.64846477684653,-3.00215175634225,-2.98752606641049,0.00396009267628228,0.0287474983336765,-2.15529526891638
"ENSG00000256188",2.00886533818206,-5.55137347206072,2.98719806565518,0.00396382525002985,0.0287693992962087,-1.94775276474107
"ENSG00000230618",1.64723344434777,-5.41536176862898,2.98506576082093,0.00398817018245875,0.0289147732507135,-1.96961341002839
"ENSG00000129354",-3.19851739885325,0.560558194938687,-2.98442820879231,0.00399547616158925,0.0289625194100633,-2.00768911332929
"ENSG00000217716",-1.98935679176598,-1.63732791659731,-2.98351253620099,0.00400599099192307,0.0290282714234483,-2.1398662830759
"ENSG00000124251",1.50142906159568,-6.05159266806726,2.98263642236622,0.00401607561530045,0.0290751435055481,-2.12045861638876
"ENSG00000230303",1.851703794913,-5.90441944399946,2.98220004834289,0.00402110734722556,0.0291063301356071,-1.96809957361697
"ENSG00000267341",-1.75421856651575,-6.32404612387864,-2.98183238844049,0.00402535129560171,0.0291318042818686,-1.97317483942038
"ENSG00000211875",2.30492778566381,-5.17847074865534,2.97994308004501,0.00404722552380203,0.0292690340902841,-1.96437417581988
"ENSG00000101282",-3.47337170306944,-2.93164486582757,-2.97966252072158,0.00405048320891167,0.0292767935930721,-2.11871106983675
"ENSG00000250548",3.74025108741001,-0.231491090234734,2.97837476145351,0.00406546715037012,0.0293745345756972,-2.11767277158035
"ENSG00000104147",-3.31671999716509,-3.66581087641212,-2.97817808462731,0.00406776014227688,0.0293858208876577,-2.07987052142332
"ENSG00000088726",-1.5753918768978,2.69844021605889,-2.97808059226701,0.00406889721946868,0.0293887542251311,-2.05176518698876
"ENSG00000183763",-2.25529555142682,0.309955843356044,-2.97787380255944,0.00407131003523228,0.0294008992341311,-1.99081672004035
"ENSG00000117318",-1.63463380690574,3.25899444742268,-2.97756099736202,0.00407496236110345,0.0294167062023848,-2.01810333588845
"ENSG00000231621",-3.33909808848502,-0.770675213511359,-2.97707540102563,0.0040806382304515,0.0294447082153916,-2.1131635335693
"ENSG00000281227",4.02250181254061,-4.06914383463162,2.97704117047318,0.00408103860942644,0.0294447082153916,-2.16255850548022
"ENSG00000197696",-2.65078431498997,-0.0112308655936073,-2.97568494208012,0.00409693116761743,0.0295487669179325,-1.99809952534453
"ENSG00000180769",3.52037706065044,-1.59250676064001,2.97461986762857,0.00410945218322149,0.0296297445541691,-2.14111642403996
"ENSG00000188820",-1.89316558182329,2.65014256393062,-2.97460453051748,0.00410963274548647,0.0296297445541691,-2.0143660514498
"ENSG00000254281",2.85061936908823,0.376216805204283,2.97333282412582,0.0041246300658312,0.0297218816824782,-2.01283683603629
"ENSG00000108309",-2.40298961118182,5.61296648737078,-2.97311276291866,0.0041272304132982,0.0297299618483093,-2.65070228033229
"ENSG00000171817",-2.52372114267283,0.832460080428774,-2.97174928980707,0.00414337581075372,0.0298248870803798,-2.0097344991364
"ENSG00000199753",-3.4912432446378,-0.881422152140083,-2.97095943973997,0.00415275551924178,0.029868057098659,-2.09626829400245
"ENSG00000224812",3.19819877403268,-4.80563206235913,2.97093148208508,0.00415308788571474,0.029868057098659,-2.03096492411459
"ENSG00000213809",-2.214578730416,1.30987767004802,-2.96962708498923,0.00416862230864734,0.0299529855321252,-2.0077982925315
"ENSG00000280205",3.83150379891129,-3.6470719447242,2.96811805147279,0.00418666107746836,0.0300503746895881,-2.15160679574326
"ENSG00000177853",1.58547829605432,2.90927633460719,2.96655823634143,0.00420538299969353,0.0301685951737472,-2.14879813749206
"ENSG00000267291",-3.50761712641718,-3.35416761304245,-2.9659968054247,0.00421214065355529,0.0302009057524932,-2.1548020758072
"ENSG00000136982",-3.32762893694196,-4.01159293371418,-2.96522042068389,0.00422150219802761,0.0302572350445902,-2.1157002812722
"ENSG00000206635",1.63012777650293,-6.0317807288104,2.96501590342805,0.00422397145066921,0.0302641419104979,-2.01215616137256
"ENSG00000226828",1.53402769968683,-6.47499692581448,2.96456315303647,0.004229442530494,0.030274672922994,-2.17908088732031
"ENSG00000239250",2.54489512395163,-5.73600880822395,2.96421436727408,0.00423366177455586,0.0302849947794831,-2.00132520815683
"ENSG00000255569",-3.41397783884732,-1.0419045454024,-2.96305111117581,0.00424776187476754,0.0303696466102445,-2.14472745045021
"ENSG00000187164",1.62613457333629,3.3094493514241,2.96219801471792,0.00425813013596447,0.0304275413661649,-2.09803946675012
"ENSG00000116791",-1.51982774832753,1.51128264487732,-2.96193011754129,0.00426139091358472,0.030445430515005,-2.00993845257746
"ENSG00000236709",2.44460555296109,-5.2270146612362,2.96172341366307,0.00426390844474904,0.0304570015278415,-2.00666594859373
"ENSG00000243264",-3.22109450427721,0.841395518081426,-2.9606548018636,0.00427694552482123,0.0305294325264317,-2.00924633838493
"ENSG00000111206",-1.66193861377776,1.76235677306731,-2.95965661040022,0.00428915686978621,0.0305997645846988,-2.0868036057475
"ENSG00000280828",3.99436093459113,-1.11375931467537,2.95928945001695,0.0042936566453521,0.0306105496158992,-2.20119768288762
"ENSG00000281969",3.28854904619002,-4.80587284518631,2.9587254332041,0.00430057754796123,0.0306437111987128,-2.03185534204221
"ENSG00000280402",3.72050667940501,-2.37818969932364,2.95734687389251,0.0043175370665092,0.0307427603874961,-2.19850798097531
"ENSG00000260349",2.79937713668154,-4.90370879368482,2.95667323654703,0.0043258469318656,0.0307880666666391,-2.05246350187777
"ENSG00000164379",3.5814980283854,-4.90305762874774,2.95664485085144,0.00432619741803503,0.0307880666666391,-2.18606965168278
"ENSG00000244642",2.45957595931017,-5.04003746530274,2.95656591923596,0.00432717214734403,0.0307895530385,-2.10664243335866
"ENSG00000258914",-3.23980142124962,-4.3521056583953,-2.9552264063039,0.00434374492987917,0.0308965381583514,-2.19210469786209
"ENSG00000176472",-1.84406238514301,2.40365264370348,-2.95503904626925,0.00434606768119797,0.0308981080979977,-2.02721615761405
"ENSG00000241081",-2.18665065833329,-1.44924791593748,-2.95502262120042,0.00434627136197644,0.0308981080979977,-2.2107910462525
"ENSG00000227536",3.4345219015402,-2.34312853007215,2.95473492225124,0.00434984043863969,0.0309163359038913,-2.22452006190094
"ENSG00000169750",-3.13974906629766,-1.41532871763927,-2.95468234508553,0.00435049298334529,0.0309163359038913,-2.0998006181568
"ENSG00000272173",-3.61558817875271,-1.48939522730056,-2.95390205696276,0.004360187957523,0.0309641894132379,-2.13117966960794
"ENSG00000254273",2.41385031231356,-5.8527591712229,2.95286172679137,0.00437314508396864,0.0310233242748734,-2.0416200397726
"ENSG00000211967",-2.72779353574534,1.3061450814442,-2.95250666698412,0.00437757545676315,0.031044540836882,-2.028098852327
"ENSG00000266921",2.54636451511149,-4.98756362189341,2.95093764548455,0.00439720330410966,0.0311610025086932,-2.04920304230881
"ENSG00000236911",1.58029253904806,-6.22846263738601,2.94917149388986,0.00441939477749433,0.0312733248943277,-2.05607211867672
"ENSG00000239213",-2.77003706978851,-0.847721670877031,-2.94911911249145,0.00442005452588354,0.0312733248943277,-2.07024616554519
"ENSG00000230590",2.12949510836014,1.10364303063767,2.9477586953047,0.00443722111617068,0.0313782169414764,-2.03949650462825
"ENSG00000111961",2.94548068347752,0.62409125238263,2.94669244680362,0.00445071888631838,0.0314443312647333,-2.13499484970776
"ENSG00000277452",2.28387076847726,0.865504130884509,2.94652613566978,0.00445282766753213,0.0314443312647333,-2.05487009031535
"ENSG00000200243",2.79236826925215,-5.46110093726139,2.94580887328437,0.00446193298031859,0.0314936470060152,-2.04421876536559
"ENSG00000224993",-2.28800371009029,-2.11863257145952,-2.9456305954478,0.00446419881110253,0.0315024961565638,-2.2336934489344
"ENSG00000267364",-2.04695520514156,1.51488439655217,-2.94518746701438,0.00446983539445599,0.031536736140386,-2.04589977320161
"ENSG00000237702",-2.04756623221036,1.5539766908696,-2.94446760316445,0.00447900611053771,0.0315737337639553,-2.05385029634446
"ENSG00000228672",-2.83948742449202,0.190355729259756,-2.94373006859647,0.0044884200279615,0.0316234598605167,-2.07548603953145
"ENSG00000226933",1.94284310778736,-5.38685565022696,2.94060519046774,0.00452850989418394,0.0318389567621516,-2.0647097799381
"ENSG00000259185",2.28469635693417,-5.83724498471484,2.94020278619454,0.00453369649171348,0.0318695547708921,-2.05628336018949
"ENSG00000243517",-1.6868290778978,0.734803119857754,-2.94014456412013,0.0045344473730039,0.0318695547708921,-2.08193604293911
"ENSG00000279294",2.75718503076491,-4.93385194025131,2.93872292089263,0.00455281789180159,0.0319763076321117,-2.11110194444882
"ENSG00000169397",-2.53346611132512,1.10275631719031,-2.93853168743331,0.00455529427221958,0.0319828400502124,-2.0821867665774
"ENSG00000233971",-2.90407024756978,-3.28590753330208,-2.93691564253714,0.0045762711624196,0.0321095656572326,-2.24060168791125
"ENSG00000261471",1.54469091880922,3.12125454780835,2.9344769173815,0.0046080962562494,0.0322912124270069,-2.12730079973096
"ENSG00000211784",-3.10957660552359,-0.3720135737147,-2.93405851071972,0.00461357698016463,0.0323239842726697,-2.20257553855511
"ENSG00000130202",2.04223787474976,3.52824610009064,2.933986186706,0.00461452496693955,0.0323249926330203,-2.24165090972192
"ENSG00000198995",1.85850890404191,-5.48220712036852,2.93345461880945,0.00462149803047374,0.0323604694480012,-2.07706459767007
"ENSG00000226915",-2.49313004342026,-1.87810495263016,-2.93297674903282,0.00462777501716354,0.0323952309315704,-2.24467630892056
"ENSG00000167633",-2.50821365354941,1.87722999424834,-2.93235361830697,0.00463597192081745,0.0324413129957708,-2.07792651371361
"ENSG00000235081",3.34621290229149,-3.1222448033941,2.93221070446626,0.00463785375997728,0.0324488334247488,-2.20176997236266
"ENSG00000164485",2.51683791985187,-5.97075062891598,2.93040910013365,0.00466163741320022,0.0325982166090581,-2.07863515179658
"ENSG00000267783",2.22919010358934,-5.46661703634174,2.92930634786127,0.00467625094257644,0.0326947200684275,-2.08147391564605
"ENSG00000282173",-3.35868579510739,-0.527893317460522,-2.92813501917847,0.00469181969792369,0.0327864654086439,-2.17388361707963
"ENSG00000237668",-2.97662652760029,-3.11726366914623,-2.92741945268374,0.00470135428034735,0.0328188652159271,-2.24788915365854
"ENSG00000134901",-3.24294297827474,-2.30333662175885,-2.92727593916731,0.00470326868849102,0.032820023345779,-2.20663892130026
"ENSG00000131771",1.75749743436473,-5.09649465156955,2.92722343003792,0.00470396931790405,0.032820023345779,-2.24372956707842
"ENSG00000211725",-3.15949848431161,-0.76692718174566,-2.92700954120846,0.00470682423578263,0.0328342439574759,-2.17466408263702
"ENSG00000204287",-1.52501701117419,8.92791363570797,-2.92687626892691,0.00470860392173619,0.0328409602466409,-3.47576214900692
"ENSG00000234946",1.93643251679686,-5.78458065410324,2.92608773433966,0.00471914657991568,0.0328973264799506,-2.09671555120519
"ENSG00000231542",1.95272429836475,-6.14679586808536,2.92383964156278,0.00474932355163332,0.0330561470607276,-2.09895169278385
"ENSG00000168350",-2.95365562259958,-0.202444460261788,-2.92327980745095,0.00475686614641755,0.0330685687045267,-2.16494645820326
"ENSG00000279963",1.51208008871871,-6.04271229948235,2.92234861174253,0.00476943663326065,0.0331387645230461,-2.1127571693989
"ENSG00000230068",3.27305725191139,-2.61718564647584,2.92093670796774,0.00478855501886378,0.0332371355090404,-2.29583539916887
"ENSG00000225798",2.0148069313948,-6.16126091638865,2.92018559468651,0.00479875462261633,0.0332846690618969,-2.10478031570927
"ENSG00000251546",-3.22836023224958,-0.374931294657504,-2.92014303630506,0.00479933313789072,0.0332846690618969,-2.15120315303446
"ENSG00000268292",-3.2211610517814,-1.40335685976015,-2.92012760108239,0.00479954297178788,0.0332846690618969,-2.18132378068131
"ENSG00000229992",2.02026117678808,-5.73429896509199,2.91949809829282,0.00480810797742424,0.0333210751436665,-2.10644736764736
"ENSG00000257108",-2.94076509526672,0.305514811432091,-2.9189496023186,0.00481558233813486,0.0333538904465509,-2.12336583211791
"ENSG00000101292",1.92816799886453,-5.83545459006066,2.91848918526116,0.00482186474829635,0.0333754710705033,-2.11021203446025
"ENSG00000169715",-2.8126338782546,-0.248499807129043,-2.91734652720598,0.00483748915802041,0.033467000366673,-2.11321787811062
"ENSG00000137876",-1.53087132060942,2.3748283742442,-2.91687140596227,0.00484399962535442,0.0334913761476649,-2.24132458218711
"ENSG00000264281",-2.96121292000108,-1.82956973501808,-2.91638813797531,0.00485063004422811,0.033517536788941,-2.24047844522647
"ENSG00000260198",1.86276427750887,-5.9545655238362,2.91565699288651,0.00486067729664734,0.0335581227339544,-2.12033437895387
"ENSG00000226443",1.64850386626691,-5.97692614203764,2.91557873726533,0.0048617538103609,0.033559791669665,-2.12339801581021
"ENSG00000282780",-3.03995914025451,0.730575024172745,-2.91423291983025,0.00488030194241147,0.0336762613609382,-2.13879713054894
"ENSG00000140092",-1.94115612936583,1.89695467185386,-2.91143767261809,0.00491903563362272,0.0339059399645376,-2.12368135274394
"ENSG00000165495",-1.56387493133823,-6.39673348580491,-2.91065786814687,0.004929892006817,0.0339485300544805,-2.17990162590053
"ENSG00000257279",3.06912764365277,-4.9346154140345,2.90893676323247,0.00495393159272528,0.0340907151473368,-2.20116622811005
"ENSG00000106714",2.86080939063141,2.78061184352459,2.90828947808864,0.00496300059754703,0.034132083188028,-2.14785546693904
"ENSG00000172172",-2.09328064296757,0.386900112948445,-2.90826533954981,0.00496333909549802,0.034132083188028,-2.1417871157694
"ENSG00000275418",-3.03889850103185,-1.93386125672795,-2.90799783092252,0.00496709183487573,0.0341424468055615,-2.23651037513818
"ENSG00000144445",1.50512011404422,2.25825351165996,2.90634155994418,0.0049903852981499,0.0342598244617201,-2.18966165317806
"ENSG00000226738",-3.61227735884889,-4.57719770909078,-2.9061127680177,0.00499361091359908,0.0342598244617201,-2.26185204107128
"ENSG00000100162",-2.38724587511888,0.108712878908386,-2.90609614381255,0.00499384536455101,0.0342598244617201,-2.13553336076065
"ENSG00000143167",-2.03335267691003,2.54483306129936,-2.90576347056663,0.00499853919224133,0.0342717019670105,-2.14495388490311
"ENSG00000233387",-3.42562606993414,-1.23303921420419,-2.90576326995168,0.00499854202403343,0.0342717019670105,-2.23977869253414
"ENSG00000180211",-2.59397596647171,-3.59274805040806,-2.90570409868364,0.00499937732431438,0.0342717019670105,-2.31021636369171
"ENSG00000121904",1.75786244881282,-6.111669684454,2.90567139024688,0.00499983911339029,0.0342717019670105,-2.14522188603008
"ENSG00000163818",-1.54440207780693,1.60782303020651,-2.90410200960648,0.00502204259414332,0.034400435571605,-2.14964899149946
"ENSG00000276953",-3.46353207530955,0.642373037308202,-2.90375382141817,0.00502698108040367,0.0344283975118208,-2.15253847459038
"ENSG00000177112",3.56118554435705,-0.496088209480028,2.90366549780582,0.00502823452198842,0.0344311163776152,-2.25223445666584
"ENSG00000241860",2.89599927555702,-0.232562135300211,2.90336097338484,0.00503255838690893,0.034442330462346,-2.17034403071369
"ENSG00000223799",1.86110169763941,1.20560811307169,2.90309791081659,0.00503629631369557,0.0344569748814141,-2.15146881920839
"ENSG00000265967",-2.84072150127296,-1.24578794778922,-2.90266179208716,0.00504249889970648,0.0344935410525778,-2.26330052186401
"ENSG00000134873",2.03249430328321,-5.3141147490757,2.90159970991681,0.00505763365358863,0.0345676620437895,-2.14656858259809
"ENSG00000229867",2.52038236830293,-5.37175526172624,2.9002234182964,0.00507730840921759,0.0346785512516761,-2.1577490383609
"ENSG00000211650",-3.0905779696559,0.648037560770197,-2.89975213747819,0.00508406184808565,0.0346943458147011,-2.15428893841157
"ENSG00000229422",2.00370596594064,-5.00508640777505,2.8997007379348,0.00508479890404007,0.0346943458147011,-2.15110020760289
"ENSG00000108771",-1.54272070363743,5.30453274029884,-2.8995958586237,0.00508630315233354,0.0346987204021912,-2.60494324796289
"ENSG00000007866",3.60009262748151,-2.62565883557142,2.89912134141917,0.00509311413524986,0.0347333968558634,-2.25697372796573
"ENSG00000229091",-2.04355908174389,-1.18250661651502,-2.89781095926867,0.00511196653156804,0.0348383248859296,-2.30580790662228
"ENSG00000270055",2.11408881436242,1.976850156067,2.89659151842061,0.0051295685011202,0.034940513873608,-2.15743431941816
"ENSG00000211892",-2.92492684837151,2.38760420506022,-2.89638798794663,0.00513251180461455,0.034954639940558,-2.21370938325156
"ENSG00000261448",-3.25088808197041,-2.36761583087327,-2.89592154272008,0.00513926307263112,0.0349898394733368,-2.27670220983338
"ENSG00000179066",-1.5022095550342,-6.55623690989638,-2.89591063993273,0.00513942097632092,0.0349898394733368,-2.17199944680758
"ENSG00000200120",2.4183215841555,-5.47987218853887,2.89446999486114,0.00516032515391561,0.0350905601890588,-2.16053047377314
"ENSG00000265539",1.63631066360744,-6.07726046097339,2.89386421872508,0.00516913859338892,0.0351386049596587,-2.17663206755804
"ENSG00000229989",2.1551102344792,-5.33508352317975,2.89310767540828,0.00518016508572055,0.0351957067392492,-2.17201644066666
"ENSG00000235532",-2.67356794904409,1.11365485770856,-2.89271473883853,0.00518590064565608,0.0352287221623295,-2.16603303437001
"ENSG00000265321",1.75925510491025,-5.71529826752956,2.89249311834031,0.00518913815235927,0.0352447595879621,-2.17401452201633
"ENSG00000147804",-1.95067867359798,2.43677447633996,-2.89214090361339,0.00519428726760608,0.0352678156953724,-2.17900397563687
"ENSG00000005108",2.4041320069515,-5.20261769552818,2.89149632672152,0.00520372273056054,0.0353099337452946,-2.17206425109263
"ENSG00000269918",-1.67367022086453,1.16719384538562,-2.89144859418703,0.00520442207987608,0.0353099337452946,-2.17536950150813
"ENSG00000281183",2.84914752565283,-0.634999861348052,2.89119759977208,0.00520810093361947,0.035325809639509,-2.19686155695721
"ENSG00000171714",3.42941347977756,-3.2889856475035,2.89033802129287,0.00522071809199116,0.0353934753346085,-2.34490021766808
"ENSG00000211791",-2.83630598805473,0.45876641653784,-2.89004423558477,0.00522503684307994,0.0354048426033204,-2.23942579723904
"ENSG00000185745",-4.95653685156299,4.99128366905266,-2.88955878425742,0.00523218038125497,0.0354472726132815,-2.37800689678963
"ENSG00000272030",-3.11747352419378,-2.54626989758105,-2.88947491418819,0.00523341546442832,0.0354496537222717,-2.29419221043184
"ENSG00000153956",1.57633554581754,-6.22367262389133,2.88669694480603,0.00527447683998365,0.0356737075910199,-2.19820736812847
"ENSG00000268392",2.18573587313332,-5.40912966746033,2.88648725240355,0.00527758837197383,0.03568274600237,-2.1795405823208
"ENSG00000213137",2.10012871780316,-4.63599976339277,2.88619984546328,0.00528185583091394,0.0357055941002863,-2.17964121625375
"ENSG00000214837",1.84048042620694,0.611883315472078,2.8857240151439,0.0052889280368321,0.0357321985459338,-2.19157453636133
"ENSG00000279283",2.0349005993928,1.13354425109261,2.88565505163742,0.00528995375838145,0.0357321985459338,-2.18026925596113
"ENSG00000211679",-2.77483690566148,4.44006234116638,-2.8856361141977,0.00529023545458928,0.0357321985459338,-2.54925846319069
"ENSG00000160124",-2.41751896650998,0.607370160243233,-2.88499498992689,0.00529978042056814,0.0357824266163136,-2.19589902436545
"ENSG00000119660",1.88877369752429,-6.21680664906152,2.88495730016597,0.00530034203522579,0.0357824266163136,-2.18813278821085
"ENSG00000267637",1.64340287394022,-5.80344352034105,2.88149645617721,0.00535214700303373,0.0361018479556983,-2.20551625701144
"ENSG00000236051",2.70823227031076,-4.68132119225196,2.88137152955835,0.00535402573283675,0.036102405654395,-2.23582663302288
"ENSG00000235703",2.04778794226653,1.85558290546085,2.88110116906999,0.00535809368022123,0.0361237769800862,-2.19046534426705
"ENSG00000126709",-2.69449170787331,7.12719132991464,-2.88075561492795,0.00536329717689389,0.0361527956246627,-3.24830503100979
"ENSG00000240531",3.83244744905451,-2.03853476244045,2.87988782233112,0.00537638534383004,0.0362258091834179,-2.35698896267265
"ENSG00000248079",1.93342087528156,-6.28393067785455,2.87985823637487,0.00537683208291763,0.0362258091834179,-2.30636375035031
"ENSG00000181019",-2.59342033809034,-0.176593421973553,-2.87949425524134,0.00538233089561794,0.0362507064274807,-2.23925570596379
"ENSG00000239705",1.99433666278461,-5.90794684198932,2.87926049289823,0.0053858651783197,0.0362637528137199,-2.1994466693526
"ENSG00000237737",1.89597229798785,-5.85333502065415,2.87784626820614,0.0054072927755487,0.0363944390026132,-2.20412181285481
"ENSG00000235840",2.59762167879146,-5.54986580010574,2.8767649174052,0.00542372993017296,0.0364775695384617,-2.21907549392394
"ENSG00000232267",1.53830650218012,-5.68814741762502,2.87594979783205,0.00543615070652023,0.0365394793894758,-2.22168062641891
"ENSG00000205809",-3.54191366570564,-3.6759395672948,-2.87562010294619,0.00544118204811835,0.0365529950302632,-2.33343974955684
"ENSG00000242715",1.60711263912346,-6.23862265246905,2.87550725327619,0.00544290518940469,0.0365529950302632,-2.22020647446961
"ENSG00000213087",-2.2782392818545,-0.910917247450599,-2.87515268599592,0.00544832248150968,0.0365726265489484,-2.27619694016803
"ENSG00000274717",3.02167983067136,-0.970947850019628,2.87373980462427,0.00546995882160901,0.0366811150202378,-2.24279812553838
"ENSG00000232381",1.70450435723415,-5.88241490306564,2.87347818742536,0.00547397382551849,0.0366957971875095,-2.22320322421771
"ENSG00000114204",2.52747387632367,-5.26382093288135,2.87333585058464,0.00547615939270894,0.0366982096858951,-2.21750872706019
"ENSG00000112742",-2.73913873754126,-2.01223112811986,-2.87252911393658,0.00548856198194281,0.0367539568525152,-2.23492828407614
"ENSG00000007516",-2.07694113299194,4.18122726459542,-2.87243805970983,0.00548996345702587,0.0367539568525152,-2.40518221895854
"ENSG00000105609",1.99893114525324,0.673318588870091,2.87234899943432,0.00549133456154748,0.0367570149922298,-2.23411201208219
"ENSG00000211812",-3.10448054894684,-0.422252524792977,-2.87108497211481,0.00551082868786153,0.0368629509000681,-2.3039968226173
"ENSG00000258554",1.84730749125659,-5.90172092652124,2.86994511288846,0.00552846263199658,0.0369317472136136,-2.29181044077226
"ENSG00000163599",-1.60004023595309,1.36673579318943,-2.86897741724364,0.00554347402694917,0.0370135762882263,-2.2179387293244
"ENSG00000271792",-1.55078609422543,-6.39611532715085,-2.86851880817908,0.00555060134194781,0.0370550108184965,-2.25616162548646
"ENSG00000248703",1.71708663972524,-5.72681958909276,2.86381007416587,0.00562427139355612,0.0374597346858421,-2.34749640728205
"ENSG00000280308",-1.7778741833842,-6.39106461086886,-2.86338431107818,0.00563097692358117,0.0374981835815488,-2.24905492353737
"ENSG00000257594",3.34483147106116,-4.54022573541824,2.86307393535065,0.00563586981622191,0.0375183372001578,-2.38477615627317
"ENSG00000223609",-3.3843377000983,-2.43373199542888,-2.86297533989015,0.00563742493722685,0.037522476378542,-2.27871251794159
"ENSG00000224080",3.32058728970496,-3.68254852032272,2.86284168099281,0.00563953373716112,0.037528694764248,-2.39074879819491
"ENSG00000172927",-2.83719671708542,-0.232228566950392,-2.86268846548256,0.00564195198660905,0.0375339655412307,-2.28597647409353
"ENSG00000187860",-2.09032820225507,1.97612243372626,-2.86246352148137,0.00564550408363881,0.0375513823908748,-2.25023948267065
"ENSG00000104918",2.18169045090621,3.68524681831275,2.8622872480582,0.00564828906436609,0.0375636918057313,-2.68041919683235
"ENSG00000256271",-2.92420419089919,-0.306610259967609,-2.86149090991856,0.00566088638566593,0.0376287953830261,-2.2748131037041
"ENSG00000166428",-2.16244453926709,4.29951547071206,-2.86014088422838,0.00568230177131584,0.0377096477714374,-2.33313760790063
"ENSG00000221957",-3.27616225961148,1.58697411394142,-2.85945589198663,0.00569319633113988,0.037762395463535,-2.24061814261093
"ENSG00000179082",2.55471003214142,0.608018358563989,2.85810113736848,0.00571479999795358,0.0378744460134734,-2.24739728031894
"ENSG00000132640",2.78973903244701,-0.0975510839329881,2.85788417051584,0.00571826688965448,0.037891176116349,-2.27129895208077
"ENSG00000242797",2.26919926255471,-5.32942673650549,2.85731696983861,0.00572733930160654,0.037938786390375,-2.24517562621738
"ENSG00000137675",2.48299282083976,-5.60973131838828,2.85551786382492,0.00575620405506779,0.0380986031316818,-2.34798465343138
"ENSG00000179331",3.68351142634156,-2.38535304013182,2.85500207682645,0.00576450402911288,0.0381347031394431,-2.40996801900117
"ENSG00000204314",-3.27455721299457,0.628122564738058,-2.8540411181783,0.00577999709558462,0.0382246164232099,-2.29741170850075
"ENSG00000169174",4.8860353211399,-4.71322947963648,2.85372761801277,0.0057850598087599,0.0382518050052246,-2.34593297110804
"ENSG00000229273",2.62312686447852,-4.78812815241917,2.85271081379224,0.00580150833724747,0.0383290448930193,-2.27055740630073
"ENSG00000240654",1.86070782081756,-5.97169702106556,2.85246680504436,0.00580546200410718,0.0383488635374822,-2.25521809049701
"ENSG00000249633",2.12408134513064,-5.71550700228659,2.85104021139528,0.00582862683950324,0.0384639619503791,-2.26129258321572
"ENSG00000117569",1.69477006080347,2.08047978827119,2.85069751921345,0.00583420411259118,0.0384944483397982,-2.32475243799206
"ENSG00000231369",-2.46055787083064,-1.28901601934553,-2.84985089406567,0.00584800393846897,0.0385601860479465,-2.35491727093547
"ENSG00000137449",1.81794359636314,2.42276017062396,2.84944320926049,0.00585465985363475,0.0385873114400723,-2.35050285543421
"ENSG00000076864",-3.04612466721689,1.53705894417962,-2.84942255409242,0.00585499725845583,0.0385873114400723,-2.45777239437153
"ENSG00000213613",1.81948296093279,1.07638464542082,2.84926808183845,0.005857521151096,0.0385934275310015,-2.27562966323453
"ENSG00000260303",1.77803161911838,-5.6809328582161,2.84821188143711,0.0058748051072283,0.0386671438966588,-2.2789210737989
"ENSG00000136522",-1.60164500541533,2.25254337243735,-2.84794259746531,0.00587921926188647,0.0386835307309918,-2.32356627877572
"ENSG00000188931",3.14945668391802,-5.07949503878884,2.84786535544574,0.0058804859922423,0.0386847502114933,-2.31950859553527
"ENSG00000236469",2.3425428237462,-4.67404043825839,2.84781395213146,0.00588132912025887,0.0386847502114933,-2.26629757127077
"ENSG00000275022",3.21782208885863,-2.26874591729584,2.84743581849234,0.00588753477478713,0.0387072905603164,-2.40189565077488
"ENSG00000164066",2.57306428651092,-5.02195247017691,2.84526585066748,0.00592326359748443,0.0388643620842886,-2.28145351535603
"ENSG00000224614",-1.61711492678519,1.37297662188005,-2.84276165857881,0.00596474386811116,0.0390574905592832,-2.28499082196371
"ENSG00000235088",1.53579275885805,-6.12710976875101,2.84273417855185,0.0059652005381324,0.0390574905592832,-2.30460519114143
"ENSG00000107833",-2.41380402169273,1.87442520572411,-2.84230467796543,0.00597234227695813,0.0390775756874386,-2.30569469397028
"ENSG00000154764",-2.78521270451182,0.39558497549724,-2.84217112364586,0.00597456462507528,0.0390775756874386,-2.34507268308861
"ENSG00000272505",2.65839300569745,-0.655832465023173,2.84126946229599,0.00598958825485533,0.0391406740932533,-2.31345028436799
"ENSG00000269925",3.14028922077936,-1.72284682201022,2.841188250372,0.00599094312931878,0.039141463823017,-2.39504887134588
"ENSG00000198816",-1.58808846269777,3.13398007012867,-2.84075232200249,0.00599822063699517,0.0391779798616539,-2.33995251352122
"ENSG00000245205",-1.59630072212839,1.31656476858546,-2.84042554073278,0.00600368135556179,0.0392072771046613,-2.28122454345076
"ENSG00000171680",-2.86031989106115,1.26768548147106,-2.84004541031511,0.00601003933668661,0.0392360940450908,-2.30293732729441
"ENSG00000271447",-3.60392621779792,-0.0212709782251387,-2.8400450153382,0.00601004594621335,0.0392360940450908,-2.33822915782033
"ENSG00000233431",3.15428890578297,-1.10197933620194,2.83934488374816,0.00602177245487365,0.0393062666391996,-2.34764447523621
"ENSG00000159079",-1.53544923533393,1.67146039382555,-2.83907656175696,0.00602627216839877,0.039328056262567,-2.2847975719115
"ENSG00000168661",-2.94610763645194,0.248351966082847,-2.83893081697093,0.00602871758186496,0.0393320301203482,-2.30960739230285
"ENSG00000134545",-3.55127857284602,-0.679877874318501,-2.83887627903531,0.00602963289467454,0.0393320301203482,-2.33308775211244
"ENSG00000171970",-2.63241669921952,0.246019667386721,-2.83813610676515,0.00604206791232374,0.039406751169896,-2.3276211492441
"ENSG00000280411",-3.8841915196779,1.77751099522549,-2.83724109096179,0.00605713589294362,0.0394817537740012,-2.30261633649571
"ENSG00000221760",2.04857142623742,-5.85038324414039,2.83700469699971,0.0060611214650871,0.0394981002653687,-2.29696967869865
"ENSG00000237721",3.46279099233613,-4.5504110287356,2.83695444478954,0.00606196902237016,0.0394981002653687,-2.40980752403688
"ENSG00000165626",1.51308073808197,1.2797567758018,2.83659324814553,0.00606806420460137,0.0395250027792262,-2.29319608435659
"ENSG00000279320",1.7123830440378,0.964713146835416,2.83619017906335,0.00607487265005706,0.0395373207507842,-2.30066754703522
"ENSG00000232125",3.74845305198935,-3.52618950411856,2.83602983829094,0.00607758300436916,0.0395464062247507,-2.42867586195102
"ENSG00000255517",-2.94537719514601,-0.0294903370942548,-2.83470843962262,0.00609996201443739,0.0396598272296707,-2.31523113393199
"ENSG00000230445",2.26210055072709,-5.43057580160039,2.83417814823168,0.00610896428024077,0.0397077739683492,-2.297468708747
"ENSG00000168916",2.37438121950147,0.680716407401862,2.83347708388236,0.00612088438915132,0.0397559302681236,-2.3200024042144
"ENSG00000170522",-2.26746423436747,1.27581047555712,-2.8327112681217,0.0061339299452189,0.0398056903402244,-2.31364299712527
"ENSG00000188488",-1.62290627398016,-6.44308243814044,-2.83150585996519,0.00615451579206122,0.0399136877093443,-2.35425831494957
"ENSG00000279176",3.24407501613687,-3.53517996039804,2.83113421939503,0.0061608754593159,0.0399289884274412,-2.37612735414168
"ENSG00000213188",2.85871118418907,-4.74844901308688,2.83012039394928,0.0061782552558394,0.040005723213321,-2.34665622272636
"ENSG00000174945",2.48999211190459,-3.65010054860299,2.82891867592355,0.00619891454404989,0.040098854010324,-2.31805251726691
"ENSG00000228804",3.74988081225466,-4.27031859647192,2.82803994780347,0.00621406141923612,0.0401765354094774,-2.44574272928145
"ENSG00000247746",-2.93711478407212,-1.4920333049874,-2.82774553311781,0.00621914394425307,0.0401964670171804,-2.40380215683711
"ENSG00000241975",3.1865781419344,-4.23491738103305,2.82762345157552,0.00622125257904049,0.0402036322428204,-2.43670749521587
"ENSG00000211819",-3.15276900707196,-3.9358708244502,-2.82742868448268,0.00622461802719919,0.0402189157713696,-2.43433292301597
"ENSG00000213891",-2.65796687646127,-3.02002642003345,-2.82711788793032,0.00622999186147734,0.0402471690205869,-2.46246099939912
"ENSG00000217527",2.66069305487302,-4.73152126612036,2.82600921545111,0.00624919621143257,0.0403388224296744,-2.32009409402091
"ENSG00000211965",-2.57286972286611,1.35953679058442,-2.82583754985955,0.00625217466090067,0.0403515693879481,-2.33416681535503
"ENSG00000276289",3.72014443297193,-2.44392396824685,2.8257285520279,0.00625406648445558,0.0403518786120837,-2.43397784216513
"ENSG00000224004",-2.58687695027815,-4.29112109462801,-2.82549025255178,0.00625820437149987,0.0403617228959523,-2.47171759087535
"ENSG00000230225",3.38281123212712,-4.00167755813627,2.82545781979392,0.00625876773626602,0.0403617228959523,-2.46891619370304
"ENSG00000132329",-3.48414818626054,-0.88883259006448,-2.82467878389814,0.00627231381798101,0.0404372243320697,-2.36958493973345
"ENSG00000165409",-3.46357706862899,-2.75717259039012,-2.82455326398808,0.00627449891506518,0.0404372243320697,-2.41729280442591
"ENSG00000081059",-1.61985107068099,8.23470316159243,-2.82391998152747,0.00628553402456151,0.040488870189941,-3.44483578141614
"ENSG00000156869",3.29068033842419,-0.856480459596594,2.82338602004313,0.0062948523242859,0.0405296801057501,-2.45274020921558
"ENSG00000121577",-1.53247842662716,0.995810194482565,-2.8233827860598,0.00629490880009785,0.0405296801057501,-2.31959926585063
"ENSG00000239884",3.23871993605417,-3.34655921783457,2.82271893229639,0.00630651171721862,0.0405701534231773,-2.43115072527893
"ENSG00000157833",-2.14476894948094,0.978445446978782,-2.82267759102533,0.00630723493594493,0.0405701534231773,-2.32432021006788
"ENSG00000255328",2.73084335546467,2.2437172114305,2.82103785083871,0.00633598199152193,0.0407080090628836,-2.32756772553212
"ENSG00000198208",-3.21360522146308,-0.510448570150351,-2.82099499245839,0.00633673497705362,0.0407080090628836,-2.38626042039378
"ENSG00000257698",-2.0848262761684,0.451447049645082,-2.82097949607488,0.00633700725569873,0.0407080090628836,-2.32785592077102
"ENSG00000133958",2.82439337133994,-4.37631381903906,2.8207959210383,0.00634023357392499,0.0407172636004684,-2.35051300254982
"ENSG00000166451",-2.52257534671484,0.00348667055798997,-2.81979703004441,0.0063578155296357,0.040817135088217,-2.32955904530967
"ENSG00000101000",-3.33441786011857,-1.14903791666782,-2.81885087609397,0.0063745106181297,0.0408981927657277,-2.41571615060885
"ENSG00000204529",1.93185016361286,-5.99123203062975,2.81875896502194,0.00637613455738748,0.0409020841672397,-2.34478977405592
"ENSG00000145736",1.97686202117968,0.765968262708097,2.81862536623492,0.00637849573901024,0.040910702887634,-2.32931970215172
"ENSG00000211974",-3.85254485162646,-1.59792226375869,-2.81740327668834,0.0064001319402965,0.0410429261866007,-2.35890499464734
"ENSG00000228857",-3.21870486683791,-2.49257865488013,-2.81671318195149,0.0064123793870103,0.0411149084715451,-2.41147154871936
"ENSG00000143228",-3.26486749953409,-1.85252529527428,-2.81549131435493,0.00643411739077403,0.0412411331862082,-2.40363755940655
"ENSG00000145194",-1.50459357709601,1.24733846312644,-2.81448270278204,0.00645211247828508,0.0413432938877935,-2.35804412960234
"ENSG00000165181",2.91963071560848,-5.62879033458138,2.81385401594861,0.00646335258164372,0.0413947895609853,-2.33981407960689
"ENSG00000270550",-3.30441543466973,3.86280959207668,-2.81283548270407,0.00648160088476549,0.0414793566968071,-2.4442844771136
"ENSG00000105697",2.70366655226974,-4.74683153487062,2.81220089398716,0.00649299429887653,0.0415235241156141,-2.3636789235165
"ENSG00000226149",2.20888397258636,-5.64035663193968,2.81216346441635,0.00649366688510188,0.0415235241156141,-2.34886654900863
"ENSG00000241923",-1.96807680996012,-0.588896563433485,-2.81174352836707,0.00650121727191202,0.041545372240567,-2.39287110723846
"ENSG00000139410",-1.91772341081526,0.609369175813944,-2.810725224852,0.00651955977309451,0.0416559666239583,-2.34898505659054
"ENSG00000060982",1.70080565723477,1.39154483407364,2.80988770090804,0.00653468160240342,0.0417260593678244,-2.42039084431702
"ENSG00000102109",-2.65528193910426,2.67727353425183,-2.80902329373949,0.0065503226553218,0.0418126180302745,-2.45291606953509
"ENSG00000274008",1.96926612481798,0.082684604325184,2.80867665743741,0.00655660455091384,0.0418328227512836,-2.35388094113391
"ENSG00000211800",-2.327465585713,0.484950475654522,-2.80776709709179,0.00657311436571129,0.0418916207562342,-2.41381359010607
"ENSG00000211955",-3.31183767420518,2.93331655145655,-2.80649511283605,0.00659626683543435,0.0420191917791367,-2.45585802584306
"ENSG00000231329",2.89154496780661,-5.20644681988878,2.80577151913602,0.00660947103405131,0.0420935729161619,-2.35768802015671
"ENSG00000263535",1.94439565780337,-5.62607052199431,2.80574050879333,0.00661003745633874,0.0420935729161619,-2.36717245639775
"ENSG00000233045",-2.29128777578585,-1.84253943811989,-2.80486862485591,0.00662598122099308,0.0421750628635788,-2.46115885051279
"ENSG00000211825",-3.17531711879289,-3.0789620175945,-2.80359002871446,0.0066494263366811,0.0422968438694422,-2.47336191537502
"ENSG00000242445",-1.70564430153524,-0.116746753108601,-2.8029264250191,0.00666162463137827,0.0423482975064309,-2.4154507188551
"ENSG00000143476",-2.78276124865304,-0.551373816629371,-2.80074259719346,0.00670191298257734,0.0425774819414624,-2.37109632746446
"ENSG00000198435",-3.3201430840414,-4.06206171541372,-2.80056087671899,0.00670527553113433,0.0425901538173813,-2.48591454239574
"ENSG00000225416",-2.78502132329495,-4.60748161544498,-2.80034192314365,0.00670932910030857,0.0426043987506879,-2.4763650374561
"ENSG00000172460",-3.12403409658556,0.756126501725887,-2.80010292127907,0.00671375640323074,0.0426190486219299,-2.3863599203931
"ENSG00000274576",-3.61691059441876,1.2974630842459,-2.79961949458338,0.00672271967836267,0.0426240335569278,-2.37905917664644
"ENSG00000252050",1.69234696657521,-5.95958970583596,2.79953413648929,0.00672430345602615,0.0426240335569278,-2.38920341803063
"ENSG00000178404",2.59835109064868,-0.276345970559944,2.799488834945,0.00672514414336582,0.0426240335569278,-2.37536044283708
"ENSG00000203435",1.82852801373719,-5.78472193344508,2.79898352045307,0.00673452811460924,0.042676781094502,-2.3860176899637
"ENSG00000264399",1.55699494991409,-6.52353369729233,2.79836050534722,0.00674611442447186,0.0427367305535168,-2.58868349495983
"ENSG00000185252",-1.51004249015587,2.96539200926539,-2.79813902572396,0.00675023772983186,0.0427561142610211,-2.43355274117059
"ENSG00000186994",-2.41647468391481,1.04651283957058,-2.798016676506,0.00675251650931794,0.0427570749263821,-2.37763653350092
"ENSG00000211899",-2.59745647847016,9.67861206863497,-2.79777015437934,0.00675711018342985,0.0427706648207749,-4.18342045995668
"ENSG00000225264",2.94499407407313,-4.10537563727507,2.79773022960934,0.00675785440877474,0.0427706648207749,-2.43555093783058
"ENSG00000226525",-3.06570138098708,-2.74027049842006,-2.79629562391728,0.00678464651176438,0.0429266919862877,-2.48779123569036
"ENSG00000201044",2.62280798996314,-5.35399574708241,2.79478407521928,0.00681298119317302,0.043058555247279,-2.38413474917105
"ENSG00000135114",-1.99394839632702,6.1010631692486,-2.79441624811934,0.00681989271957981,0.0430683831468029,-3.16001898976311
"ENSG00000257604",-1.56387493133823,-6.37715814542198,-2.79362476527097,0.00683478666219729,0.0431488840128228,-2.4575980890412
"ENSG00000105427",-3.18740215036595,-1.8827454935128,-2.79356510599263,0.00683591052770872,0.0431492031770994,-2.46969690611492
"ENSG00000230539",2.2539268327323,-0.974530900163276,2.79055050682261,0.00689292139593795,0.0433898404217625,-2.39688480324262
"ENSG00000213985",2.0778794595673,-2.06519269280814,2.79046524925508,0.00689454008791151,0.0433898404217625,-2.5112932527181
"ENSG00000166793",-2.50856217949464,0.923337416917831,-2.78974074096459,0.006908309637385,0.0434628895214635,-2.395450109659
"ENSG00000252452",2.0470134895858,-5.66686179257808,2.78950137533637,0.00691286442136222,0.0434847403329063,-2.39328872113731
"ENSG00000211713",-3.65430229032957,-1.09977474442145,-2.78885895752641,0.00692510235530653,0.0435549068973769,-2.48601784941175
"ENSG00000206147",-2.02914606154752,-3.93283583589845,-2.78725596827063,0.00695572585640054,0.0437269884095409,-2.50832422961713
"ENSG00000226239",3.73085177245686,-3.02498460217466,2.78633990730655,0.00697328210652379,0.0437894231875148,-2.53104727885667
"ENSG00000255423",1.92980362700796,-0.894727442579704,2.78612502816211,0.00697740614264621,0.043808477549065,-2.40152209160841
"ENSG00000211890",-1.76222328158179,6.87101157874087,-2.78593880226765,0.00698098206802595,0.0438240851184852,-3.6039847523653
"ENSG00000172731",-2.9507027730837,1.09252037429215,-2.78526448738301,0.00699394441126631,0.0438848998317041,-2.40225523446329
"ENSG00000170959",1.84708139902984,-5.63797909089863,2.78401430269111,0.00701803521046946,0.0439605876490018,-2.46085663152098
"ENSG00000140534",-2.90798364049932,-2.03041674292956,-2.78219585661999,0.00705321239485157,0.0441396707188392,-2.42883985265173
"ENSG00000142657",1.90906978427291,9.33307415461287,2.78193257327235,0.00705831891819838,0.0441578800419252,-4.506308798592
"ENSG00000231584",-2.46438958891046,1.36654213572573,-2.78162475630753,0.00706429350142457,0.0441746348334532,-2.41091833758235
"ENSG00000125864",-2.85115475654513,-0.090875068658225,-2.78155012524364,0.00706574275495436,0.0441768258529821,-2.43440637303593
"ENSG00000211968",-3.73183633849367,-1.88353889860792,-2.78008594481991,0.0070942308295321,0.0442998241393056,-2.48039132782942
"ENSG00000244705",-2.46217323552336,-0.872958465372994,-2.77948738216446,0.00710590721453092,0.0443597584025194,-2.46609187090368
"ENSG00000261003",1.62357097935409,-5.72459645951626,2.77823549808367,0.00713038526751742,0.0444703302086155,-2.4395730557792
"ENSG00000237892",3.12166042194158,-3.05481113490303,2.77770668803319,0.00714074831996432,0.0445278680520316,-2.53726193132375
"ENSG00000273472",-3.08070337531958,-1.0565907351813,-2.77759619790281,0.00714291533323072,0.0445278680520316,-2.48406851213245
"ENSG00000213600",2.47895808779052,0.130961469556884,2.7775952609791,0.00714293371144599,0.0445278680520316,-2.4332588809248
"ENSG00000237461",1.51715475097524,-6.24255749718989,2.77704543937636,0.00715372622316251,0.0445813209771476,-2.45371295619303
"ENSG00000149328",-3.20877669195043,-0.130769172946561,-2.77686722491343,0.00715722762765179,0.044589317385225,-2.45841715370656
"ENSG00000230836",2.05720899311393,-6.05744089007441,2.77582925681075,0.00717765202644772,0.0446819397285926,-2.43115622382571
"ENSG00000135423",-2.63228217177581,-0.0806627786952807,-2.77559241036181,0.00718232001575862,0.0447040763699533,-2.44638449967036
"ENSG00000224126",-2.60622711344507,-4.5100532993772,-2.77414912864903,0.00721082585048089,0.0448467854023875,-2.56556007450692
"ENSG00000251072",2.16493492417414,-5.55306175417413,2.7738289946063,0.00721716278365186,0.0448792541729887,-2.43673763008024
"ENSG00000234268",-2.19504163222111,-1.29803930580716,-2.77315547952565,0.00723051145916326,0.0449344599909231,-2.48978014974418
"ENSG00000211644",-3.43683499153553,-0.282387080492439,-2.77261205166886,0.00724129840063629,0.0449809369440593,-2.4356594915754
"ENSG00000228097",3.72640933069935,-4.41713626885645,2.77260961525595,0.00724134679622784,0.0449809369440593,-2.55695159803261
"ENSG00000169877",-2.8003472532723,4.11403114050628,-2.77214532987803,0.00725057453210328,0.0450173895505199,-2.96435390235285
"ENSG00000159674",-1.59295077879127,6.45819566233775,-2.77148262494239,0.00726376458619688,0.0450783982547525,-3.10835745986072
"ENSG00000213399",-1.87576742691466,-1.22425577033268,-2.77110051794941,0.00727137980711418,0.0451115095561198,-2.53700434526814
"ENSG00000125498",-2.14195386283461,1.18953073950916,-2.77030743322202,0.0072872090269458,0.0451799412057548,-2.43951550141347
"ENSG00000209482",1.81362463993327,-4.72357766846967,2.77025078468814,0.00728834088750685,0.0451799412057548,-2.44752430916695
"ENSG00000120837",-1.80273419451648,1.55483012753985,-2.77018089785935,0.00728973747689055,0.0451799412057548,-2.44866471348123
"ENSG00000232938",2.68472661293784,-3.33506313776767,2.77015569169227,0.00729024124674721,0.0451799412057548,-2.56130595566406
"ENSG00000211847",1.86650693337291,-4.46099672343248,2.76997820127926,0.00729378947079839,0.0451949636721697,-2.44765022299278
"ENSG00000168481",-1.50226689838068,-6.34964827209157,-2.76980333107911,0.00729728686418951,0.0452049158257316,-2.4667273114359
"ENSG00000258785",1.93396286285417,-6.05560615091782,2.76922730636281,0.0073088182130509,0.0452532126599526,-2.44836822575813
"ENSG00000260030",-1.59542854190058,-6.51808266738939,-2.76910313273487,0.00731130621590609,0.0452616465186105,-2.50642793319092
"ENSG00000185875",-2.32043668541577,0.667478386753273,-2.76720089583056,0.00734951765204665,0.0454562013303969,-2.44979657490419
"ENSG00000244346",3.26762213332673,-4.40700580744381,2.76616259498385,0.00737045189936479,0.0455414601495457,-2.53347599967551
"ENSG00000200345",1.99764209321984,-6.17881556275244,2.7659692124358,0.0073743569229376,0.0455535946705843,-2.46011214743778
"ENSG00000184612",-2.78842376728984,-4.29337398858342,-2.76555572512608,0.00738271294949647,0.0455913711206846,-2.5461701961667
"ENSG00000256072",3.34863006528046,-4.557603820665,2.76418164872091,0.00741054365227018,0.0457491824183915,-2.55133143503369
"ENSG00000239906",2.33362272689565,1.09767244976546,2.76411101071353,0.00741197696102107,0.045751005341159,-2.45331763247193
"ENSG00000200563",1.61501970036852,-6.03313445305297,2.76316529645958,0.00743119087071009,0.0458484860933528,-2.4763485320769
"ENSG00000211667",-3.96012869407751,-1.32296666528429,-2.76284899093963,0.00743762738599413,0.0458741172402172,-2.50041268564208
"ENSG00000027001",-1.96037995977636,1.24090565303977,-2.76233671738626,0.00744806251504319,0.0459120918647858,-2.45164871676304
"ENSG00000176183",1.5154317494526,1.13048832495732,2.76232249602569,0.00744835239893868,0.0459120918647858,-2.45304233333956
"ENSG00000152454",-1.5479265243761,1.42759333735208,-2.7621479256026,0.00745191163296623,0.0459269893405654,-2.45230332273852
"ENSG00000227972",1.65523884331648,-5.89986462921615,2.76153544842688,0.00746441148641704,0.0459969758701622,-2.45979334136681
"ENSG00000267737",3.13827264725081,-2.75032062297123,2.76053177490868,0.00748493673911837,0.0461022562871207,-2.5762320756658
"ENSG00000264772",1.8924425486033,-5.22798522141502,2.76012560439016,0.0074932576851556,0.0461329032037929,-2.47025992492102
"ENSG00000237390",-1.62290627398016,-6.43734982230261,-2.75990165996701,0.00749784911446613,0.046153503307268,-2.52057079211251
"ENSG00000242580",-3.23122684515636,-3.38918299247091,-2.75946078192811,0.00750689577645577,0.0461879742891146,-2.5494453351178
"ENSG00000165124",1.59740792658389,-6.0546403148189,2.75810613499329,0.00753475534028021,0.0463328127483257,-2.49816178748317
"ENSG00000260507",2.54937437492105,-5.39862933955023,2.75804610231856,0.00753599215939047,0.0463328127483257,-2.46084937310008
"ENSG00000206113",2.91483768589606,-4.26840496515401,2.75803607521343,0.00753619876029307,0.0463328127483257,-2.48056314800095
"ENSG00000260979",-3.53768175867044,-1.40475823513079,-2.75759036188272,0.00754538759556216,0.0463751218646675,-2.53874949856946
"ENSG00000276757",2.23199367589637,-4.8694956380236,2.75734897466096,0.00755036832830504,0.0463986407114826,-2.46269569808004
"ENSG00000110455",-1.85012951354396,3.4754068070978,-2.7568105763126,0.00756148839168905,0.0464598741132024,-2.56563632941234
"ENSG00000109047",2.70923037009872,-1.11590181410124,2.7557394577346,0.00758365592351543,0.0465747227982229,-2.47663941793377
"ENSG00000229994",-2.17937606488887,-2.11589179037049,-2.75550372837281,0.00758854249895237,0.0465850695700366,-2.59988883353014
"ENSG00000081052",-2.76520616284601,-0.888257561249736,-2.75543778145702,0.00758991006899513,0.0465850695700366,-2.49207358962666
"ENSG00000264810",1.73844662297056,-5.98853988877219,2.7553933242515,0.00759083212505877,0.0465850695700366,-2.48695681670933
"ENSG00000232220",3.07383557571513,-0.290810824566526,2.75537874433282,0.00759113453940873,0.0465850695700366,-2.5516326604763
"ENSG00000239887",2.54471556155036,-2.06802335008294,2.75218812686773,0.00765758022568643,0.0469212071685789,-2.48737567245383
"ENSG00000232973",2.30216204365586,0.838488019365852,2.75201272580154,0.0076612484309223,0.0469365299329379,-2.48127271221932
"ENSG00000177614",2.18086995501709,-4.48239793524507,2.75129541131829,0.00767626657738781,0.0470070478208903,-2.48163876898386
"ENSG00000264814",1.60887150338606,-5.7472931104329,2.75105007012336,0.00768140938651994,0.0470242150383546,-2.50715424819732
"ENSG00000229589",-2.82240737500701,-5.17883807304375,-2.75093452481122,0.00768383252588286,0.0470283634060466,-2.55396065725732
"ENSG00000236567",3.28503496802152,-3.39366652231296,2.75085017935418,0.00768560180516163,0.047028396312193,-2.60410398851986
"ENSG00000154640",-1.88002366125097,0.329552590046203,-2.75070054440659,0.00768874155385805,0.0470404486300717,-2.47685898605834
"ENSG00000251990",2.07926805173963,-5.7686475069806,2.75048855985902,0.00769319158010493,0.0470605124624739,-2.47804519987085
"ENSG00000175445",3.87934540118908,-2.80348345962993,2.75011127081558,0.00770111755650144,0.0471018299112233,-2.59998813413175
"ENSG00000242951",-2.63522625640848,-3.9225082661813,-2.74989178206984,0.00770573195483837,0.0471228834877414,-2.59383488201336
"ENSG00000278022",2.74156100494229,-5.23166343058038,2.74964548308087,0.00771091301359852,0.0471473954331084,-2.48076792934128
"ENSG00000228427",-2.21959619794833,0.71205951995495,-2.74958878417338,0.00771210616397598,0.0471475200736257,-2.48770417312663
"ENSG00000167526",-1.63529275577948,10.5010090714826,-2.74731816539528,0.00776002754806614,0.0473684523971083,-4.87828438274765
"ENSG00000255539",1.77103663034003,-6.38242444997577,2.74663465504735,0.00777450638656502,0.0474352262487004,-2.5871580426268
"ENSG00000233040",1.788167611241,-5.63778046999218,2.74560201038451,0.00779642792770741,0.0475402868308135,-2.488108271059
"ENSG00000252283",1.5926199804096,-6.32453712651117,2.74541186747728,0.00780047055556577,0.0475431348203237,-2.53027492654633
"ENSG00000100314",-3.1935927316591,-3.62769848022563,-2.74474868163892,0.00781458558921068,0.0476021886751642,-2.56980660681305
"ENSG00000224383",-3.14389289168165,-0.36909382016725,-2.74428712571499,0.00782442300790071,0.0476471438920755,-2.5463116439862
"ENSG00000238241",-3.73972655828,-0.0611462092855912,-2.74380783373786,0.00783465045692466,0.0476936126089166,-2.53948640494071
"ENSG00000265800",2.8941490187715,-1.4440426573111,2.74374111144775,0.00783607519235312,0.0476950635704739,-2.56389667670416
"ENSG00000267874",3.18392028804045,-4.64221799501152,2.74358186368898,0.00783947660374317,0.0477023430596077,-2.55179608684177
"ENSG00000167653",1.94280532194714,-5.67829643286164,2.74155196974055,0.00788295230807397,0.0479513464501725,-2.50999058484923
"ENSG00000005187",-2.36380357465419,1.36390166218986,-2.74071204550347,0.00790100610723291,0.048033275865761,-2.49796815954363
"ENSG00000203801",2.28660840578703,-4.59517473397458,2.74017264618468,0.00791262022603748,0.0480808885016866,-2.49927282819478
"ENSG00000223552",-3.0903988940016,-0.928346924519227,-2.74007893985965,0.00791463946520493,0.0480858902493832,-2.50463328270388
"ENSG00000166444",-3.10739694652807,-1.32935588670869,-2.73986454573592,0.00791926113222911,0.0480936612964567,-2.55436490042662
"ENSG00000104833",-1.68141670639202,1.41068036374137,-2.73985576863268,0.00791945039181141,0.0480936612964567,-2.50797065855856
"ENSG00000213260",2.05342359518339,-3.01024593907069,2.73902948653008,0.0079372859798255,0.0481797932901925,-2.66149252594181
"ENSG00000260196",-3.20918493926216,-1.48629860733569,-2.73848346419897,0.00794909224964456,0.0482296116239376,-2.56150998082337
"ENSG00000165702",-1.57188619374644,4.37788403056711,-2.73772541942592,0.00796550961040055,0.0483073491261613,-2.77365245112452
"ENSG00000232677",-1.54688708553192,1.43768839214861,-2.73764432669369,0.0079672677149029,0.0483107234803207,-2.50449579382007
"ENSG00000135636",2.60478786782938,9.22198938187034,2.7373470119137,0.00797371659228376,0.0483352464479782,-4.49286421792134
"ENSG00000160867",-2.98930787310199,-0.90432978986189,-2.73560764437341,0.00801154008950498,0.0485352523626099,-2.53764536934202
"ENSG00000246308",2.19359550801416,-4.45142483828226,2.73553653491852,0.00801308989453531,0.0485373270965961,-2.50888333238838
"ENSG00000124839",2.22653012228155,-5.49487487987676,2.7348472808191,0.00802812617773354,0.0485917989456856,-2.51070753598821
"ENSG00000273076",2.82786180692301,-0.465902137721995,2.73453882847226,0.00803486352441495,0.0486162800668678,-2.52348838020617
"ENSG00000264384",3.44805190075384,-2.80137637769261,2.73409582754766,0.00804454879839025,0.0486618944918575,-2.63373787475057
"ENSG00000243071",-2.28256260982611,-4.83206145335281,-2.73265713544475,0.00807607654359975,0.0487882240209189,-2.59884456332534
"ENSG00000171747",-2.98752143585887,-0.301319888475584,-2.73264444359477,0.00807635517783233,0.0487882240209189,-2.53116799257429
"ENSG00000260907",1.66588312822783,-5.7960971404185,2.7320423333647,0.00808958390100801,0.0488534553084458,-2.63289200814815
"ENSG00000103355",-5.9206235941814,1.1926587065512,-2.72922840936564,0.00815167096210904,0.0491471919644133,-2.53056440997147
"ENSG00000225569",-2.9963720921268,-4.20947417939087,-2.72794372262875,0.00818016139787469,0.0492672432235743,-2.61587330984443
"ENSG00000241280",2.2068116497931,-5.28752696941262,2.72772169226714,0.0081850945843464,0.0492821884798404,-2.53357069515198
"ENSG00000137965",-2.26833504696978,4.28176972025088,-2.72732543956406,0.00819390550259477,0.0493204654911386,-2.9469328893367
"ENSG00000264958",2.28601203416794,-5.28624594316584,2.72531414500113,0.00823876189445458,0.0495681989944422,-2.53801090032662
"ENSG00000262503",1.70089772939058,-6.39686799277002,2.72476779884092,0.00825098540715294,0.0496268873935312,-2.72068382040563
"ENSG00000241400",1.58835734631975,-6.11701178609388,2.72469761530586,0.00825255684020491,0.0496289139999877,-2.5740199902844
"ENSG00000230081",1.60651861906771,-5.3310898397472,2.72437381203435,0.00825981045313561,0.0496651061676575,-2.57450480762341
"ENSG00000264522",-1.58100915289531,2.46690125914081,-2.72357900903245,0.00827763982041673,0.049757427640609,-2.57127119581351
"ENSG00000273381",2.54108505138343,-4.73679309757614,2.7228117072538,0.00829488568105321,0.0498203128460637,-2.53998017343367
"ENSG00000266710",1.93414154291222,-5.80821560998121,2.72272768575519,0.00829677614308733,0.0498203128460637,-2.55292846766365
"ENSG00000155659",3.17514429929106,1.10321634984576,2.72207108816502,0.0083115630066227,0.0498867506706847,-2.55184586381665
