"","logFC","AveExpr","t","P.Value","adj.P.Val","B"
"ENSG00000198363",6.05724423965403,3.99033391576178,20.6801483520615,2.38568599538311e-30,9.59093483863917e-26,58.5143181794959
"ENSG00000177575",5.6385205098621,5.98978411674877,20.2327616510835,8.21950969360399e-30,1.15046755931481e-25,57.4789635620867
"ENSG00000132205",3.87008092642497,6.99358103576409,20.2171511271886,8.58515167888275e-30,1.15046755931481e-25,57.3837784122993
"ENSG00000203710",5.76643319020178,6.39938796084655,17.804504677973,9.7427747112217e-27,9.79197572351337e-23,50.3144412979005
"ENSG00000038427",4.0463392483758,7.89213772649804,17.7112687257177,1.29508915772551e-26,1.04130348637762e-22,49.614409615722
"ENSG00000100697",4.06108425696147,5.66156572969957,17.4926638193764,2.53414888743786e-26,1.69796422621294e-22,49.6172423516408
"ENSG00000249437",5.61064396180754,4.75369174196412,17.0819900667988,9.07828972425006e-26,5.21379147849001e-22,48.3524027802376
"ENSG00000168615",4.96070203277014,3.31368475171968,16.5119039951168,5.51556404723619e-25,2.77170882283737e-21,45.8994899929652
"ENSG00000127507",3.44023621580407,7.58797630113352,16.2920617244287,1.11758129951424e-24,4.99211148923015e-21,45.3984732576072
"ENSG00000108582",4.51191979432192,6.23569498569046,15.926962213661,3.65799330824304e-24,1.47058646977986e-20,44.5615239669659
"ENSG00000134243",4.81822853513988,5.98161725030001,15.7712186676748,6.09641245603615e-24,2.22807248688696e-20,44.0383100215847
"ENSG00000134755",5.65359310429728,3.41706388179564,15.4876838095811,1.55692720737549e-23,5.21596563257579e-20,43.1050147924034
"ENSG00000178904",4.91707775054016,3.60425925955929,15.334484185933,2.59472280312653e-23,8.0240804716379e-20,42.3201542449307
"ENSG00000237254",-8.04568084392806,0.996961531429332,-15.1338438385696,5.08784729476281e-23,1.46101169245753e-19,38.5547840174013
"ENSG00000137642",3.98195929979088,9.24169275910907,14.9950031756921,8.13181665283468e-23,2.17943528718173e-19,40.1088913367643
"ENSG00000138061",6.66709431579645,4.47379627364652,14.8592915384012,1.28905726625075e-22,3.23891751361328e-19,41.1375695415124
"ENSG00000169554",3.3246756737364,6.41220428445416,14.728816394434,2.01182787837191e-22,4.75761790390044e-19,40.6778552500546
"ENSG00000058063",4.63922640639946,5.7824564766033,14.7005491516503,2.21613672542354e-22,4.9496182575265e-19,40.5691515569261
"ENSG00000135677",3.11034127212714,7.41108731828499,14.6500905990688,2.63444147910459e-22,5.57420086015592e-19,40.0965357622619
"ENSG00000135842",3.48770678139902,8.66120479366625,14.5084219129035,4.28815107298176e-22,8.61961247180064e-19,38.860703170236
"ENSG00000118518",3.64108525954678,4.58733811205399,14.3484049003958,7.45744093400005e-22,1.42763828775557e-18,39.2391657702942
"ENSG00000257335",5.20278594696047,7.60522062626931,14.2854420305922,9.27980478890516e-22,1.69575778237984e-18,38.3821990412498
"ENSG00000180776",4.5771424126081,5.05436232567398,14.2220568335861,1.15703597189685e-21,2.02239826705204e-18,38.9730356818034
"ENSG00000211817",-7.61657019238305,0.316831724682038,-14.0990782863452,1.77773765435156e-21,2.9778587158434e-18,35.5288774614592
"ENSG00000118263",3.67025587377955,5.84028272680724,14.0042820222862,2.47866671767413e-21,3.98589437535741e-18,38.2116643095205
"ENSG00000163710",11.3356926768187,-2.82565087805375,13.928816689394,3.23213693004518e-21,4.99762957160294e-18,36.1907208716864
"ENSG00000109466",5.10737642303743,4.53770087110655,13.8738049093087,3.92390649775074e-21,5.84255144528057e-18,37.7597553412794
"ENSG00000135048",3.40648549105084,5.92446088213889,13.6589546064477,8.40021526282305e-21,1.20609090712862e-17,37.0027756765321
"ENSG00000250138",4.63976199881446,5.14566883509253,13.5454293005148,1.25892318626984e-20,1.74521482532483e-17,36.5363556647686
"ENSG00000160255",1.97257587208066,11.104416000168,13.5134424621418,1.41135519251551e-20,1.89131004831694e-17,33.3045372332621
"ENSG00000135049",3.84502561050399,5.84755297422067,13.4940015619696,1.5129774837686e-20,1.91000944585936e-17,36.4026990423865
"ENSG00000103994",2.98587240971532,6.5826846919198,13.4926465860298,1.52032989073925e-20,1.91000944585936e-17,36.3661983168991
"ENSG00000117281",-9.7041391044849,2.48295075803358,-13.4558454529351,1.73443759513411e-20,2.11296546059338e-17,33.8670292097255
"ENSG00000141298",2.86910036370441,7.98671159435537,13.3644345464413,2.40777631446953e-20,2.84698304100894e-17,35.3974350426576
"ENSG00000125810",2.88224113948219,7.56303136796902,13.347325567309,2.56053581861554e-20,2.94110459942806e-17,35.4562106303724
"ENSG00000101916",3.87219591438149,6.75625355667841,13.3109139553043,2.91903747746054e-20,3.25975401857969e-17,35.4983425677988
"ENSG00000068366",4.5297912866734,5.233051375251,13.3013000113937,3.02188463293111e-20,3.28340016251613e-17,35.7411538848618
"ENSG00000136869",3.62790304779879,7.01947385786443,13.1428659937506,5.35599517965457e-20,5.6663610055914e-17,34.8154466624644
"ENSG00000179978",5.95659197493875,1.8381885429959,12.9400494116365,1.11959625922644e-19,1.15410279008773e-16,33.8755262506178
"ENSG00000127603",3.11423237014981,7.24398834846999,12.851357707503,1.54813212505474e-19,1.55595019228626e-16,33.7987676013169
"ENSG00000163625",4.65541294191051,5.65565359165118,12.8359113917857,1.63819044455368e-19,1.60630566468164e-16,33.9895378092598
"ENSG00000081237",2.57183878773466,9.61723376102453,12.8189589959189,1.74313175877921e-19,1.66850911824861e-16,32.5141730759365
"ENSG00000257743",7.21488640492586,2.20849441932225,12.5200873499761,5.23996372751658e-19,4.89900050636329e-16,32.6777826250779
"ENSG00000140199",2.87196388745422,7.4907334932419,12.4422268928834,6.99286143687473e-19,6.38925035193723e-16,32.273318533783
"ENSG00000145431",7.28281467986347,0.377757660072868,12.4263774383793,7.41663784836249e-19,6.62585943955264e-16,31.5143933506866
"ENSG00000170017",4.46232279160225,2.9456478016749,12.4167541528107,7.68649202352064e-19,6.71765983325166e-16,32.0005310736462
"ENSG00000188559",3.72665407776274,6.30282230404734,12.3600709882806,9.48970352223913e-19,8.1171289574693e-16,32.1562977105354
"ENSG00000068305",3.79616773902473,5.20686829065198,12.3354770520021,1.03996277349599e-18,8.71012154585123e-16,32.2510868785953
"ENSG00000111885",3.95309339430544,4.87628607031532,12.2289307866329,1.54762683814217e-18,1.26974886014269e-15,31.8551213018938
"ENSG00000169896",3.59670070329972,8.55604819483119,12.2063998591585,1.68365798131272e-18,1.35372836329468e-15,30.5288714328528
"ENSG00000076641",4.10276321953497,5.71021452212003,12.1589812519547,2.0106906848855e-18,1.58497621399543e-15,31.5385418082465
"ENSG00000169826",4.73257694746367,5.0355976547768,12.0750768612902,2.75453886114968e-18,2.12957637107576e-15,31.2537389813656
"ENSG00000146592",3.58316503665702,6.78849897448213,12.0656858265996,2.85346739465024e-18,2.16443577735337e-15,30.9917803419248
"ENSG00000149177",2.79830355536309,7.73953120391714,12.0422341480474,3.11645734726205e-18,2.3201447828635e-15,30.6542918368846
"ENSG00000054523",4.07298078336519,5.32118063764779,11.9790417023426,3.95346270164165e-18,2.88976559147996e-15,30.9091434766691
"ENSG00000133657",5.27088726826291,3.4710973587751,11.8223906500695,7.14505140734368e-18,5.12938136925055e-15,30.2948293561507
"ENSG00000164120",8.66377083679619,1.44764047747841,11.8058724689798,7.60646911404309e-18,5.36293029321725e-15,30.0268726832769
"ENSG00000141367",2.5826258016951,6.96420771245947,11.8013767541664,7.7371761854286e-18,5.36293029321725e-15,30.1036651902753
"ENSG00000211797",-7.80057463755955,0.921094623371514,-11.7950439685266,7.92514560023121e-18,5.40011361729653e-15,28.4023188349063
"ENSG00000134851",3.96330424701166,4.10846645132014,11.7549791219562,9.2259038900287e-18,6.1816631364489e-15,29.9492740302874
"ENSG00000067064",4.57979720237735,4.40806742314724,11.7349269670546,9.9557446366119e-18,6.47505688629318e-15,30.0077339346674
"ENSG00000143641",3.73372649900224,6.44231522682487,11.7341304334318,9.9859093316297e-18,6.47505688629318e-15,29.7179182512062
"ENSG00000173597",4.48174980711804,5.1095820611658,11.7030236272156,1.1238896173408e-17,7.17184292005317e-15,29.8876288369786
"ENSG00000139132",4.23092462907985,3.97090492162233,11.6206490083283,1.53783740610297e-17,9.66002178127372e-15,29.4881921604298
"ENSG00000136040",3.3664640473548,7.78457439185047,11.5995583275199,1.66661490751747e-17,1.03078850018488e-14,28.8195598185659
"ENSG00000198734",4.48770461925986,5.64845513786926,11.5285902562592,2.18535532493556e-17,1.33114628444029e-14,29.1072837713586
"ENSG00000150403",3.46358455883862,4.91917618413331,11.4756033372322,2.67644856167388e-17,1.60594903099124e-14,29.0409814570046
"ENSG00000145555",7.62702271282074,0.400466935590023,11.4263450757898,3.23242910214098e-17,1.91103109947458e-14,28.2172990865604
"ENSG00000100485",3.2768361638521,5.64672638937897,11.3943206892967,3.6549924241829e-17,2.12953631068117e-14,28.72640875143
"ENSG00000204933",11.2203438381103,-2.93787784930902,11.3463578543944,4.39437143981777e-17,2.5237502946222e-14,27.3739306899553
"ENSG00000106070",5.60215479703287,3.4638995799696,11.3141057940092,4.97466553266369e-17,2.81678174287529e-14,28.4295788799034
"ENSG00000123643",3.86696269556205,5.29133282602121,11.2691651856823,5.91439406427535e-17,3.30236764127775e-14,28.2278289273739
"ENSG00000008516",2.54106659280541,10.5347718312589,11.2414416094884,6.58139370454985e-17,3.62445465356593e-14,25.5142896683563
"ENSG00000170776",2.14891310176592,8.03154736515887,11.1872748027145,8.11147992873585e-17,4.4067258931762e-14,27.4256966633548
"ENSG00000124788",2.89280540044898,5.45901536658508,11.1458313069661,9.52042559224348e-17,5.1032019954583e-14,27.7975728324301
"ENSG00000112303",2.99050741953268,8.98162512748334,11.1313452169973,1.00690591731413e-16,5.32626732735036e-14,26.3233524925324
"ENSG00000183723",5.16161880215825,1.76431505218982,11.1204674119739,1.05018860388799e-16,5.48307561733831e-14,26.9592791778498
"ENSG00000189127",8.4299493368726,-0.557854992880369,11.1004002325275,1.13501656884364e-16,5.8499918077759e-14,26.4728205646061
"ENSG00000188641",2.96151421054189,5.6590599474798,10.9876937634757,1.75726568844284e-16,8.86598281015005e-14,27.1778872127674
"ENSG00000156052",3.19963569860844,5.87499723692911,10.9866672707786,1.76428691311876e-16,8.86598281015005e-14,27.1631344039537
"ENSG00000112062",3.80988631393552,7.37595557897615,10.971021388699,1.87487135187619e-16,9.30538001087985e-14,26.4502086803023
"ENSG00000115594",4.96843971818846,4.22102796905029,10.8790910919256,2.68126569205428e-16,1.31453955307276e-13,26.7784939082596
"ENSG00000078124",3.44669282786249,4.93097446878713,10.790325966404,3.79087633908646e-16,1.83615434438499e-13,26.4376178143095
"ENSG00000211782",-6.97622968807094,0.0369472515582028,-10.7834747101281,3.89370902677558e-16,1.86351059874324e-13,24.9070861460584
"ENSG00000168769",4.08994718933388,5.32875304334462,10.7574498963425,4.31059598706565e-16,2.03875976320016e-13,26.2720414838867
"ENSG00000058668",2.94748492597726,6.64739700884421,10.7512245199569,4.4168107446792e-16,2.06470494834411e-13,26.0817865057809
"ENSG00000134250",2.63644183837643,7.52437375949438,10.7215621710816,4.96025410177521e-16,2.28901474896542e-13,25.7008127171037
"ENSG00000211802",-6.84270972565177,-0.0482150014010616,-10.7189854459125,5.01052927488576e-16,2.28901474896542e-13,24.6687666442272
"ENSG00000177663",2.50477087491185,9.19335994815001,10.6713876250239,6.03727735522397e-16,2.72708566555858e-13,24.571743846191
"ENSG00000113163",3.03731261423837,5.1952220307007,10.6675758943733,6.12814289563542e-16,2.73737334100373e-13,25.9637316494662
"ENSG00000160551",3.13471997380079,4.87740289082454,10.6385090781892,6.8678999112266e-16,3.03410233221024e-13,25.8335892924872
"ENSG00000091106",3.6221919163423,5.48916324428328,10.5832548174627,8.53134176664836e-16,3.72801088807389e-13,25.5845604369604
"ENSG00000198604",3.60117532126443,6.8394571620677,10.5432927489531,9.98223636419941e-16,4.31511684208113e-13,25.1520560687111
"ENSG00000083312",2.73442960103144,4.89247993726031,10.5201202161577,1.09348665836961e-15,4.67663304678457e-13,25.3437188338496
"ENSG00000018280",2.91766051473774,9.46218174606774,10.4387390606517,1.50669861058354e-15,6.37603132028207e-13,23.2660629489186
"ENSG00000183134",-10.2068309548125,2.72753536747231,-10.4265468281312,1.58091301978235e-15,6.6204026272177e-13,23.9093564010744
"ENSG00000104447",3.78098154196811,3.35979418386184,10.3873704112489,1.84522507938158e-15,7.64760192178334e-13,24.571155559947
"ENSG00000173559",3.58898455515663,7.08355748543736,10.3403269601713,2.22209002067328e-15,9.11555745011299e-13,24.2440953660592
"ENSG00000198833",2.9681650798619,6.55646523538574,10.3139498255788,2.46637217046218e-15,1.0015464040093e-12,24.416972163564
"ENSG00000058272",3.46967999346416,5.85156916802028,10.2998002174035,2.6083734304384e-15,1.04861828650485e-12,24.4823584434436
"ENSG00000136048",3.48577270119029,4.03226674867402,10.2563356614873,3.09814532806281e-15,1.23318453939387e-12,24.2723252593698
"ENSG00000119402",2.78652019732079,6.07981122582198,10.2357548920718,3.36136630370762e-15,1.32483968766327e-12,24.2280233701236
"ENSG00000026508",2.75993338348163,9.05118016342745,10.2014143623145,3.85164684382098e-15,1.50333889723584e-12,22.7557202196983
"ENSG00000124486",2.47586856301517,6.35924535903344,10.1975155118475,3.9116768721334e-15,1.51208878474526e-12,24.0700178449696
"ENSG00000170832",2.66072036077799,6.27093576548726,10.1794284154001,4.20271292219744e-15,1.60911871331601e-12,24.004170293246
"ENSG00000064999",3.1205423173503,5.01892333915346,10.1702058131042,4.35940153890251e-15,1.6533647232732e-12,24.0325366498392
"ENSG00000177189",2.92735981682771,6.02894329501863,10.1589681124491,4.55829304723774e-15,1.71264015967338e-12,23.9245236766765
"ENSG00000067900",3.43795553845652,6.11796875602282,10.1552395170168,4.62628108527856e-15,1.72209029805897e-12,23.8517039607307
"ENSG00000137845",2.74006459756594,6.22153725896971,10.1500112431071,4.72333639292661e-15,1.74208779512326e-12,23.8888518739384
"ENSG00000084234",2.07813145265943,9.00586508183958,10.1453237387604,4.81209359844612e-15,1.75868897131574e-12,22.7301756605826
"ENSG00000145569",3.0203626592167,4.56213824489619,10.1307704239434,5.09849443503291e-15,1.84657363312787e-12,23.8190225922825
"ENSG00000113742",3.78352636414888,4.68144550963716,10.1282421911015,5.1499691992083e-15,1.84856305130868e-12,23.8738812317046
"ENSG00000171316",3.0902665266,4.96749879866706,10.1200928617876,5.31947509442421e-15,1.89250918359329e-12,23.8439925216326
"ENSG00000085063",3.56633241915793,5.39089616714084,10.0936454907927,5.90922413944719e-15,2.0838827092461e-12,23.6918240917683
"ENSG00000163605",3.69766066493061,3.98269513033866,10.079352430889,6.25488658573681e-15,2.18659956973731e-12,23.5473005776687
"ENSG00000068650",3.71509475751205,6.14101210921911,10.0681485047049,6.54000705588608e-15,2.2665634798339e-12,23.4098423809363
"ENSG00000163803",3.90063081964244,5.66248395733198,10.050980456625,7.00248150237956e-15,2.40610052443302e-12,23.3648030091761
"ENSG00000140563",3.72897138835055,6.39338844122336,10.0321007410152,7.54914721997701e-15,2.57195607235183e-12,23.1884672898323
"ENSG00000211809",-6.9772447273606,-0.127267883920723,-10.0279076122865,7.67627270051574e-15,2.59329004290869e-12,22.2817568716262
"ENSG00000188786",2.96361026094946,5.49847929883681,10.0235741469202,7.80991596516869e-15,2.61385378108375e-12,23.4447095716975
"ENSG00000183873",9.61662615918981,-4.07727351548694,10.0200129160274,7.92149382212758e-15,2.61385378108375e-12,21.6931440856632
"ENSG00000027697",3.00101723310679,7.02328283281847,10.0196739761345,7.93219644028202e-15,2.61385378108375e-12,23.099037207279
"ENSG00000147408",4.19420630737231,4.37968806711126,9.97992007884397,9.29394672837292e-15,3.03768492987031e-12,23.2899887232961
"ENSG00000137801",4.65413466351956,4.24441018785471,9.97755330410653,9.38206859961173e-15,3.04175743420638e-12,23.2386072685587
"ENSG00000069020",4.01122826961777,2.83511811579609,9.95116439448036,1.04234111129296e-14,3.35233578849597e-12,22.963336967537
"ENSG00000142192",2.54821616887347,5.79798030423394,9.92279422366118,1.16730261619622e-14,3.72443649018416e-12,23.028807811845
"ENSG00000054793",5.93404035097963,2.7139749729594,9.90825757750277,1.23706271122245e-14,3.91593662335157e-12,22.9914473383
"ENSG00000153250",2.96727505052531,6.02749711751951,9.89552964622047,1.30157784463939e-14,4.08797128985882e-12,22.8931201079691
"ENSG00000167613",2.55286433893462,7.18573824906453,9.87087371574866,1.43633952899882e-14,4.47625749959772e-12,22.4592151437995
"ENSG00000187554",4.17401192730981,4.95553847156926,9.84971824983344,1.56310446957874e-14,4.83384045276958e-12,22.7292235919053
"ENSG00000153208",5.48434628841646,1.94053824087466,9.83609235736873,1.65064913307846e-14,5.06560278229161e-12,22.5731589711697
"ENSG00000211784",-7.03854610098077,-0.3720135737147,-9.83348632006154,1.66794599271151e-14,5.07990642416578e-12,21.6057270371262
"ENSG00000133687",6.77203081444877,1.22750123320068,9.81857977479014,1.77044564690049e-14,5.3204934565043e-12,22.5030946494278
"ENSG00000005302",2.67197991388569,6.65411435565207,9.81816174891677,1.77340958950196e-14,5.3204934565043e-12,22.5006719824146
"ENSG00000174125",2.82600059536159,6.42792864112937,9.81528563611093,1.79393787764913e-14,5.34221411535187e-12,22.4929248700332
"ENSG00000159216",2.54688403647158,5.73811381701121,9.80495754559121,1.86964420020441e-14,5.52672324533954e-12,22.5904888920877
"ENSG00000110422",3.89974238199504,5.29729153412066,9.78156198313462,2.05323295424136e-14,6.02127144021684e-12,22.4726104387977
"ENSG00000183762",4.06318449304593,5.97831369162711,9.7799052646005,2.06690079784569e-14,6.02127144021684e-12,22.2509430524036
"ENSG00000211710",-7.74687921240109,1.05711560348387,-9.7737158199703,2.11877759357778e-14,6.1279925767636e-12,21.4563051688135
"ENSG00000156140",10.4610990012819,-4.93606885862039,9.75466464386326,2.28681646817351e-14,6.56675683239369e-12,20.8214061869498
"ENSG00000090376",4.9484865202114,6.28772605647383,9.72703474242166,2.55462122520616e-14,7.28375053161262e-12,21.7736265237793
"ENSG00000079277",3.36866202129295,7.14513663598818,9.7122828510177,2.71029426227892e-14,7.67318661493923e-12,21.6977601402552
"ENSG00000007237",3.35848386742986,7.57335212343211,9.70033527891935,2.84333824128784e-14,7.9698187107991e-12,21.3862617752401
"ENSG00000088930",2.09304165095475,6.74139407338038,9.69933954653819,2.85471840792764e-14,7.9698187107991e-12,22.0596043212235
"ENSG00000183023",3.76480487566134,4.01482237854837,9.68431101653338,3.03214580159683e-14,8.40678107005488e-12,22.1050058806077
"ENSG00000179639",-9.48583257555516,2.39304811214064,-9.67927193325135,3.09408586740518e-14,8.51975616722076e-12,21.2180167362724
"ENSG00000248905",6.33273837278638,1.03029408346903,9.66831632526046,3.23317561016352e-14,8.84218543399958e-12,21.5053894558224
"ENSG00000106799",3.33988555819996,4.81835224648545,9.6533237398493,3.43376123134247e-14,9.32730196097501e-12,22.0135933511749
"ENSG00000197081",2.42787054694758,8.7072960381056,9.63471569016569,3.70020540416501e-14,9.98360118511689e-12,20.7218210639535
"ENSG00000196876",8.16372452692165,-1.99606597859915,9.61700230282017,3.9731270820213e-14,1.06485103300947e-11,20.3272971212261
"ENSG00000096968",3.66440395935773,4.64458388595827,9.6093935203005,4.09648874888427e-14,1.09064265352745e-11,21.8403602148065
"ENSG00000174705",7.04804646622121,0.570331966798812,9.60059255017489,4.24398923766552e-14,1.12247931139888e-11,21.5310178420772
"ENSG00000151553",3.57110597244914,3.88454789944405,9.55149937886267,5.17032539083244e-14,1.35854523766174e-11,21.514629150102
"ENSG00000179299",4.62998077536102,2.67744397641187,9.53676105654916,5.48624487915885e-14,1.43219491319444e-11,21.4143034358417
"ENSG00000136935",2.490262459275,5.04741699024195,9.5344903839524,5.53661299128226e-14,1.43601880951954e-11,21.5430765403504
"ENSG00000185950",3.78368776426927,5.31129854530717,9.53155563208479,5.60240072896166e-14,1.44376739811357e-11,21.436102881694
"ENSG00000181523",2.60232378403512,5.76349583121378,9.50521801398194,6.22910759777517e-14,1.59504830347616e-11,21.3757141415097
"ENSG00000123384",2.49152463265123,7.12782137919717,9.48543986176285,6.74564472422134e-14,1.71638233672878e-11,20.8805485670816
"ENSG00000196083",4.88157665389186,4.42145895637746,9.47325664243755,7.08503273661252e-14,1.79139928350501e-11,21.2644843947619
"ENSG00000068024",2.75905494090622,5.89384569243066,9.45306392187552,7.68574900444183e-14,1.93114050922857e-11,21.1682285566104
"ENSG00000133805",2.70447103397002,5.54116173202703,9.44241313626301,8.02295190799066e-14,2.0033460410251e-11,21.164514550395
"ENSG00000132405",2.80011191338915,6.92924342742153,9.42816233439096,8.49749795889024e-14,2.10874328977349e-11,20.7596907332518
"ENSG00000109861",2.27526405596137,7.03063218767799,9.4155169026206,8.94215171596351e-14,2.20547474408077e-11,20.7405718637456
"ENSG00000102580",2.59652622337464,5.65319323097601,9.40861604565309,9.19459105255052e-14,2.25390822862583e-11,21.0331588526363
"ENSG00000091436",3.34622561508173,3.51339304003573,9.39769687603419,9.60873142322823e-14,2.34115285258558e-11,20.8154449696753
"ENSG00000100393",2.71110194584185,6.86327173417629,9.38020576017214,1.03115422395891e-13,2.49725675371061e-11,20.6186672972445
"ENSG00000134313",2.93763193475009,5.40606805723453,9.36925455681824,1.07776306604424e-13,2.59450483719224e-11,20.878902053961
"ENSG00000211779",-7.1750073081154,0.157860849133287,-9.36633635705083,1.09053630674397e-13,2.60962741688817e-11,19.9495436251444
"ENSG00000075420",3.50958477899211,5.25568526216567,9.35381422243462,1.14709593046218e-13,2.72873080452311e-11,20.7998805276469
"ENSG00000164741",9.35965928024587,-2.45187553276946,9.3140329083437,1.34708557990338e-13,3.17297684415381e-11,19.5895831118273
"ENSG00000071537",2.99042845259235,5.43018091198955,9.31356560348522,1.34963195948038e-13,3.17297684415381e-11,20.6549455366254
"ENSG00000173930",4.26672182336489,3.32660170509237,9.30780153795098,1.38144123372808e-13,3.228877934787e-11,20.58361635654
"ENSG00000084112",2.7686111162475,5.91612194256055,9.29874623504339,1.43294094402051e-13,3.3235777572837e-11,20.5120581272338
"ENSG00000146122",7.55813456198072,1.89647310949618,9.29778977284601,1.4384919401208e-13,3.3235777572837e-11,20.6123720294096
"ENSG00000125430",3.80904382056575,3.52735340100528,9.28545139077489,1.51206644318905e-13,3.47360543709064e-11,20.4935518049351
"ENSG00000277586",-7.04408092473352,0.0558934818389199,-9.26783541976256,1.62371035425606e-13,3.7088865716933e-11,19.5742173402724
"ENSG00000166527",6.02664540543978,2.56802137916651,9.24232769726248,1.8002069674766e-13,4.08880906816351e-11,20.3161772260276
"ENSG00000169174",11.2194297342699,-4.71322947963648,9.20838067856831,2.06534646650987e-13,4.6646662161028e-11,19.2798394285117
"ENSG00000059804",3.63128331936982,8.45739678595015,9.20651493210299,2.08100639025789e-13,4.67377759224288e-11,18.8490988311984
"ENSG00000138190",3.64318524608455,3.90221307365634,9.19965568043577,2.13961060233901e-13,4.7787014130685e-11,20.1647841911711
"ENSG00000087253",3.46664679637381,5.3286138554726,9.19055113857415,2.21996584890832e-13,4.93077718551449e-11,20.1535444289562
"ENSG00000155659",7.04559890693299,1.10321634984576,9.18589935988684,2.26218432309111e-13,4.9969414371928e-11,20.0858779549816
"ENSG00000163694",3.40999054351403,6.0420440231083,9.11597208730949,3.00325476808897e-13,6.59764197741599e-11,19.7080946643761
"ENSG00000123684",2.61600001795105,6.16969746906487,9.10706444163405,3.11371190798984e-13,6.80312207201129e-11,19.7721501407266
"ENSG00000170340",3.76198084724792,3.25754503993292,9.09799356752134,3.23038554022324e-13,7.019889702057e-11,19.6536250962705
"ENSG00000138463",3.03255050229276,3.63541506930202,9.08585305077621,3.3934398294967e-13,7.33457354975410e-11,19.5880726247879
"ENSG00000174695",2.64188368203943,5.0542619118647,9.0797598110882,3.47836407736766e-13,7.47792474001789e-11,19.7478713039686
"ENSG00000141447",3.62260105603073,2.32626145252478,9.06800241551862,3.64830958121847e-13,7.77018501459368e-11,19.1614040824242
"ENSG00000134698",2.72447609157905,6.8431826009339,9.06768813227408,3.65296494641611e-13,7.77018501459368e-11,19.3837018778699
"ENSG00000100731",2.56484457856493,6.95965810889965,9.05954318680767,3.77571510008623e-13,7.98901570808772e-11,19.3365477169072
"ENSG00000075151",2.83530660919199,5.38639242742815,9.03346247366106,4.19732585024299e-13,8.83460177128108e-11,19.5508864213315
"ENSG00000123119",10.2796615957299,-4.29659444838221,9.00694857813031,4.67442270134052e-13,9.78755944996311e-11,18.0318441492435
"ENSG00000135932",2.93263661192939,6.74035637865467,9.00075706091594,4.79345749077417e-13,9.9847967898499e-11,19.1120443897515
"ENSG00000198178",-7.41541654126017,0.409523902607996,-8.99853406693141,4.83693380968356e-13,1.00234233513865e-10,18.6329437368399
"ENSG00000135535",2.82291578293515,6.49985991362899,8.99382956110585,4.93025183013731e-13,1.01137144337896e-10,19.2186407893177
"ENSG00000168461",2.83137698689755,6.96903550045339,8.99380122035042,4.93081943441312e-13,1.01137144337896e-10,19.0146104456159
"ENSG00000173698",8.44934912816299,-5.90872656888801,8.99009020858126,5.00571235901528e-13,1.0215210571428e-10,14.8376391843877
"ENSG00000204634",3.7322127541899,5.13270195629511,8.98823852603094,5.04350751120717e-13,1.02403580285632e-10,19.3056975995972
"ENSG00000170571",2.60869817552018,6.52781539189388,8.97240904733728,5.37852199115509e-13,1.08656955320812e-10,19.144927210562
"ENSG00000163751",-8.11145209687867,1.09564373577851,-8.96447853301567,5.55467035517274e-13,1.11654428809327e-10,18.5541044348184
"ENSG00000120278",5.86348926875205,1.14621844737364,8.94625479277582,5.9816981631887e-13,1.19639915202245e-10,18.9139993897536
"ENSG00000102218",3.65628469713899,3.92481307215127,8.94364498944642,6.04549207999802e-13,1.20317263663406e-10,19.1755702720483
"ENSG00000196782",2.67146756331937,4.39927428626752,8.9423500517074,6.0773984402323e-13,1.2035643945528e-10,19.2002735521054
"ENSG00000155629",3.12006864617386,6.84691923587712,8.92794157541966,6.44401994605212e-13,1.26476540369268e-10,18.7178278835179
"ENSG00000137393",3.15137700645695,5.31038939785892,8.92773809039059,6.44935345895727e-13,1.26476540369268e-10,19.1095242797352
"ENSG00000211812",-6.80432457576818,-0.422252524792977,-8.90745443130428,7.00385313581941e-13,1.36683933867093e-10,18.2525031272795
"ENSG00000112242",3.34803991841268,4.40857447829142,8.8912649815907,7.48056849567959e-13,1.45282036069232e-10,19.0024288037445
"ENSG00000156414",5.69931612153333,2.69781999776825,8.87375907352694,8.03275619512765e-13,1.54916611292957e-10,18.9264728175346
"ENSG00000140299",2.95338628881577,5.79922739004738,8.87256278981285,8.07195029725847e-13,1.54916611292957e-10,18.8469845426742
"ENSG00000266265",10.1253872745554,-3.37577953683024,8.87170280691045,8.10024458747835e-13,1.54916611292957e-10,18.0064384217449
"ENSG00000130779",2.35484971782131,5.6753425258028,8.87077775648344,8.13079075240385e-13,1.54916611292957e-10,18.9035608690127
"ENSG00000166265",9.1432783581499,-3.25639146825781,8.86804035956197,8.22186121099828e-13,1.55912860568185e-10,17.5935535500543
"ENSG00000214144",-5.24155067377914,-1.33352076250141,-8.85867305045927,8.54131580278989e-13,1.61210318264676e-10,17.9156243281228
"ENSG00000186431",4.08467468036034,5.57360823129006,8.84963049151048,8.86150349810808e-13,1.66472039079879e-10,18.6123829933222
"ENSG00000175727",1.98299302903108,7.66469093148977,8.84439675509687,9.05229808952117e-13,1.69265343160433e-10,18.2949962308836
"ENSG00000115604",5.96817583378557,4.48747622143444,8.83726561689438,9.31891249631246e-13,1.73443944526275e-10,18.5874645728825
"ENSG00000102837",8.93503132930064,1.70221736044027,8.83315779263745,9.47605442742049e-13,1.755559170927e-10,18.7611360861084
"ENSG00000198001",1.9777615264941,5.78096653460603,8.80881763798582,1.04632551462308e-12,1.92955863939803e-10,18.6747736283081
"ENSG00000019991",5.73983789758947,1.96400144523028,8.79953050215821,1.08665625385863e-12,1.99478332043948e-10,18.5342431272866
"ENSG00000140526",2.20049411147293,7.6748449273744,8.79185173937959,1.12117754139936e-12,2.04879906906079e-10,17.9753524419355
"ENSG00000123104",2.93098913205718,4.1735550592547,8.78342156284587,1.16034511365527e-12,2.11077802077689e-10,18.5221779738725
"ENSG00000130449",2.95822976924933,4.52970407528304,8.77907047637559,1.18109478541532e-12,2.13884561095797e-10,18.5492166851395
"ENSG00000177675",8.52592228641297,-3.27806794015512,8.76927736098315,1.22916842376347e-12,2.21592058171027e-10,16.6889802788484
"ENSG00000131018",2.50172771060664,6.8360275277279,8.76136172231991,1.26945636738186e-12,2.27833414649488e-10,18.2033526523933
"ENSG00000197860",2.96216627852282,4.07773726759592,8.75562363086333,1.29948693392239e-12,2.32186549855768e-10,18.379619916251
"ENSG00000140443",3.03674385521586,5.88282198337446,8.71943598541739,1.50600190553422e-12,2.67895082328702e-10,18.167584019313
"ENSG00000106780",2.91890347730473,7.4570032254347,8.70714128511895,1.58341141521732e-12,2.79714677811648e-10,17.6185144628818
"ENSG00000136160",9.62258157415874,-4.21940156593779,8.70668458050317,1.58636253273607e-12,2.79714677811648e-10,16.5848920265267
"ENSG00000065613",2.89362082035864,5.15032791160919,8.70146244695372,1.62050139624662e-12,2.84486450357671e-10,18.2475050739461
"ENSG00000064393",3.00655749298491,5.34963938731103,8.69820633004353,1.64215964810357e-12,2.8703522683939e-10,18.1789693910602
"ENSG00000065135",2.18387567701152,6.24367156100749,8.69540234082653,1.66104301903106e-12,2.89079010610765e-10,18.1568855779853
"ENSG00000118873",2.51693990296343,4.20910353891555,8.6713653995934,1.83211866203225e-12,3.17477734702674e-10,18.0195415214128
"ENSG00000165650",3.21113602843636,4.4123055942724,8.646562839859,2.02718843448121e-12,3.49772658553706e-10,18.0287692067592
"ENSG00000091039",3.51053971982948,5.05015457912609,8.64267198913386,2.05962552713304e-12,3.5385070701625e-10,17.9934820000475
"ENSG00000156113",9.48935522379189,-1.55979309319091,8.638617270564,2.09398261397844e-12,3.58222506583664e-10,17.6210767669393
"ENSG00000196712",2.44897453061731,4.17663593255332,8.63341500079223,2.13890623536268e-12,3.64357239296823e-10,17.8584457758392
"ENSG00000254649",8.90564960490821,-5.06157936858648,8.63189840898529,2.15218359376537e-12,3.65072087917956e-10,14.7609560813752
"ENSG00000157557",3.34793118922691,6.03873281343535,8.61191043564938,2.33509321627036e-12,3.94434527228996e-10,17.6470738889523
"ENSG00000205885",2.9671971550689,3.33827848073023,8.60458582242399,2.40595528221916e-12,4.0470382533797e-10,17.6412052659723
"ENSG00000115020",3.29648381513103,4.21011541627397,8.60179381642858,2.43353059372243e-12,4.07636653870121e-10,17.8382918651076
"ENSG00000100503",2.37892658658068,6.79071514944175,8.59986830849202,2.45273230359628e-12,4.09148315639742e-10,17.6005400808718
"ENSG00000140678",2.18658002520363,9.89213470162094,8.57083791982858,2.76134216806914e-12,4.58725115044279e-10,15.7237804186323
"ENSG00000196396",1.96216953481176,6.72262623651215,8.56872484125756,2.78526956898283e-12,4.59931446834652e-10,17.5182683907599
"ENSG00000176542",3.02193125040939,4.03856070983115,8.56817893587808,2.79148482731345e-12,4.59931446834652e-10,17.6737531891053
"ENSG00000169299",2.28385522426978,5.06513388815092,8.55235492618645,2.97781521002671e-12,4.88629090095893e-10,17.6561583944968
"ENSG00000109133",2.57175072495338,5.25553450915861,8.54355479279355,3.08678121510762e-12,5.04450318738848e-10,17.6169733261186
"ENSG00000197601",3.3483447929348,4.73062488704439,8.53896123516484,3.1452386237522e-12,5.11922603854599e-10,17.6047146388522
"ENSG00000260032",2.51816813753224,6.13212622666995,8.5220939656927,3.36957149703007e-12,5.46223844046786e-10,17.4119700007248
"ENSG00000260916",3.06956718309024,3.69834549092127,8.52009741729358,3.39716538920207e-12,5.48485313159445e-10,17.4023607386668
"ENSG00000135720",2.44395744940769,5.15784776096585,8.51144509302237,3.5193889336985e-12,5.65945895650189e-10,17.4953640731018
"ENSG00000152291",1.78151992378542,8.4433367567323,8.5045285920585,3.62025438238456e-12,5.798464807993e-10,16.6358678318857
"ENSG00000137462",2.88667169863802,7.63651331102248,8.50145884436149,3.66594489465654e-12,5.84834589900723e-10,16.6696821761849
"ENSG00000234389",5.29466704063868,2.91734491984514,8.46828257138721,4.19819041683672e-12,6.67097435326759e-10,17.3196168759866
"ENSG00000153827",1.96085710909543,7.25126931166934,8.46496731158229,4.2554597528765e-12,6.73535405453312e-10,16.9984837264519
"ENSG00000168172",2.51284210328088,4.70951904860588,8.45736626576581,4.38973639330932e-12,6.92063460720868e-10,17.2601322095862
"ENSG00000184743",2.26304147731919,4.69502841260577,8.4472491477568,4.5750706024644e-12,7.17469179352878e-10,17.2097162694535
"ENSG00000162551",4.06754179811447,9.2133700613785,8.4466346268425,4.58657726216829e-12,7.17469179352878e-10,15.0958720876056
"ENSG00000145868",2.41407575254504,5.55206947926964,8.44237217320992,4.66719217649001e-12,7.27249844493223e-10,17.1988778425644
"ENSG00000082074",2.25064088526548,8.6233161052383,8.44039450954424,4.705076021241e-12,7.30322263343362e-10,16.1842142588898
"ENSG00000173744",3.63622505613644,6.10693713533556,8.43332403699244,4.84305470897716e-12,7.48848020808845e-10,16.8311793865323
"ENSG00000113580",2.61599784032095,5.68968775661475,8.42271001097533,5.05783427004695e-12,7.79061506990143e-10,17.0945062596444
"ENSG00000087116",10.7523545739203,-1.78082121640174,8.4186940757171,5.14156481014689e-12,7.88935833960019e-10,16.9009149873038
"ENSG00000211727",-7.07919863434189,-0.151870281031564,-8.41550524836298,5.20903864342008e-12,7.96250081911689e-10,16.4710055068121
"ENSG00000112697",2.81814931188495,5.38847726059325,8.41361863416268,5.24937534620207e-12,7.99376468439454e-10,17.0820199041463
"ENSG00000109046",3.34990111987339,6.8862881903239,8.40846690358745,5.36112304132699e-12,8.13312711348783e-10,16.5925720006029
"ENSG00000198961",2.97014781421075,5.97187060841604,8.39888431681453,5.57536064126885e-12,8.41084238933878e-10,16.9031874162703
"ENSG00000118217",2.24662652172466,6.30230438921798,8.39841687762631,5.58602785421982e-12,8.41084238933878e-10,16.9195501056556
"ENSG00000273033",2.96195902195289,4.42883450732261,8.39606224882437,5.64007347889563e-12,8.46053111934933e-10,17.0320181069642
"ENSG00000130309",2.41184648828196,7.32092968584168,8.36597730152923,6.37852428137622e-12,9.53269268252367e-10,16.3872642222827
"ENSG00000100580",3.58997970611295,4.17617829582112,8.36400634117613,6.43015373785334e-12,9.57426076182148e-10,16.9040800252961
"ENSG00000096063",3.09048902723494,6.19800327292578,8.35790140566435,6.59274479094491e-12,9.78013011385857e-10,16.6563236786183
"ENSG00000164125",3.6751236919124,3.91011808519637,8.35228611576375,6.74592921159158e-12,9.9705825795737e-10,16.8589131195837
"ENSG00000165312",3.29185913653014,3.96759770526174,8.34283633656134,7.01180992414554e-12,1.03255964311538e-09,16.8173251841245
"ENSG00000116991",4.10433894016216,4.7306499109099,8.33502186891727,7.23959146762963e-12,1.06221188387462e-09,16.7142363774332
"ENSG00000196743",2.8504305960546,6.19595365923405,8.32919924458295,7.41411939718919e-12,1.08386337456654e-09,16.4913738550218
"ENSG00000172795",2.69259010142371,5.41491253692673,8.32540590412876,7.53008234213701e-12,1.09682742869055e-09,16.7385179015323
"ENSG00000096060",4.23553783341783,7.49426195319383,8.31802658566572,7.76089972834685e-12,1.12636711508664e-09,15.5607406347287
"ENSG00000148154",4.72497683359146,4.22963650933913,8.30199856685668,8.28694699084389e-12,1.19838792419391e-09,16.6357472529408
"ENSG00000116717",5.49618896232476,3.54417695940307,8.29858773631524,8.40342138539674e-12,1.21087579403484e-09,16.6182659627193
"ENSG00000204103",2.77305911604572,5.54143396901012,8.2973561616722,8.44587939845763e-12,1.21264729848855e-09,16.5355661252069
"ENSG00000091317",2.55677732186594,7.14999798482668,8.28839794881512,8.76124415650329e-12,1.25345031167169e-09,16.2079034029256
"ENSG00000168036",1.91411608790716,6.464080821944,8.27249698798316,9.3503494305407e-12,1.33298846739928e-09,16.4138305120084
"ENSG00000152463",9.74098420242152,-1.50222197242221,8.2705359338264,9.42569912811058e-12,1.33898217790919e-09,16.1802717317381
"ENSG00000157800",3.76530550686122,4.09554081251808,8.2577564006616,9.93184493028624e-12,1.40591559819496e-09,16.4833160433772
"ENSG00000110395",2.48829590706392,6.69883505638389,8.25524408054093,1.00345044004737e-11,1.41546366985208e-09,16.1689113418549
"ENSG00000237298",3.54136720161283,3.71612684283478,8.25302492419837,1.01260680357693e-11,1.42338526983915e-09,16.4335568466211
"ENSG00000140575",2.53232001709222,8.62841512701032,8.24210435984464,1.05889932668328e-11,1.48327075718889e-09,15.2499563329034
"ENSG00000204020",5.19151099043091,1.40162394946046,8.23842821009842,1.07495467632939e-11,1.50053221867341e-09,16.0962273158817
"ENSG00000162702",3.33361366257132,4.17605836463084,8.22756065203795,1.12385777620491e-11,1.56336783110691e-09,16.3463546109564
"ENSG00000138071",2.42849677234541,7.97380799923291,8.22405511192968,1.14010284439434e-11,1.58049705346004e-09,15.5660874242562
"ENSG00000072364",2.89637803544087,4.54467688442254,8.21660126212803,1.17543060931299e-11,1.62387152424745e-09,16.3194290035502
"ENSG00000071189",2.95731341006964,3.8253986600767,8.21387135532306,1.18864156159611e-11,1.63569173196567e-09,16.2083229684813
"ENSG00000172594",4.41272552469816,2.4794352805841,8.21315681128579,1.19212396762833e-11,1.63569173196567e-09,16.2560910819926
"ENSG00000105639",2.39750956184284,9.13166660714402,8.21132938894384,1.20107664715048e-11,1.64237018261032e-09,14.8791456334751
"ENSG00000138600",2.22286281632949,5.09759254873975,8.18962482566164,1.31270017564993e-11,1.7889211003891e-09,16.2140986724849
"ENSG00000012779",2.45263198397641,9.24947262572459,8.1854914482535,1.33510663339325e-11,1.81330935390795e-09,14.5140497973206
"ENSG00000107929",1.96823266790169,6.01566178589042,8.17774663815251,1.37812623605601e-11,1.86543538524995e-09,16.1076767138249
"ENSG00000113532",2.57435801696873,5.88610897741498,8.17576195136692,1.38937208382886e-11,1.87434686288885e-09,16.0646389621137
"ENSG00000184005",5.84916463382508,1.02748371109545,8.15208603576697,1.53082793323611e-11,2.05827239371097e-09,15.7273158376689
"ENSG00000185619",2.51828271450625,5.23766411438175,8.14442289026967,1.57963344902631e-11,2.11681413059186e-09,16.0296656423862
"ENSG00000110075",1.95443161533339,5.79072550343126,8.12230630887297,1.72940294302588e-11,2.30981585101416e-09,15.9314136795146
"ENSG00000170759",2.99129332061286,5.17956212002078,8.11644906394111,1.7713948407233e-11,2.35806673466086e-09,15.9033426609305
"ENSG00000137869",10.4071974549612,-4.56918481963692,8.11116995622268,1.81011574170916e-11,2.40165917650797e-09,14.761230269972
"ENSG00000131263",2.37225943108695,5.09149168927095,8.09506776128168,1.93353314843488e-11,2.55697038267695e-09,15.8391693308433
"ENSG00000010327",2.5883158303847,6.93256049119892,8.09209016668427,1.95726150949393e-11,2.57764391008461e-09,15.2774053179029
"ENSG00000138434",3.01576613694559,4.85401358329292,8.09115416424881,1.96478052640202e-11,2.57764391008461e-09,15.8125248024104
"ENSG00000108950",7.37404515012563,0.704384621828918,8.09070471469955,1.96840127455344e-11,2.57764391008461e-09,15.7303935462047
"ENSG00000097033",2.67771968620095,7.07492583135,8.04565673028471,2.36734988670024e-11,3.09000649821828e-09,15.152553815621
"ENSG00000173281",2.88159265899861,6.47078501566667,8.03958215367079,2.42700763827447e-11,3.15762333572524e-09,15.292892592575
"ENSG00000145730",2.8363077122161,4.25074260305321,8.03664137986185,2.45642680351044e-11,3.1855893662815e-09,15.6047900328262
"ENSG00000102699",2.0485999013005,6.97014332797795,8.03179256124116,2.50571515710672e-11,3.23905983106123e-09,15.2375204303754
"ENSG00000282572",3.82388970307551,3.50836641879123,8.02686142066418,2.5568554418552e-11,3.29457379722637e-09,15.5556698834422
"ENSG00000153201",2.47513421870057,5.61836444865629,8.01926480113352,2.63769050160357e-11,3.38787327621299e-09,15.4708481259255
"ENSG00000123836",7.31420383868053,3.72385188914909,8.00824112854247,2.75956214023839e-11,3.53311838095108e-09,15.3003390326811
"ENSG00000178996",2.85008121283877,5.59437885268456,8.00089450595569,2.84389529878872e-11,3.62953266037791e-09,15.3559242693179
"ENSG00000078053",9.10753686925565,-3.2161388509771,7.98578533479168,3.02552888129639e-11,3.849123800186e-09,14.2989980240553
"ENSG00000244482",3.25778546457833,6.65594919094734,7.97408937049199,3.17406337682275e-11,4.02535318217755e-09,14.8037823685483
"ENSG00000260528",3.35758922419152,4.8074795730004,7.96355459923604,3.31408637670967e-11,4.18971385271956e-09,15.2460886574775
"ENSG00000163959",8.70908049405906,-1.0105753142108,7.96157436984275,3.34108853593287e-11,4.21060944581734e-09,14.9827114085345
"ENSG00000106261",1.9655248197962,5.52263997614387,7.95140294833093,3.48329278957142e-11,4.37610427269845e-09,15.2607233816529
"ENSG00000038219",2.6788009466395,6.71728550781012,7.94846487999851,3.52548519058147e-11,4.41531325955627e-09,14.9173593895817
"ENSG00000197822",8.82800706106321,-3.84716895530995,7.9435955411427,3.59654059457284e-11,4.48967562863532e-09,13.9407125291099
"ENSG00000116574",4.54685521291639,3.00513996271612,7.94287359935086,3.60719672665342e-11,4.48967562863532e-09,15.2184717288763
"ENSG00000160883",3.75904405277531,8.66095739032247,7.93706484372115,3.6940936081151e-11,4.583640470168e-09,13.4541428963133
"ENSG00000143815",2.97501432516094,6.44159443743906,7.93424907410977,3.73696699351546e-11,4.62257067917872e-09,14.8788075488423
"ENSG00000115607",3.89448872591072,6.44225174176271,7.92892927042695,3.81933044822115e-11,4.7099608183861e-09,14.6181517744286
"ENSG00000107566",3.42582703491172,4.39914797388102,7.9267269077927,3.85395759028308e-11,4.73812853347280e-09,15.1601875426513
"ENSG00000141429",2.28986480885683,4.79239637314395,7.9223753122833,3.92330251795999e-11,4.80867706789718e-09,15.1485049614761
"ENSG00000120868",2.60649945210312,5.80304325961418,7.91166256554369,4.09938074531784e-11,5.00921898854917e-09,15.0111744428953
"ENSG00000129450",2.6581730825516,6.77377637776178,7.90908318152854,4.14294394256491e-11,5.04711007209074e-09,14.6494386495178
"ENSG00000138593",3.17292248893014,3.5082559631394,7.90607565088638,4.19432317015225e-11,5.09426525940969e-09,15.0099261649379
"ENSG00000166734",2.94086521261588,4.79998201726381,7.89991483544185,4.30157022336325e-11,5.20878693131474e-09,15.0597589082657
"ENSG00000177125",2.98946494216869,4.55895540445803,7.88854111929941,4.50682098157687e-11,5.44093745049110e-09,15.0182343339807
"ENSG00000085491",3.53187825120932,3.38697430366185,7.86962911889526,4.87002069784824e-11,5.8618135357753e-09,14.8674396328554
"ENSG00000276644",5.75007401808493,0.70733169406767,7.8688566528791,4.885462527467e-11,5.86284670236503e-09,14.5009141477915
"ENSG00000138081",2.5266567666421,5.34043565029917,7.84695165712291,5.3443339855662e-11,6.39443199070632e-09,14.8322687562026
"ENSG00000121060",2.73487408482809,8.15846755536886,7.84265704364035,5.43923011849594e-11,6.48866258824254e-09,13.8165793875991
"ENSG00000142166",2.36045092513902,6.71969132215328,7.83967765449215,5.50605253117187e-11,6.54894449284531e-09,14.524018320163
"ENSG00000164715",2.80256452015005,4.98223680881797,7.83705455419115,5.5655632239548e-11,6.60019978552893e-09,14.7957685776052
"ENSG00000111052",3.07754540382631,4.31428844867383,7.834341057507,5.6278016600051e-11,6.65437889222132e-09,14.7992322161388
"ENSG00000100596",2.72874218538884,6.63259771013659,7.80232895910914,6.41675978806305e-11,7.56500225805604e-09,14.2851989669276
"ENSG00000101493",2.23252872362662,6.34686864036464,7.79702255358603,6.55783290700585e-11,7.70871340723536e-09,14.4490060742216
"ENSG00000070269",3.01922140494999,4.2235462827177,7.79003341240927,6.74838515352543e-11,7.89019853747851e-09,14.6174614542551
"ENSG00000135862",4.58991318604206,1.80166162084145,7.78992168635814,6.75147578949457e-11,7.89019853747851e-09,14.4788391686021
"ENSG00000136051",3.24052656170688,4.88632815489647,7.78727263976792,6.82517137691793e-11,7.9395646054838e-09,14.5982199596125
"ENSG00000205269",3.56516341083503,3.63574242752157,7.78698521507774,6.83321564473756e-11,7.9395646054838e-09,14.5967926265145
"ENSG00000127947",2.58256785115929,5.90153182674838,7.76965373720608,7.33621199467796e-11,8.48558453598078e-09,14.4078608793657
"ENSG00000198018",5.90048522422246,1.6174497641884,7.76934950177121,7.34536445580148e-11,8.48558453598078e-09,14.4366446817128
"ENSG00000164379",9.15234976207371,-4.90305762874774,7.76804720313263,7.38467132209184e-11,8.5065488965827e-09,12.8364259150879
"ENSG00000138639",2.84233489302454,3.51889893562595,7.755703907833,7.76782606851972e-11,8.92234696018942e-09,14.4116706068944
"ENSG00000138801",2.1571156064564,5.10799650692323,7.75399897257365,7.82228924427286e-11,8.95930690023525e-09,14.4702125632439
"ENSG00000073921",2.08692854653804,7.89462743375061,7.75286756307854,7.8586420179655e-11,8.97537290926843e-09,13.7910079675667
"ENSG00000182831",2.2175590420617,6.32429159876096,7.73927925798811,8.30866293613676e-11,9.44393660066717e-09,14.276166998073
"ENSG00000166128",2.49348405970108,5.59462508917413,7.73906713207768,8.31588865388831e-11,9.44393660066717e-09,14.3804842763114
"ENSG00000129292",2.90903392330047,5.28535269399079,7.73686877177745,8.39114302679505e-11,9.5025558299497e-09,14.3879590833109
"ENSG00000178814",4.18292176973826,4.34282402740065,7.73278678199978,8.5326880852323e-11,9.63570579782329e-09,14.2905920643742
"ENSG00000087157",2.90375294137428,6.90217657006064,7.72762652935547,8.71504302871058e-11,9.81406610196702e-09,13.8723723460789
"ENSG00000156671",3.02477114592791,4.13094367697795,7.71697985927655,9.10368172864614e-11,1.02230785713696e-08,14.3236423718684
"ENSG00000112234",2.91635752873417,3.04210521946283,7.69734185842703,9.86654510085318e-11,1.10242095397944e-08,14.0650158203262
"ENSG00000133961",2.23691496926244,7.81515969423206,7.6971474825489,9.87440672489825e-11,1.10242095397944e-08,13.5280150820927
"ENSG00000167680",6.5589224055284,1.43293224440033,7.6965316098305,9.8993573550216e-11,1.10242095397944e-08,14.2438085871491
"ENSG00000187605",2.49729936462775,5.38257714833219,7.68592326861547,1.03391555053492e-10,1.14821748515483e-08,14.1701039551875
"ENSG00000116793",3.43237699476761,3.67737974626159,7.68255818187141,1.04827035232185e-10,1.16095219570366e-08,14.1577738683465
"ENSG00000114331",2.61664495120114,5.7605167048375,7.67907828172749,1.06332444431915e-10,1.17438926677249e-08,14.1012326323839
"ENSG00000260924",-5.83207039901396,-0.549920424690179,-7.65219032258481,1.18716490092799e-10,1.30757269444129e-08,13.5735667413555
"ENSG00000115808",2.52593942269754,4.41826196887791,7.65046536471235,1.19558474118444e-10,1.31324857281685e-08,14.0606370776231
"ENSG00000138246",2.72970095514348,4.90468228576345,7.64957313534736,1.19996326715197e-10,1.31446657400664e-08,14.0494031344905
"ENSG00000268170",7.47629317497624,-0.925944827161135,7.64022333816389,1.24682139538869e-10,1.36208461242979e-08,13.0533360382669
"ENSG00000054983",2.39261490152841,4.3550057340098,7.62996936971307,1.30031560627593e-10,1.4166744716397e-08,13.9650562828959
"ENSG00000144320",2.87856543019834,3.45206699163325,7.6232139209176,1.33680531939651e-10,1.45249317433456e-08,13.8785413476015
"ENSG00000211749",-5.98858536503537,-0.698767932329067,-7.62019157394433,1.35346015827305e-10,1.46662547932327e-08,13.4638565417449
"ENSG00000161217",2.11072802778137,6.62492144642092,7.6098544943563,1.41200618731805e-10,1.5259535683484e-08,13.6558490447824
"ENSG00000181751",5.7503601146508,0.89402177397182,7.60830126361008,1.42101923344662e-10,1.53157681563059e-08,13.6036933272579
"ENSG00000111817",2.7885712226049,4.62536068293795,7.60559373644668,1.43686804119435e-10,1.54451788748918e-08,13.8949525798148
"ENSG00000115271",3.3345563114457,7.30002288255128,7.5966168553478,1.49068949039435e-10,1.59809863714223e-08,13.0936007417359
"ENSG00000153936",3.21826999271688,2.75454968527188,7.58373072512105,1.571488626266e-10,1.68023898279643e-08,13.5964205058789
"ENSG00000075303",3.20943249366967,3.33668959760633,7.57884726153785,1.60323972242202e-10,1.70561972182629e-08,13.6944358318045
"ENSG00000248477",5.96810493935875,-0.394100930628988,7.57877537103492,1.60371189207089e-10,1.70561972182629e-08,13.0318012773818
"ENSG00000175928",6.35670865633894,0.446819822179991,7.56402460950846,1.70359144633173e-10,1.80504811396066e-08,13.3786312735498
"ENSG00000083168",2.29006425313984,6.76122171533851,7.56365397765049,1.70617950177864e-10,1.80504811396066e-08,13.3771496704947
"ENSG00000138829",4.377741806167,1.91514141346982,7.56190885120072,1.71841828544699e-10,1.81322445962047e-08,13.5489194349534
"ENSG00000075426",2.38109646815919,7.6411894124413,7.55840660229011,1.74324520682671e-10,1.83460585876563e-08,12.9482561896096
"ENSG00000125772",2.5637642610801,6.47576319435586,7.55202518150408,1.78940693990058e-10,1.87826991639382e-08,13.4067267414206
"ENSG00000213639",2.89286336657989,5.41410200118665,7.54644235976166,1.83079200532494e-10,1.91670573432483e-08,13.6076504080655
"ENSG00000231027",4.10235676723082,3.70812696371034,7.53730194044023,1.90062327936517e-10,1.98464563836464e-08,13.6021425188943
"ENSG00000165288",2.45203740620943,4.486351120343,7.52467142110762,2.00151714324323e-10,2.0845852899654e-08,13.5685169569335
"ENSG00000217128",2.8318446744759,4.90252987020965,7.51019880086624,2.12371843973071e-10,2.20614286082827e-08,13.5018575714915
"ENSG00000198053",2.44386977860375,8.62944859948188,7.50932883992731,2.13129705078107e-10,2.20830938235826e-08,12.2119639852225
"ENSG00000114573",2.3986350212062,5.58738502121716,7.49120180202157,2.29550100143086e-10,2.36826338183323e-08,13.3630037484284
"ENSG00000233058",6.81192770210813,-0.994380473845984,7.4909940187246,2.29745465129834e-10,2.36826338183323e-08,12.5358045106651
"ENSG00000108984",3.81351924448517,3.66897993247342,7.48858154390171,2.32025948425597e-10,2.38565400987362e-08,13.4324901176392
"ENSG00000119408",2.65180591349851,4.96576724293849,7.48686363889032,2.33663629285326e-10,2.39636357768589e-08,13.3949067632137
"ENSG00000143970",2.72174088777299,4.78424232278353,7.48305361486838,2.37337034336877e-10,2.42784311817078e-08,13.4017897003698
"ENSG00000167548",2.02687402296459,7.74527354502263,7.48222465383641,2.38143877754452e-10,2.42991374961535e-08,12.7338834769204
"ENSG00000070444",1.67011954680086,6.61897197110721,7.47493095880363,2.45362081815199e-10,2.49722694003408e-08,13.1704782354602
"ENSG00000186432",2.34300200226079,5.91135383153539,7.47150215456386,2.48830486502452e-10,2.52613212585141e-08,13.2502498783439
"ENSG00000108599",2.37410283326252,4.83321844199349,7.4694483919819,2.50931367883656e-10,2.54104353946064e-08,13.3568603969094
"ENSG00000143797",3.33942323753969,4.52006409276564,7.46841960547631,2.51990406279369e-10,2.54337945691212e-08,13.3418825090168
"ENSG00000156273",2.80108743854177,6.07520137058234,7.46799640774691,2.52427342746116e-10,2.54337945691212e-08,13.1120044195108
"ENSG00000166147",7.36510903445078,-2.84090306159922,7.4609489856802,2.5981575191524e-10,2.61127821462412e-08,12.1224468452514
"ENSG00000156642",2.31439556459549,5.60180792913789,7.45229275010405,2.69186941699549e-10,2.69871656613597e-08,13.2198663056179
"ENSG00000079215",8.17633726403344,-0.692527389618954,7.45100577175076,2.70608743534395e-10,2.70622206655964e-08,13.0048583255548
"ENSG00000009694",6.06317268271548,1.02432014396083,7.44383241074281,2.78672054462275e-10,2.77994390409241e-08,13.1944530080904
"ENSG00000116977",1.98833863772149,6.28404381378796,7.43715106612134,2.86397912838271e-10,2.84994279503073e-08,13.0867073843209
"ENSG00000185219",2.1336481651591,5.63161146111094,7.43219024350761,2.92272274502809e-10,2.90121727890418e-08,13.1657361785414
"ENSG00000115310",2.16162036536365,7.18723323157614,7.41086811125472,3.18921564864159e-10,3.15795190903175e-08,12.6615384711389
"ENSG00000153317",2.37555320038131,6.71175383097041,7.40905094968966,3.21301905899274e-10,3.17370496829549e-08,12.7804770778162
"ENSG00000113615",2.99480754934209,3.68350680339173,7.4052439486496,3.26346435914876e-10,3.21563220996319e-08,13.0731163758657
"ENSG00000102531",3.29188301767313,3.85204217511442,7.39982688269259,3.33660989414637e-10,3.27966726074505e-08,13.0785498434546
"ENSG00000119138",3.28573548146085,3.2177392076172,7.38888635541964,3.48936538017938e-10,3.42145041497491e-08,12.9808108897772
"ENSG00000062598",1.96706414098898,6.45529910790163,7.37924479137953,3.62975998137517e-10,3.5504528168186e-08,12.769576359967
"ENSG00000135636",3.44051403730053,9.22198938187034,7.37009235786091,3.76824457200406e-10,3.67696524960454e-08,10.8105886171613
"ENSG00000170802",3.49517589808454,3.96347244308999,7.35863333451099,3.94908720453326e-10,3.84409694422872e-08,12.9174267781351
"ENSG00000198216",4.2422529069102,3.20801216505827,7.35413961580027,4.02234734208177e-10,3.90595188034714e-08,12.8937911081419
"ENSG00000162736",2.09974762095416,7.09633534274479,7.34287582600385,4.21199435718035e-10,4.08025535294854e-08,12.3587404005788
"ENSG00000163754",4.4067516860792,6.13529495760082,7.33361761460975,4.37453610325829e-10,4.22752645248052e-08,12.1686924584074
"ENSG00000132356",2.83517875226982,4.48214660494895,7.32941556269252,4.45036022009715e-10,4.290488766627e-08,12.803969300145
"ENSG00000163171",2.34818682454376,7.14950518503047,7.32325585679454,4.56388585763374e-10,4.38941002987062e-08,12.298273647111
"ENSG00000158089",4.71470861225035,2.97242540509367,7.30510953892103,4.91540252832776e-10,4.7162055475855e-08,12.7079550407601
"ENSG00000118496",4.24235341460587,2.39119006742909,7.2976039162006,5.06857716578318e-10,4.85159379092417e-08,12.5186601430827
"ENSG00000138594",2.12105253282581,5.70051751279276,7.29568294931152,5.10853979757915e-10,4.87823080622986e-08,12.6068961885774
"ENSG00000259092",-5.46955833886171,-1.1524566686734,-7.29003284168416,5.22791257365445e-10,4.98039197360323e-08,12.2092500768903
"ENSG00000095015",2.92427676081422,5.88687356859905,7.284557800247,5.34624086472422e-10,5.08107742892773e-08,12.438559835942
"ENSG00000162923",2.0674208637236,6.94727981122399,7.28348458916016,5.36974676599699e-10,5.09138111996724e-08,12.2847918541706
"ENSG00000163235",3.48956219656568,4.0100777931135,7.2788244388125,5.47301700352129e-10,5.17708775471913e-08,12.6023256322704
"ENSG00000251158",8.88762468348099,-2.7418142492789,7.26292615411463,5.84046773433547e-10,5.51170149896137e-08,11.8842693071668
"ENSG00000145332",3.02276499645321,3.79979800490372,7.25722623223376,5.97811698668667e-10,5.62839014282851e-08,12.5018134579399
"ENSG00000112297",1.69775797901694,6.39422734463972,7.24830579625154,6.20006316884343e-10,5.82371354004308e-08,12.3347529533653
"ENSG00000150681",3.41631560097234,4.44350211526619,7.24227078585438,6.35486083788972e-10,5.9552008252877e-08,12.4481367526529
"ENSG00000254087",2.10051085028714,9.00205815168036,7.23610987717974,6.5168648155238e-10,6.09281393752762e-08,10.9929770813757
"ENSG00000254126",-6.38011670344715,-0.607059691679739,-7.2350652026679,6.54474064088979e-10,6.10467896160212e-08,12.063674750367
"ENSG00000272396",9.85145046002408,-4.35497347560999,7.23195229586648,6.6285118317984e-10,6.1685053856935e-08,11.4449927114659
"ENSG00000162924",2.61985359864375,3.85812682432094,7.23019123706781,6.67637633251627e-10,6.19869933764016e-08,12.3652358527703
"ENSG00000164506",2.8209178997691,4.59173793900341,7.21156709438235,7.20416056070247e-10,6.67331020417882e-08,12.3314559779975
"ENSG00000119314",2.25436762309414,6.27289235157159,7.20593228777213,7.37189657858572e-10,6.81298818970812e-08,12.1290955208874
"ENSG00000051382",2.23330386811235,4.63264196753211,7.20269269540381,7.47008976216392e-10,6.88520446800318e-08,12.3045435323672
"ENSG00000055609",3.03845353347551,5.65092732008376,7.20222771192213,7.48429021570417e-10,6.88520446800318e-08,12.1379433308113
"ENSG00000147475",2.24185420837672,4.16857931419595,7.19072263460204,7.84435521642988e-10,7.19997188152771e-08,12.2389892174697
"ENSG00000144711",1.83153753295993,8.17684357685873,7.17923853058885,8.22098852836191e-10,7.52847792294318e-08,11.3505347526785
"ENSG00000047056",2.11468145921337,5.42839776742441,7.17519976777818,8.35768612374802e-10,7.63626585333905e-08,12.1553319113472
"ENSG00000147894",3.42230891162658,4.32901656405573,7.17062799103693,8.51516114515431e-10,7.76250585844657e-08,12.1704265367354
"ENSG00000280276",9.2857840686812,-4.72376528393116,7.16914065615189,8.56702759381851e-10,7.79211862730072e-08,10.8465669961093
"ENSG00000066084",2.43366634077856,5.45612558192323,7.16074141058239,8.86589480606117e-10,8.04574950323411e-08,12.0822899792625
"ENSG00000176597",5.38826798910497,1.61618182462762,7.15159745758542,9.20309084599956e-10,8.33294275204672e-08,12.0188927472697
"ENSG00000233559",9.0820021970128,-4.30850368703661,7.13996052768403,9.650770955597e-10,8.71865829116653e-08,10.7188065631677
"ENSG00000115339",3.23221915869244,3.6184514774345,7.13238627497494,9.95375599410451e-10,8.97221745459617e-08,12.0087364569424
"ENSG00000165168",2.06994308907279,8.45935307235211,7.11661538822501,1.06153916502716e-09,9.54720302291314e-08,10.9265433222719
"ENSG00000110315",2.46858297659105,5.08561523578268,7.1072806021401,1.10274834409981e-09,9.89568949319207e-08,11.9063232621758
"ENSG00000116406",3.61584617632636,3.9013088037872,7.10607987597647,1.10816351566499e-09,9.91118277658706e-08,11.9250389932199
"ENSG00000198814",2.99817448445138,5.67385865975198,7.10580529658472,1.1094055642665e-09,9.91118277658706e-08,11.754130393797
"ENSG00000039319",3.20630701196045,3.97636880538041,7.0998546977452,1.13666638883707e-09,1.01322089055494e-07,11.894075071836
"ENSG00000105851",2.33987966514446,5.43212915494309,7.09700674514636,1.14994864845163e-09,1.02279282223568e-07,11.8207970007084
"ENSG00000123066",2.56197963121742,5.90891014215552,7.0947813466362,1.16043502609594e-09,1.02984125649247e-07,11.6782925100195
"ENSG00000111897",2.16562481881027,6.70409701757172,7.08780387446238,1.19393572256845e-09,1.05723797177746e-07,11.5400851265747
"ENSG00000082701",1.8174311555752,5.6072617227739,7.08212920622992,1.22189078420374e-09,1.07961435838591e-07,11.7960391244006
"ENSG00000104133",1.89497539571599,6.39778776489659,7.08110152220771,1.22702278300528e-09,1.08177127022759e-07,11.6249402600548
"ENSG00000237181",3.11953555402578,2.03936905152845,7.06947085679197,1.28662248621862e-09,1.1318336365637e-07,11.5740167692359
"ENSG00000163349",2.56362640140423,6.01841219832441,7.06741627345439,1.29744683681944e-09,1.13847859521197e-07,11.5623862556172
"ENSG00000131389",2.08832367301722,8.61007289972463,7.0667789182971,1.30082308197957e-09,1.13847859521197e-07,10.6093794765231
"ENSG00000060237",2.2484023402639,7.38465491458637,7.06643060506271,1.30267189144199e-09,1.13847859521197e-07,11.1319308311705
"ENSG00000005020",2.59524019717262,6.22555944260422,7.06512679040106,1.30961567852329e-09,1.13980949227725e-07,11.5117630537897
"ENSG00000173757",1.88049920083635,8.59723125179613,7.06508007718823,1.30986514459999e-09,1.13980949227725e-07,10.6810221213807
"ENSG00000003402",2.05484669511485,9.29614649122755,7.05941360164048,1.34048023693243e-09,1.16393059363191e-07,10.1849230949666
"ENSG00000143952",2.56841933621095,3.32420668727809,7.05251879060471,1.3786951146414e-09,1.19453234911236e-07,11.5933865192802
"ENSG00000006459",2.43278365741167,5.42223466717844,7.04930045879131,1.39690267880304e-09,1.20434525662117e-07,11.6460628897032
"ENSG00000163960",1.7186370240607,5.12183417722532,7.04918143388773,1.39758063225411e-09,1.20434525662117e-07,11.7012927351301
"ENSG00000143622",2.22375109173659,5.29293575440495,7.04854587660538,1.40120625407117e-09,1.20434525662117e-07,11.6687946341486
"ENSG00000105778",2.07457754845869,5.10005131826936,7.04840628443694,1.40200383090072e-09,1.20434525662117e-07,11.6911194815381
"ENSG00000211599",-6.18870444826812,-0.297413157274016,-7.04469590384473,1.42337017134125e-09,1.22009227352369e-07,11.3475016504757
"ENSG00000253230",8.65961351527303,-5.6887483587996,7.03753506063067,1.46552778280296e-09,1.25355633881371e-07,9.52924985801473
"ENSG00000120733",1.81056656414728,6.94665793335696,7.02026025011812,1.57242056232405e-09,1.34213272710301e-07,11.2371292693892
"ENSG00000132334",1.89285780852801,7.39467301657191,7.01960367442826,1.57663308102397e-09,1.34287718481622e-07,11.0825951495684
"ENSG00000155744",3.48363933067747,5.13967145828375,7.00912401900733,1.64541180700805e-09,1.39849567579995e-07,11.4524092511369
"ENSG00000177406",2.19764512307198,4.11798398035873,7.00513812424503,1.67234923733176e-09,1.41839206833779e-07,11.5170173692667
"ENSG00000004799",3.59703846235136,3.1719256850546,6.99015220281591,1.77761717707409e-09,1.50450033163648e-07,11.4604243279397
"ENSG00000104517",2.19774589203796,5.75249130655412,6.98059454483961,1.84817592551533e-09,1.55831802666376e-07,11.3278770078621
"ENSG00000163110",1.93390676891521,4.17859916208601,6.98048906995235,1.84896995096314e-09,1.55831802666376e-07,11.3878422530477
"ENSG00000136634",7.77627052231423,-2.23692429783986,6.97991147748056,1.85332415432071e-09,1.55831802666376e-07,10.7871915979524
"ENSG00000178695",2.61235112903396,5.76590214012144,6.97946334501176,1.85670945418622e-09,1.55831802666376e-07,11.2356605744666
"ENSG00000177465",-5.80613381917413,-1.35255384032897,-6.97456225792643,1.89413794530605e-09,1.58641945160821e-07,11.0684363917928
"ENSG00000155307",4.28460617841131,4.60255566752139,6.97174892984473,1.91596125679473e-09,1.60136121508653e-07,11.2805659430969
"ENSG00000196352",3.52237735967037,7.70505119630199,6.97117270584923,1.92046190257346e-09,1.60179272629167e-07,10.2362466340512
"ENSG00000164056",7.04556672118085,-1.89032664949487,6.96107305567005,2.00107811580828e-09,1.66302206582628e-07,10.5956550532879
"ENSG00000119686",3.0315055303257,3.31645501946581,6.96094202492611,2.00214586304144e-09,1.66302206582628e-07,11.333036614718
"ENSG00000229644",3.70907289074672,3.28385747395196,6.95327977313175,2.06558121212075e-09,1.71098875321292e-07,11.3156374307691
"ENSG00000123700",3.46907564711457,5.14915662191561,6.9529440596985,2.06840588543226e-09,1.71098875321292e-07,11.1870346664747
"ENSG00000236525",6.4388850621569,-0.472733994674756,6.94946680390582,2.09789058236161e-09,1.73181513741482e-07,10.7839874141465
"ENSG00000066777",2.17975204720741,5.65850635707856,6.93889919473184,2.19009044713868e-09,1.80422164253831e-07,11.190246357928
"ENSG00000138772",4.72412547324405,5.37295651517828,6.93015455092603,2.2694288139505e-09,1.86575822450794e-07,10.8663463235299
"ENSG00000132825",2.79314399327594,4.77771006797422,6.91670256127502,2.39709939791391e-09,1.9644452080866e-07,11.1483499627175
"ENSG00000151151",3.97290441261767,2.6627987996293,6.91648311721696,2.39924032926353e-09,1.9644452080866e-07,11.118431968985
"ENSG00000102908",3.08130027811893,4.46127539596166,6.90219037467461,2.54286218197627e-09,2.07359321378925e-07,11.1182924359735
"ENSG00000229769",-5.63846285569918,-1.01525624346238,-6.8948186037269,2.62025238177916e-09,2.13237623992481e-07,10.768047961721
"ENSG00000138032",2.47145742547966,4.61686531408822,6.88281304116009,2.75133982759152e-09,2.23453260098655e-07,11.0488525386179
"ENSG00000107968",2.43670300672187,4.38499078331894,6.87701151207112,2.81700611205716e-09,2.283251607196e-07,11.0264250701645
"ENSG00000163958",7.05973779213822,2.04038478586268,6.86143324439785,3.00115586697303e-09,2.42761505360261e-07,10.9620955046377
"ENSG00000077238",2.80758944600645,8.45687161959015,6.86008381990612,3.01766042169355e-09,2.43606394122338e-07,9.62478000716738
"ENSG00000125304",2.00151855603804,6.95846398818156,6.85932576304382,3.02697167748895e-09,2.43868367491806e-07,10.5596822636201
"ENSG00000111913",1.98680370232183,9.49107014356145,6.85401488783354,3.09301251438240e-09,2.48690578206402e-07,9.19124715500329
"ENSG00000132549",2.3597135997839,4.9519463821999,6.85224486334886,3.1153399478509e-09,2.49985821523956e-07,10.9109439628456
"ENSG00000255197",2.10555336255083,5.66871550884816,6.83983837096836,3.2764064231976e-09,2.62386635508745e-07,10.7690555442618
"ENSG00000066294",2.00430961761123,5.38734793702375,6.8389107794489,3.28877666564995e-09,2.6285367696314e-07,10.8176169714834
"ENSG00000197442",2.00673707629082,5.92638193069374,6.802777665223,3.80859067182336e-09,3.03795559898101e-07,10.6011762272703
"ENSG00000060982",5.08739215434969,1.39154483407364,6.79170209089921,3.98373135806197e-09,3.17136570409519e-07,10.525632970335
"ENSG00000081320",2.13604174350561,7.17090247948074,6.78551199923167,4.08508461372038e-09,3.24562394547009e-07,10.2116760292624
"ENSG00000147251",2.15549617702508,6.43898497887682,6.77877092942037,4.19837992706345e-09,3.3290585764853e-07,10.3957221702322
"ENSG00000082996",2.36316989982023,5.89243147454199,6.77135727872328,4.326592121859e-09,3.4239696158066e-07,10.4628330624936
"ENSG00000143702",3.20014586569988,3.56895309672391,6.76819228813327,4.38250742465407e-09,3.46140596239574e-07,10.5966246494426
"ENSG00000113391",3.17873137110298,2.97426409251861,6.764467293665,4.44923798009666e-09,3.50722088776169e-07,10.5266465647471
"ENSG00000121316",2.8217641926059,8.41623074123345,6.76366098364312,4.46381501225275e-09,3.51182565797623e-07,9.15549258645053
"ENSG00000280832",3.61010724385225,3.49242919119009,6.76296188511234,4.47649225712462e-09,3.5149207367368e-07,10.5827082420874
"ENSG00000206077",-6.56564129909327,-0.321303270012178,-6.76195257746849,4.49485796133654e-09,3.52246159379438e-07,10.3225518758511
"ENSG00000130649",-5.75418967175459,-1.51435284309205,-6.75809866372392,4.56567738420162e-09,3.57099926458509e-07,10.2720364220356
"ENSG00000079950",2.20867027983733,5.68166022816032,6.75567205221308,4.61083719566087e-09,3.59931799883414e-07,10.4842778499641
"ENSG00000128016",2.04955563208022,8.81867813577561,6.75386280902096,4.64479659446157e-09,3.61880063353768e-07,9.18146432684052
"ENSG00000134294",2.9536950955019,5.30221283455394,6.74355397758338,4.84309569630776e-09,3.76599870760086e-07,10.4120252532561
"ENSG00000122299",2.10233677291499,4.97577630086875,6.73639420840949,4.98575418047257e-09,3.86944574446637e-07,10.4698980407299
"ENSG00000113749",2.63330253469357,6.05040309360344,6.73542639243389,5.00535596538751e-09,3.87717380579015e-07,10.1391223182291
"ENSG00000113648",1.55863673127251,8.25597213781733,6.73452157960662,5.02375104525315e-09,3.88393922156283e-07,9.61491096920365
"ENSG00000120306",4.19106079791746,5.89563362046431,6.72405086265747,5.2415789260042e-09,4.04456729334397e-07,9.90487792842301
"ENSG00000128923",3.28416416216802,2.86276365246018,6.72196523532457,5.28607663366204e-09,4.07108913460692e-07,10.2972547546344
"ENSG00000166912",2.37535698271654,5.3948555481158,6.71998782284054,5.328612509196e-09,4.09600153144738e-07,10.3394333736013
"ENSG00000160796",1.86617491437329,9.78681498129214,6.71949335564137,5.33930203956756e-09,4.09638588921173e-07,8.44497114027122
"ENSG00000168300",3.02176397641777,3.99639290920732,6.71835122661832,5.3640745145133e-09,4.10755283109454e-07,10.4097756060792
"ENSG00000108510",2.69190416166458,4.55007402018859,6.71730098349522,5.38695489872622e-09,4.11723119465003e-07,10.4010650463583
"ENSG00000135503",2.83251177849722,4.92724283017385,6.71520413425339,5.43292724119749e-09,4.14448844308579e-07,10.3282222782246
"ENSG00000114302",1.93552961948174,5.4687418307927,6.71098539231798,5.52660676614328e-09,4.20328588581909e-07,10.3289569434891
"ENSG00000186908",3.25144326633072,3.53220450822107,6.71079311503597,5.53091446594273e-09,4.20328588581909e-07,10.3547853320634
"ENSG00000117153",1.7474466234168,4.92759412414976,6.700232198359,5.77271809300971e-09,4.37877005236182e-07,10.3391531805722
"ENSG00000134982",2.83600515737427,4.21743534945494,6.69842608101401,5.81511141624019e-09,4.40261975811089e-07,10.331725695721
"ENSG00000100368",2.28263560206923,8.91688333367807,6.69497762509778,5.89691573066998e-09,4.45616177075929e-07,8.77342099773169
"ENSG00000213341",2.48206306010836,3.54050763856495,6.69332508697293,5.93652192969382e-09,4.47767457068576e-07,10.2499240152948
"ENSG00000111647",2.43848054864405,4.20588017772838,6.68618137999252,6.11080067341935e-09,4.60049454443454e-07,10.2825966660343
"ENSG00000124831",1.60529370806252,7.99670786439592,6.68341658005026,6.17960864548193e-09,4.6436005002928e-07,9.57951240249905
"ENSG00000117505",1.76450042733777,5.62316707492698,6.67523206161422,6.38784731430377e-09,4.79112383823955e-07,10.195272632262
"ENSG00000198843",2.22932636455942,5.16711923602775,6.66964065490888,6.53410705052456e-09,4.89169779599978e-07,10.2012294753313
"ENSG00000145819",2.18064704387148,7.44259553526337,6.66654358344688,6.61654833355096e-09,4.94420959303747e-07,9.5543907322253
"ENSG00000140396",2.80954908115622,5.00974491406968,6.66192306157294,6.74146905647624e-09,5.02821037121443e-07,10.1255013249682
"ENSG00000113916",4.29082260214827,9.02036260434215,6.66039205143631,6.7833766738096e-09,5.05009831556469e-07,8.02433549422846
"ENSG00000275210",3.87215240856449,2.84811594474439,6.65805765494012,6.84777415679357e-09,5.08861768302061e-07,10.134100705318
"ENSG00000171049",2.83404612894861,7.36973917783963,6.65479991239436,6.93866075998704e-09,5.1371646385451e-07,9.30721803066425
"ENSG00000121964",2.43045686737792,4.1417191380037,6.65340259609424,6.97801063725988e-09,5.15680116983679e-07,10.1539807912374
"ENSG00000143322",2.26541223464102,3.78089634157976,6.65253985978566,7.00241690365661e-09,5.16534246533584e-07,10.1072220630358
"ENSG00000110077",2.07569726249388,6.73637690322315,6.64485253092049,7.22366863066722e-09,5.31878985879274e-07,9.78033647130662
"ENSG00000153339",2.39130163569203,4.84724064973661,6.63397208902589,7.54875302723337e-09,5.54798846802259e-07,10.0645116696912
"ENSG00000100330",1.96948865029771,7.7280616491012,6.63051295144142,7.65512098467196e-09,5.61589733258726e-07,9.31232173276084
"ENSG00000116016",3.74055802893489,1.82281802456641,6.62630036516074,7.78667161986401e-09,5.70199949839295e-07,9.94669500151493
"ENSG00000236976",-4.05519792876377,-1.93573618527824,-6.61404577258927,8.18227426005397e-09,5.98079617823072e-07,9.66394813262816
"ENSG00000211935",-8.7862050357277,1.75094702853015,-6.61294271639433,8.21884846273815e-09,5.99662696731396e-07,9.83454880553905
"ENSG00000117500",2.23811865305063,4.95405733007893,6.60716023857483,8.41325469041168e-09,6.12734900478134e-07,9.96615418805623
"ENSG00000143514",2.03940513274547,4.56335541644814,6.6054590875387,8.47131256583589e-09,6.15847572824113e-07,9.97324639845998
"ENSG00000137076",1.56994430990817,10.3448176724495,6.60480954275616,8.4935855258408e-09,6.16352211750635e-07,7.51402589980859
"ENSG00000182885",3.06368478233714,8.28870634650826,6.60352251888846,8.53788980279383e-09,6.18450893426878e-07,8.54124834157366
"ENSG00000156931",1.90655809485547,5.85214676619954,6.60292181348398,8.55864693764936e-09,6.1883943199169e-07,9.82517337733619
"ENSG00000135828",2.10039562028113,5.36375829435908,6.60169713841854,8.60112061032747e-09,6.20793987031212e-07,9.90503816785865
"ENSG00000259020",-3.40881083623448,-3.12213022525913,-6.60103706921605,8.62409968815432e-09,6.21337017317527e-07,9.59791350801276
"ENSG00000103723",6.70716593863314,0.139698932189719,6.59400408242261,8.87276148740963e-09,6.38108689296676e-07,9.83951254321243
"ENSG00000196227",2.70455549664733,3.7391369099499,6.58448938033031,9.22054661405447e-09,6.61003334416602e-07,9.87818350900019
"ENSG00000198898",2.62041430393791,5.03225019511652,6.58439695421801,9.22399061259922e-09,6.61003334416602e-07,9.86272296848887
"ENSG00000171862",2.29915882271361,7.4673823790263,6.58336290939034,9.26260865888659e-09,6.62589667801706e-07,9.2010442753407
"ENSG00000136021",2.64451343951487,4.25929078164375,6.57868078334849,9.43949107418772e-09,6.74043375070151e-07,9.8694594842874
"ENSG00000198585",2.03422651093405,5.95587548799599,6.57533978980105,9.56775650538787e-09,6.8199104083263e-07,9.67096747375827
"ENSG00000116489",2.13108274539095,7.3109828513674,6.56531420933988,9.96314322307778e-09,7.08917316556058e-07,9.29368944455911
"ENSG00000115425",2.86570435810036,3.07723824592954,6.55716886344988,1.02963005418496e-08,7.31328399970736e-07,9.70400052743022
"ENSG00000175471",2.50168750672149,4.19823284782062,6.54800227525561,1.06844839559372e-08,7.56510197242988e-07,9.74749196027522
"ENSG00000183578",9.53319780056801,-4.44564639327959,6.54790992090649,1.06884680372623e-08,7.56510197242988e-07,8.82290061700149
"ENSG00000131016",-6.39491681115893,-0.367843365260456,-6.54451924444637,1.08357652157954e-08,7.63985189660095e-07,9.5147528119225
"ENSG00000128253",-4.62597060725428,-2.24002962517243,-6.54416909971818,1.08510905749941e-08,7.63985189660095e-07,9.43249024938569
"ENSG00000138449",2.83152983981364,5.69634720591321,6.54340500856536,1.088460863268e-08,7.65005308131122e-07,9.51332560663636
"ENSG00000274536",3.12729054535407,7.38879967561639,6.53992937760471,1.10383756450653e-08,7.74458599795663e-07,8.82197078949605
"ENSG00000119669",2.19420407386744,6.41291123662159,6.53698418574465,1.11703634416262e-08,7.82353573310549e-07,9.35745829309443
"ENSG00000197063",2.54543649443316,5.11238903254679,6.53629840206174,1.12013210065869e-08,7.83157403664009e-07,9.63701299721406
"ENSG00000163513",1.8112723850562,7.67421780826077,6.53201899285777,1.13964365952467e-08,7.95415875003659e-07,8.98859950814304
"ENSG00000163512",2.48789993225197,3.87561698089017,6.53049702539849,1.14666402815922e-08,7.98928722011383e-07,9.6564979085611
"ENSG00000166446",3.89031569705485,2.12161630712547,6.52635274695773,1.16599887218375e-08,8.10994578884625e-07,9.5517738652023
"ENSG00000182957",2.48797797644378,5.67505929741325,6.52514993338464,1.17167092385583e-08,8.12238939866997e-07,9.50902206467618
"ENSG00000136381",2.26260800484788,4.40981863516531,6.52511655232077,1.1718287277321e-08,8.12238939866997e-07,9.66303103493672
"ENSG00000122862",2.37936331536424,9.08136077297296,6.5246527549832,1.17402344495437e-08,8.12359561687701e-07,8.10345677300096
"ENSG00000148700",2.50201294100515,6.57018494601034,6.51573529832539,1.21702452755274e-08,8.40667011283079e-07,9.21408353625885
"ENSG00000173517",2.72753917663465,3.51705272665058,6.51180653227414,1.23646268405242e-08,8.52629036436974e-07,9.5864654985521
"ENSG00000136026",3.28032753161447,7.37677996500894,6.50774180326407,1.2568982050403e-08,8.65236671901203e-07,8.57670923952787
"ENSG00000100030",1.84903486650979,7.29479427549946,6.50419439020996,1.27500689337078e-08,8.76202173116102e-07,9.07189059358781
"ENSG00000101972",2.26695179336902,6.27254510452498,6.50263522562758,1.28304782413172e-08,8.8022335538811e-07,9.33836210109993
"ENSG00000108946",2.41344832268088,6.55001260606424,6.49649987906619,1.31518118191342e-08,8.99678405880757e-07,9.16444504247703
"ENSG00000258831",6.90959341830062,-2.1103394047559,6.49636772491302,1.3158820522807e-08,8.99678405880757e-07,8.84046555907713
"ENSG00000174130",2.44864637613111,6.09702463327394,6.49565290678386,1.31967947664423e-08,9.00742857725828e-07,9.27049689073724
"ENSG00000153029",1.71711385443607,5.80138923270811,6.48914905024682,1.35473477633533e-08,9.23102499631068e-07,9.43249856636762
"ENSG00000159399",2.79927283781518,5.36591652513145,6.48287999826613,1.38939958561603e-08,9.45120848408386e-07,9.32821631782846
"ENSG00000119318",1.83074705847919,6.47269607015654,6.47886281890789,1.41207435563639e-08,9.56623491931658e-07,9.20864673234077
"ENSG00000171988",2.94821630175086,5.73431112318597,6.47870267705125,1.41298584714373e-08,9.56623491931658e-07,9.24477051672428
"ENSG00000164190",1.93148071121499,6.26947261098129,6.4786215243406,1.41344797325358e-08,9.56623491931658e-07,9.26527734650835
"ENSG00000204577",2.36127983296755,9.05669555169806,6.47732740068751,1.42083771048203e-08,9.60008699778129e-07,7.83245818166245
"ENSG00000169967",2.67958930306665,5.51864035722729,6.47535801459516,1.43215704660358e-08,9.66033180999278e-07,9.32231450434554
"ENSG00000163687",-5.76500334031922,-1.13052156602481,-6.47277663201195,1.44712967226413e-08,9.74497606103222e-07,9.22772516657848
"ENSG00000079337",-5.58961008327887,-1.10939959314112,-6.46960217026238,1.46575561103514e-08,9.85389750415296e-07,9.20612817605744
"ENSG00000133812",2.44741639446615,4.53086459174567,6.46048855321481,1.52056258459273e-08,1.02052849792649e-06,9.40371502210293
"ENSG00000152804",2.08823399907565,5.29120179887412,6.45646897906958,1.545377550321e-08,1.03545447130008e-06,9.34249940639695
"ENSG00000000938",1.9663720474736,9.96389657404273,6.44953665653387,1.58912297898955e-08,1.06299371050479e-06,7.1259790644609
"ENSG00000118985",2.75867420425219,3.54212236661676,6.44447908361088,1.62181186722133e-08,1.08154223954982e-06,9.34445103624684
"ENSG00000021355",3.08832336813255,7.89607104348686,6.44441464266588,1.62223265123263e-08,1.08154223954982e-06,8.17371462658565
"ENSG00000230847",8.85168822642891,-4.41397149795908,6.44331466744981,1.62943197003388e-08,1.08454344469043e-06,8.35719237100383
"ENSG00000183019",5.66804427619151,5.04805199234837,6.43939516440436,1.65534395903166e-08,1.09996922051224e-06,8.79598551193443
"ENSG00000023909",2.74939583673327,3.21471490505324,6.43394580497815,1.69205113544243e-08,1.12250560638707e-06,9.23871915598629
"ENSG00000165568",-5.15111656188018,-1.42989484005918,-6.43091658443824,1.71280449244512e-08,1.13440142018581e-06,9.04883930786514
"ENSG00000223972",-5.09177283932712,-2.54425932620134,-6.42970692732952,1.72116236379455e-08,1.13806199587613e-06,9.04450511297759
"ENSG00000116266",2.13723424875512,4.91780047072429,6.42921153897688,1.72459682221197e-08,1.13846045068252e-06,9.2826843796731
"ENSG00000163162",2.27562080398916,8.59989407269283,6.42683428414052,1.74117291507272e-08,1.14751858248776e-06,7.99468990732003
"ENSG00000185278",2.46613592396255,5.00428898581303,6.4243478712848,1.75867941958618e-08,1.15715924756471e-06,9.23143985796198
"ENSG00000165219",1.77691695357543,5.51833134812679,6.41714556524077,1.8103823907087e-08,1.18923190966129e-06,9.19865406504677
"ENSG00000127948",2.67368056969339,7.00017879629117,6.4164790672655,1.8152425771587e-08,1.18965269376629e-06,8.52646234031057
"ENSG00000145860",1.78936319023895,5.88433787316879,6.41624652772246,1.81694133120865e-08,1.18965269376629e-06,9.14216903236105
"ENSG00000108061",2.34725474277656,5.18160941183428,6.41147948064948,1.85211562363989e-08,1.21071141953774e-06,9.18334458723578
"ENSG00000006652",2.61711117347399,5.18999544351263,6.41008133272882,1.86255967932088e-08,1.21556208162432e-06,9.13653581551669
"ENSG00000173611",4.43666314717566,1.93991003398674,6.40734583358801,1.8831630526852e-08,1.22701654852594e-06,9.15902733312198
"ENSG00000186591",2.61841217788613,6.76801716615769,6.40587863644194,1.89430682966039e-08,1.23228031012956e-06,8.64747688776754
"ENSG00000119638",1.67322522798035,6.17720748401771,6.4037330899819,1.91072083504617e-08,1.24094990323952e-06,9.0154483077977
"ENSG00000150457",2.52838396642198,3.65864514351613,6.40002745673127,1.93940312685719e-08,1.25754652428891e-06,9.17367188587727
"ENSG00000123983",2.42782232954134,4.473029299768,6.3968379992583,1.96443213377633e-08,1.27172464802054e-06,9.16469588472278
"ENSG00000189221",7.54840417283974,-2.26199327386888,6.3907382247747,2.01319606305713e-08,1.30119787985567e-06,8.68653737695023
"ENSG00000171236",3.12509180376944,7.73584109356504,6.38821713318871,2.03369987860129e-08,1.31234032936644e-06,7.92497081672078
"ENSG00000118855",1.90624434995686,5.70562220771166,6.38398591212287,2.0685789672466e-08,1.33270851989179e-06,9.01715030873175
"ENSG00000144802",2.81718107653475,5.13022772829688,6.38290654183946,2.07757115921945e-08,1.33636025188704e-06,9.02950865684144
"ENSG00000170248",1.55871857528841,6.47171712660636,6.37646695697341,2.13203111341872e-08,1.36919991727891e-06,8.85517980592348
"ENSG00000136044",2.24502067627254,4.68022012557994,6.37207004277846,2.17002781528445e-08,1.3913789191398e-06,9.06290650850937
"ENSG00000139178",2.14886790166813,6.92642664282187,6.37106436028409,2.17881261253562e-08,1.39478701670632e-06,8.56767815930136
"ENSG00000100647",2.00854962021365,7.02717163116791,6.36494686909868,2.23301543571515e-08,1.42721282268077e-06,8.52402819965307
"ENSG00000155926",2.50610861490558,8.60807518838056,6.35654016905483,2.30969087767595e-08,1.47387607403696e-06,7.49759034351509
"ENSG00000187210",2.37546742069836,3.18213613860506,6.34651486338066,2.40455182701593e-08,1.53197769492384e-06,8.87569425898966
"ENSG00000163946",2.14021092093207,5.20451988009479,6.33262692457704,2.54238054160939e-08,1.61722757173703e-06,8.8697835294707
"ENSG00000112419",2.5106091542036,3.72741185410164,6.3233243782183,2.63905801005078e-08,1.67607282970082e-06,8.87765536530524
"ENSG00000198399",1.97865293005358,6.30451647463822,6.32068147821067,2.6671839359249e-08,1.69126385791882e-06,8.65914587243712
"ENSG00000133116",7.50078010771281,-2.56854169147642,6.31755596842603,2.70082989730551e-08,1.70990178789726e-06,7.88313357295475
"ENSG00000139505",2.47872567459805,4.20395386128772,6.31549801384928,2.72321326848719e-08,1.72136194685098e-06,8.85839437198255
"ENSG00000113318",2.1204000628627,3.09647229770827,6.3101592823035,2.78214180212163e-08,1.75585030971575e-06,8.69374645310666
"ENSG00000233387",-5.4508394531815,-1.23303921420419,-6.30894817700787,2.7956849706184e-08,1.76163208759876e-06,8.6196347338348
"ENSG00000178078",-5.44166639921415,-0.942277439040508,-6.30706101678535,2.81691859521397e-08,1.77223413716419e-06,8.61139774232307
"ENSG00000168438",2.07246498067898,4.40467754893625,6.30627610327198,2.82579719404212e-08,1.77504216867002e-06,8.82287850621376
"ENSG00000211664",-5.27253500927213,-1.31608271451552,-6.3025413867843,2.86842448874454e-08,1.79771903811873e-06,8.58489074618835
"ENSG00000163221",4.43732426250937,6.99034848615056,6.30233129409241,2.8708413075773e-08,1.79771903811873e-06,7.75632060774676
"ENSG00000135365",2.00723632581047,7.53616079842893,6.29828796579593,2.91774963857037e-08,1.82425149253198e-06,8.10508406056458
"ENSG00000104763",1.98856953523821,7.48138646153067,6.29212677551757,2.99069421190786e-08,1.86695479358882e-06,8.09889218600678
"ENSG00000175073",2.43156140758541,4.75663003274207,6.29036254631855,3.01191275891191e-08,1.87728553075622e-06,8.7448299998614
"ENSG00000089916",1.75745014855729,4.86622097121914,6.26681044562997,3.30989831400769e-08,2.05982247708571e-06,8.67039893494315
"ENSG00000282499",-5.81801750200547,-0.98629972797297,-6.26642125696041,3.31506035092469e-08,2.05984630954984e-06,8.48031323473197
"ENSG00000198265",1.9833896321764,5.37054397814959,6.2657995586973,3.32332286921198e-08,2.06179361092685e-06,8.5956984698883
"ENSG00000006756",1.83908105145002,4.76094210265943,6.25739255645159,3.43708020960675e-08,2.12908318315271e-06,8.61832302969643
"ENSG00000069974",2.20842044038972,6.6483601483538,6.25695185940837,3.44314878413836e-08,2.1295610372297e-06,8.24301539052684
"ENSG00000170439",8.10434529554004,-0.750772840928566,6.25430887267975,3.47976738843762e-08,2.14890335714238e-06,8.52248111463192
"ENSG00000268734",3.49626113776782,4.52226125025814,6.25130655406201,3.52183330433104e-08,2.17154513037909e-06,8.50545391686633
"ENSG00000257017",6.18013561977464,3.53678061588024,6.24959002332064,3.54611005837399e-08,2.18316564420752e-06,8.36696773747907
"ENSG00000139687",2.76368931685103,4.0975840970538,6.24778065498003,3.57187948956806e-08,2.19566818409197e-06,8.59952320409402
"ENSG00000069869",6.01417297094424,0.658997696356052,6.2471859828187,3.58038942719936e-08,2.19753917179036e-06,8.42606928081337
"ENSG00000075651",2.79178457023218,2.57104536278632,6.24434072969867,3.62138492233348e-08,2.21740130729667e-06,8.46377841606409
"ENSG00000188895",1.83489319931701,7.97002946022763,6.24417538375507,3.62378155040523e-08,2.21740130729667e-06,7.77040001145042
"ENSG00000070540",2.37654379661531,4.85577466320884,6.23689795385975,3.73083794084719e-08,2.27598098479422e-06,8.50038573088717
"ENSG00000108256",2.37030850358803,5.92132592777813,6.23595643938844,3.7449154895923e-08,2.28110746231196e-06,8.34307777178762
"ENSG00000215156",6.62203960880156,-0.317614373875208,6.23065203384961,3.82521708163733e-08,2.32649587164877e-06,8.39692595307345
"ENSG00000198060",2.08847136151072,4.01777086008065,6.2291682433722,3.84798371024985e-08,2.33497297597674e-06,8.52181678722031
"ENSG00000126858",2.23743659714709,4.50841952233928,6.22898716290199,3.85077131255305e-08,2.33497297597674e-06,8.5269747007892
"ENSG00000131171",1.87121667019163,6.6517986199036,6.22595879477768,3.89768872501661e-08,2.35986268257708e-06,8.14567354520637
"ENSG00000185728",2.44297557035606,4.92399557114467,6.2246519221286,3.91811030226237e-08,2.36865970483536e-06,8.47219923212179
"ENSG00000110436",8.53648171988896,-5.79053213334906,6.21625807050482,4.0518277147224e-08,2.44581948629534e-06,6.80241930383644
"ENSG00000198431",1.95121778679422,5.69755287161102,6.21555813497623,4.06318023592422e-08,2.44899508012932e-06,8.35206710528959
"ENSG00000153214",2.4862106160714,3.51980462337682,6.21489545348632,4.07395758197884e-08,2.45181501063942e-06,8.45000791349298
"ENSG00000119682",1.77462230851095,6.08963613796003,6.211896609142,4.12308392107072e-08,2.47767144685927e-06,8.27128938481025
"ENSG00000170525",4.68040705536575,6.64189339544148,6.21062001655959,4.14417456468361e-08,2.48662844551359e-06,7.38337022226094
"ENSG00000035862",1.96336828223097,7.68831831385402,6.21010245247362,4.15275570654816e-08,2.48806385863858e-06,7.61141646364342
"ENSG00000115590",6.08614666598825,6.76319216021368,6.19658223412145,4.38326743784443e-08,2.62226365381283e-06,7.12685911722259
"ENSG00000168297",2.31110715940201,5.57135500330421,6.18826055989437,4.53140741868758e-08,2.70685945090755e-06,8.23415071735453
"ENSG00000143337",1.89828094507422,6.21392342795422,6.18465012257296,4.59721314237025e-08,2.74209440281259e-06,8.12604865245594
"ENSG00000184227",-5.16442190068448,-1.91027043765139,-6.17976790296237,4.6877079765635e-08,2.79192942331564e-06,8.14134881343427
"ENSG00000115091",1.59721852809503,8.11395674198251,6.17785654814462,4.7236150814084e-08,2.80915345418314e-06,7.53518253896475
"ENSG00000172493",2.58277528065173,5.6382263502045,6.17437929819735,4.78963995923095e-08,2.84421130932057e-06,8.1306543882439
"ENSG00000181381",3.01294816544802,6.40403523586355,6.17319062212495,4.81241929626003e-08,2.85352331192103e-06,7.8518605085836
"ENSG00000105366",-7.58642695013258,0.0809976660171841,-6.1687672157951,4.89813506508754e-08,2.90007107344108e-06,8.17412326206099
"ENSG00000197321",2.17445223978073,6.66412700048107,6.16459478498352,4.98037369148706e-08,2.94427177206484e-06,7.8248186029255
"ENSG00000205423",2.49589114014302,3.82869639008162,6.1639043755186,4.99411300552932e-08,2.94427177206484e-06,8.27252059281605
"ENSG00000023287",2.89744398610268,4.45601603930169,6.16387191837447,4.99475983420781e-08,2.94427177206484e-06,8.26072345293086
"ENSG00000232389",-3.22298940982326,-3.0838564410767,-6.15841595315327,5.10467861746666e-08,3.00466017246551e-06,8.00519587880009
"ENSG00000135919",-5.67066348050118,-0.270410010558824,-6.15581648506677,5.15788879833395e-08,3.03154160044768e-06,8.0703619582919
"ENSG00000084676",1.81779371587583,6.72187624441041,6.15391230515589,5.19721514854408e-08,3.05019625404042e-06,7.86210376880898
"ENSG00000138764",2.81193814072743,4.52559253112498,6.15104326710381,5.25703021161942e-08,3.08080362343329e-06,8.19049286365187
"ENSG00000118520",5.70881132557687,2.81080317114543,6.14443822274109,5.39734102460775e-08,3.1584265483447e-06,8.1645686281343
"ENSG00000151694",2.23533330491955,5.00521837701025,6.14170253415815,5.45653631109389e-08,3.18842547643309e-06,8.1564001488863
"ENSG00000148396",1.73973071803303,6.88663089394367,6.13664706569869,5.56762534124526e-08,3.24861645818203e-06,7.72731750763402
"ENSG00000120709",1.86590476633694,7.20718307855918,6.13124381394989,5.68883494507642e-08,3.314529600898e-06,7.56640540368367
"ENSG00000104687",2.00895914655558,6.27184671634486,6.13068783309583,5.70145450649068e-08,3.317074878002e-06,7.84744859502572
"ENSG00000100644",2.41749634974097,6.45943995495887,6.12559311025537,5.81839302606985e-08,3.38021728950954e-06,7.73137932476491
"ENSG00000163393",2.82172438929994,3.34396555739944,6.12447953438567,5.84426757772618e-08,3.39034985800502e-06,8.0977526429289
"ENSG00000112531",2.16342275474566,5.64202538088219,6.11472251560434,6.07590827547476e-08,3.51964934424548e-06,7.93416555211355
"ENSG00000197006",2.78653685701535,7.09141974727425,6.10547681844467,6.30379488831857e-08,3.64640521007458e-06,7.34717575799063
"ENSG00000171155",2.50715081477773,3.06075882651888,6.10177236561655,6.3974597654234e-08,3.69526835473493e-06,7.94196556070069
"ENSG00000136560",2.14519197773143,5.14645667597785,6.09880773386825,6.47341081712197e-08,3.7337741989948e-06,7.98510506102824
"ENSG00000147526",1.59565866974182,6.52777184314343,6.09359262885545,6.60919073833954e-08,3.80662874015367e-06,7.74115739222934
"ENSG00000145495",1.88780096465806,5.96879249221555,6.0916406709461,6.6607340788589e-08,3.83082734532598e-06,7.86095856291105
"ENSG00000115718",-5.50939588549771,-1.01517025594102,-6.09096295440189,6.67872280591249e-08,3.83568591776134e-06,7.8317399513833
"ENSG00000136603",3.96352636724056,2.22219005379931,6.08986597713593,6.70794207515452e-08,3.84697128823627e-06,7.88145442007703
"ENSG00000062282",2.43835435002875,7.87896787778284,6.08594114496189,6.8135253662334e-08,3.90195650674238e-06,6.88372036421202
"ENSG00000110002",2.75999242219707,3.18041284730383,6.08540698643291,6.82802163886955e-08,3.9046959591157e-06,7.98123483326999
"ENSG00000163681",2.69086689435152,4.51075889475405,6.08378153802089,6.87232209649293e-08,3.92444734265922e-06,7.94808905103039
"ENSG00000137962",7.33836280824435,-3.18710589263786,6.07903905622753,7.00320874225161e-08,3.99351770008509e-06,6.85347851047707
"ENSG00000151893",1.96400695003601,5.45913332521404,6.07407214860474,7.14293669629939e-08,4.06742692726102e-06,7.86095033575759
"ENSG00000213064",2.06120929936309,5.37183651501995,6.07345186028114,7.16057933014652e-08,4.07170594385503e-06,7.83187858751438
"ENSG00000173578",6.43829747003761,-1.12399091007864,6.07119484749156,7.22513972440924e-08,4.10261394351271e-06,7.55627224608602
"ENSG00000196189",2.3120721819396,7.86996682610299,6.06993728643319,7.26136120082228e-08,4.11736590966794e-06,6.85707432181429
"ENSG00000145780",2.8942765766741,3.76940186580993,6.06701289439331,7.34628921192321e-08,4.15049908712684e-06,7.91440311976267
"ENSG00000144224",2.20671946589425,5.76617986331384,6.06685963787439,7.35076700172706e-08,4.15049908712684e-06,7.74724955762666
"ENSG00000080371",1.7551428807131,5.21711306387585,6.06538706643608,7.3939300306164e-08,4.16901507841291e-06,7.88175305643937
"ENSG00000269981",2.63665104880818,5.92282625619844,6.06412279216139,7.43118779264141e-08,4.18415422464664e-06,7.58211909725895
"ENSG00000187231",2.60752019803384,3.37382198057205,6.06352599164773,7.44883985671768e-08,4.18822741146523e-06,7.87380995032115
"ENSG00000175354",1.9011938362736,5.01784587208708,6.05758270827763,7.62691100443888e-08,4.27744988043627e-06,7.85866249371795
"ENSG00000118495",2.70332822582115,3.93936940844881,6.05752028691157,7.62880345324314e-08,4.27744988043627e-06,7.87814009839555
"ENSG00000172247",-5.66368976325506,-1.00623667468535,-6.05603942349717,7.67383589857568e-08,4.29670683557855e-06,7.71262333998132
"ENSG00000120063",2.41684539531281,5.60835826640687,6.0554500987316,7.69183016012748e-08,4.30061564569034e-06,7.69364861293034
"ENSG00000283050",2.93975221945285,2.79651408873349,6.05511070720887,7.70221199168461e-08,4.30061564569034e-06,7.83375249631519
"ENSG00000100504",2.66664352176066,8.6077206973876,6.0528920838061,7.7704213549841e-08,4.33268348561818e-06,6.29178069056935
"ENSG00000186448",2.57238157736091,2.36994947563021,6.05008069595094,7.85771452782171e-08,4.37528863500677e-06,7.67900322495562
"ENSG00000138069",1.81297650719849,5.90926926672221,6.04607457329003,7.98378429795926e-08,4.43933743217923e-06,7.67998869914444
"ENSG00000162704",1.81174321798339,8.16336913809704,6.04276381991546,8.08948131345926e-08,4.49189679231615e-06,6.87929165818552
"ENSG00000182118",4.74459232914397,0.887611537454943,6.0413510661819,8.13500468923548e-08,4.510944255402e-06,7.62214929697094
"ENSG00000130382",1.95937811766833,7.34645236226359,6.04059083028413,8.15960677258648e-08,4.5183541525003e-06,7.09474779107461
"ENSG00000143119",1.70318172440077,9.0702269033735,6.03789582952854,8.2474149798389e-08,4.56069569490349e-06,6.35478777639578
"ENSG00000093167",1.92473660629419,5.38179703762598,6.03724322975046,8.26881824127091e-08,4.56625042493919e-06,7.72938738844214
"ENSG00000105483",1.88315055240621,7.0573939332801,6.02459291384785,8.69474644697839e-08,4.79487238218691e-06,7.26491511588803
"ENSG00000160712",1.64316825499603,8.66974937909334,6.02049446342982,8.83734332066148e-08,4.86683392023607e-06,6.5239930134617
"ENSG00000175084",-5.08017662804944,-1.099952571472,-6.01681950159137,8.96717325289651e-08,4.93157727924686e-06,7.54902972720275
"ENSG00000233013",3.6754672418135,1.58877659298493,6.01197258312628,9.14129790777199e-08,5.020470744375e-06,7.529887852984
"ENSG00000134463",4.03580234881756,2.31877265487224,6.0108526543313,9.18200481643438e-08,5.0359475802223e-06,7.7024195508851
"ENSG00000050130",2.12454510403072,4.069801511424,6.01021178303267,9.20537972918409e-08,5.0418893170662e-06,7.69975679802989
"ENSG00000275743",-5.24266121610838,-1.33399286763012,-6.00063064738116,9.56194409048519e-08,5.22295212399029e-06,7.49714336132597
"ENSG00000125633",1.87492508486309,5.36680846982537,6.00016954606112,9.57944470427654e-08,5.22541161467199e-06,7.59634739915259
"ENSG00000152760",8.10420206712071,-4.05449081175499,5.99927571806216,9.61345935202833e-08,5.23686033699516e-06,6.62640624634604
"ENSG00000135870",2.24237610486368,5.33220267826372,5.99812920133691,9.65726515903567e-08,5.25360451858663e-06,7.56629646039671
"ENSG00000170871",2.02958839209874,5.72122473031184,5.99303499769881,9.85430463247646e-08,5.35355074101106e-06,7.48329661970657
"ENSG00000132357",2.55705535288275,5.14879915015306,5.99031355742841,9.96119305128434e-08,5.40431691022582e-06,7.49848276647172
"ENSG00000138185",2.18836287786132,5.38329040869859,5.97806320423359,1.04567279087952e-07,5.65789199716533e-06,7.49043603788757
"ENSG00000078043",2.44836167928035,3.26268780896387,5.96542847488462,1.09933685090072e-07,5.94026076342886e-06,7.5107680741925
"ENSG00000101236",2.09880017541076,7.97808329847194,5.96466702672895,1.10265667915888e-07,5.94912887554404e-06,6.54316739604104
"ENSG00000067208",2.53896875339094,2.48214321406621,5.96437382487623,1.10393765015568e-07,5.94912887554404e-06,7.36631634224644
"ENSG00000102010",4.28869988295714,3.00844207058412,5.96326924541643,1.10877669060777e-07,5.96720756570461e-06,7.51016505806971
"ENSG00000104043",3.01100647498939,2.9902862482838,5.96093080538195,1.11909050310015e-07,6.01466262107383e-06,7.49808161186876
"ENSG00000117758",1.93164884932833,4.66318081179373,5.9592815515744,1.1264216581809e-07,6.04598177599311e-06,7.50048801766082
"ENSG00000169860",6.51284161660594,-1.91279912861141,5.95577105782793,1.14218488367677e-07,6.12241555914313e-06,6.81061609306995
"ENSG00000211685",-6.53346685559239,-0.285185784940114,-5.93901935225843,1.22046307464778e-07,6.5332964749654e-06,7.31408915536108
"ENSG00000084733",1.58844071208886,6.48607711910774,5.92794963787676,1.27507915558495e-07,6.81388168972714e-06,7.15323055171946
"ENSG00000215244",3.52906492554842,2.0494994194058,5.92771391720872,1.27626807431584e-07,6.81388168972714e-06,7.3013466606951
"ENSG00000105988",-3.09857785614844,-3.32965997324772,-5.92349616369367,1.29772774169856e-07,6.91926401482301e-06,7.16890005642533
"ENSG00000166747",1.68305035371365,6.25000917096362,5.92135077817928,1.30877990141971e-07,6.96894961548017e-06,7.13356977812117
"ENSG00000124151",1.9668577069304,6.06752061074049,5.91317939709364,1.35173487503886e-07,7.17216957075174e-06,7.08295206785187
"ENSG00000135837",2.44486202113501,4.78487783046043,5.91307416851933,1.35229703363758e-07,7.17216957075174e-06,7.28162010132185
"ENSG00000157450",2.236305226701,4.84318675880577,5.90870158440625,1.37586210840093e-07,7.28753734939844e-06,7.27467899460721
"ENSG00000183621",2.58097192032494,4.96408541040821,5.90258874964465,1.40948812490899e-07,7.45582126284097e-06,7.19252730777894
"ENSG00000234449",-5.36293978173726,-1.66223858682395,-5.89854122268817,1.43219910276727e-07,7.56600109454004e-06,7.13877097796116
"ENSG00000142627",-5.2545254561855,-2.25348243545214,-5.88809114666104,1.49252242027691e-07,7.87432891600688e-06,7.09523167406605
"ENSG00000188647",3.14924022576911,3.80476119146535,5.88643539708742,1.50230816814966e-07,7.91556919737254e-06,7.23526503197414
"ENSG00000159082",2.76684425378001,4.02695819168454,5.87933070050274,1.54502336839112e-07,8.12997767749471e-06,7.19592250083033
"ENSG00000152229",3.18698832396343,5.62576722913571,5.87847713640029,1.55023534861556e-07,8.14674006340429e-06,6.90412394021761
"ENSG00000276775",-7.99530583996172,0.735714330094423,-5.87593233959962,1.5658776402201e-07,8.21820011646587e-06,7.1173991763145
"ENSG00000132824",1.62660100185258,6.96932416046285,5.8750794702255,1.5711548756491e-07,8.23514580323924e-06,6.76484325395387
"ENSG00000105887",2.09754798667831,6.41525435706102,5.86812576229144,1.61484321090179e-07,8.45311546415024e-06,6.80210101017424
"ENSG00000143226",2.08000886503639,9.69705889907449,5.86643010226088,1.62567748731239e-07,8.49876285369737e-06,5.08754963954961
"ENSG00000257315",6.67537481224756,-1.36414198338607,5.86368878704367,1.64334510612143e-07,8.57996882549268e-06,6.46826107332811
"ENSG00000116918",2.53620312316354,3.16817130748108,5.86261915401056,1.65029020428599e-07,8.60505405871664e-06,7.0842854527818
"ENSG00000143546",4.32276733318222,8.64510022109826,5.86158728464241,1.65701760394213e-07,8.62568053570233e-06,5.40075615476396
"ENSG00000163297",2.01369447473268,6.25770378841929,5.8613547853484,1.65853715091237e-07,8.62568053570233e-06,6.83915221088153
"ENSG00000010017",1.89386538906421,4.71833701885886,5.85808554148136,1.6800504315455e-07,8.72627744819019e-06,7.11534825380104
"ENSG00000076685",1.836692658198,6.9759937056665,5.8541655428344,1.70621001212856e-07,8.85071676226999e-06,6.63948758377795
"ENSG00000241431",-3.51375273924376,-2.74094734020181,-5.85128350695464,1.72569938356223e-07,8.94027920334649e-06,6.91707003579671
"ENSG00000105352",2.36891587470885,6.75866353131536,5.8457243184337,1.76391642105781e-07,9.1265081028785e-06,6.45887017744131
"ENSG00000204345",7.34329902206005,-1.30356990482611,5.84531863224487,1.76673787306983e-07,9.12935680888862e-06,6.87700729106609
"ENSG00000151458",4.40964321022267,1.2052402058568,5.84406935010927,1.77545439044302e-07,9.16262097619899e-06,6.90910399468784
"ENSG00000014164",2.06103063064806,6.4823359221776,5.84359727792047,1.77875919856672e-07,9.16790734625378e-06,6.59704244211868
"ENSG00000122008",3.06496697056651,2.78716362292739,5.83633124737256,1.83039993841858e-07,9.42198954216437e-06,6.99226391089374
"ENSG00000126216",1.75241419709354,5.08072864531724,5.83358033589095,1.85033546515737e-07,9.51242792458522e-06,6.98158089722567
"ENSG00000168807",2.54745618730068,3.89110164736208,5.83292955186819,1.85508292444003e-07,9.52465437143524e-06,7.03756337096596
"ENSG00000276289",7.58071125996464,-2.44392396824685,5.83253821540213,1.85794351292487e-07,9.52717412074053e-06,6.36151396446275
"ENSG00000100505",5.50188321124602,-0.609320325870226,5.81711273546217,1.97424168885226e-07,1.00977690044833e-05,6.60931403901631
"ENSG00000032219",2.47097519456678,5.13139327737057,5.80910246695462,2.03744307363744e-07,1.03945794982706e-05,6.85674079408709
"ENSG00000215301",2.15291390924948,7.50818227598894,5.80453797083271,2.07434722813204e-07,1.05694432528979e-05,6.17261343696765
"ENSG00000171940",2.34621685645064,6.22363453607749,5.79755469078619,2.13208949892832e-07,1.08459031188154e-05,6.5242002053663
"ENSG00000092148",2.02827620419852,5.15949962571877,5.79732676807433,2.13400063852121e-07,1.08459031188154e-05,6.83426074796577
"ENSG00000213261",-2.64566428249366,-3.08537208012075,-5.79637209046246,2.14202405483395e-07,1.08729357389437e-05,6.72175706560329
"ENSG00000112406",1.86636996460028,6.1857222291524,5.795929913465,2.14575034594784e-07,1.08781154360397e-05,6.66830903614287
"ENSG00000254420",8.05252873117812,-3.71305294704028,5.79489596776019,2.15448857961432e-07,1.09035445354827e-05,6.22931799996594
"ENSG00000130150",2.38644284145126,4.83778562884228,5.7946950462162,2.1561907133249e-07,1.09035445354827e-05,6.84779090017399
"ENSG00000133703",2.34202269273958,4.5676006337196,5.79409112365574,2.16131492800732e-07,1.09157264743405e-05,6.87139395648228
"ENSG00000110079",3.97217398389897,2.19596484884835,5.79223459644441,2.17714282710451e-07,1.09818690006594e-05,6.87278509079365
"ENSG00000113240",2.86351945125822,4.07669611805588,5.78950746570591,2.20060100707992e-07,1.10862859256425e-05,6.87402225665828
"ENSG00000259922",6.67254326946499,-6.09059813072521,5.78438218760975,2.24536527920127e-07,1.12976439242114e-05,3.97115176168664
"ENSG00000124782",1.76459262906673,4.97961833993866,5.78199351994187,2.26653417697241e-07,1.13899008728306e-05,6.81831830049062
"ENSG00000124126",1.58642244570567,9.60895828071702,5.77839910575998,2.29876082371882e-07,1.15369203622234e-05,4.92656443146979
"ENSG00000108852",-5.0654465989338,-1.32582828554801,-5.77809259230568,2.30152980709993e-07,1.15369203622234e-05,6.69658657496561
"ENSG00000116815",2.66686575251561,3.81596480738492,5.77711856036964,2.3103509173668e-07,1.15667157633848e-05,6.83008397682533
"ENSG00000116903",2.43395454008373,3.81780742731938,5.77557851625488,2.3243662014806e-07,1.16224092079507e-05,6.82403162680699
"ENSG00000164329",2.19361020138565,4.85593874996989,5.76798123064209,2.39474465489629e-07,1.19594440516945e-05,6.74714970331712
"ENSG00000011114",2.30540234821611,3.82100622035277,5.76291532323885,2.44283906976411e-07,1.21693948305647e-05,6.7767299475835
"ENSG00000228657",-4.32734498095577,-2.28360238293824,-5.75022724856931,2.56752431831358e-07,1.27747045352528e-05,6.57771944665298
"ENSG00000116273",1.9838243909658,3.35163954772,5.74478373033052,2.62292558277943e-07,1.30330816713963e-05,6.68081350131792
"ENSG00000129654",-5.16414810300199,-1.65732789780712,-5.7442218462869,2.62871093802912e-07,1.30330816713963e-05,6.58081632096369
"ENSG00000123908",1.82956536344494,5.99956053465474,5.74409707486465,2.62999733756034e-07,1.30330816713963e-05,6.51139101400965
"ENSG00000158470",2.77170041062769,6.79319817704132,5.74386207863079,2.63242184895622e-07,1.30330816713963e-05,6.03815361471035
"ENSG00000279400",8.32014468050028,-5.06605225713817,5.74353593516677,2.63579040626744e-07,1.30337079843498e-05,5.36914187137507
"ENSG00000154856",4.58212649253348,0.248722469509185,5.74009444537484,2.6715961976676e-07,1.31885451151602e-05,6.62421250781173
"ENSG00000186466",7.79245273320019,-5.8136658462246,5.73989708543924,2.67366406369224e-07,1.31885451151602e-05,4.80423869744228
"ENSG00000267243",-4.99522938195689,-1.89000194001114,-5.73355351509478,2.74097833009983e-07,1.35040209346414e-05,6.53998268911027
"ENSG00000012223",4.51303096013972,5.33928703337596,5.73271428830457,2.75000816475587e-07,1.35319251211157e-05,5.94524192228275
"ENSG00000204839",2.78279739897539,4.58744715671575,5.73088707914668,2.76977014416118e-07,1.3612506031243e-05,6.5731432845295
"ENSG00000065618",7.88369764000717,-1.72087276813827,5.71981344652058,2.89257180704243e-07,1.41986778738363e-05,6.28388113848141
"ENSG00000135655",2.32562228224356,7.05279896360249,5.71912701206862,2.90035860084133e-07,1.42195385940272e-05,6.03221723178139
"ENSG00000130600",-5.20065206268069,-1.80747875053131,-5.71777257465674,2.91578387268735e-07,1.4277751918365e-05,6.48828487447424
"ENSG00000267472",-4.97494814075445,-2.20946381721812,-5.7167096058841,2.92794641054417e-07,1.43062341075411e-05,6.47661720886258
"ENSG00000164023",4.60439053059799,1.64154281833031,5.71664234955723,2.92871764352677e-07,1.43062341075411e-05,6.56825264499893
"ENSG00000229807",9.57853024975936,0.0581637813045638,5.70400076379993,3.07729958494574e-07,1.50137861546103e-05,6.49195146546645
"ENSG00000119321",1.58985312506853,6.92399391686766,5.69897926033624,3.13836348377433e-07,1.52931501545086e-05,6.07985589725151
"ENSG00000188994",3.43555832922749,4.02121950816389,5.69500351121803,3.18755774039843e-07,1.55140673461862e-05,6.50438904109482
"ENSG00000074054",1.72734364999809,5.34949658294848,5.69400986329005,3.19997116610731e-07,1.55556518524602e-05,6.43539904946789
"ENSG00000226479",2.03477950554857,3.79875818673516,5.69274280409048,3.21586951223609e-07,1.56140562960043e-05,6.51221401409446
"ENSG00000111684",1.79531921580142,5.680256945137,5.68350247575913,3.33419388180168e-07,1.61629408659307e-05,6.31689914833342
"ENSG00000186074",1.79295489060234,6.72429923114936,5.6832904628173,3.33695858880714e-07,1.61629408659307e-05,6.01551628580993
"ENSG00000260923",5.2969687850533,-0.252808624363523,5.67794935223836,3.40735965776765e-07,1.64840761686612e-05,6.32503190376005
"ENSG00000119778",2.62290578505454,3.31930318842106,5.67678448131349,3.42290746557628e-07,1.65260079958188e-05,6.44265821467491
"ENSG00000139218",1.72520686634973,6.53590153554947,5.67668423767328,3.42424870914807e-07,1.65260079958188e-05,6.1380721670972
"ENSG00000170909",2.19647255925576,7.60638531034488,5.67440241669577,3.45491979750737e-07,1.66540390526848e-05,5.48590504720958
"ENSG00000114933",2.30323866351327,3.9723717801702,5.66789959939531,3.54382281784954e-07,1.70621275357111e-05,6.42674749320061
"ENSG00000138821",3.11798265421456,3.14831997272484,5.6642450103617,3.59477358236813e-07,1.72867329615267e-05,6.4128496018728
"ENSG00000157107",3.74130519971415,2.68975790798161,5.66167491454896,3.63103713698646e-07,1.744025746489e-05,6.39949083311605
"ENSG00000121297",2.85353856150316,3.8364485920044,5.6575901646785,3.68941643764078e-07,1.76995130818657e-05,6.36900065083441
"ENSG00000183696",2.88217682626698,6.95415969507207,5.65664980534991,3.70298669375538e-07,1.77434411278133e-05,5.59687017299622
"ENSG00000065154",2.17189019720351,4.50388646605091,5.65609495795964,3.71101675125113e-07,1.77607494564045e-05,6.36584299183123
"ENSG00000075568",1.62174521006385,6.14904784300328,5.65365300702303,3.74656275755546e-07,1.79095500569851e-05,6.10675343616785
"ENSG00000139572",5.39275730497582,2.51274671485614,5.65020415999774,3.79733861470655e-07,1.81092060484499e-05,6.30955615371935
"ENSG00000164104",2.84521421313712,5.98318528752295,5.64747372231572,3.838018778933e-07,1.82815202548181e-05,5.97640214330215
"ENSG00000107036",2.42115101928522,4.11210859549727,5.64533759583178,3.87014401111437e-07,1.84127253887361e-05,6.33163795077602
"ENSG00000089902",2.13912076419388,5.41236175803092,5.64134949217207,3.93083290912407e-07,1.86573016071554e-05,6.18168111876679
"ENSG00000117859",1.7785465510501,5.88489763387819,5.63554317637363,4.02087288175258e-07,1.9056882188657e-05,6.10954691186514
"ENSG00000198160",2.43156750719693,4.55443140502008,5.63531200550106,4.02449952195657e-07,1.9056882188657e-05,6.28628635756161
"ENSG00000101265",1.57485900538089,9.38308516413417,5.63379065110486,4.04844738485763e-07,1.91477272665937e-05,4.60868352291194
"ENSG00000164983",2.37894363032654,3.64689743467642,5.6264672978104,4.16570723467976e-07,1.96791730021852e-05,6.27188718504665
"ENSG00000085719",2.07368538763832,4.95918224437898,5.62319789411123,4.21913214835098e-07,1.99081632192495e-05,6.19736578045475
"ENSG00000158615",2.04010442536519,5.54598652518075,5.61709567991886,4.32066220718213e-07,2.03633367002504e-05,6.08653747243278
"ENSG00000062650",1.94810849313509,5.3442999840977,5.60876725701918,4.46313205702473e-07,2.10080703977623e-05,6.10751347602866
"ENSG00000148110",2.2370059816736,5.61876734606184,5.60849239745247,4.46791209145982e-07,2.10080703977623e-05,6.01714597001411
"ENSG00000148634",1.84444923742118,4.85648291979201,5.60506645151139,4.52791757354152e-07,2.12653437256444e-05,6.17729626037077
"ENSG00000081019",2.43097484831507,4.35800677417693,5.6030669449597,4.5633056096125e-07,2.14065358363643e-05,6.17495371729705
"ENSG00000105835",2.62735933378342,9.96642468602754,5.60135907692684,4.59374804876794e-07,2.15242259972691e-05,3.61858740585369
"ENSG00000186523",-4.50717448274055,-2.55481295556238,-5.60087017296557,4.60249949511671e-07,2.15401262750503e-05,6.05724045028052
"ENSG00000234424",7.74508862633772,-3.76965139098676,5.59390163639535,4.72903960619516e-07,2.20809349881833e-05,4.97826717854884
"ENSG00000147459",2.1226129899056,7.23604483661993,5.59088360941433,4.78490250335601e-07,2.2315852719248e-05,5.44597419917837
"ENSG00000123080",3.06713491316946,2.56313799074106,5.58823405386917,4.8344812716322e-07,2.252095203733e-05,6.10915081889393
"ENSG00000116679",1.87457063179018,6.98381077095705,5.58668167408178,4.86376460368657e-07,2.26311417358111e-05,5.61667607970029
"ENSG00000063601",2.17427044933103,5.20168048696268,5.57921007916126,5.00717047917575e-07,2.32714760235634e-05,5.96195978268629
"ENSG00000173889",2.42835490366013,5.0596671396268,5.57874408621927,5.01625137684877e-07,2.32867595672141e-05,5.99208733463056
"ENSG00000107372",1.69505892631193,6.33752748307821,5.56788547384248,5.23251462894102e-07,2.42626935539431e-05,5.76807365024739
"ENSG00000206341",2.86928049188697,4.87557002940744,5.56749077073339,5.24054644253818e-07,2.42719410233779e-05,5.73721643803286
"ENSG00000110344",1.96502543679245,5.61776436151117,5.56582307856466,5.27461672175628e-07,2.44016273242861e-05,5.88171205312946
"ENSG00000128815",1.80129656604679,6.78808682101417,5.56470773672805,5.29752449506671e-07,2.44568988173699e-05,5.54099929867737
"ENSG00000144357",2.10016342741117,3.90341914971076,5.56464911981116,5.29873112529953e-07,2.44568988173699e-05,6.04801620792429
"ENSG00000008086",2.47958397725245,2.86508334760828,5.56212850533579,5.35087520040896e-07,2.46692528448212e-05,5.99849313031903
"ENSG00000155097",2.2862436599113,5.23936829445758,5.55588340969269,5.48225754086177e-07,2.52460157683534e-05,5.90351851515562
"ENSG00000132170",6.80630247682043,-1.97384552517139,5.55302293391213,5.54349250600351e-07,2.54987969938619e-05,5.61217586009949
"ENSG00000065615",2.02484152090941,5.65203455183728,5.55270864492083,5.55026155374955e-07,2.55007559981531e-05,5.84327972568936
"ENSG00000188811",2.26051604930039,3.38381931932113,5.55175029656061,5.57095248071062e-07,2.55666017841927e-05,5.98590654306054
"ENSG00000215717",1.62670026709212,5.14460968076003,5.5504969047001,5.59812826345911e-07,2.56620242243539e-05,5.95633474658094
"ENSG00000079385",4.4772394270018,5.77828995365128,5.55008909034575,5.60699855924963e-07,2.5673411854095e-05,5.26842998275376
"ENSG00000197930",1.8991783708468,6.30981611059837,5.54837673333595,5.64439521581531e-07,2.58152419187949e-05,5.629287177965
"ENSG00000164850",4.99634052293055,1.00427746831767,5.54800280651624,5.6525941652971e-07,2.58211872340769e-05,5.96930511262254
"ENSG00000181631",1.85246014920098,7.95981572298,5.54773193209962,5.6585408569777e-07,2.58211872340769e-05,5.02342463623947
"ENSG00000163534",3.53247102136931,3.94133370448634,5.54449157909615,5.73015853709761e-07,2.61183484703399e-05,5.92297970375393
"ENSG00000143384",1.65999355717405,9.61830915686864,5.54201148106764,5.78557624163452e-07,2.63410799621961e-05,4.19323819426453
"ENSG00000264876",6.78357458185374,-6.46340044834877,5.54015795984912,5.82733778932405e-07,2.65012029192766e-05,3.47103046492234
"ENSG00000074603",1.81933104437002,4.79599387124929,5.52197332714269,6.25314029055104e-07,2.84055080181619e-05,5.87071564322778
"ENSG00000278857",-4.24071111525656,-2.15478782950919,-5.52102816606468,6.27609114821011e-07,2.84775864943954e-05,5.77121647483894
"ENSG00000138688",2.80594515741187,5.2208295515021,5.51717197580299,6.37059251221227e-07,2.88737948338171e-05,5.67227333881921
"ENSG00000233930",-5.08443073539167,-1.77664049364133,-5.51508635055313,6.42228664604218e-07,2.9075311682904e-05,5.77223741478173
"ENSG00000133101",6.61105024155595,-1.27705904413802,5.51157030935939,6.5103724882557e-07,2.94078645812197e-05,5.65989107110711
"ENSG00000083223",1.93439890447874,6.26998796377417,5.50383328490478,6.70841902636576e-07,3.02684468796808e-05,5.51238163332034
"ENSG00000119471",2.14787049454321,5.13575115803964,5.4979365823651,6.86333412134354e-07,3.09327083347817e-05,5.6989127162036
"ENSG00000073331",2.21981947788519,6.76350983042497,5.49708353600137,6.88603484499538e-07,3.1000265715398e-05,5.25444808599201
"ENSG00000144228",2.72681588668206,3.89340151463072,5.49424417824346,6.96212829267762e-07,3.13077719935375e-05,5.78772551709271
"ENSG00000059377",1.68954921786504,7.62045547727248,5.4929022157089,6.99838000976054e-07,3.14356282851836e-05,4.97833156288255
"ENSG00000170837",2.57646133508469,4.59063650863094,5.49184916579601,7.02695723944821e-07,3.1528765060301e-05,5.69219880071412
"ENSG00000102543",2.84204058955602,2.44857474281479,5.49066774929624,7.05915490246974e-07,3.16379203332317e-05,5.71229349703549
"ENSG00000148346",4.82696539336885,5.13396804021278,5.48723436024204,7.15355392860114e-07,3.20252978883767e-05,5.06524456073798
"ENSG00000109586",2.72020075964655,3.33666998084817,5.48553222543141,7.20081320196337e-07,3.22010113843527e-05,5.75932709753082
"ENSG00000106546",2.68639954479524,4.02478468655705,5.48003103359989,7.35566569379723e-07,3.2856941358004e-05,5.71337440456349
"ENSG00000274515",-4.42772672174899,-1.99352481352881,-5.47177836809001,7.59414114007976e-07,3.38845351957255e-05,5.60496717936845
"ENSG00000163412",1.96842965380233,6.22561794274851,5.47063311799828,7.62783138672512e-07,3.39971260985724e-05,5.40434557021384
"ENSG00000159348",1.6993922595165,5.44360112537077,5.46616128912374,7.76079650779903e-07,3.45514442089188e-05,5.53838498944088
"ENSG00000237094",4.03569397935402,0.581576149605375,5.45963159947115,7.95906047812221e-07,3.53949280244988e-05,5.4481604961476
"ENSG00000117713",1.73649297310342,7.22194909178002,5.45528213560801,8.09388511808573e-07,3.59547369632356e-05,4.98564020043994
"ENSG00000254859",5.13797041498569,0.637863695944079,5.45355973027272,8.14789583574533e-07,3.61547139501803e-05,5.58787070051306
"ENSG00000163939",1.99731004439139,4.78217199896512,5.45207187869949,8.19483713829262e-07,3.63229153951091e-05,5.59601379758486
"ENSG00000124275",2.21431529049539,3.83863049977213,5.44780909975909,8.33080640913021e-07,3.68849206233318e-05,5.62301184256803
"ENSG00000161921",2.24912666057057,6.48492453834131,5.44607060661767,8.3868945873462e-07,3.70924022222763e-05,5.10220695613023
"ENSG00000054267",2.40548684532496,5.61513014297616,5.44443275462157,8.44007598859081e-07,3.72776439778144e-05,5.40802126752952
"ENSG00000180773",2.23982034750037,2.69725036045957,5.44421030858153,8.44732442758791e-07,3.72776439778144e-05,5.50028694259503
"ENSG00000138738",6.03404187494854,-0.69843006123587,5.4381181432268,8.64823922177912e-07,3.81224246923206e-05,5.18536343466286
"ENSG00000120137",2.63797162173366,3.2729195516722,5.43524864684535,8.74449611932436e-07,3.84623887296584e-05,5.56660651139343
"ENSG00000115355",2.60630417500157,4.36964196817903,5.4333759914671,8.80788223918906e-07,3.86566028143972e-05,5.53399719012697
"ENSG00000103005",2.00285167671316,6.97447468360743,5.4324578556552,8.83912461854547e-07,3.87514163483931e-05,4.94286031223693
"ENSG00000133858",2.2375805312249,5.21731088804595,5.4291441302406,8.95279461821133e-07,3.92069988280318e-05,5.43926279779923
"ENSG00000139826",2.88149682044504,2.9565059957822,5.42873723701249,8.96685103448194e-07,3.92258264731494e-05,5.5322052558867
"ENSG00000186583",6.15854713722122,-0.140904272321643,5.42310969978095,9.16350151645245e-07,4.00222365186298e-05,5.41018569653296
"ENSG00000111666",2.56919447915768,5.07965816704737,5.42295923067644,9.16881743039104e-07,4.00222365186298e-05,5.35778537674364
"ENSG00000134318",2.35834701770316,3.66150649915718,5.42135772292545,9.22558548864318e-07,4.02263544267281e-05,5.52693848263382
"ENSG00000138413",1.7643755216958,4.63868317913922,5.41605406352028,9.41606426329085e-07,4.1012417715365e-05,5.48661436508843
"ENSG00000162711",1.61171178914453,5.17053463892319,5.4144217853157,9.47546229240826e-07,4.11850884542409e-05,5.39645651607478
"ENSG00000069956",3.09280831172244,2.7370390477732,5.41440166088568,9.47619691064446e-07,4.11850884542409e-05,5.49323657899838
"ENSG00000073737",3.28703513125276,4.88585353867359,5.41272188215473,9.53771330866738e-07,4.14076836322944e-05,5.25351851700098
"ENSG00000157106",2.32531245579939,6.11539445874205,5.40441594558133,9.84771676331813e-07,4.26614126421245e-05,5.11189127887788
"ENSG00000099985",3.44611698171828,2.54085022052589,5.40227979051492,9.92903522499846e-07,4.29673922621516e-05,5.44904193817817
"ENSG00000162971",3.61374588389286,2.06290420990872,5.40055037582658,9.99535393565583e-07,4.32078730022834e-05,5.38286530942611
"ENSG00000101384",5.34530328859156,0.153837256159599,5.3990940937973,1.00515367334869e-06,4.34040687174695e-05,5.28405392023602
"ENSG00000103569",2.41656509383182,9.50826100160512,5.39671719855925,1.01439049004597e-06,4.37559297004595e-05,3.27212252139836
"ENSG00000117523",1.67259344672825,7.38413480664534,5.39481201266699,1.02185448679434e-06,4.40209021649311e-05,4.77104193799363
"ENSG00000281538",-5.06159226957725,-1.81875007118197,-5.39441938699841,1.02339939179998e-06,4.40209021649311e-05,5.35014255531083
"ENSG00000143771",2.28911283461786,4.50192956237317,5.39431302382389,1.02381830566167e-06,4.40209021649311e-05,5.40288888348052
"ENSG00000136536",1.97097406645146,5.91588682066719,5.38887851418718,1.04544837111382e-06,4.49029010849549e-05,5.18436304723304
"ENSG00000131746",-4.48883976156242,-1.69401797395021,-5.38543383355248,1.05939090877619e-06,4.54531839003419e-05,5.30697048313723
"ENSG00000124523",2.41544717741575,3.42716423146434,5.38225802758418,1.07240721625196e-06,4.59625958504919e-05,5.38422668803248
"ENSG00000105339",1.7712891935964,8.58717407206907,5.38068624425466,1.07890740352445e-06,4.6191944021821e-05,4.1049139670426
"ENSG00000121879",2.29172628466264,4.15192136946125,5.37953939152884,1.08367472308789e-06,4.6346692784659e-05,5.36954728628849
"ENSG00000152213",1.90241204380272,5.1807028845134,5.37752427704285,1.09210156280812e-06,4.66079267813289e-05,5.26283883057986
"ENSG00000241399",2.00862448555937,5.57647876248599,5.37708350164626,1.09395338289908e-06,4.66374484616214e-05,5.16940962898874
"ENSG00000162819",2.00523388412826,4.62300306457703,5.37243419223573,1.11367561572971e-06,4.74279524402182e-05,5.32728979720203
"ENSG00000163743",2.11628763649796,2.92220815592878,5.37214501514349,1.1149137893612e-06,4.74304382644434e-05,5.27634291072713
"ENSG00000139697",1.77298066783743,5.43889825878073,5.37018830478762,1.12332753250629e-06,4.77378577820484e-05,5.22720023557974
"ENSG00000167193",1.77148936905043,4.80337219045344,5.36826565224107,1.13165568102901e-06,4.80209393479106e-05,5.31097626073587
"ENSG00000152700",1.89898567840392,3.88075707923828,5.36809960936452,1.13237775488332e-06,4.80209393479106e-05,5.33444078351897
"ENSG00000172216",2.37445081357626,8.92871894094635,5.36576414299526,1.14258220788491e-06,4.84026237317063e-05,3.52938681786077
"ENSG00000270956",6.43467015368345,-1.65972403726681,5.3631942281851,1.15391563288723e-06,4.88312802877183e-05,4.53211145279811
"ENSG00000014257",2.22883938712023,4.02086089833374,5.35912299889466,1.17209672864715e-06,4.9548509658331e-05,5.28869483438414
"ENSG00000005893",1.80419353145937,7.17936565932929,5.35316343950821,1.19921998992546e-06,5.06418508770833e-05,4.62429917018014
"ENSG00000219626",2.67530830241291,2.08230348179975,5.35032638925565,1.21234807583054e-06,5.10889070697477e-05,5.11834848512181
"ENSG00000243646",1.90195659953089,6.80570277341245,5.34823375148953,1.22212200186993e-06,5.14468572975654e-05,4.74665795427728
"ENSG00000172939",1.61549117312113,5.2562485244107,5.3475563327046,1.22530254952865e-06,5.15267919415802e-05,5.17397068097871
"ENSG00000112299",4.828705426151,4.80675802280783,5.34333487921613,1.24530698114599e-06,5.23133032978382e-05,4.86448843880461
"ENSG00000117151",2.13369184267204,5.15239394107987,5.3401608668979,1.26055912405086e-06,5.28060985453235e-05,5.11410777170584
"ENSG00000180667",3.98921287542782,3.23783695137947,5.34007414400734,1.26097842404633e-06,5.28060985453235e-05,5.2286899659136
"ENSG00000268658",6.93707852446239,-2.73800187368113,5.33938986498685,1.26429168818866e-06,5.2889754889241e-05,4.48745602668116
"ENSG00000158352",7.19782848243992,-2.29263903334376,5.33730076470851,1.27446014189639e-06,5.32597158259031e-05,4.85506515330887
"ENSG00000279227",4.59474029601646,0.346092784016377,5.32697616495527,1.32590719063718e-06,5.52947312012407e-05,5.00755876200075
"ENSG00000211639",-5.95873515923183,-0.471490263007753,-5.32440181758365,1.33904997729591e-06,5.57849608158035e-05,5.12502737602994
"ENSG00000145725",3.01900861241664,4.07156714415058,5.32386037875614,1.34183044430713e-06,5.58429270414444e-05,5.12745196076945
"ENSG00000115602",6.31932859959338,-0.99526220280705,5.32154583352207,1.35378055921135e-06,5.62819917698186e-05,4.96063800763327
"ENSG00000103355",-9.13673426022383,1.1926587065512,-5.31380233406555,1.3945265611196e-06,5.79160710848454e-05,5.12022988239423
"ENSG00000221823",1.63644951093679,5.53647314376259,5.31077190298856,1.41079886828612e-06,5.8531409806851e-05,4.99692476393224
"ENSG00000101210",-4.70114965385179,-2.47076270502363,-5.30718405780221,1.43030581564291e-06,5.92795406190475e-05,5.04067151078301
"ENSG00000173890",3.29843894321856,3.06106722007239,5.30517146505568,1.44136406086833e-06,5.96763315911725e-05,5.11054908217278
"ENSG00000147050",2.27176505241049,4.90955996193563,5.30389738010723,1.4484079685268e-06,5.99062727888007e-05,4.99344780395557
"ENSG00000112053",3.43868372231585,3.77884359895441,5.30203798282065,1.45874862242326e-06,6.02719549009866e-05,5.04370130311618
"ENSG00000116260",2.26930747091639,7.01880639627287,5.29814641822669,1.48062627822096e-06,6.10503975764503e-05,4.34095447482038
"ENSG00000258227",3.92144279194882,2.80256157067104,5.2974982292059,1.48430148856074e-06,6.1139229962212e-05,5.07207538912424
"ENSG00000165029",3.32528616445281,4.0160649960365,5.29701690557025,1.48703637980737e-06,6.11891878618382e-05,4.97682590717878
"ENSG00000114127",2.54256160697762,5.01934595188643,5.29607802627087,1.49238537885279e-06,6.13465000006542e-05,4.93633030862385
"ENSG00000116747",2.12318630773874,3.82726810651402,5.29501082299486,1.49848844403901e-06,6.15316624112473e-05,5.07065893366698
"ENSG00000142405",1.98198096714856,7.54283823728631,5.29475571426536,1.49995097664351e-06,6.15316624112473e-05,4.14781227074878
"ENSG00000211972",-4.71898662874218,-2.1228919526417,-5.29247577823111,1.5130842765027e-06,6.20071499326824e-05,4.98768995275115
"ENSG00000101966",1.68869316811398,5.25615318022715,5.29020815285346,1.52625879463237e-06,6.2435269770772e-05,4.97084776919208
"ENSG00000115464",1.76516509194912,6.3076895772511,5.29006617191532,1.52708742134821e-06,6.2435269770772e-05,4.71002010064691
"ENSG00000234465",-4.8045346662838,-1.90849250375264,-5.28987732097009,1.52819027546987e-06,6.2435269770772e-05,4.98207172315056
"ENSG00000203999",3.20747156940077,3.79463844746031,5.28639528981609,1.54866558204213e-06,6.32075672378252e-05,4.97942926647976
"ENSG00000101558",1.73088131604369,6.6906431372113,5.28016969770487,1.58594812456546e-06,6.46635765758425e-05,4.57232392258431
"ENSG00000229160",7.7606623614471,-5.31936687600517,5.27818724998321,1.59800438279998e-06,6.5089130899012e-05,3.70311069902202
"ENSG00000197208",2.907604449821,4.44493317001813,5.26994906010971,1.64907743608862e-06,6.71014282243265e-05,4.89987945970947
"ENSG00000104375",3.12394906140723,2.14879086549316,5.26899089050346,1.65512083187244e-06,6.72792393154051e-05,4.9259866361261
"ENSG00000108405",2.42733583811623,6.73605215305515,5.26238108420118,1.69740757472654e-06,6.88589095046986e-05,4.27518769773888
"ENSG00000177565",2.21095708122392,4.98207149722328,5.26145003755464,1.70344871007588e-06,6.90343195992648e-05,4.85508595664313
"ENSG00000150455",1.52288172242011,4.01825611096831,5.25672631516648,1.73442587672561e-06,7.02189215469517e-05,4.93740013253527
"ENSG00000070915",-4.95175037855582,-1.97809561129217,-5.2561845366032,1.73801394433047e-06,7.02933969718045e-05,4.8689066086732
"ENSG00000176853",2.13440190797785,4.47952427643386,5.25473550156632,1.74764643842779e-06,7.05410463028855e-05,4.90426328884501
"ENSG00000124224",2.14107619896309,3.98890062406396,5.25407006056463,1.75208753436437e-06,7.05785802169502e-05,4.92347360036304
"ENSG00000157064",6.93547798346617,-3.0924674698742,5.24398722208771,1.82075251910696e-06,7.32711639370749e-05,4.13206224931635
"ENSG00000197329",2.57049805942652,5.67191945698929,5.24351944314641,1.82400152346457e-06,7.32933075850992e-05,4.57718974047798
"ENSG00000198689",2.27231564064714,3.23252326843536,5.24338317910748,1.82494902971704e-06,7.32933075850992e-05,4.87700808340394
"ENSG00000258476",5.8450481634859,-0.479303071280226,5.23960099042794,1.8514422069327e-06,7.42831133763559e-05,4.64555207260755
"ENSG00000137177",1.95703214634128,5.42610034836803,5.23919072053409,1.85433865503739e-06,7.43251471683083e-05,4.68136549335985
"ENSG00000176994",1.54766860688627,6.25067393794102,5.23778345904061,1.86430759462383e-06,7.4650292748075e-05,4.52921736232114
"ENSG00000188681",-5.77172875833354,-0.307726804995228,-5.23690911365071,1.8705278988083e-06,7.48248383959117e-05,4.81913999527729
"ENSG00000138641",1.83628668129059,5.43621204996959,5.23567858600721,1.87931672923102e-06,7.51016810621726e-05,4.70756290449205
"ENSG00000215114",2.18810998355489,6.27859254853855,5.23471450111017,1.88623087553728e-06,7.53031317361965e-05,4.45045930705274
"ENSG00000090054",1.89426343835503,4.67767428252536,5.23105665475432,1.91269197667834e-06,7.62837726651018e-05,4.80879921551867
"ENSG00000136754",1.51588576152391,6.11371075773289,5.22987209963497,1.9213390526671e-06,7.65526983105278e-05,4.60740563552381
"ENSG00000166900",1.98017410475691,7.12758661870796,5.22887951859582,1.92861431376189e-06,7.67664877642136e-05,4.18167359888911
"ENSG00000104918",4.81246735468429,3.68524681831275,5.22653452569268,1.94590994520727e-06,7.73783102049681e-05,4.6410964915435
"ENSG00000213096",4.74501894852911,0.67578997796764,5.22439600424874,1.9618155335295e-06,7.79337036353288e-05,4.707537294403
"ENSG00000279693",-5.16788041768501,-1.61938137475057,-5.22361803938873,1.96763339699375e-06,7.80876582684529e-05,4.76142546249292
"ENSG00000157625",2.40903663500081,4.08450969224729,5.22160806290614,1.98274321136351e-06,7.86097066895816e-05,4.79868111972967
"ENSG00000230492",7.19583926683426,-2.68823168375995,5.22057989862649,1.99051635259866e-06,7.88401363617452e-05,4.26758658027157
"ENSG00000240371",-3.08326681915016,-2.84155124596264,-5.21967916923113,1.99735065540676e-06,7.90329636305735e-05,4.71810658682425
"ENSG00000232341",-2.91025140045366,-3.20199345154716,-5.21910974853752,2.00168303407595e-06,7.91265106547898e-05,4.71623133891978
"ENSG00000168405",2.66041186620202,2.69286253276996,5.21798777578791,2.01024648110515e-06,7.93869636870227e-05,4.75792229262763
"ENSG00000112624",1.72005002940702,5.2149144667204,5.21546937615172,2.02959941489177e-06,8.00725767198026e-05,4.67684558683029
"ENSG00000169902",3.82647461783435,2.99724601110861,5.21392560649925,2.04155305342279e-06,8.04652116212775e-05,4.75699245356861
"ENSG00000112335",2.35854914660452,6.94281811600239,5.2094438374437,2.07664926184937e-06,8.17683189273931e-05,4.09613814891639
"ENSG00000198646",1.67754742969817,5.68570361253776,5.20751876284439,2.09190562650672e-06,8.22884442238973e-05,4.54263279232091
"ENSG00000122025",3.59272371934823,2.09547263372359,5.20694445453303,2.09647834794463e-06,8.23877053216716e-05,4.75181616291647
"ENSG00000067082",1.80632046639974,7.82816029739227,5.20062529780523,2.14744522899853e-06,8.43081963830067e-05,3.85071884258571
"ENSG00000196505",1.83358766387906,4.06649929129526,5.20028701513016,2.15020768605209e-06,8.43342920923571e-05,4.73427536792634
"ENSG00000184634",1.61041112961612,6.44473364699708,5.19992085716753,2.15320170965169e-06,8.4369410459471e-05,4.34743127978076
"ENSG00000255883",-2.35918489812588,-3.94068090808417,-5.19960022835854,2.15582680993662e-06,8.43900189026992e-05,4.65387908492639
"ENSG00000233778",-3.65394129060266,-3.31463130288438,-5.1982490788839,2.16692371990719e-06,8.47418943460202e-05,4.64837026909126
"ENSG00000157764",2.13137033754501,4.33134496506725,5.19489389233288,2.19472286264964e-06,8.5745625387989e-05,4.69821334220768
"ENSG00000033178",2.45332481040705,3.94208370594724,5.19055819679683,2.23116518673902e-06,8.70847600361963e-05,4.69795520563168
"ENSG00000167634",-4.22403855885458,-2.38946080203623,-5.18851821185909,2.24851658160758e-06,8.76768803237516e-05,4.62279565606901
"ENSG00000175538",1.64393815052595,6.48827050584773,5.17822548949206,2.3381040806688e-06,9.10818413285342e-05,4.25257878357193
"ENSG00000170442",-4.42508079773699,-3.03273615558324,-5.17777202160826,2.34213063785634e-06,9.11503735751216e-05,4.59022995439016
"ENSG00000105376",4.9839514046559,-0.00306856310351418,5.17566411770514,2.36093728528953e-06,9.17934243164502e-05,4.47967233472443
"ENSG00000148057",2.6053718772981,2.78549506037945,5.17160129055276,2.39760494880706e-06,9.31289991806198e-05,4.62331186940617
"ENSG00000142657",2.49609212679762,9.33307415461287,5.16789544280416,2.43153807741703e-06,9.43558820350575e-05,2.34961138878887
"ENSG00000083642",1.6475126534728,4.83465858243006,5.166430908667,2.44507789797982e-06,9.47897990883169e-05,4.57643483197849
"ENSG00000180509",4.01383426014361,3.40348144445853,5.16124086053553,2.49365922653259e-06,9.65800464595985e-05,4.52457311900772
"ENSG00000222112",6.25712014570019,-0.958357448028172,5.1601900669868,2.50360988584677e-06,9.67956697108227e-05,4.23189993940995
"ENSG00000230724",2.85860050868319,4.22929215773656,5.1600971724153,2.50449143904014e-06,9.67956697108227e-05,4.48252811876798
"ENSG00000072401",2.24225487401584,4.97384308932455,5.15989092997609,2.50644973307215e-06,9.67956697108227e-05,4.48537812022702
"ENSG00000153922",2.17373070545319,5.2793991201783,5.15885847411161,2.51627563228498e-06,9.70818742505959e-05,4.44352331100871
"ENSG00000131042",1.74656140421591,8.68347846763996,5.15736762974512,2.53053077990235e-06,9.75382535125929e-05,3.21630935703506
"ENSG00000174326",-4.78333709615807,-1.45870433739794,-5.1569475500997,2.53456179151706e-06,9.76000509028436e-05,4.52508433747116
"ENSG00000183530",1.58912121682487,5.66389901639293,5.1490061982511,2.61196243304807e-06,0.000100484319362104,4.37979549903961
"ENSG00000085117",2.03390564313063,7.6803744457686,5.14671958307546,2.63467601182705e-06,0.000101261228515747,3.52541197997959
"ENSG00000183048",-4.20347196366257,-2.41428790793059,-5.14429759683273,2.65894569819285e-06,0.000102096403972062,4.47152263095489
"ENSG00000189308",2.4739759123812,2.90798242868804,5.14330444007647,2.66896101447153e-06,0.000102361282706424,4.51747043470534
"ENSG00000197721",5.38103371529025,-0.462862856578796,5.14310898430822,2.67093641010494e-06,0.000102361282706424,4.21752945915664
"ENSG00000049239",1.63427131631234,6.49451299447784,5.13935572542003,2.70914869447321e-06,0.000103726853157345,4.12849342383652
"ENSG00000157240",2.8457621658677,2.46371375360277,5.13843154143851,2.71863992093319e-06,0.000103991210372365,4.51292838249213
"ENSG00000117298",1.97495815419499,8.36502204839328,5.13782653762191,2.7248708832139e-06,0.000104130474569359,3.19240718425574
"ENSG00000256660",4.10268969320868,1.48682428056657,5.13466758336879,2.75763344388171e-06,0.000105282411881227,4.48266194820488
"ENSG00000163659",2.4336189544614,4.20345562407789,5.13136515210815,2.79229736519502e-06,0.000106504685650446,4.4461498771111
"ENSG00000184557",3.69835306795321,6.14698282755222,5.1303026378981,2.80354068344597e-06,0.000106832173038763,3.723193804413
"ENSG00000206147",-2.72663437667144,-3.93283583589845,-5.12632809571473,2.84599380438938e-06,0.000108347199738695,4.40140313938934
"ENSG00000180370",1.59834162986716,6.98879860429719,5.12410912014364,2.86996901079115e-06,0.000109156569698984,3.89648439834068
"ENSG00000215221",-2.84577713042726,-3.34542310606038,-5.11712342437755,2.94674824701708e-06,0.000111970862974084,4.36978532439856
"ENSG00000165813",2.45027991031611,3.88903851999025,5.10600971613557,3.07307069722014e-06,0.00011666061205821,4.40040181523312
"ENSG00000085185",1.9246158613243,4.80460590083741,5.10108437810622,3.13073871906974e-06,0.000118625785093347,4.29314646703208
"ENSG00000146247",2.69825596301314,4.78138106401131,5.10028279844549,3.1402238759429e-06,0.000118873145254856,4.29105612445419
"ENSG00000177917",2.3105454083584,2.86622539616323,5.09122932597461,3.24933115954379e-06,0.000122772191048853,4.3223353339574
"ENSG00000112851",2.29285901437472,5.67228978706872,5.09030414930667,3.2606880806073e-06,0.000123085617104765,4.07890459804086
"ENSG00000170160",7.85785845714514,-3.91038714370774,5.08748502901968,3.29553453667124e-06,0.000124284314674725,3.76105105091704
"ENSG00000213903",2.05290062807219,7.2571536293029,5.08640978775979,3.30892133342524e-06,0.000124672216913178,3.49312811965415
"ENSG00000185897",6.04510788893415,-0.505590072737797,5.08328569797774,3.34811970664394e-06,0.000126031000418071,4.17274858676217
"ENSG00000164088",1.68930981004295,7.55074662569027,5.07666778035836,3.43266585038987e-06,0.000129092640334306,3.46657573081905
"ENSG00000255423",5.88579581950092,-0.894727442579704,5.07417970091161,3.46499050226591e-06,0.000130186493618779,3.69908854948723
"ENSG00000121578",2.41889352531033,3.39588431615467,5.07116260453032,3.50458868250882e-06,0.000131551329798524,4.28332520242195
"ENSG00000148459",3.71645582439669,1.77588449710247,5.06817960411506,3.54417552210008e-06,0.000132913194346518,4.2332382165382
"ENSG00000165355",1.97586689025666,3.90111380644701,5.06514921883861,3.58484010956696e-06,0.000134312900358631,4.2622662286663
"ENSG00000122042",2.60065816728128,3.97399123734747,5.06298292092923,3.61418961631074e-06,0.00013516658755148,4.22470778910299
"ENSG00000155903",2.76401702520949,4.49005185714042,5.06297116163829,3.61434957509181e-06,0.00013516658755148,4.16793654124326
"ENSG00000109472",7.68858029597164,-4.42366676462371,5.06038996210635,3.64962951743475e-06,0.000136359113252706,3.36373477284183
"ENSG00000153310",1.5615888672061,7.55230572547092,5.05776239440243,3.68588998000656e-06,0.000137586025047562,3.52828663443518
"ENSG00000182197",2.55681843907018,4.01781727305873,5.05660087798158,3.70203128088076e-06,0.000138060353946167,4.18085876767842
"ENSG00000212743",3.99698451065437,1.25038367992423,5.05481161811,3.72703187331692e-06,0.000138863888203046,4.19012129261105
"ENSG00000163602",1.95752924478074,5.24532768332299,5.05281643458667,3.75510497545445e-06,0.00013978030576224,4.06109141921593
"ENSG00000171488",1.89206554498054,4.49902558241471,5.04971265564766,3.79918908130274e-06,0.000141290471273388,4.16079220209639
"ENSG00000238113",2.55019297318384,4.03972721904787,5.04922987583153,3.80609162301486e-06,0.000141416354370096,4.1708466806817
"ENSG00000261596",4.12508141606395,1.89714873346597,5.04684642327248,3.84034960450787e-06,0.000142425954612938,4.17570796119318
"ENSG00000132912",1.91012092211964,4.51652425269052,5.04481239242308,3.86982417183699e-06,0.000143386793876673,4.16124965578127
"ENSG00000183955",1.77082114512177,4.55083302482677,5.04391390285568,3.88291443771753e-06,0.000143739342748729,4.15478918706458
"ENSG00000163848",1.95225737443233,4.65170489789403,5.04211523484554,3.90925013171347e-06,0.000144581116646867,4.13843120562229
"ENSG00000227671",2.88727019263946,3.64222865920072,5.03604450988558,3.99943558481685e-06,0.000147780615239712,4.14299153290802
"ENSG00000111261",2.69923637316121,6.06104580414501,5.03044864514582,4.08437104425515e-06,0.000150642096074445,3.58493521320262
"ENSG00000185650",1.62708503898479,8.81387062933413,5.02872061553895,4.11095497053391e-06,0.000151483603781305,2.69774620093564
"ENSG00000131873",2.60238133745264,5.10487908543459,5.02315932068929,4.1976659204978e-06,0.000154395759685135,3.8919426816433
"ENSG00000264659",7.15002284310161,-4.45132673088322,5.01737897624884,4.28969167542819e-06,0.000157636366303075,3.29182551164356
"ENSG00000116539",1.93161986605336,5.39226107686474,5.01379341292922,4.34776598465653e-06,0.000159624555356312,3.90879951322936
"ENSG00000215006",-3.20932992546038,-2.93863638049102,-5.00787467756928,4.44531975459022e-06,0.00016305724888142,4.00135793395526
"ENSG00000037749",2.94610643732585,2.35062439162467,5.00705994491547,4.45891517273422e-06,0.00016340684391455,4.03450316444695
"ENSG00000174405",3.87851119446841,1.81090777344143,5.00681295543689,4.46304471981354e-06,0.000163409220242208,4.02752707840092
"ENSG00000056586",1.80198243142503,4.51113666430516,5.00491390947006,4.49492128464675e-06,0.000164277114077608,4.02711395957364
"ENSG00000120696",3.74545129981109,2.79504223322355,5.0036894401271,4.51559287141665e-06,0.000164743287252761,4.0461060650683
"ENSG00000108932",2.41987810857227,3.69799884793501,5.00367291959587,4.51587240815239e-06,0.000164743287252761,4.03877738516193
"ENSG00000140992",2.02144434934965,5.2257005295716,5.00210628443786,4.54245794130915e-06,0.000165562914013155,3.8496494372631
"ENSG00000271361",5.61151655261847,-0.0197064881299832,5.00068248078666,4.56675261916874e-06,0.000166246928460599,4.02711967298566
"ENSG00000137478",1.58287716573129,5.2728310945615,5.0005222022331,4.56949544671813e-06,0.000166246928460599,3.90597550045734
"ENSG00000164576",1.55807179733876,5.47742382901089,4.99648370270833,4.63914093912033e-06,0.000168628159163215,3.88691781301801
"ENSG00000137575",1.84064638539637,8.41454185675951,4.99240936118983,4.71045806639133e-06,0.000171065795108459,2.73728359649906
"ENSG00000169018",2.04688506351131,3.97157944178173,4.99116885222233,4.73238438525239e-06,0.00017170696485191,3.99945413107552
"ENSG00000139496",1.94741692744818,4.77872967095729,4.9907447290841,4.739903782708e-06,0.000171824717648717,3.9235119568281
"ENSG00000144909",2.08875459182436,5.08693388472779,4.98925299890985,4.76644417544448e-06,0.000172631161028125,3.84801812911435
"ENSG00000185947",2.83021729453962,3.60211103387567,4.98189759814322,4.89945243043901e-06,0.00017728873682134,3.96538282581442
"ENSG00000224470",1.73697281070184,4.96828371671613,4.98088883517946,4.91797514486261e-06,0.000177798953933243,3.86551273795104
"ENSG00000114450",2.18716295318485,4.39849000200223,4.978561738819,4.96096685711027e-06,0.000179164539948714,3.91731906798241
"ENSG00000259600",7.32902884661122,-2.37803062043892,4.97836270657154,4.96466090002656e-06,0.000179164539948714,3.32387498711684
"ENSG00000174123",2.54270332574667,3.50566773570018,4.9730954164763,5.06340692906368e-06,0.000182564202118581,3.94187397772604
"ENSG00000267365",4.29346561911312,0.604723962674616,4.97067647032048,5.10939703954069e-06,0.000183728067784986,3.81166821724344
"ENSG00000139508",1.81003676861575,4.43699549998193,4.96766865241859,5.16715393982954e-06,0.000185638894270802,3.89864502666931
"ENSG00000232973",4.68954365560293,0.838488019365852,4.96616582225027,5.19625072505768e-06,0.000186357349400167,3.87193835576177
"ENSG00000111886",5.50324803725352,-1.2074283990913,4.96599814549324,5.19950710236038e-06,0.000186357349400167,3.52623742890861
"ENSG00000196511",3.3450483251151,3.0809955679577,4.96590192187546,5.20137672173052e-06,0.000186357349400167,3.90395883312577
"ENSG00000140379",3.61431754539157,4.02975529533153,4.96567986276384,5.20569383056534e-06,0.000186357349400167,3.83047471648209
"ENSG00000268001",2.26741581087724,3.91160972299704,4.96386078051661,5.24119143810146e-06,0.000187461190564551,3.8969157558576
"ENSG00000146828",1.76588353889688,8.53556826975303,4.96086031965414,5.30026107924862e-06,0.000189405418584847,2.60904931783588
"ENSG00000044446",1.58412350065576,6.14648550617521,4.95863859545027,5.34441941590932e-06,0.000190813809376897,3.57620170126317
"ENSG00000168610",1.59756773762374,8.56755043412676,4.95696023091809,5.37801675877757e-06,0.000191842972259429,2.58640603826443
"ENSG00000196663",1.87161620942901,7.00319184291334,4.95652362578443,5.38679052103797e-06,0.000191985596211674,3.17418953851273
"ENSG00000149571",-4.59981829673263,-2.92267381695993,-4.95531991399365,5.41105225958068e-06,0.00019267947116002,3.83902672539055
"ENSG00000118197",1.91910775550174,3.96698519589039,4.95279100938321,5.46237331773903e-06,0.000194334807185615,3.86665922219041
"ENSG00000232125",7.31318389389875,-3.52618950411856,4.95138842162149,5.49104228453681e-06,0.000195182035298805,3.28286436089385
"ENSG00000180712",6.83446396659184,-2.18352086784757,4.95017492460681,5.5159650544809e-06,0.000195894723604453,3.46016519868558
"ENSG00000211455",2.12643380361033,4.30928190898363,4.93822073553394,5.76747491662116e-06,0.000204646095849959,3.78772776645651
"ENSG00000197324",1.62368835496345,9.98094037661855,4.9361640684866,5.81186358660545e-06,0.000206039276815443,1.51781715960434
"ENSG00000138814",1.93018113684996,5.21774861252559,4.9294152124562,5.95988485558054e-06,0.000210914868806381,3.64741263309536
"ENSG00000146376",2.06965727730611,3.2810951667915,4.92890180162678,5.97129522502277e-06,0.000211132814983611,3.7845921125772
"ENSG00000083937",1.76476028612976,4.24113681173851,4.9257360654952,6.04212643174693e-06,0.000213449531466687,3.76482160516034
"ENSG00000104093",2.66663078131341,4.93196926510834,4.92368721963078,6.08840560958804e-06,0.00021489559465905,3.5748177901535
"ENSG00000172869",2.27498951627496,3.13472391187459,4.92091538412604,6.15156816702366e-06,0.000216871434361056,3.75395196144775
"ENSG00000165959",1.9836875881726,4.04574474013041,4.92075798521073,6.15517403626599e-06,0.000216871434361056,3.71556564767871
"ENSG00000260314",6.18868640507635,-2.20407484132295,4.91989359372905,6.17501338043719e-06,0.000217379936882956,3.2464848231897
"ENSG00000182541",2.22092720438349,8.07504839822761,4.91539445725044,6.27929156752362e-06,0.000220664405242644,2.50842172788689
"ENSG00000271522",6.11614992094061,-5.99550518229324,4.91469761516913,6.29559591443754e-06,0.000220969512917511,1.5447038732881
"ENSG00000170558",-4.55044994899817,-2.16064889734927,-4.9145537666091,6.29896676293387e-06,0.000220969512917511,3.70142585264374
"ENSG00000267194",3.72610870271343,2.06966953465267,4.91397087431215,6.31264394922776e-06,0.000221256244155932,3.73680996932901
"ENSG00000179387",2.14399753825466,2.93104965157779,4.91173601286621,6.36535334532305e-06,0.000222715348293018,3.68932957347042
"ENSG00000211886",-4.45269926855741,-2.68434483116717,-4.9097496333101,6.41256361390939e-06,0.000224172071657726,3.68473204893101
"ENSG00000152926",3.0435526486463,3.65624982744295,4.90743153927396,6.46809107019067e-06,0.000225916765598441,3.66577703924887
"ENSG00000125827",1.8114271918916,6.27307200414093,4.9046299035522,6.53582941813929e-06,0.000228084560996559,3.30766655979076
"ENSG00000187116",2.97021904138089,8.0026783624032,4.90225433859109,6.593809574509e-06,0.000229908354305647,2.2718713915494
"ENSG00000106178",7.19871759979843,-5.7336740290378,4.89830404957763,6.69133993158422e-06,0.000233106800632191,2.29273043085392
"ENSG00000211813",-4.10755292298059,-2.79510219945962,-4.89433769371816,6.79068655325156e-06,0.000236362927111532,3.62858767256356
"ENSG00000134215",1.90243672085585,4.61784090664907,4.8911067463995,6.87267837843858e-06,0.000238905899783766,3.61746485486841
"ENSG00000121486",1.93501438073953,3.91456061139205,4.89099109249409,6.87563121361668e-06,0.000238905899783766,3.65602628706907
"ENSG00000171105",2.07320361987657,3.12571017686031,4.88950302521176,6.91373492330233e-06,0.000240022427794991,3.65081675167417
"ENSG00000162949",6.55986017661967,-2.48057212382705,4.88665646912641,6.98720071786424e-06,0.000242363626626038,3.15950477947556
"ENSG00000230829",7.4853491208065,-5.17076167846237,4.88558801714203,7.01497268112923e-06,0.000243117182523067,2.53037267026827
"ENSG00000240418",-3.5735729458732,-2.97626828684436,-4.88075161420984,7.14204041143954e-06,0.000247307759363215,3.57827236549247
"ENSG00000236438",2.72156977466031,5.78199297653007,4.87946550820623,7.17620772330341e-06,0.000248277024864237,3.17992258068719
"ENSG00000156735",2.34794664123408,2.92150674049166,4.8711998848794,7.3996430378282e-06,0.000255787144803757,3.58405949762633
"ENSG00000156875",1.75202689672705,4.85329260749422,4.86951932624758,7.44589695942994e-06,0.000257164905122854,3.51006094775972
"ENSG00000203780",-3.99799465790504,-2.41777734101561,-4.86813810605443,7.4841237981841e-06,0.000258263300373045,3.5399071744973
"ENSG00000177879",1.58534705138741,4.15748327662294,4.86777410628873,7.49422981818867e-06,0.000258390246270001,3.57745833860057
"ENSG00000051009",1.77743294566078,6.25971023932271,4.86488567223283,7.57489826776605e-06,0.000260947780771834,3.17332905659034
"ENSG00000044115",1.74670978768624,6.4448290495086,4.86372407180937,7.60757841527694e-06,0.000261849201584729,3.0584442910567
"ENSG00000170899",-4.07602247040442,-1.79210331489416,-4.86205444817993,7.65479277786208e-06,0.000263248912964595,3.52075442325766
"ENSG00000120992",2.50065792347821,3.61972841294826,4.86155582925879,7.66894842607552e-06,0.000263510311645374,3.55344553061567
"ENSG00000130202",3.25882567150374,3.52824610009064,4.86123634942548,7.67803181862201e-06,0.000263597126534793,3.4076954730267
"ENSG00000118564",1.76287926355819,7.64264922813116,4.85871009099023,7.75022939610504e-06,0.000265848739063323,2.68572288664514
"ENSG00000113712",1.61754871756287,5.38125994708345,4.85556392833369,7.84107176524698e-06,0.000268735521829888,3.37970520917909
"ENSG00000054965",1.54545621100255,5.02651247288362,4.85294209593075,7.91756923100594e-06,0.000271126165438587,3.41148950077027
"ENSG00000258325",-3.9002933469426,-2.39135650148168,-4.85177339287746,7.95190327404475e-06,0.000272070140785657,3.4845361144405
"ENSG00000084070",1.52947453184083,9.89135754215503,4.85109817126114,7.97180617100075e-06,0.000272519176604228,1.25398763076879
"ENSG00000196074",4.70637312621127,0.689796183952982,4.84725577926224,8.08599546960766e-06,0.000276187926821722,3.40006764297491
"ENSG00000238035",3.87644348030933,0.569952646347243,4.84629024462495,8.11493997891804e-06,0.00027694127082552,3.42203526999027
"ENSG00000157741",2.10909035080142,3.78875081869343,4.84346118736205,8.20033305275749e-06,0.00027961814197367,3.4919120509288
"ENSG00000081087",2.11716019006806,4.09325337954579,4.83587145878261,8.43378661518245e-06,0.00028709152371174,3.4556852397888
"ENSG00000145012",1.65528348038722,5.15113871509941,4.83532019740371,8.45099376417146e-06,0.000287250566263218,3.36076572680116
"ENSG00000132698",-3.94032864340155,-2.69215044703171,-4.83526402335269,8.45274911420792e-06,0.000287250566263218,3.43018256518914
"ENSG00000268510",-4.45417377201799,-2.40203244473465,-4.83491019455965,8.46381389827497e-06,0.00028738365400207,3.4344923348715
"ENSG00000143669",2.06689249615867,6.9635126276822,4.83398208681757,8.49290460774988e-06,0.000288128059950009,2.79860399227857
"ENSG00000165801",2.0046020671943,7.00925190736983,4.83114579894678,8.58241254588704e-06,0.000290674093656066,2.72642888540615
"ENSG00000197323",1.59690691664114,5.01823182662701,4.82792820814402,8.68507024619914e-06,0.000293903361984594,3.37630757004245
"ENSG00000172893",2.39737487142315,3.37732391333158,4.82654701658237,8.72950463945083e-06,0.000295158574865603,3.42869087383808
"ENSG00000145416",2.13630260866266,4.49557632123865,4.82616019951753,8.74198872941762e-06,0.000295332294873989,3.37767363263003
"ENSG00000124789",1.89827635164678,5.45022493862343,4.81994636801745,8.94494113033682e-06,0.000301934948213099,3.2022695005116
"ENSG00000164124",4.02848473736047,1.03323543529286,4.81596419222313,9.07741794366904e-06,0.000305909559351966,3.33050424353337
"ENSG00000213083",7.23814044531922,-6.13865455375787,4.815949532301,9.07790916638215e-06,0.000305909559351966,1.98939262099822
"ENSG00000148175",3.62520365625467,6.70903441160478,4.81451493915675,9.12610518173777e-06,0.000307276114335194,2.44664334632553
"ENSG00000213684",-2.9739134472119,-3.73554823354036,-4.8139531251449,9.14504771744529e-06,0.000307656241285971,3.35509913450957
"ENSG00000169446",1.54329577848371,4.32286190646589,4.81268366442287,9.18799139283633e-06,0.000308842499978935,3.37562956636517
"ENSG00000129636",1.6421823891934,4.41109478373482,4.80968732243945,9.29013545334415e-06,0.000312015058893351,3.34545977122535
"ENSG00000281162",2.90044355132356,4.41366053392595,4.80498005371082,9.4528490552017e-06,0.000317214889580316,3.18425451743467
"ENSG00000119979",1.52474369910815,4.72429897280633,4.80437481832393,9.4739708733268e-06,0.00031755231217345,3.31919588964946
"ENSG00000154845",1.81910812720639,6.32879301542351,4.80423943321013,9.47870192050494e-06,0.00031755231217345,2.95292086879291
"ENSG00000135679",1.89229218172062,5.56798063083359,4.79910622006433,9.65979555419984e-06,0.000323349792564481,3.12439205789566
"ENSG00000123728",2.2725315181724,4.25963165018757,4.79730486317311,9.72414302644801e-06,0.00032523294338541,3.29078146929258
"ENSG00000113273",1.86683020062773,3.88174611662473,4.79568230990335,9.78246168105059e-06,0.000326911491688775,3.32588673737876
"ENSG00000225422",4.15228660936194,-2.3265808911746,4.79321161204927,9.8719216256153e-06,0.000329627070758294,2.02487865092397
"ENSG00000270277",4.41611410385493,0.832287065741775,4.7929696641238,9.88072500879534e-06,0.000329647225563145,3.21363605423621
"ENSG00000228716",1.93401426238237,3.47342386400095,4.79260727088862,9.89392519601845e-06,0.000329659890916534,3.32397039682964
"ENSG00000070214",1.95918859524393,4.18555795462375,4.79237948617455,9.90223107835736e-06,0.000329659890916534,3.29440745227455
"ENSG00000077585",2.36942291108467,2.96129353100195,4.79202089543868,9.91532044109475e-06,0.000329706958124807,3.32171517296252
"ENSG00000119906",1.67327501427252,4.32622668774501,4.78811666660739,1.00589318404274e-05,0.000333654437169028,3.28961419471355
"ENSG00000281969",8.27401881839025,-4.80587284518631,4.78669514739771,1.01117232995578e-05,0.000335129019034478,2.74540213070586
"ENSG00000164938",2.05221753135333,5.75866855854392,4.7851562840436,1.01691776792683e-05,0.00033675558571824,3.02350209333222
"ENSG00000100934",2.02077594252469,3.85934642051372,4.78095664452453,1.03276010990136e-05,0.000341720345170819,3.27508254034647
"ENSG00000011201",7.26024673398036,-3.60674213967876,4.78032258518865,1.03517282846001e-05,0.0003422369905407,2.78190962370923
"ENSG00000113282",2.16709445046968,5.52495629270701,4.77673589314569,1.04892488858297e-05,0.000346498589735517,2.96630095491651
"ENSG00000273319",7.90838965621414,-5.25583068935371,4.77359836212404,1.06110096813192e-05,0.000350233014128401,2.39657051887735
"ENSG00000005889",2.16629441991406,4.22908928147056,4.77315355972537,1.06283828368913e-05,0.000350248736170975,3.21315245279725
"ENSG00000058673",1.87462102771406,6.51609584272181,4.77314006229675,1.06289104554149e-05,0.000350248736170975,2.77652126318786
"ENSG00000151233",2.30226284646317,2.70768019555207,4.77104096485958,1.07112768783806e-05,0.000352673835433789,3.22520304527884
"ENSG00000183735",1.84610232396604,4.06862583426048,4.77045945514378,1.07342047643342e-05,0.000353139525315682,3.2422133320798
"ENSG00000074181",6.42662296026298,-2.18448349259406,4.76804783375567,1.0829803276264e-05,0.000355412041887645,2.94682767572551
"ENSG00000177463",2.08834659010367,5.16600183208382,4.76006316660107,1.11522924308049e-05,0.000365696949676362,3.01717125316507
"ENSG00000078747",1.71703198001819,5.6610065896663,4.75765282371091,1.12514719289801e-05,0.000368648471466063,2.96995986888708
"ENSG00000168754",-4.12042158879671,-2.40946078238535,-4.75591310267051,1.13235916176682e-05,0.000370709307991446,3.16984108119866
"ENSG00000109572",1.84634077354592,4.04002413831221,4.75232040326797,1.14739573430326e-05,0.000375326308465905,3.17325651903962
"ENSG00000164463",2.27049837998227,5.21046679483565,4.75186088171732,1.14933298156385e-05,0.000375654345730324,3.00052789442121
"ENSG00000152223",1.78302817060102,5.18276503188419,4.74985439928254,1.15782937281581e-05,0.000378123935385388,3.03948763346861
"ENSG00000059728",1.88506955660261,9.12493276110809,4.74434916009637,1.18145729790168e-05,0.000385527161446779,1.42539444364249
"ENSG00000164219",1.93078500676686,3.96037485460196,4.73908701227844,1.20448153430882e-05,0.000392721546166124,3.13732542954373
"ENSG00000238009",4.64808146557772,0.264803828173668,4.73732576419128,1.21228516172274e-05,0.000394945608359625,3.02535629356102
"ENSG00000169180",1.54147570008001,9.84029949062909,4.73688334513156,1.21425314627936e-05,0.000395247392389401,0.951994522772065
"ENSG00000259379",6.49658594353266,-1.33821029607778,4.73667571822049,1.21517779462041e-05,0.000395247392389401,2.7135334938052
"ENSG00000271430",2.65755487460509,2.97831062475429,4.73576047654129,1.21926194216508e-05,0.000396255202901542,3.12979022480149
"ENSG00000125149",1.60342009430135,4.6447225185415,4.73461122332236,1.22440931368239e-05,0.000397285740344307,3.07080924135327
"ENSG00000121741",2.19015421067239,4.87408980792554,4.72802009118614,1.2543424189229e-05,0.000406669951012408,2.96498863823145
"ENSG00000100483",2.38051218826487,3.09215020518966,4.72480309851057,1.26921031750271e-05,0.00041115868802775,3.08972401631641
"ENSG00000174482",-4.02047941759178,-2.92305407998363,-4.72015660342141,1.29098892356009e-05,0.000417877107125305,3.05102092390746
"ENSG00000077254",1.79894710596458,4.68269716372087,4.71313674360475,1.32458499256554e-05,0.000427935444634533,2.99116299943674
"ENSG00000005812",2.09268440021905,4.53483821797116,4.71277874619423,1.32632098904191e-05,0.000427935444634533,2.98995566770318
"ENSG00000140564",1.69636884873487,8.52143178828699,4.71147227691444,1.33267515627659e-05,0.000429595644233796,1.65965088910045
"ENSG00000135596",1.56673376021766,8.2939648645411,4.71128186749616,1.33360371126754e-05,0.000429595644233796,1.89773702948221
"ENSG00000118432",6.55669284161681,-2.39750236542788,4.7100130072955,1.33980760331116e-05,0.000431248560995319,2.71264703003101
"ENSG00000215196",5.61274267043731,-0.508805705389728,4.70966023564029,1.34153742140245e-05,0.000431459899321771,2.90414202049155
"ENSG00000234645",-2.69330873863485,-3.17773040153185,-4.70720663487097,1.35362909512467e-05,0.000435000774438065,3.004688263206
"ENSG00000264764",7.67983811415193,-4.04148768871613,4.70504104772851,1.36438968944235e-05,0.000438073103394513,2.34670511419962
"ENSG00000121807",1.82697054848641,5.90685445278579,4.70484481117327,1.36536888352153e-05,0.000438073103394513,2.65005964000692
"ENSG00000211720",-4.15078679217666,-3.15577018461177,-4.70217453258838,1.37876154627514e-05,0.00044196996161841,2.99331252549179
"ENSG00000115084",2.15755429630538,2.74556128110397,4.70197403737551,1.37977227743868e-05,0.00044196996161841,2.98453124419365
"ENSG00000185127",2.14597069127613,3.19365552026696,4.70176782655635,1.38081257597314e-05,0.00044196996161841,3.01701575643136
"ENSG00000101425",3.87643241467958,4.07728079407115,4.69960683044299,1.3917605616768e-05,0.000445119793958081,2.72148525880688
"ENSG00000129493",2.70606847170588,2.58655787365444,4.69728397808515,1.4036229659761e-05,0.000448200559794847,2.99764452752129
"ENSG00000178719",2.17992146737461,8.96636111217273,4.6957814799854,1.41134843236788e-05,0.000450309759349632,1.14294429026729
"ENSG00000235321",7.38300051749982,-3.49900210844874,4.694231939115,1.41935922200211e-05,0.000452506577660023,2.33986612864921
"ENSG00000187037",3.51652415353053,2.46980766382141,4.69336461750634,1.42386242830559e-05,0.000453582546297476,2.98866092436749
"ENSG00000136144",2.1733205514654,3.06294534134531,4.69243664764635,1.42869595705156e-05,0.000454761954595304,2.98550919778158
"ENSG00000213625",1.66785328209055,5.10158378846928,4.69063019477389,1.43815119678852e-05,0.000457409449472248,2.85699590876547
"ENSG00000259671",6.76736918977873,-1.88449691057621,4.68997978057693,1.44157048171344e-05,0.000458134517832757,2.4309750874606
"ENSG00000070031",-3.97970083235904,-2.67607502003628,-4.68807706053405,1.45161883910698e-05,0.000460963511609627,2.94583293228948
"ENSG00000251442",4.73686802403706,0.40037753978376,4.68762234931049,1.45403028610908e-05,0.000461364842637388,2.86393763006152
"ENSG00000185261",4.81125296305553,0.32970661870924,4.68571997746194,1.46416147349537e-05,0.000464213087992594,2.83671417033654
"ENSG00000197506",6.6633140957203,-2.9108412137221,4.68530106774453,1.46640163246505e-05,0.000464556961610401,2.4201831162853
"ENSG00000164430",2.03661491471581,3.46664824189679,4.6793786332231,1.49843236269687e-05,0.000474330534213698,2.94272962760517
"ENSG00000164631",1.89873516497884,3.52209910986389,4.67709588011624,1.51095965368158e-05,0.00047791974820855,2.93502368339014
"ENSG00000134242",1.88997240198043,4.74182845707241,4.67369262605173,1.52982586418623e-05,0.000483506756226532,2.83153862242749
"ENSG00000127946",2.57349484608221,6.57883771438528,4.66934654217275,1.55425295981831e-05,0.000490841142895646,2.08875753695863
"ENSG00000170185",2.04585147831253,3.99917531281524,4.6673625107128,1.56553021543547e-05,0.00049401448760547,2.87291218710597
"ENSG00000150054",2.38599917274619,3.57924022412245,4.66678174721151,1.56884634866054e-05,0.000494672634579223,2.89892879948784
"ENSG00000163406",2.53498618449374,2.51127878342952,4.66231022816402,1.5946088972293e-05,0.000502008354631262,2.86238236355952
"ENSG00000120129",2.22536132164235,7.82948805544955,4.66172892964791,1.59798818123138e-05,0.00050267856699424,1.67818889570141
"ENSG00000054598",7.11670329206422,-3.38890239581022,4.66094384564263,1.60256322305045e-05,0.000503723586341472,2.36682898815242
"ENSG00000205213",6.69523351343974,-3.14710029057813,4.66070921829369,1.60393298006834e-05,0.000503760263005526,2.37074428077587
"ENSG00000155096",2.08450617464725,5.14949347638249,4.66021761267072,1.60680668123121e-05,0.000504176268771443,2.69606339614225
"ENSG00000253931",8.03681838122223,-4.56614136003047,4.66005373935978,1.60776572450373e-05,0.000504176268771443,2.29840338676704
"ENSG00000113448",3.58035427178052,2.95933677440814,4.65699037157702,1.62579667271424e-05,0.000509433186566313,2.84130435314727
"ENSG00000092931",1.53533674053146,3.572645886718,4.65619815803407,1.63049162150424e-05,0.000510506418751661,2.86416628869225
"ENSG00000104972",1.84773620837192,6.7961540760862,4.65552447417434,1.63449451614048e-05,0.000510963829999062,2.2105859736424
"ENSG00000159128",1.61591507733998,7.81843143154434,4.65103624055262,1.66140827195838e-05,0.00051897385663769,1.87895192189885
"ENSG00000267737",6.20626591777813,-2.75032062297123,4.64906963796174,1.67333668864254e-05,0.000521922473708146,2.28456952613536
"ENSG00000064309",-4.0337764083811,-2.28239870539373,-4.6490519622916,1.673444277921e-05,0.000521922473708146,2.81884022050192
"ENSG00000176788",2.48638491130622,9.0760023671035,4.64804246941278,1.67960011871632e-05,0.000523436309865377,0.74211307810179
"ENSG00000099834",-4.21225255651743,-2.19873113775203,-4.64639960002392,1.68966547853532e-05,0.000526165232905322,2.8120194003627
"ENSG00000135317",1.77483364642408,4.3236442020155,4.64573492801546,1.69375440458811e-05,0.000527030298554575,2.80879391885268
"ENSG00000161533",1.64644837337285,6.75528581485283,4.64450361685205,1.70135467560038e-05,0.00052898577469827,2.26887683517307
"ENSG00000113384",1.68093912962146,5.30620620586332,4.64356393819824,1.70717719714721e-05,0.000530385917153881,2.62033976044817
"ENSG00000183421",-4.33568659390349,-2.17451576284626,-4.64288869545728,1.7113731844032e-05,0.000531278955670869,2.80129975595256
"ENSG00000107758",1.61421702196866,4.68418846167474,4.63927501836711,1.73400012817548e-05,0.000537059115199621,2.74873376726172
"ENSG00000136861",2.20575251442321,6.09148457138983,4.63884872932986,1.73668847442104e-05,0.000537477675509427,2.29386108881408
"ENSG00000167186",1.77801549165501,2.84039744811252,4.63840880107578,1.73946709376059e-05,0.00053792350848741,2.77620239763994
"ENSG00000144566",1.60980137615402,5.23995155639298,4.63795657686612,1.74232789101254e-05,0.000538129522811784,2.65693619814144
"ENSG00000165572",2.79170735583069,1.90720327165928,4.63788037429547,1.74281040421109e-05,0.000538129522811784,2.73283484624222
"ENSG00000197782",2.27192329132165,2.92875333623399,4.63711689607176,1.74765192751626e-05,0.000539210305372285,2.79354085561859
"ENSG00000121933",5.51413690959896,-0.487038895811182,4.63494414027211,1.76150208708817e-05,0.000543066770744774,2.64426563214229
"ENSG00000135821",1.5137293701651,9.12786432808613,4.6335245905075,1.77060866915231e-05,0.000545456013159088,1.10012588381955
"ENSG00000230508",-2.9307282420305,-3.60950934249356,-4.63004539431549,1.79312257626457e-05,0.000551968712182145,2.75275612846349
"ENSG00000268903",2.31475895633376,6.13968010255802,4.6266131326114,1.81560599718602e-05,0.000558462068086247,2.27529410205162
"ENSG00000250696",-4.63944084958239,-1.9769180952662,-4.6251933221078,1.82498673332766e-05,0.000560918323036992,2.7457180937868
"ENSG00000275216",-3.96698645187403,-2.92372737398446,-4.61581944810441,1.8881160519482e-05,0.000579435431453599,2.71010687436019
"ENSG00000225733",1.72981557379626,5.4015514318596,4.61312796656965,1.90663186885704e-05,0.000584671353102904,2.5146069034945
"ENSG00000135241",1.98915576843003,3.66122545520197,4.61182914712862,1.91563014352994e-05,0.000586982949925234,2.71703992024279
"ENSG00000107554",1.80331797315007,3.47204129396156,4.60744717072992,1.94629492211744e-05,0.00059592496922289,2.70056949100489
"ENSG00000197535",1.59000252929039,5.32014020623603,4.60565491209229,1.9589743386987e-05,0.000599350733366553,2.50467928999504
"ENSG00000086544",2.19432564117376,4.78707609551053,4.60347321144839,1.97451749089619e-05,0.000603646784555198,2.49499890288249
"ENSG00000152766",4.65725843911319,1.82525152572524,4.60191484536907,1.98569327752385e-05,0.000606602136345089,2.68436559149616
"ENSG00000205726",2.47613112890808,2.64074777268409,4.59912507953233,2.00585407920529e-05,0.000611831150927246,2.67175822853842
"ENSG00000213237",-2.53008269636052,-3.62753045483705,-4.59733534421848,2.01889278416092e-05,0.000614409747985144,2.6477358350343
"ENSG00000153094",1.51347639342859,5.23722154950503,4.59502268192369,2.03586344904481e-05,0.000619105766857029,2.48604480627516
"ENSG00000155085",2.4165026298598,1.865522651466,4.59276110979182,2.05259352502126e-05,0.00062372157893352,2.53559663660062
"ENSG00000162636",2.39912913274782,2.66378411737812,4.59074392325562,2.06762865672906e-05,0.000627341941568464,2.63958695701061
"ENSG00000145287",2.3127505322371,7.17322006535227,4.58960809984244,2.07614167265856e-05,0.000628910795676478,1.7230264102183
"ENSG00000112367",1.61424274308138,4.76501719986793,4.58942828621862,2.07749250449819e-05,0.000628910795676478,2.53288191387449
"ENSG00000128512",2.83332310381478,2.71715497838683,4.58281753214816,2.12775362390302e-05,0.000643641468684342,2.6217882331674
"ENSG00000137757",3.63457812900436,2.67909797835752,4.57739883112148,2.1698328469195e-05,0.000655384072966626,2.59379351141182
"ENSG00000177706",2.29634166207122,3.58582685911576,4.57051668789297,2.22444579653132e-05,0.000670500111314573,2.53512926668993
"ENSG00000155893",2.56599769909247,3.02223505832466,4.57046235695524,2.22488221604308e-05,0.000670500111314573,2.58002646262304
"ENSG00000071967",2.5382737745441,4.12394772551056,4.56974338201483,2.23066532047517e-05,0.000671739379878223,2.46955626687188
"ENSG00000276597",-3.91378056906205,-2.79386254312477,-4.56732726134114,2.25020689692702e-05,0.000677116898729492,2.55268540661284
"ENSG00000065060",2.00947965533966,3.10499410944895,4.56496773984597,2.26945148250567e-05,0.000682397071800247,2.56289318509874
"ENSG00000159496",3.15749335939485,5.6124333578548,4.56236285886916,2.29088332258922e-05,0.000688326542113093,2.0143853196357
"ENSG00000040341",1.71782687185041,3.40019531536848,4.56136996452994,2.29910417709921e-05,0.000690280702970444,2.55051688044972
"ENSG00000168916",4.86700078323697,0.680716407401862,4.55559985901948,2.34745017111551e-05,0.000703744905139342,2.51551842792884
"ENSG00000163660",2.01133081011147,6.283345386539,4.55507652331259,2.35188366461417e-05,0.000704548636995669,2.07705048921751
"ENSG00000003509",1.97675637504531,3.13925917591012,4.55444794537674,2.35721950131435e-05,0.000705621283632461,2.5185178867822
"ENSG00000101336",1.7047071769934,9.77798700426753,4.55409237940393,2.3602430246361e-05,0.000706000670211461,0.265420961750371
"ENSG00000172845",2.1453849500958,5.54094775768993,4.55216711998434,2.37667995410166e-05,0.000710388754756838,2.21710998037545
"ENSG00000178175",4.50596228392379,-0.0192392079523897,4.55127988532397,2.38429217799313e-05,0.00071213457756077,2.42967022016343
"ENSG00000167191",-4.33262094033079,-2.27856243658929,-4.54702135091229,2.4211606842222e-05,0.00072260951616259,2.48974490806197
"ENSG00000188021",1.70943948987993,5.5716601364562,4.54491612472174,2.43959112497845e-05,0.000727030707237833,2.23371033686006
"ENSG00000058091",2.41574868883706,3.2676355914247,4.54455253509957,2.44278800595773e-05,0.000727444173448243,2.49048143297184
"ENSG00000152380",4.40562068920952,0.12765261720406,4.54429673549186,2.44503957987692e-05,0.000727575730497498,2.33809124373233
"ENSG00000239887",6.08311325838647,-2.06802335008294,4.54367977996038,2.45047839644258e-05,0.000728411662248808,2.05119290555543
"ENSG00000085832",1.52808801847334,5.65070077944927,4.54356715595744,2.45147251137415e-05,0.000728411662248808,2.24481092874968
"ENSG00000139921",2.27184544132826,3.30134247381769,4.54283010212464,2.45798806745015e-05,0.000729808244369506,2.48911929290272
"ENSG00000165097",1.8937924693923,4.716078741574,4.54030099838669,2.48047370107768e-05,0.000735940986942619,2.36008843738798
"ENSG00000169504",2.17965055771758,3.28984079667574,4.53957736144256,2.48694411759229e-05,0.000737316573860216,2.47951512333726
"ENSG00000110330",2.15473828500545,4.63390583510713,4.53878524400797,2.49404568056411e-05,0.000738597605036963,2.39451642372754
"ENSG00000204044",5.66227241954963,0.175529150703561,4.53868571011353,2.49493942500422e-05,0.000738597605036963,2.470701233078
"ENSG00000139163",2.14952391116404,3.39070546577058,4.53432351852375,2.5344164015676e-05,0.000748630478881856,2.46155199993972
"ENSG00000133318",1.77129443614136,8.49360332015457,4.530956480371,2.5653023405589e-05,0.000757197391300654,1.05252330807209
"ENSG00000138459",1.88893054099621,3.5955149669759,4.53038891747316,2.57054454849591e-05,0.000758188055309118,2.4460233092261
"ENSG00000178342",6.75154465407578,-2.61919366485862,4.52966239383281,2.57727018275911e-05,0.00075961448597714,2.20371305238002
"ENSG00000085433",2.14929131057004,2.79528838486957,4.52787582482024,2.59388184237884e-05,0.000763391199321481,2.43861953388644
"ENSG00000175895",2.34640686039905,3.51868683206191,4.52476559687217,2.62304980293996e-05,0.00077028377047328,2.42149090386592
"ENSG00000164252",1.70963674270408,4.10671238803473,4.52399133106148,2.63036037902601e-05,0.000771866773413164,2.40585761993308
"ENSG00000130635",-4.2151480606769,-2.80041297443232,-4.51971504909509,2.6710951878468e-05,0.000782677614736275,2.40127360757911
"ENSG00000117000",2.03615972605144,3.88167160150424,4.51640079954586,2.70308731564885e-05,0.00079147499099574,2.38041692430041
"ENSG00000135218",1.96083919377681,6.25449833343894,4.5114296684473,2.75177292385807e-05,0.000805143923471195,1.8741718000108
"ENSG00000150337",3.33465849874902,5.08649910451679,4.50991867045847,2.76673938532153e-05,0.000808346342795758,1.98862854676685
"ENSG00000167434",3.44254178330305,5.02600637337168,4.50888528273507,2.77702065832385e-05,0.00081076096227985,1.9244908688458
"ENSG00000158290",1.66799188258168,5.23860744294732,4.50828962426267,2.78296379075974e-05,0.000811906460929776,2.22453258839251
"ENSG00000214456",2.90675272001116,4.54154043911582,4.50414179628109,2.82469267759862e-05,0.000823482922587526,2.14067379566026
"ENSG00000144744",1.64217397016707,5.02815786111178,4.5036140006111,2.83004596149978e-05,0.000824445708291407,2.24646065763099
"ENSG00000168216",1.78966199823915,5.01994661959012,4.50254197813452,2.84094956979883e-05,0.000827022842904073,2.23427311126795
"ENSG00000211665",-4.37660960605325,-2.15201666494255,-4.50218656008939,2.84457355706839e-05,0.000827478626203063,2.34565273569953
"ENSG00000134333",2.28534771455342,7.84515689881126,4.49960618134652,2.87101926182402e-05,0.000834567724973603,1.10961867347834
"ENSG00000225523",-4.05866153136614,-2.01825512119501,-4.49449895384514,2.92406867642622e-05,0.000848761075304598,2.31914199174542
"ENSG00000244198",-3.88177436506185,-2.15603887009294,-4.49100716050962,2.96088559112685e-05,0.00085882772391401,2.3070511443246
"ENSG00000178935",1.58468217322679,3.9139699374575,4.48996201161296,2.97199283252275e-05,0.000861427944146211,2.30812904326416
"ENSG00000135424",5.87134567870413,1.3538951909855,4.48500504390268,3.02522662856994e-05,0.000876225943240409,2.29481112864075
"ENSG00000077420",1.58491993908709,8.97808407934161,4.48371959719681,3.03918191921103e-05,0.000879634208179424,0.617084823728483
"ENSG00000148400",1.72691865947226,7.96508557327239,4.48117874936547,3.06695063047042e-05,0.000886395034120574,1.13218485405489
"ENSG00000101846",2.13973246712812,2.84367339819547,4.48024273061632,3.07724232944279e-05,0.000888249320077206,2.28435858996753
"ENSG00000136867",1.89310174089263,5.74761787374459,4.48019341980174,3.07778544069337e-05,0.000888249320077206,1.93082575485922
"ENSG00000163453",2.58549031905875,3.87693587643798,4.47978510123144,3.08228625868157e-05,0.000888910130355213,2.19909415101639
"ENSG00000108588",1.66400425198482,4.41386608686581,4.4728212543418,3.1600395662859e-05,0.000908726113332087,2.20640806138841
"ENSG00000166439",1.59568091381783,5.15819461983487,4.46711721901631,3.22514376874081e-05,0.000926785059263175,2.06871796080076
"ENSG00000198019",3.1458547717533,4.23411247724717,4.4647615223686,3.25240964640034e-05,0.000933952661461332,2.05352146437378
"ENSG00000162378",1.96684386981035,3.86648968439919,4.46285473248349,3.27464358107153e-05,0.00093899587194178,2.20650516296432
"ENSG00000206557",6.76155343742766,-4.49047006711788,4.45893596364005,3.32080259830764e-05,0.000950875399267548,1.4988737541434
"ENSG00000119787",2.31053315091647,2.71697862163402,4.45402811385472,3.37950421538469e-05,0.000966307457090295,2.19447814166284
"ENSG00000134444",2.22335184594071,3.99389288096767,4.45379253333494,3.38234714836589e-05,0.000966432978383834,2.15726813149246
"ENSG00000196345",3.89965416634834,1.21276332224794,4.45097839889887,3.41648765026634e-05,0.000974110897276649,2.17928284834594
"ENSG00000148926",2.71170535071292,5.80110822755846,4.45072374662146,3.41959350454114e-05,0.000974305443441269,1.66692361448183
"ENSG00000120690",1.67577988794424,6.36000776547145,4.44884339304849,3.44261219865552e-05,0.000980169232367913,1.68252108271878
"ENSG00000232528",4.03000006390948,0.648976584915907,4.44679796568962,3.46782258959298e-05,0.000986648292617247,2.09739074183149
"ENSG00000021574",2.11565101825191,3.53197891434243,4.44602471172674,3.47739976852699e-05,0.000988673447626039,2.16939475899513
"ENSG00000163932",1.50045785686248,8.51437831006857,4.44177864094732,3.53044933106428e-05,0.00100304681277347,0.790922863145458
"ENSG00000280279",4.60833612250719,1.56027765512466,4.43971116109631,3.55656374842759e-05,0.00100904005514669,2.13664794341466
"ENSG00000186603",-4.06482501006654,-2.4670020909193,-4.4377874265642,3.58103094799641e-05,0.00101454972636611,2.13770710126781
"ENSG00000171467",1.69009451260749,4.74436181949171,4.43684577431547,3.59306695808216e-05,0.00101652693771161,2.03096706853338
"ENSG00000163320",1.63612215170241,5.23471952276639,4.43586244120235,3.6056776575293e-05,0.00101937730793244,1.99045481843109
"ENSG00000128918",3.77653384845186,0.561918140422396,4.4317363204105,3.65906304568841e-05,0.00103374316628788,2.05062085532901
"ENSG00000260563",2.30434631390507,3.3988261515697,4.43119294287555,3.66615042514872e-05,0.00103501811370666,2.11809127129719
"ENSG00000169131",3.26762912072386,3.11991651414211,4.4279424588631,3.70882634002106e-05,0.00104633148436159,2.09067986225961
"ENSG00000234965",-4.38977647674148,-1.59082478393105,-4.42585583791203,3.73647559138386e-05,0.00105339264884161,2.10162079794255
"ENSG00000170385",2.89882941394742,2.85357969897135,4.42485512645023,3.74980665818782e-05,0.00105641014206354,2.10122408789302
"ENSG00000177054",1.79801145418426,2.69401175380333,4.41744969733865,3.84990427365643e-05,0.00108233462664011,2.05448719234156
"ENSG00000165672",1.51381097949915,4.79269754044067,4.41372009331506,3.90129398673463e-05,0.00109601551959962,1.98545728214311
"ENSG00000223773",1.76994952614207,2.79396669590376,4.41111671102271,3.93755964421176e-05,0.0011054313744176,2.05254829634561
"ENSG00000142512",1.78499757918441,7.64543209139171,4.40878641798678,3.9702985109175e-05,0.00111384466668461,0.903465553554211
"ENSG00000276248",5.52698075461059,-1.20979358652405,4.40829562666265,3.97722736879409e-05,0.00111501042315384,1.76062045513233
"ENSG00000119121",2.23053732145436,3.99614977116295,4.40552581316479,4.01655142444823e-05,0.00112519603065,1.98345743962733
"ENSG00000148925",1.60413553547683,4.26941738577844,4.40335621776906,4.04761729159171e-05,0.00113237515905755,2.00866729272666
"ENSG00000128342",-3.84501147144712,-2.81006723339093,-4.40194717674736,4.06791775806911e-05,0.0011364727568443,2.0228180667801
"ENSG00000245958",2.60658112811079,3.30113466626268,4.40144867340799,4.07512347899859e-05,0.00113769523682431,2.01127947718707
"ENSG00000088812",1.51482049094254,4.00133192250451,4.40081262650628,4.08433534057172e-05,0.00113947570688178,2.00217625623249
"ENSG00000168214",1.79105047398525,6.49661363786888,4.3985219587702,4.11767881394223e-05,0.00114718588827516,1.47545200683218
"ENSG00000165417",2.17695389155034,3.45166017229317,4.39487587253409,4.17129765355141e-05,0.00116131930933569,2.0029845841844
"ENSG00000102786",1.60376132487705,4.99211291377643,4.39205453074335,4.21325231109999e-05,0.00117218802360444,1.89543230841179
"ENSG00000199592",4.53118742021945,-6.61264950566637,4.39028869500255,4.23971914701564e-05,0.00117710765986411,-0.158284108905945
"ENSG00000207797",4.53118742021945,-6.61264950566637,4.39028869500255,4.23971914701564e-05,0.00117710765986411,-0.158284108905945
"ENSG00000102524",2.48495951792902,5.87421090225383,4.38644019831028,4.29796162188009e-05,0.00119180671472885,1.5092218714212
"ENSG00000170881",1.88885763438477,3.67910950434723,4.38629179261201,4.30022304326669e-05,0.00119180671472885,1.9754813006512
"ENSG00000256673",-3.80519329765462,-2.59166401922176,-4.38587624375058,4.30656136385267e-05,0.00119237176273833,1.97173882333181
"ENSG00000254635",1.50078456650211,4.51820318592375,4.38146685813761,4.37437808161276e-05,0.00121031484953198,1.89390996077174
"ENSG00000151327",1.70410720261522,4.17165560680987,4.38124975359261,4.37774379418887e-05,0.00121041303998611,1.93677039350477
"ENSG00000144815",1.62734012203921,4.65339091499267,4.38048623410358,4.38960039511093e-05,0.00121285714834536,1.88530527152398
"ENSG00000265612",-4.02864546629993,-2.56458463448385,-4.3742849840345,4.48705979724696e-05,0.00123893391462172,1.93615067744337
"ENSG00000151116",1.7404861686704,3.13607499701237,4.37313765242724,4.50532003251814e-05,0.00124312200375631,1.93516641206642
"ENSG00000181744",2.5148423596664,2.4964628068679,4.36561050833737,4.62691767990188e-05,0.00127492354055802,1.91186220777375
"ENSG00000169756",1.68467832815752,5.41408756406422,4.36444993319001,4.64594726728941e-05,0.00127841459301553,1.69532237900678
"ENSG00000172123",2.71690175740737,2.20674952384279,4.36392837006131,4.65452387577255e-05,0.0012798985557716,1.90634705428896
"ENSG00000197013",2.67838367133855,3.40622236206438,4.36354704090023,4.66080418596438e-05,0.00128074948656282,1.88075078921253
"ENSG00000144118",1.77297904280545,7.0466343362895,4.36218291322103,4.68333807817272e-05,0.00128606255067418,1.15993583411164
"ENSG00000152520",2.0863784667499,4.84359998053013,4.36182723069628,4.68923090786495e-05,0.00128680178128319,1.7456828319166
"ENSG00000165434",3.18571965474021,2.13846350241906,4.36042694179437,4.71250038860068e-05,0.00129230518842104,1.89502274272283
"ENSG00000225632",-3.81115148407762,-2.71568575823605,-4.35402922880496,4.82024748703269e-05,0.00131976589200633,1.87117156249418
"ENSG00000177359",-4.09016579983948,-2.78656469557797,-4.35389774813493,4.82248668065594e-05,0.00131976589200633,1.87197786494228
"ENSG00000102401",1.77191028482252,3.82114967816062,4.35146906498908,4.86403044495491e-05,0.00133022960508896,1.85194675348575
"ENSG00000236254",7.13339299204393,-4.08481056837063,4.34879806948526,4.91011975526391e-05,0.00134141183578324,1.12566447472813
"ENSG00000186081",-4.55661495747972,-2.08525912290795,-4.34871314938275,4.91159201600152e-05,0.00134141183578324,1.85731604398703
"ENSG00000144455",1.61952742425897,4.47873360499979,4.34810014311991,4.92223241608691e-05,0.00134250167654817,1.78789332609263
"ENSG00000072952",2.18002412006954,6.21520379045863,4.34809848320762,4.92226125872346e-05,0.00134250167654817,1.23804677777677
"ENSG00000171298",1.52426871486953,7.40355765650036,4.34704353223101,4.94062527203706e-05,0.00134659672668769,0.922185283208156
"ENSG00000196730",1.89990063694088,4.68838896143494,4.34496438533281,4.97701259572412e-05,0.00135559525998171,1.68000408833758
"ENSG00000131370",1.8182280067496,6.26632318712113,4.33693540086531,5.11998297190709e-05,0.00139264922487557,1.30350567346117
"ENSG00000202569",-3.68352875194083,-2.82835823631548,-4.3333688105254,5.18476213010858e-05,0.00140931580226251,1.80565964617241
"ENSG00000213373",3.93666586775454,1.84565045285733,4.3322784087024,5.20472492305226e-05,0.00141378615781451,1.80865657960563
"ENSG00000174099",2.68158858280891,1.73738043535614,4.32906806720233,5.26393254450793e-05,0.00142601493365437,1.76702099034497
"ENSG00000038002",1.50955640356106,3.40110719671624,4.32763646948838,5.2905451608351e-05,0.0014315912874112,1.79286061574173
"ENSG00000260816",-3.74110126991906,-2.59256352528444,-4.32757778469974,5.29163885650723e-05,0.0014315912874112,1.7876586907437
"ENSG00000131459",-3.64678702143021,-2.82284161532166,-4.32713051379732,5.29998174980961e-05,0.00143288410427603,1.78596155885678
"ENSG00000230551",1.99648472506761,3.72942448401371,4.32371137196486,5.36418118179201e-05,0.00144851391408389,1.77448868736864
"ENSG00000160471",6.41889725777053,-3.1589560594813,4.32366803066017,5.36499979620643e-05,0.00144851391408389,1.49292202329078
"ENSG00000243824",-2.50466118604577,-3.83031112164606,-4.31842385066606,5.4649485850185e-05,0.00147352020801418,1.75838920770504
"ENSG00000107864",3.43507027729102,1.22241630923671,4.31383383424391,5.55390852061783e-05,0.00149550053815056,1.69841439824657
"ENSG00000138756",1.8577615712114,4.92409991043747,4.31264148549546,5.577246264017e-05,0.00149977561408703,1.58410704449275
"ENSG00000221539",-3.37513435921177,-2.49067942004733,-4.31183046249196,5.59317461540148e-05,0.00150283050705892,1.73733592612564
"ENSG00000178913",1.50897744729518,6.02392686141155,4.31168262042407,5.59608295375155e-05,0.00150283050705892,1.40609362915841
"ENSG00000122126",2.42864288394669,2.07508769729628,4.31053133102647,5.61878122106727e-05,0.00150691289292426,1.71955268887835
"ENSG00000146094",1.72116941866691,9.34549537263926,4.30818391531405,5.66533841850526e-05,0.00151587587269856,-0.280327818595033
"ENSG00000250850",-3.61021026086931,-2.3355806409759,-4.30805351187883,5.66793568839931e-05,0.00151587587269856,1.72595986388136
"ENSG00000183960",-3.99813915204936,-2.00804020073487,-4.30789700160248,5.67105445634205e-05,0.00151587587269856,1.72651216036865
"ENSG00000084073",1.75608038512382,4.29471090603507,4.30766269765986,5.6757265202971e-05,0.00151611666158793,1.67097858268377
"ENSG00000175155",2.01269440714494,4.2948219495668,4.30541869751815,5.72066158677577e-05,0.00152710516010332,1.61898927568185
"ENSG00000165240",2.44677755475374,3.42484521247072,4.3031576486654,5.76628654721213e-05,0.00153724304887946,1.69277673914469
"ENSG00000213228",-2.54168338340014,-3.46365503045628,-4.30181807277254,5.79348348525721e-05,0.00154347000049245,1.70618481025201
"ENSG00000168903",6.78903764363028,-1.30675952750599,4.30146062168585,5.80076166596426e-05,0.00154438556619268,1.70824922420088
"ENSG00000179913",-3.76549461839904,-2.76003668244912,-4.29771639058339,5.87753345165024e-05,0.00156275528983626,1.69396955884483
"ENSG00000118113",10.1732549065668,2.49134561955583,4.29068502929084,6.02437258191325e-05,0.00160073910467995,1.14611592864474
"ENSG00000165490",2.89428483923954,1.57868689330877,4.28766772468692,6.0884681419729e-05,0.00161466533720848,1.62688360089053
"ENSG00000255733",-3.94161703567031,-2.3716536987993,-4.28765063617495,6.08883302126275e-05,0.00161466533720848,1.66295263877833
"ENSG00000077984",2.56511543291597,8.56436809305848,4.28610946224914,6.12182787548145e-05,0.00162234491924921,-0.137374156697929
"ENSG00000198642",1.93345441077189,3.7171931317388,4.27921024845016,6.27166707011523e-05,0.0016598654348438,1.62916156184852
"ENSG00000165071",1.73896752339036,6.45549660696042,4.27750087398995,6.30933716732589e-05,0.00166733566537914,1.10430300685992
"ENSG00000116711",2.05079447897724,1.6694386811505,4.27726052931494,6.31465126439075e-05,0.00166733566537914,1.53893531066516
"ENSG00000109819",6.83392830255094,-4.97369883667507,4.27696006799856,6.32130065485452e-05,0.00166733566537914,1.08828414697844
"ENSG00000166479",2.66339192810065,3.15768438207105,4.27691004908012,6.32240826177197e-05,0.00166733566537914,1.62657897371852
"ENSG00000086300",2.45802805508148,4.39769999297823,4.27680310212458,6.32477709990346e-05,0.00166733566537914,1.49476884531286
"ENSG00000139631",1.73567267634029,5.84741188465832,4.27527497621547,6.35871856731294e-05,0.00167499158205549,1.27078442483325
"ENSG00000138678",2.2109083505719,5.15830879447736,4.27512085744021,6.36215149942475e-05,0.00167499158205549,1.35679152137975
"ENSG00000265828",6.5934716984738,-5.6001777163948,4.27429697353392,6.38053363082493e-05,0.00167873176064414,0.37436536522224
"ENSG00000229806",-2.64786014197104,-3.41986007129985,-4.27262758259518,6.41793812379634e-05,0.001687468596814,1.61475712755892
"ENSG00000145715",2.09117354610468,3.62170503283258,4.26920969458496,6.49518295848046e-05,0.0017055476505345,1.58624577091539
"ENSG00000119541",1.65064467810416,5.70426181827069,4.26877297833353,6.50511742943685e-05,0.00170704132440092,1.29266989240082
"ENSG00000182511",1.53848156638433,7.73982883719642,4.26738495323789,6.53679015058537e-05,0.00171423377451946,0.553500779095895
"ENSG00000196636",2.29999180666353,1.82613909895569,4.26572240454102,6.57492361931273e-05,0.00172198748758052,1.5162353607029
"ENSG00000137414",2.03499494303036,5.90220757699388,4.26460838579478,6.60059598658214e-05,0.00172758567612354,1.19739729283349
"ENSG00000154874",4.79465775396682,-0.202131007285945,4.26180140506243,6.66571336267848e-05,0.00174349387512297,1.46393958900829
"ENSG00000163635",1.90604070845609,5.21732302504368,4.26056791827519,6.69452450422695e-05,0.00174875421779683,1.34442564755544
"ENSG00000122884",1.58525839076037,3.86745298228024,4.25984474911988,6.71147192176264e-05,0.00175090586761,1.56868108537143
"ENSG00000131023",2.22826819447776,3.41427449493585,4.2594427852439,6.72090986411019e-05,0.00175223098804772,1.56441476884238
"ENSG00000162745",4.76398390400755,-0.461287963478473,4.25668766241443,6.78594561985644e-05,0.00176804008949753,1.52558020728147
"ENSG00000038945",3.58658151066734,1.08268777200832,4.25385208108889,6.85351650626305e-05,0.00178448879912427,1.53680122894662
"ENSG00000257594",7.10651176762851,-4.54022573541824,4.25230032895321,6.890769401355e-05,0.00179302725872669,0.821497426999374
"ENSG00000186814",3.11114997910923,2.49913349276229,4.24472951528626,7.07535003552235e-05,0.00183867629042062,1.52850233299744
"ENSG00000151948",1.78477215337425,7.51393831967518,4.24077057245006,7.1737670857006e-05,0.00186304770270889,0.532031342377065
"ENSG00000188313",2.90999410203685,5.74855235798949,4.23953033667925,7.20487017010751e-05,0.00186991730522054,0.918406871951245
"ENSG00000210154",-2.80966369400794,-3.73940219565087,-4.23895316955886,7.21938902473186e-05,0.00187193591311878,1.50974714732876
"ENSG00000196323",1.68819456123005,4.90078491209374,4.23485914453875,7.3231912960598e-05,0.00189561749693142,1.34548488168187
"ENSG00000110090",1.51687402440853,6.2669739050102,4.2347015132115,7.32721670145442e-05,0.00189561749693142,0.994621525819386
"ENSG00000100614",2.0482474383709,6.02551753387922,4.2346915872469,7.32747025081196e-05,0.00189561749693142,1.04266710537793
"ENSG00000118503",2.07847941563316,5.77691711231524,4.23307070957825,7.36898809068668e-05,0.00190513221364493,1.05391039175004
"ENSG00000162946",2.25688242878075,3.81588251266644,4.23124361135035,7.41606099428716e-05,0.00191606994917951,1.41570793794556
"ENSG00000090989",1.50339764212603,4.82117885762405,4.23044046374564,7.43684500094155e-05,0.00192020579786675,1.37440924057402
"ENSG00000254826",6.75376813289368,-3.02766909056644,4.22914776630072,7.47041605023337e-05,0.00192763585398897,1.13035549397421
"ENSG00000100300",2.16111154021871,7.96481761103845,4.22529804887707,7.57126287114982e-05,0.00195115326888439,0.122967364198116
"ENSG00000173376",7.78532409574739,-5.65282673626867,4.2247926851084,7.58459870617635e-05,0.00195333784231712,0.870833376144286
"ENSG00000243144",7.5505008424849,-5.08807895822928,4.22449087139184,7.59257397587401e-05,0.00195413994224127,0.750724733622919
"ENSG00000113851",1.792175075971,4.26145665129525,4.22100477562036,7.68528213029892e-05,0.00197429671838251,1.40808975108639
"ENSG00000101474",1.81709012318498,8.08566196932171,4.22099201399234,7.6856235119363e-05,0.00197429671838251,0.20456080923069
"ENSG00000179152",1.69752697580111,2.51383226442167,4.21991993144891,7.71435482545601e-05,0.001979148006975,1.42027614700716
"ENSG00000117616",1.6658850036627,7.03311255000072,4.21964274181447,7.72180026232849e-05,0.00197979473307481,0.758948440308968
"ENSG00000177853",3.38239172235439,2.90927633460719,4.21795403747632,7.76730996873339e-05,0.0019901937244297,1.43085066333866
"ENSG00000109906",3.50229657440834,2.12333996818541,4.21410674049278,7.87196331969936e-05,0.00201551453907318,1.40795692187292
"ENSG00000197249",2.0986051686321,11.1301626979841,4.21395353999435,7.87615875051977e-05,0.00201551453907318,-2.79054234947538
"ENSG00000114541",2.53043025138258,3.42022399605534,4.21264226225303,7.91215695406347e-05,0.00202343851060598,1.40130051387063
"ENSG00000101883",-3.76904503269882,-2.68461604188553,-4.21106058820109,7.95578999864013e-05,0.00203201187754339,1.42392327281905
"ENSG00000275772",-3.87238406095555,-2.79976210042592,-4.20825099466867,8.03387156003347e-05,0.00204935091660194,1.41550841469798
"ENSG00000250069",6.9686380891942,-3.7291107445304,4.2058000407524,8.10259081624038e-05,0.00206426081111848,0.70760306312566
"ENSG00000218189",7.18451748797635,-5.4843282087394,4.20552709115182,8.11027878708681e-05,0.00206491087902764,0.622273798907765
"ENSG00000061987",2.00726145960764,4.41282129269583,4.20455079806837,8.13783508457542e-05,0.00207061548145634,1.30016894474094
"ENSG00000065809",1.51853922414889,6.31665377889116,4.20348564426677,8.16800276386063e-05,0.00207697689508365,0.942456791522835
"ENSG00000134644",1.72885880886432,5.05771188317325,4.20134406687134,8.22898486505577e-05,0.00209116086943725,1.20194280457284
"ENSG00000113441",1.83950624337791,5.53671724075881,4.19849267406119,8.31086267470365e-05,0.00211063361496169,1.0762362447821
"ENSG00000111790",2.38685477245281,4.4165543705573,4.19674094813954,8.3615534453977e-05,0.0021208275811475,1.2608590215048
"ENSG00000103540",2.50720375870233,2.80594802319337,4.19616117478164,8.37839643400679e-05,0.00212375973165158,1.37868011347641
"ENSG00000226131",-3.10027042525609,-3.296926698989,-4.19481827152588,8.41753514732908e-05,0.0021309933752703,1.37296470137271
"ENSG00000119862",2.56748929805683,3.35971721711205,4.19445691048231,8.4280970993379e-05,0.00213232447821008,1.3411992521346
"ENSG00000243859",-2.83271911455435,-3.36481481097705,-4.19260911337272,8.48230551233458e-05,0.00214468959878538,1.36618829364521
"ENSG00000249031",-2.63887831122083,-3.50844857972189,-4.19032082373478,8.54990375081539e-05,0.00215771017319699,1.35927822613164
"ENSG00000233896",6.74257496428843,-5.49155457837005,4.18911283020967,8.58579870025115e-05,0.0021649600226068,0.29933333459554
"ENSG00000280285",6.53822836817197,-6.16433682463813,4.18899184900323,8.58940161200401e-05,0.0021649600226068,0.184882554958895
"ENSG00000213172",7.22782653832731,-4.28337683340847,4.18764983250585,8.62946600944898e-05,0.00217369544180368,0.82185884743833
"ENSG00000170379",1.83153499859513,2.74123951637299,4.18739235246096,8.63717340969208e-05,0.00217427454863144,1.34843626049987
"ENSG00000251429",5.40455012125201,-2.59724138818038,4.18689876696099,8.65196698854727e-05,0.00217593390563568,0.863474990768057
"ENSG00000104722",-3.6276582074074,-3.73227878688615,-4.18681133213062,8.65459010773457e-05,0.00217593390563568,1.34872415994977
"ENSG00000196547",1.67823206984488,7.67173924462537,4.1813202260007,8.82087670496552e-05,0.00221482356378389,0.301329810819986
"ENSG00000196935",6.12759313703971,-2.46294209559648,4.17953462058995,8.87561214258211e-05,0.00222454712815515,1.06140120523205
"ENSG00000248429",3.40209646676439,1.05677469208022,4.17162718647781,9.1219742674912e-05,0.00228486984113197,1.2733089273961
"ENSG00000007314",-3.67503116518112,-2.54631588007264,-4.17088907534028,9.14530490705889e-05,0.00228928734665991,1.29969041999155
"ENSG00000188906",2.22293606721694,7.2226000874022,4.17045376468604,9.15909146926556e-05,0.00229131173147115,0.379188166729772
"ENSG00000236770",6.99732038179802,-4.88513821476145,4.16951882490503,9.18876950376022e-05,0.00229728664205692,0.678469301105501
"ENSG00000104343",2.22036793507814,3.76459961922971,4.16934165927288,9.19440377859208e-05,0.00229728664205692,1.26274972351048
"ENSG00000084093",1.91057522833506,4.22164930183995,4.16553831488875,9.31616688494891e-05,0.00232626423048892,1.20971905969748
"ENSG00000272512",-4.04997590641507,-3.0540431010848,-4.16415073372444,9.36097657870384e-05,0.00233600236137214,1.27951330674654
"ENSG00000163956",1.75124735821979,7.76773140982491,4.16361107396971,9.37846018967259e-05,0.00233891350214155,0.134328180683783
"ENSG00000082258",2.47231606661169,3.9031018893361,4.16299171983617,9.3985645708623e-05,0.00234247422738875,1.2138764409738
"ENSG00000184500",4.90433745153121,-0.0715469918705691,4.15957271983598,9.51029749181598e-05,0.00236738687161601,1.16855063068668
"ENSG00000092531",1.52780743323306,6.33237461470394,4.15528124413159,9.65235969780329e-05,0.0023997783832473,0.777234582431986
"ENSG00000153976",6.68367110310304,-4.43490318266993,4.15289981187998,9.73207501076127e-05,0.00241810185156134,0.724277417947873
"ENSG00000112245",1.74467372586945,4.67264961621456,4.15167271532088,9.77339827922065e-05,0.0024268694108785,1.10112817479228
"ENSG00000139370",1.65864859716497,6.00392972264771,4.14883400551239,9.86964407096374e-05,0.00244925574654867,0.778102996304036
"ENSG00000177173",5.70786193837991,-2.31457792728936,4.14340135237117,0.00010056394911365,0.00249252273875892,0.731795867620774
"ENSG00000173212",6.92287761537041,-3.13994279331116,4.14312131200641,0.000100661133750213,0.00249339426927051,0.801846199367258
"ENSG00000125384",1.65656296163449,4.48364996820271,4.14066110851847,0.000101518824285839,0.00251154447627034,1.0911420403246
"ENSG00000242169",-2.45727225412767,-4.09871196183193,-4.13535547706253,0.000103392585622916,0.00255411078161801,1.19033281421318
"ENSG00000122642",2.67864343226687,2.05118320856924,4.13525052014924,0.000103429987375606,0.00255411078161801,1.18394353813694
"ENSG00000158525",-4.65430075827023,-1.71224917685852,-4.1334052948566,0.00010408967688754,0.00256724735597109,1.18553915710153
"ENSG00000132589",1.81566210881579,9.86465769265621,4.1327655847771,0.000104319327389563,0.00257133390540479,-1.3004248978629
"ENSG00000112282",2.0280810276181,4.3823481928443,4.13210611179057,0.000104556584564155,0.00257402560480598,1.06327053981507
"ENSG00000182022",1.54638880130666,7.85710466745939,4.12632571033995,0.000106658598454804,0.00262256206426912,0.0486299055669894
"ENSG00000118689",2.18867500729278,5.83984947857365,4.11522702835783,0.000110809486170073,0.00271466359720248,0.650206953351883
"ENSG00000277089",-3.53414948211644,-3.1418775803668,-4.11236358435499,0.00011190544982811,0.00273817583322561,1.1198534156753
"ENSG00000072415",2.46744887736194,1.16386885613131,4.11119181990851,0.000112356943855146,0.00274755100782518,1.01026612998397
"ENSG00000075539",1.94623508522628,4.88467771357951,4.11040977804593,0.000112659250767456,0.0027532688141965,0.915246832821244
"ENSG00000138448",4.29170228314289,0.572471037315388,4.10943397176417,0.000113037560088737,0.00276083596032041,1.06443936296662
"ENSG00000247498",-3.97851724973173,-3.00055052956533,-4.10700779618904,0.000113983481109352,0.00278224888133465,1.10392940980569
"ENSG00000172322",2.55865112220683,5.66739532440289,4.1058140994044,0.000114451679868275,0.00279198205950509,0.587087385310916
"ENSG00000167676",2.53042667433053,5.1552402945645,4.10476536270032,0.000114864552115326,0.00280035459317183,0.712849138950379
"ENSG00000104626",2.00130372768955,3.28012136339448,4.10126311731875,0.000116253771310394,0.00282916723387468,1.08300874598754
"ENSG00000205133",2.50146963468812,2.32847676961256,4.09983068094277,0.000116826626957421,0.00284129707014049,1.07903135731891
"ENSG00000196371",1.81348364979526,3.12839938031718,4.09752863787446,0.000117752961448315,0.00286209465305027,1.07233568776169
"ENSG00000152332",2.02232652469907,4.97894277248017,4.0957982305125,0.000118453931658564,0.00287502050406691,0.869946460938855
"ENSG00000272501",1.70193903364869,4.85034399247384,4.09568656814972,0.00011849930290132,0.00287502050406691,0.927605526667375
"ENSG00000121064",1.97955765291292,6.57720448023254,4.08741678926939,0.000121906514715595,0.00295412037648966,0.342268583509146
"ENSG00000107854",1.82995523960618,5.05447889489754,4.08587826702903,0.0001225507357846,0.00296794257832077,0.817548427563539
"ENSG00000178694",2.18356907853942,2.86147141316611,4.08561392794345,0.000122661751708357,0.00296884271052341,1.03879521327276
"ENSG00000135678",1.74533329226861,2.56596869899212,4.08428531807794,0.000123221205419277,0.00297879669288381,1.03258216967398
"ENSG00000243802",-2.61820160295373,-3.41196518132063,-4.0830437185496,0.000123746244068061,0.00298969140866839,1.03034833504129
"ENSG00000066027",1.51481516648345,6.35964254543453,4.08095358410364,0.000124634980854555,0.00300935465484374,0.516482034843052
"ENSG00000101752",2.46936998061781,2.75400899294366,4.08066131295396,0.000124759745567468,0.00301055899838136,1.02367611828736
"ENSG00000248795",-2.30427216194769,-4.16079284184242,-4.08020829467786,0.000124953368025221,0.00301234445999484,1.02191923990007
"ENSG00000188933",6.45697753979413,-3.90732616526271,4.07862449805463,0.000125632570903523,0.00302435964997811,0.651774524794148
"ENSG00000188760",-3.72226633853675,-2.99231177361734,-4.07544199695639,0.000127008148144335,0.00305564426792253,1.00738937778921
"ENSG00000198586",1.85264334231878,4.87344337630947,4.06632235301097,0.000131030838306653,0.00314677524588056,0.791759742967541
"ENSG00000231123",6.5166408757525,-3.68054047818865,4.06588493764991,0.000131226837694299,0.00314772155667434,0.561854899597404
"ENSG00000137075",1.65038315526913,4.75484139078174,4.06391852220597,0.000132111455569825,0.00316705112511515,0.820134350543043
"ENSG00000157368",-3.70130297160408,-3.50655723647864,-4.06280154881347,0.000132616497416455,0.00317726366456276,0.968950016694929
"ENSG00000080298",2.3621856143411,2.53083682629186,4.0615084747838,0.000133203487573197,0.00318942621049294,0.961667199252461
"ENSG00000198915",2.17689247447988,3.06093594122009,4.05672572767269,0.000135396447727061,0.00323615219472255,0.928079696909919
"ENSG00000178074",3.08380004126725,1.24232492673548,4.05385394184589,0.00013672987698994,0.0032660811139332,0.89315062503391
"ENSG00000230539",4.94339545240664,-0.974530900163276,4.05252013504052,0.000137353485800399,0.00327902900008766,0.703403902525572
"ENSG00000147454",2.16156150786417,10.9031511639565,4.0508489031248,0.000138138723432532,0.00329581778007991,-2.62049842535676
"ENSG00000173852",2.2376863559616,2.27138243536267,4.04677471629345,0.000140071169735524,0.00333994137942321,0.911267853193606
"ENSG00000267385",3.96273102395723,0.164990081847539,4.04329337664088,0.000141743032048899,0.00337780283013031,0.855694204828589
"ENSG00000081913",1.87066425692025,3.50308230070301,4.04293573938553,0.000141915866916248,0.00337991805791884,0.864172362800447
"ENSG00000281205",-3.76133093896282,-2.30236357281666,-4.04202842786197,0.000142355253457288,0.0033883753105328,0.905956491388935
"ENSG00000225008",5.48811869832757,-6.27065905319974,4.03813419562821,0.000144256053116123,0.00342753064265626,-0.566826901362788
"ENSG00000172466",1.56746005285451,5.17739055283966,4.03219245159352,0.000147203441265412,0.00349343137293512,0.683992946299709
"ENSG00000089505",2.95576560587789,2.97985376848401,4.03009612592701,0.00014825709350925,0.00351636086917927,0.823137599885245
"ENSG00000053108",5.65048106075306,-1.85646802672257,4.02559877049263,0.000150542108291188,0.0035684515551429,0.789637020041551
"ENSG00000123636",2.09999922761301,5.14168147606101,4.02527717008884,0.000150706799758227,0.00357025030281687,0.59338141442118
"ENSG00000124333",1.75588094262571,3.99115158009374,4.02283746593909,0.000151961834023362,0.0035978619855166,0.800034892723724
"ENSG00000136478",1.65525031445546,3.97105014230458,4.02110969830467,0.000152856714034261,0.00361266644186087,0.778010660841725
"ENSG00000170091",6.74511143103806,-3.75164297756063,4.02064479455273,0.000153098371300293,0.00361551616112463,0.371371442097938
"ENSG00000115145",1.82572289669104,4.11450035630265,4.02053180877551,0.000153157156917448,0.00361551616112463,0.769239586692549
"ENSG00000258613",-2.81870468788894,-3.54787487575445,-4.01867088430537,0.000154128513817341,0.0036363113336178,0.835218638847711
"ENSG00000100906",2.03179772318169,7.368055184675,4.01646082233062,0.000155289817792619,0.00366156085331313,-0.210982465877548
"ENSG00000131724",1.59223859824902,6.94484025743475,4.01330770939228,0.000156961252309403,0.00369880203126765,0.0427514079598179
"ENSG00000170325",2.56973311027441,2.82192119706076,4.012456766369,0.000157415288213391,0.00370732830507015,0.804918352833436
"ENSG00000280138",1.89801290457783,3.38034218346803,4.01132422280374,0.000158021538626141,0.00371503079446024,0.807629811354625
"ENSG00000224195",5.7482227455415,-2.05545683304926,4.01126468301588,0.000158053472372892,0.00371503079446024,0.467961645056303
"ENSG00000164751",1.73313582039263,3.56323985557173,4.01123210986851,0.000158070945380346,0.00371503079446024,0.803758921651229
"ENSG00000231133",-3.48456384814733,-3.4258516338525,-4.01115563289003,0.000158111976750447,0.00371503079446024,0.812599098232503
"ENSG00000099246",1.61991591940677,4.65103641594631,4.01073763556122,0.000158336421578653,0.00371813132027162,0.717023999009612
"ENSG00000183354",1.5470042528838,4.78159715205707,4.00985666329441,0.000158810466869408,0.00372708604149676,0.67378931127161
"ENSG00000135953",2.23483337157456,3.12119137073158,4.00823321200277,0.000159687615930373,0.00374548514330973,0.782680663820117
"ENSG00000110375",-3.37746492778644,-3.4652596286569,-4.00451006828988,0.000161716871826434,0.00378866065336031,0.79256261193671
"ENSG00000159189",5.15513363122817,0.806484932731007,4.00347503964305,0.000162285396554522,0.00379976558665398,0.787105862464238
"ENSG00000179082",4.19445019983215,0.608018358563989,4.00236522824257,0.000162897135240562,0.00381186881894125,0.760075876807973
"ENSG00000196792",3.00162284281458,2.41863101028438,4.00170258285417,0.000163263449228293,0.00381821825821746,0.78245599742365
"ENSG00000160224",-3.49267774079366,-3.10604115645548,-4.00027535955903,0.000164055120528498,0.00383450229970156,0.779829802678034
"ENSG00000242324",3.15880564000188,0.853943001172427,3.99949553990537,0.000164489240729266,0.00384241513991747,0.72305775811129
"ENSG00000136404",1.90263183451216,3.84285630670255,3.99687261206669,0.000165957533786365,0.00387275508373917,0.717841606992564
"ENSG00000223117",6.54458691280213,-3.66310794572374,3.99683136747153,0.00016598072258302,0.00387275508373917,0.288331993834501
"ENSG00000251634",4.40116383925079,1.00109349213377,3.99538034640597,0.000166798512047483,0.00388957875947384,0.757165345924584
"ENSG00000164236",2.54777973538043,2.56079229704217,3.9915870903637,0.000168954732719376,0.00393073967869465,0.75073113197685
"ENSG00000170852",1.55155913165239,5.38550521413986,3.99002034503049,0.000169853130430524,0.00394645054815632,0.51143172893081
"ENSG00000145736",3.53075929469661,0.765968262708097,3.9898842067685,0.000169931411037491,0.00394645054815632,0.723542419721744
"ENSG00000072803",1.6893453337874,3.98001075532416,3.98933010795686,0.000170250380652019,0.00394945516616992,0.690252306888733
"ENSG00000159256",1.5318906118689,5.01935680141245,3.98753363183464,0.000171288496814767,0.00396592454609227,0.579600396011641
"ENSG00000218265",-2.26334875271455,-3.78453848526135,-3.98590519137594,0.000172234771434752,0.00398399440806668,0.736612903081636
"ENSG00000048392",2.18992459256182,3.59943393367991,3.9847015681035,0.000172937418177955,0.0039956494744771,0.695793405744451
"ENSG00000183248",-3.66646996470378,-2.41406755578127,-3.98189612690086,0.000174585888772818,0.0040314198164531,0.724584410440798
"ENSG00000135074",1.61472771724286,7.43922336305593,3.98104366729603,0.000175089779173773,0.00404073438710909,-0.267836655242804
"ENSG00000128881",1.85875910440002,3.22303113845151,3.98071743001325,0.000175282988508637,0.00404287246358245,0.717196518471441
"ENSG00000117215",-3.62446656154107,-2.54282790332047,-3.98002749027359,0.000175692271094843,0.00404998892348331,0.718979983692392
"ENSG00000187922",-3.51303786796275,-2.60180133055784,-3.97880057539153,0.000176422367268233,0.00406216037165951,0.715303578508714
"ENSG00000153207",1.57527101342957,5.63119909590058,3.97732046383466,0.000177307016484923,0.00408019271707319,0.378249497122926
"ENSG00000267496",-3.38084960966745,-3.73252901804195,-3.97694419794275,0.000177532586469871,0.0040830463622779,0.709738217396642
"ENSG00000164253",1.5493892002555,3.39628139296751,3.97588353745994,0.000178169935082612,0.00409536176683314,0.702081206830123
"ENSG00000109790",2.16384056280959,3.41650500662699,3.97205263747282,0.000180490293116715,0.0041439581746877,0.663171336354387
"ENSG00000122641",7.34154913855282,-4.23348597203712,3.97156080717646,0.000180790289148608,0.00414847671481297,0.261735794769019
"ENSG00000206560",2.24160995177705,3.44785662808215,3.9711921020182,0.000181015498392142,0.00415127499507181,0.662834917011645
"ENSG00000213069",4.14416429711021,-6.61810053556932,3.96604128677481,0.000184190023444161,0.00421686066201719,-0.967302764219641
"ENSG00000230687",4.14416429711021,-6.5785603253995,3.96604128677481,0.000184190023444161,0.00421686066201719,-0.967302764219648
"ENSG00000095951",1.82753203042547,4.02984876349678,3.9652492237464,0.000184682908236373,0.00422573834770556,0.609531770008835
"ENSG00000008294",1.51777016994744,5.60054728392114,3.96278263573634,0.000186225953428841,0.00425793991168633,0.36016151540922
"ENSG00000148288",1.67380866893654,5.24748155888813,3.96266145183266,0.000186302082101792,0.00425793991168633,0.350224074512659
"ENSG00000174715",6.69734374738949,-4.26093499040908,3.96049322285627,0.000187669248224866,0.00428674949837277,0.0125171559833746
"ENSG00000265531",4.21799699852926,1.76077469060826,3.95991793048486,0.000188033612093166,0.00429263331821095,0.655669052781242
"ENSG00000224083",6.35680457372908,-2.64406636715265,3.95925906532822,0.000188451742658624,0.00429973720678887,0.205441752140421
"ENSG00000178726",2.21673096213792,4.58156108452707,3.95387001028124,0.000191905476165041,0.00437357366938037,0.378883340209156
"ENSG00000133704",1.75012011800762,4.68606586521336,3.9530420808537,0.000192441441790549,0.00438330359369046,0.471735325506663
"ENSG00000277481",6.93857868362501,-4.85083322686255,3.95239783798172,0.000192859491853642,0.00438785358885122,0.0819201875522753
"ENSG00000162630",-3.89123628586728,-2.59465776217197,-3.9489355416051,0.000195121174855747,0.00443075103307192,0.625734297118991
"ENSG00000212961",-1.9022308619571,-4.53388238455887,-3.94885006614136,0.000195177331351195,0.00443075103307192,0.625216583723794
"ENSG00000133328",-3.76026541376613,-2.60722428865632,-3.9488371573701,0.000195185813630425,0.00443075103307192,0.625536458508034
"ENSG00000034677",2.22483797820582,4.39245707559848,3.9473382776641,0.000196173131593106,0.00445065024622238,0.4799032590545
"ENSG00000006704",-3.33306835543179,-3.36865533335326,-3.94588855088734,0.00019713263770775,0.00446989639093456,0.616831753774695
"ENSG00000204791",5.42940679435307,-0.31732584583682,3.94507497754686,0.000197673077911448,0.00447962405760768,0.603818511248816
"ENSG00000115129",2.58757153599403,3.20032699149331,3.94380470813406,0.000198519740318521,0.00449374470736778,0.580734463125955
"ENSG00000212994",-2.36695615509943,-4.01328376311809,-3.94315625809507,0.000198953289033415,0.00449892693125102,0.608582685294317
"ENSG00000157227",2.59607226737399,1.84943508523428,3.94312756949546,0.000198972491014485,0.00449892693125102,0.607114633424079
"ENSG00000183431",-1.55748861012427,6.10443699221664,-3.94218381691604,0.000199605161612379,0.00451069516983746,0.590442106094394
"ENSG00000163421",2.85502509284817,6.70900187623851,3.9419882989894,0.000199736473979531,0.00451112681287928,-0.372130848228944
"ENSG00000270629",1.57723172553702,4.03476487422278,3.94135674139456,0.000200161203637313,0.00451818119518656,0.545463182635057
"ENSG00000256211",-2.13972690063904,-4.25455838533692,-3.93607648601505,0.000203746357716453,0.00458553195470398,0.587314051590857
"ENSG00000272505",4.71877219610097,-0.655832465023173,3.93594801006713,0.000203834353803383,0.00458553195470398,0.450205836503612
"ENSG00000099377",3.45623272050319,2.45647584989421,3.93564909227225,0.000204039230712887,0.00458553195470398,0.537391835376812
"ENSG00000281183",5.01829511617517,-0.634999861348052,3.93562255810561,0.000204057426669455,0.00458553195470398,0.469650928081345
"ENSG00000113161",1.7621766225828,4.49143893190132,3.93226139438558,0.000206375014914311,0.00463502142434923,0.450444483591609
"ENSG00000246430",4.99450510242569,-1.64506808973722,3.93116454469798,0.000207136772013084,0.00464953238887213,0.230289464351137
"ENSG00000011258",2.08143760407722,3.46329633830027,3.93059698031135,0.000207532002711814,0.00465580444923009,0.544045147909259
"ENSG00000276649",2.4144505297985,2.10907982336399,3.92990437079096,0.000208015291759483,0.00466144412447866,0.564247084991969
"ENSG00000143862",1.59590333872749,6.70535154349742,3.92840780495021,0.000209063260351592,0.00467971113176766,-0.140194209542821
"ENSG00000100519",1.98776478484136,3.98133639140741,3.92787948451228,0.000209434426020134,0.00468280466899968,0.513743959584684
"ENSG00000226816",5.37365084925114,-2.16144332822645,3.92648303453304,0.000210418536906639,0.00469958112262262,0.368645460793565
"ENSG00000101361",-2.17043726337707,6.16469446603314,-3.9236127562134,0.000212455256113547,0.00473980366608036,0.547350366628981
"ENSG00000242571",-2.6673489567439,-3.05161659704962,-3.91667409431626,0.000217457374573607,0.00484733608230698,0.529808789592631
"ENSG00000179456",1.90692351556662,5.68333160902368,3.91621657789247,0.000217791145471282,0.00485076987824735,0.129541887422199
"ENSG00000090020",1.65940232511976,6.42242268168094,3.91590265075957,0.000218020448558765,0.00485318830174943,-0.1669432617327
"ENSG00000140450",2.4146189873396,3.006254303317,3.91345808818522,0.000219813989745785,0.00488770022995577,0.482892618296664
"ENSG00000250305",6.45645275575988,-4.2774943942661,3.91295634983595,0.000220183856572405,0.00489321802206955,0.0887830282176587
"ENSG00000272054",5.70647920352781,-2.3339191677292,3.91193278383795,0.000220940253556203,0.00490731495771628,0.106173988723051
"ENSG00000066739",1.93272751748863,4.18667236143569,3.91085344976014,0.000221740564779663,0.00491965462763356,0.411946170508995
"ENSG00000171824",-1.52989227575015,5.88159632056275,-3.90593307657215,0.000225424357060628,0.00499862658717671,0.485285988029915
"ENSG00000144747",1.84042248815263,4.52853727962323,3.9015123775911,0.000228784104920382,0.00507032998126196,0.355053885046262
"ENSG00000135766",1.68046585712281,6.15197734223652,3.90108054320125,0.000229114865989129,0.00507486272313772,-0.0149900362780366
"ENSG00000071282",-3.24924656083473,-3.42294392935413,-3.90072747442002,0.000229385638050021,0.00507654108990913,0.482508306588819
"ENSG00000057252",1.51177959723993,4.90783858124392,3.90065248089363,0.000229443190895102,0.00507654108990913,0.307910557890843
"ENSG00000213281",1.87803626372417,3.99201493078694,3.8987800278244,0.000230884683817672,0.00510281806423203,0.408216733525229
"ENSG00000133121",6.04492430244695,-3.47248365058726,3.89858278052614,0.00023103703820572,0.00510337967579471,0.0932334557404317
"ENSG00000151239",3.6047832168191,1.94539722605707,3.89831803355086,0.00023124168124407,0.00510509504084244,0.474865486187126
"ENSG00000160746",1.93238754738645,4.49348232209673,3.8933862151437,0.000235085820188733,0.00518426776918675,0.271791410733346
"ENSG00000159882",1.99382729721299,3.03116792680282,3.89222246903153,0.00023600181402838,0.00520161454362333,0.454422288283269
"ENSG00000242550",4.99355429752772,-0.509031142352784,3.89189133578766,0.000236263077047336,0.005204519574497,0.434159661871273
"ENSG00000123091",2.55135720387708,4.73325299922887,3.8914108931458,0.000236642638301262,0.00521002592825155,0.179019008031656
"ENSG00000128294",1.66849290306781,7.02410676938123,3.89015299325979,0.00023763918356288,0.00522910260404757,-0.406257731407377
"ENSG00000254521",5.79033838956033,-2.00433692614486,3.88977289194966,0.000237941102551592,0.00523288195009797,0.405376172533275
"ENSG00000127954",2.12174561286386,7.45774187003849,3.88789927259689,0.00023943472832723,0.0052628512565398,-0.617689680389413
"ENSG00000170365",4.05972173728959,0.22446963122327,3.88760321065546,0.000239671566895992,0.00526517832368997,0.418533597859484
"ENSG00000197045",3.03193173973476,2.68261252080528,3.88716346659144,0.000240023760838628,0.00527003562710788,0.430809371528384
"ENSG00000254554",5.89635360750669,-2.56741646402679,3.88406465823199,0.000242519736008946,0.00532193145580329,0.0455226327053859
"ENSG00000186818",1.91013561907512,5.72451434319074,3.88149855082131,0.000244605474270313,0.00536477320055381,-0.0832246377869765
"ENSG00000119899",1.6364282698568,3.14300918344158,3.88119085987231,0.000244856718794684,0.00536571600334019,0.420972873353353
"ENSG00000179242",-3.42325565325313,-3.30586800778995,-3.8811190399208,0.000244915398888843,0.00536571600334019,0.424405289391196
"ENSG00000183475",1.74222325866777,3.5936193984616,3.88016535505911,0.00024569588217366,0.00537988336336899,0.395250070096008
"ENSG00000244585",-2.48884437785847,-3.6525917619884,-3.87989402163892,0.000245918373627994,0.00538182387402973,0.420705917117997
"ENSG00000117791",5.99269192189765,-2.73472710257571,3.87690424368346,0.000248382805615053,0.00542984532427208,0.109134546911723
"ENSG00000172197",1.91284997289456,3.77423623457856,3.87597239919252,0.000249155743243682,0.0054437821684144,0.355493401269613
"ENSG00000171860",2.58063254372875,5.43743682393935,3.87514803115896,0.000249841455572807,0.00545283724046579,-0.169508438504876
"ENSG00000140030",1.65450384098776,4.82709683309542,3.87220924777091,0.000252300707600687,0.00550352308570962,0.233621371851528
"ENSG00000196312",1.71017619663309,2.64251525214627,3.87049212769111,0.000253748369796269,0.00553202041538442,0.393598917910414
"ENSG00000108389",1.5046826724431,5.24804565545413,3.87033370145511,0.000253882335863496,0.00553202041538442,0.135670231185911
"ENSG00000115421",1.63999003700893,4.02879625200656,3.86450514810014,0.000258858424879933,0.00563739241442202,0.308895435343836
"ENSG00000229000",6.29375269914482,-3.96804600467295,3.86404025397008,0.000259259328219001,0.00564306633083934,-0.257039196697678
"ENSG00000276916",5.66606036080743,-2.53225824054372,3.86162128862307,0.000261354961555193,0.00568560182058544,0.093396190659587
"ENSG00000266970",5.93227743103887,-2.38037884724897,3.86118524283903,0.000261734447197091,0.00569077785084772,0.164393658647132
"ENSG00000211734",-7.26577042243794,2.77802168769826,-3.86044412821681,0.000262380643353328,0.00570174412113,-0.985479859943469
"ENSG00000198682",2.94814217921374,1.03038312282374,3.85861491040837,0.000263982138552087,0.00573296729500687,0.332503858436199
"ENSG00000138363",-2.52620552921613,5.02933486406689,-3.85369717460234,0.000268334266066594,0.00581854054175253,0.277350770093855
"ENSG00000160951",5.08758076874384,-6.43580385658112,3.84673290575899,0.000274615409816341,0.00594512046604015,-1.03920572073159
"ENSG00000228935",4.35061517457763,-6.56646838773686,3.8462909630822,0.000275018722542315,0.00595064730013248,-1.16364825923922
"ENSG00000204851",-3.35127708566741,-2.84508489018659,-3.84568017690468,0.000275577055026543,0.00595952058428031,0.319961632507131
"ENSG00000172086",1.88845747933361,3.36826326022227,3.8410521578953,0.000279843074065134,0.00604527203845595,0.295470431385451
"ENSG00000120594",1.70742396347461,6.37694382504897,3.83679899361891,0.00028381931837208,0.00612458627868725,-0.354439543632538
"ENSG00000146416",1.83748424688783,2.91302897648688,3.83621202285302,0.000284372305820264,0.00613322716662352,0.291457000560003
"ENSG00000138613",1.66620709321746,4.44279849217332,3.83584090058033,0.000284722474231541,0.00613748681450747,0.166367161788724
"ENSG00000124839",6.67767235653219,-5.49487487987676,3.83070108746517,0.000289614783580897,0.00623625791618597,-0.294204308362955
"ENSG00000102445",1.6552167783532,5.29551704009438,3.8283475551911,0.000291881776361928,0.00628170833688556,-0.0385201681807397
"ENSG00000261327",-2.91928223848238,-3.908218505757,-3.82796212442618,0.000292254651364399,0.00628636784063754,0.268048334054944
"ENSG00000125814",2.36791832485059,2.47975002129284,3.82475972341432,0.000295370430304051,0.00634870687070791,0.260035559849156
"ENSG00000177119",1.78113983966696,4.51947927740221,3.82444520530378,0.000295678151588625,0.00634981466355015,0.0832786344005374
"ENSG00000134248",1.66094739361098,4.75225360833204,3.8231022265257,0.000296995567432815,0.00637470144257021,0.0925516838055547
"ENSG00000237976",-2.94932307821241,-3.25528191223365,-3.82293310923271,0.00029716186378628,0.00637486726143864,0.253318556252248
"ENSG00000233594",-2.25164141771992,-3.46045233081163,-3.821572087097,0.000298503435166296,0.00639923210855768,0.248713168992555
"ENSG00000150347",1.73110843047474,4.1923940921385,3.81917471456855,0.000300880669849758,0.00644089706565494,0.151487856485834
"ENSG00000070367",1.93875995346328,3.583951617355,3.81880375046913,0.000301250134291295,0.00644537408130849,0.205116775848198
"ENSG00000232325",7.03177428548803,-5.32957049602023,3.81727636526452,0.000302775928394566,0.00646790907074245,-0.143477151355657
"ENSG00000147649",1.5568295305071,5.80238471383779,3.81716147698324,0.000302890995855493,0.00646790907074245,-0.170580815938817
"ENSG00000174010",3.94066177467666,0.89477516890697,3.81710563758103,0.000302946937470972,0.00646790907074245,0.220364555043752
"ENSG00000176595",1.58416676600394,3.73471195627652,3.81487218125499,0.000305192614338353,0.00651239569088665,0.164594739304491
"ENSG00000010270",1.52004024403869,3.53537112254399,3.81337791175097,0.000306703952842505,0.00653770536170434,0.214826942343961
"ENSG00000110721",2.34106891242989,2.97147261197974,3.81217036682702,0.000307930526029979,0.0065603725529715,0.187829440073791
"ENSG00000205426",-3.41766101040121,-3.50874337631132,-3.8111643208918,0.00030895601130815,0.00657873388061983,0.218725400015689
"ENSG00000131379",6.05745367794754,-3.15283495332781,3.81067264778126,0.000309458373853216,0.00658594258636685,-0.213122680174194
"ENSG00000154727",2.09884368759102,3.18980799455611,3.80931814790194,0.000310846371225859,0.00661198191323916,0.194818245605841
"ENSG00000114268",1.60001541728298,6.88553863194706,3.80876902180181,0.000311410774307683,0.0066204843726692,-0.567905880480438
"ENSG00000042832",3.58748036432256,0.513308007059593,3.80270880555565,0.000317705125422467,0.00675073015445773,0.170651725952851
"ENSG00000268288",-3.15188393960665,-3.72720504274656,-3.79912270282315,0.000321486956181537,0.00682747945716332,0.183710314770375
"ENSG00000118707",-1.65318831456399,4.79878616915882,-3.79756469741897,0.00032314339322806,0.00685903415763173,0.163123138308992
"ENSG00000181409",1.69005270965968,7.38966235111022,3.79465538873541,0.000326258405413865,0.00691784831985665,-0.88382006201155
"ENSG00000214076",-3.32069447320139,-3.54345451634773,-3.79353751623823,0.000327462945262626,0.00693972869027311,0.167331029601347
"ENSG00000259651",6.56355778106086,-3.21466283660488,3.79207868584282,0.000329041281061715,0.00696950346746209,-0.296045146442112
"ENSG00000213370",-2.70356089962151,-4.26951783176925,-3.79145487525434,0.000329718413769481,0.00698016833615622,0.161241658012329
"ENSG00000163945",1.88227266462706,4.10817957487801,3.78719224709627,0.00033438122753209,0.00706771509424031,0.0138547203757975
"ENSG00000049089",1.88125215891988,4.40349306516465,3.78608185618138,0.000335606187304467,0.0070898791077321,-0.0655370604079817
"ENSG00000258738",2.77069914207224,2.14155179457801,3.78476248959742,0.000337067268251593,0.00711700541924923,0.142486130628704
"ENSG00000163806",6.31156317118415,-3.05371335003661,3.7842239938748,0.000337665351984522,0.00712589106586969,-0.298761661453187
"ENSG00000162601",2.40617659444651,3.73440242475629,3.78401672868851,0.00033789582296957,0.00712701357556278,0.0308307876890277
"ENSG00000151292",2.1802566629069,2.65381174098755,3.7833543710645,0.000338633349094842,0.00713669486485564,0.138721010168354
"ENSG00000175066",2.55450188653642,3.73659629568178,3.78328573695838,0.000338709860259305,0.00713669486485564,0.0269748526785509
"ENSG00000242208",-2.19819582283088,-4.06790649145778,-3.78010568180158,0.00034227308395924,0.00720045134554126,0.127497507335974
"ENSG00000174106",2.89973862945015,3.34131915306365,3.77959734780561,0.000342845982599586,0.0072087312722116,0.0416690018488488
"ENSG00000122420",7.02461799279821,-4.2165196009121,3.77854640000999,0.000344033324569355,0.00722991516693005,-0.222955332231662
"ENSG00000065413",1.51520616019697,6.16765062180011,3.77797767090567,0.000344677504259866,0.00723966824778219,-0.346557918383381
"ENSG00000239305",1.73692181870167,3.59985895957608,3.77726233709866,0.000345489376874208,0.00725293155566418,0.0851707585050443
"ENSG00000268565",-3.19645536766316,-3.47960751930187,-3.77135745181736,0.0003522614119297,0.00739123866513456,0.102867238224885
"ENSG00000103642",1.50611898396217,4.52744404850222,3.76967595329223,0.00035421295662935,0.00742830948482688,-0.0354007120680455
"ENSG00000145782",1.52832936865205,4.64805490287266,3.76947617711676,0.000354445502795538,0.00742931079425767,-0.024407976651168
"ENSG00000116668",1.87314925316907,2.39774850635956,3.76902929628909,0.000354966215924046,0.00743634800030145,0.0926673007190804
"ENSG00000137710",2.36239501486822,2.30580016938588,3.76809966014432,0.000356051789323287,0.00745520522623687,0.0952485006658881
"ENSG00000136231",4.50758936640553,-0.239511281765075,3.76783165186801,0.000356365342636382,0.00745788625958762,0.0359723724300158
"ENSG00000273018",5.88628774627243,-3.15827441422555,3.76638089192768,0.000358067233176705,0.00748960401049423,-0.231911834628376
"ENSG00000156026",1.50576683086395,3.98167905128083,3.76450203102467,0.000360282886995401,0.00752782456276456,0.028554064746678
"ENSG00000101307",1.6392183166856,7.86094945505838,3.76435548428631,0.000360456253005367,0.00752782456276456,-1.1951603175258
"ENSG00000157540",1.72265928648432,5.46343469818139,3.75836149608942,0.000367615963520191,0.00766124739521534,-0.277700674474556
"ENSG00000279811",6.36605390234723,-3.7808708731401,3.75821071741817,0.000367797807889299,0.00766124739521534,-0.336614834158886
"ENSG00000162695",1.73254707273871,3.86047452547058,3.75687970652392,0.000369406789426038,0.00769077770507798,0.0195357241526093
"ENSG00000271795",3.06955731762983,0.306066257081801,3.75526687014446,0.000371365473996801,0.00772755423686303,-0.0267802660470613
"ENSG00000196466",4.27896212047216,0.301373748135803,3.75258196705201,0.000374648158922086,0.00778780004394297,-0.0112891645278328
"ENSG00000202198",4.33043304422712,6.03222644425914,3.74944609348117,0.000378517350675387,0.00786416254876068,-0.806946030783421
"ENSG00000152443",1.87818784495914,3.39527707470318,3.74863866165154,0.000379519766896688,0.00788091615122968,0.00514582353844784
"ENSG00000224407",6.39639309245601,-3.87571471355766,3.74771735264381,0.000380666660399983,0.00790065104873522,-0.324138581874015
"ENSG00000170921",2.19648660777941,3.46242104911086,3.74604180908652,0.000382760962479694,0.00794001868607257,-0.0445632344293099
"ENSG00000109458",2.01388267304302,2.68501384541678,3.74362634301295,0.000385799506734497,0.00799892303751431,0.0235434391127436
"ENSG00000236533",-2.41783210811496,-4.00131640137882,-3.74314879714029,0.00038640296114764,0.0080073050742564,0.0206251934831414
"ENSG00000198862",2.35949566431921,3.30576414225053,3.74254039134,0.000387173084824469,0.00801913052865188,-0.0212573209680365
"ENSG00000101180",3.90315619760641,-6.59917160034091,3.73784159144836,0.000393170472584383,0.00813496620629818,-1.36739114777803
"ENSG00000104643",1.81911066551638,3.06351871165942,3.73666256366146,0.000394689220843414,0.00816218932939656,0.000127215351913179
"ENSG00000243023",-2.14930252743857,-4.48488259067754,-3.73487085292396,0.000397007927451371,0.00820170231212745,-0.0039977256045427
"ENSG00000164327",2.30200631227753,4.78497109349939,3.73313374706017,0.000399268393683362,0.00824416433634232,-0.235829383420484
"ENSG00000254545",3.90315619760641,-6.62149501584402,3.73160535610106,0.000401267429923874,0.00825998628663573,-1.37808783818731
"ENSG00000226473",3.90315619760641,-6.62149501584402,3.73160535610106,0.000401267429923874,0.00825998628663573,-1.37808783818731
"ENSG00000220771",3.90315619760641,-6.62149501584402,3.73160535610106,0.000401267429923874,0.00825998628663573,-1.37808783818731
"ENSG00000240056",3.90315619760641,-6.62149501584402,3.73160535610106,0.000401267429923874,0.00825998628663573,-1.37808783818731
"ENSG00000278888",3.90315619760641,-6.62149501584402,3.73160535610106,0.000401267429923874,0.00825998628663573,-1.37808783818731
"ENSG00000263567",3.90315619760641,-6.57684818483779,3.73160535610106,0.000401267429923874,0.00825998628663573,-1.37808783818732
"ENSG00000175105",2.43368227293999,2.2971944162789,3.7313449688415,0.000401608951701316,0.00826278560711172,-0.0097806255965267
"ENSG00000019102",-3.23463570612645,-3.27089877027195,-3.72943888353795,0.000404117429573724,0.00830806708548941,-0.0184895393315729
"ENSG00000233205",-1.92555950186284,-4.49828605492791,-3.72935879691786,0.00040422315355498,0.00830806708548941,-0.0206300535352932
"ENSG00000265625",4.69137651006187,-0.524436865817892,3.72759442436652,0.000406559053840053,0.00835180740034636,-0.115550958215924
"ENSG00000278969",6.14733674405335,-5.64283560206876,3.7260366764849,0.000408632113870865,0.0083858235027241,-0.929344725981924
"ENSG00000107560",3.00206983400552,2.16734488883595,3.72509428936796,0.000409891147313463,0.00840736933892644,-0.0293244331948435
"ENSG00000245532",2.33065865727199,8.37243864769926,3.72415467062685,0.000411150171673458,0.00842482706179143,-1.54241627680483
"ENSG00000068001",1.89320031888232,3.02954025020805,3.72359907861819,0.000411896364036705,0.00843149549087663,-0.0523821494752621
"ENSG00000065911",1.99573776050277,3.82004210696056,3.72326982401651,0.000412339182497469,0.00843606097443422,-0.107627993295454
"ENSG00000101782",2.18933668142278,5.97244795258515,3.71811094740816,0.000419337088846749,0.00857050820834622,-0.614539236377517
"ENSG00000139946",1.79491191041333,4.62168186170406,3.71721402650169,0.000420565262405971,0.00859124221506345,-0.244073001749162
"ENSG00000196233",2.99661693271206,2.90721248628816,3.71631223680789,0.000421803566527196,0.00861216200179092,-0.0883147464606289
"ENSG00000274501",-3.15009438961812,-2.96559736558554,-3.71467313720421,0.000424063240389478,0.00864951313553414,-0.0609797300011596
"ENSG00000101974",2.30363179966534,2.71756465824101,3.71132409958841,0.000428716245570754,0.00873555524806663,-0.073653881258287
"ENSG00000164074",1.5540734171768,3.64257246053791,3.71030017408977,0.000430148548358079,0.00875586427397037,-0.0998051060958236
"ENSG00000251633",5.84628229820488,-4.55520378086925,3.70363906786828,0.000439578505755074,0.00893876332239024,-0.793080489845332
"ENSG00000237702",-6.93774157083698,1.5539766908696,-3.70150090616913,0.000442647070127785,0.00899206544379848,-1.00725731474816
"ENSG00000107897",1.70708325317674,3.61916232202683,3.69976172336162,0.000445158116340812,0.00903850838037036,-0.146608052076627
"ENSG00000106714",3.42107346375967,2.78061184352459,3.6995217443224,0.000445505665925654,0.00904099888013284,-0.213832939675724
"ENSG00000236683",-2.15831852209659,-4.20528543528857,-3.69681035069224,0.000449450482460892,0.00911645221790757,-0.11359372531056
"ENSG00000221869",1.79034382553182,8.41787655134707,3.69487107465585,0.000452292372887036,0.00916946947796501,-1.71124289830436
"ENSG00000109743",1.73986963908192,6.54370625180683,3.69258152905891,0.000455669643720662,0.00923328176252926,-0.838472437975066
"ENSG00000242894",6.1532633432454,-5.7121716018068,3.69150650463787,0.000457263686446597,0.00926091421789727,-0.981832113377383
"ENSG00000055917",1.58011339076468,5.91315457990028,3.69099857431168,0.000458018694100204,0.00927153451169003,-0.563308442921953
"ENSG00000236953",5.8394799213983,-3.26738425626048,3.68934811263496,0.000460480228811396,0.00931045950561343,-0.534634695651988
"ENSG00000006747",-3.30446012151689,-3.56687363068066,-3.68898143120835,0.000461028817161196,0.00931370879774594,-0.134850832873979
"ENSG00000129473",1.53545285311269,2.25987826077835,3.68763961515646,0.000463041616970565,0.00934629884380978,-0.141967413250989
"ENSG00000264559",4.96728653502613,-6.2860561606257,3.68759612677131,0.000463106992111564,0.00934629884380978,-1.35131851001812
"ENSG00000272625",4.17453613393044,0.0868717642224821,3.68533483051271,0.00046651851347424,0.00941000484333871,-0.180178467939309
"ENSG00000272914",3.94474163836496,0.0253382760305112,3.68519401570309,0.000466731746122516,0.00941000484333871,-0.193715657861555
"ENSG00000226091",2.65166696161675,4.34779577603883,3.68282074771086,0.000470339555455881,0.00947799038016908,-0.435321604086278
"ENSG00000218357",-3.3568379402325,-3.37565671245355,-3.68161485260291,0.000472182921910973,0.00950765235703067,-0.155994034141262
"ENSG00000253641",5.70889048020391,-2.30285784146083,3.68154852814475,0.00047228450716358,0.00950765235703067,-0.503569089124935
"ENSG00000141526",1.54975847704313,8.98821405309813,3.68088907588278,0.000473295686368384,0.0095232398315224,-1.98545298812106
"ENSG00000182308",4.89461244799767,-1.1879555892913,3.68052352979261,0.000473857090540742,0.0095297662600895,-0.390845036094105
"ENSG00000163251",4.27806066571393,-0.0838131298409131,3.67984646677829,0.000474898599908391,0.00954593675675856,-0.186610201190656
"ENSG00000237711",6.63221770136176,-3.33788082769242,3.67940738570844,0.000475575194686594,0.0095534121616002,-0.526805250596351
"ENSG00000232533",2.01010955910267,3.22784328620857,3.67865802296013,0.000476732037790147,0.00956366336488997,-0.199235470768214
"ENSG00000196110",3.69175794414178,0.240699546698311,3.67677368683009,0.000479652894092788,0.00960787526074651,-0.2261744377
"ENSG00000132965",2.16463135545735,8.87484977664267,3.67525481197334,0.000482019679115857,0.00965047566723889,-2.26114798665282
"ENSG00000211888",-3.33840954026424,-3.14346207283582,-3.67053190131673,0.000489450542325791,0.00978462988691271,-0.187682427549084
"ENSG00000176018",3.05508154110428,2.02033043932949,3.66983586572004,0.000490554856671825,0.0098018321808751,-0.184264063860275
"ENSG00000211780",-5.60768712364478,0.0934887591121502,-3.66892407543707,0.000492005078853171,0.0098259255737979,-1.07867178966743
"ENSG00000232599",6.967394602,-4.39140430912022,3.66661703001749,0.000495692770970624,0.00989465778478701,-0.419254889981572
"ENSG00000225783",1.98902554660432,6.81336601330824,3.6660935772644,0.000496533144731888,0.00990651388809497,-1.01127649679343
"ENSG00000270392",-2.92247005900726,-3.5307838320231,-3.66507809140155,0.000498167326500415,0.00993418792657226,-0.20307090257139
"ENSG00000143776",4.55378675004443,-0.418918365498886,3.66450032575411,0.000499099390409994,0.00994291065077431,-0.300759192861089
"ENSG00000273295",-4.8939335364484,-0.708041216225594,-3.66422920889979,0.00049953733504381,0.0099467062622245,-0.211679282462862
"ENSG00000280119",-3.53327149809963,-2.7412939534909,-3.65855051599268,0.000508795000791268,0.010121017625834,-0.222148555014225
"ENSG00000237721",6.8192545792376,-4.5504110287356,3.65479607466342,0.000515005256293164,0.0102293682378942,-0.666575545504184
"ENSG00000273112",4.94994088247347,-0.648359117986794,3.65420409690297,0.000515991024352343,0.0102438869930928,-0.279941260294138
"ENSG00000273812",4.67058026327036,-0.669282030295787,3.65330883449901,0.000517485243716513,0.0102663364511558,-0.303615629889907
"ENSG00000138468",2.59399344971528,3.30612549971658,3.65322070621337,0.000517632555258265,0.0102663364511558,-0.287494553169342
"ENSG00000057294",5.04162697867981,-1.28750573908433,3.6504759895614,0.000522240572633291,0.0103526210557217,-0.29662332333159
"ENSG00000110429",1.60868279078984,4.00489674081573,3.64886490615074,0.000524963555951028,0.0103963472297257,-0.311257416233226
"ENSG00000163485",-3.16181964395742,-3.40706863188011,-3.64772987237171,0.000526890061589337,0.0104277071342036,-0.25251025078768
"ENSG00000114480",1.93269447167944,3.50004438884235,3.64749533012129,0.000527288992112564,0.0104277071342036,-0.302966521500873
"ENSG00000168246",2.07472793974875,1.83916997404517,3.64747403752727,0.000527325222721156,0.0104277071342036,-0.253198554227894
"ENSG00000111012",-3.12222199338498,-3.53410185214499,-3.64731692653801,0.000527592629729632,0.0104278657327388,-0.253663830427393
"ENSG00000121931",1.67292947213522,3.45746455617216,3.64655606438566,0.000528889466790765,0.0104483608569643,-0.28285728291671
"ENSG00000001561",3.85375309230346,0.934730684647235,3.6442980622279,0.000532755988664069,0.0105195757643777,-0.256102052537856
"ENSG00000217555",2.17109002220797,2.5811402625115,3.64371371974184,0.000533760975548243,0.0105342458217921,-0.258459758145949
"ENSG00000273136",1.78755654238964,3.29994431948765,3.64144865660916,0.000537673668887908,0.0105958611944273,-0.327792748526401
"ENSG00000147394",1.53970074587872,5.58031562192845,3.63994934741705,0.000540278610343531,0.0106419797614065,-0.740097481573148
"ENSG00000004660",1.68971412226384,5.17698392406032,3.63796600883197,0.000543743001171634,0.0107049736205201,-0.612120135923097
"ENSG00000237892",5.93009876230318,-3.05481113490303,3.63757598462502,0.000544426761068996,0.0107131887657835,-0.665689788494463
"ENSG00000228462",-2.13620120727332,-4.30128952259755,-3.63734846901025,0.000544826001944459,0.0107157998679898,-0.283665620439505
"ENSG00000138604",1.9138675186943,2.06441860851121,3.63643104486375,0.00054643871614321,0.0107422636999459,-0.280227875559689
"ENSG00000146383",5.08758076874384,-6.37222809034648,3.63605422816575,0.00054710242870627,0.0107500546621943,-1.41780115627761
"ENSG00000118508",1.92074320303097,5.06754251469569,3.63450939239692,0.000549831490696401,0.0107948224291208,-0.60670164485816
"ENSG00000205038",4.62471460839269,-0.80875729113977,3.63446064151671,0.000549917823363,0.0107948224291208,-0.359038204063211
"ENSG00000168676",-3.13384746209388,-3.85945772232196,-3.6339519415165,0.000550819448333144,0.0108072442468956,-0.291642650539996
"ENSG00000227502",6.55224903574728,-4.9129925969846,3.63289598484056,0.000552695535184926,0.0108345906852176,-1.0146706405855
"ENSG00000113368",1.79715147119476,6.27019948324948,3.63286412249905,0.000552752238579705,0.0108345906852176,-0.905732158550303
"ENSG00000237745",-2.23727370267632,-4.37203834675045,-3.63242144967235,0.000553540609111947,0.0108433138813623,-0.297216494832994
"ENSG00000198929",6.78491163249174,-3.83538712763084,3.6323062660976,0.000553745918895756,0.0108433138813623,-0.590480712717886
"ENSG00000174839",1.76899971724778,3.84915160472274,3.63216016887576,0.000554006435309639,0.0108433138813623,-0.366921274635549
"ENSG00000241886",4.30861060298823,0.321734701056794,3.63123636850983,0.000555656435576196,0.010870316312912,-0.32278640986497
"ENSG00000168528",2.56066556315193,2.76145344474707,3.63054298845923,0.000556897956880143,0.0108893052833149,-0.351131871313111
"ENSG00000121749",1.61932396231788,4.31455001855227,3.62906825285378,0.000559547316677069,0.0109357905809682,-0.401873359304072
"ENSG00000222009",2.84627269245966,2.6103837080182,3.62873338235958,0.00056015058158385,0.0109422612637677,-0.329782092639617
"ENSG00000104320",1.67372388085002,4.9294741959404,3.62475288932945,0.000567369010428888,0.0110725092025544,-0.533068175906659
"ENSG00000160218",1.51878088504658,5.03170687381668,3.62240127802372,0.000571675089719154,0.0111511314686509,-0.590409255787574
"ENSG00000273061",-3.11642340266989,-3.050374106276,-3.62181474380061,0.000572753943856307,0.011166757541664,-0.32603479298968
"ENSG00000231607",1.99044586884975,3.19189577698316,3.62099726859782,0.000574260819532524,0.0111907093877104,-0.345173537609053
"ENSG00000189079",2.05408063176845,4.12587783931789,3.61866640689696,0.00057857812452541,0.0112693787607415,-0.475141762142682
"ENSG00000227159",-2.96462812284901,-4.19620537905749,-3.61692029723706,0.000581832565000153,0.0113108475716326,-0.339876233625532
"ENSG00000101745",2.43130133239944,5.20726059081723,3.61513801489111,0.000585172399822938,0.011364783003711,-0.721655792776953
"ENSG00000008394",1.82316158837982,3.02247579363265,3.61353319463846,0.000588195300413151,0.011412464993827,-0.368782307953039
"ENSG00000145675",1.58232670519068,5.47830069698033,3.61192905035461,0.00059123178474324,0.0114522803303505,-0.722782964041877
"ENSG00000249309",5.96000211038974,-2.97354997855622,3.61184734395642,0.000591386845575037,0.0114522803303505,-0.650262926499333
"ENSG00000184811",-3.31407356992945,-3.04277277053819,-3.60950513068642,0.000595848353900027,0.0115331225438078,-0.361029520586658
"ENSG00000228463",4.81899376637766,-0.121678994421143,3.60836749813865,0.000598026891134848,0.0115661704491294,-0.355530759505139
"ENSG00000231970",5.54066081287538,-2.57958431365152,3.60831315479376,0.000598131146802149,0.0115661704491294,-0.566349795409726
"ENSG00000071462",-2.08828626828627,5.38346903033979,-3.6075410830841,0.000599614208014502,0.0115892742262495,-0.358987447280342
"ENSG00000111266",1.53638108960637,4.7229321818733,3.60653272610495,0.000601556418799776,0.0116212259243578,-0.587595079772782
"ENSG00000135604",1.5686243420155,6.40081344496398,3.60490945182253,0.000604695617581402,0.0116706544493555,-0.990615394564347
"ENSG00000137675",6.21291570574786,-5.60973131838828,3.60279352274375,0.000608810964239847,0.0117444426028648,-1.15850963915756
"ENSG00000229647",6.23339509484978,-2.8258037233154,3.60141289644453,0.000611510552803717,0.011785209608732,-0.533430451967142
"ENSG00000198721",-2.19597317537807,4.06445738452166,-3.59997808584554,0.000614328162071872,0.0118338384147644,-0.50388403891091
"ENSG00000271590",5.82453414277878,-2.86038031308123,3.59797607060521,0.000618280276469421,0.01189856566521,-0.636362566993891
"ENSG00000171051",1.76278759974364,10.3468589238954,3.59781398382378,0.00061860130353134,0.0118990476576875,-3.36503612360744
"ENSG00000130066",1.67673906543167,8.56204631742386,3.59621283962369,0.000621781045403924,0.0119544914334426,-1.90664668864534
"ENSG00000108175",1.52049594093431,6.39990077042858,3.59559414539529,0.000623013883486645,0.0119724685200431,-1.09849808459838
"ENSG00000075399",1.86192391553072,6.58139189770841,3.59540028436889,0.000623400658165943,0.0119741773815515,-1.14016343391452
"ENSG00000152705",-2.78546781105794,-3.55329824091846,-3.59473793961963,0.000624723835731119,0.0119938622942037,-0.402630884310182
"ENSG00000251194",4.59949373337314,-0.40968537423577,3.59402852907229,0.000626144001699629,0.0120153895734265,-0.472920642565614
"ENSG00000087095",1.70961736844589,3.29913251869753,3.59256780610041,0.000629077898866729,0.0120639758897221,-0.422453070105161
"ENSG00000131725",1.73338180838251,3.30918505807358,3.59193092831997,0.000630361174407337,0.0120732654541252,-0.430405975324259
"ENSG00000117528",1.7986021216256,3.14467570371562,3.59193087584709,0.000630361280240009,0.0120732654541252,-0.416945125917402
"ENSG00000254470",1.51265955591576,7.72435623436453,3.59069301514207,0.000632862635087615,0.0121154017408535,-1.56773201979963
"ENSG00000146802",2.24208766557871,3.09618434316051,3.58860893629248,0.000637095299629868,0.0121848264679924,-0.438618923266967
"ENSG00000160963",-3.96503226898045,-3.50016288282114,-3.58564032805533,0.00064317093510192,0.0122893336183305,-0.430099421479743
"ENSG00000146373",3.45540922195176,0.211713589343002,3.58009727101295,0.000654663365274315,0.0125029817628304,-0.480757047622721
"ENSG00000277702",-3.3097603670246,-3.21743864628457,-3.5788474027707,0.000657281574522972,0.0125470246243934,-0.447410822344995
"ENSG00000266302",6.81473022487888,-5.72144934455165,3.57414732365031,0.000667216671299561,0.0127306334217299,-0.886768676703916
"ENSG00000072274",2.2859576848615,3.58736515474526,3.57323097218273,0.000669170233956956,0.0127618509229305,-0.548231953533429
"ENSG00000272183",-3.05703195005764,-2.96795451600162,-3.56647177055858,0.000683749084295165,0.0130213551335074,-0.481957759153473
"ENSG00000166523",2.19696956307639,6.39710392809821,3.56470011407431,0.000687620015351838,0.0130888730384349,-1.25605320543031
"ENSG00000106853",5.52159782252606,-2.24886742503209,3.56245227534082,0.00069256136147064,0.0131766927845919,-0.720743571349981
"ENSG00000095564",2.16077511511997,4.3839624147044,3.56215727569635,0.000693212349394438,0.0131828395791652,-0.688369624067615
"ENSG00000125629",2.69662018462704,2.4661592250929,3.55904594597971,0.000700113765739486,0.0132908107942929,-0.518167869215058
"ENSG00000096006",4.77613269053193,0.975197694066353,3.55891037507191,0.000700415963315241,0.0132908107942929,-0.507136290381686
"ENSG00000213462",2.14531577019404,3.80747983787482,3.5570949638463,0.000704474615344627,0.0133527998519966,-0.631985694801516
"ENSG00000133800",4.73822251001935,-1.00116765388521,3.55349260129701,0.00071259457790536,0.0134876305183386,-0.572596566526332
"ENSG00000234493",-3.19911749730339,-3.71116103369622,-3.55327631426694,0.000713084923194177,0.013490560038707,-0.518978079680079
"ENSG00000214237",5.57300759591408,-5.97381979722242,3.55181401877384,0.000716408522729023,0.0135429532608649,-1.45618543187306
"ENSG00000186594",2.12111749163872,2.59076831101442,3.5517615400973,0.000716528072878455,0.0135429532608649,-0.516803702002921
"ENSG00000149346",1.81593022853904,2.59499874680788,3.55116988545682,0.000717877216644053,0.0135620770035358,-0.515173073531267
"ENSG00000174837",2.28121092072859,5.98530799432112,3.55097225739201,0.000718328403442355,0.0135642266205681,-1.16555596547097
"ENSG00000122674",1.8832853263188,3.07284612307024,3.54920734750338,0.000722369677052222,0.0136341341581472,-0.535879767942319
"ENSG00000169193",3.35878043976448,1.20284352862174,3.54786203204371,0.000725464669164674,0.0136861241810222,-0.52559393654048
"ENSG00000124780",-3.35217617559851,-3.19393519014504,-3.54749935333603,0.000726301190795217,0.0136890578867085,-0.535345913882201
"ENSG00000249863",3.10367973925284,1.11448060423324,3.54716328193207,0.000727077160566588,0.0136972614850506,-0.52821625995821
"ENSG00000087245",6.64636224273502,-5.01013667720157,3.54684014537382,0.00072782400734713,0.0137036163951269,-0.964657025472254
"ENSG00000265907",6.59733491505495,-3.92664257205876,3.54612163442881,0.000729487273379855,0.0137233726553191,-0.892497450451891
"ENSG00000115107",3.12776111974405,2.4715032193698,3.54521157187714,0.000731599142948662,0.0137566645204968,-0.582060418053554
"ENSG00000152601",2.12409384042604,6.3395148574565,3.544658826791,0.000732884664414797,0.0137679576069176,-1.23114379808517
"ENSG00000100138",-1.98109455013007,5.77003337591466,-3.54391405058714,0.000734620187972544,0.0137896837894376,-0.539934751344847
"ENSG00000168675",1.52716145289817,3.80859788301411,3.54219111011115,0.000738650068043581,0.0138568408938348,-0.609799850856544
"ENSG00000123575",1.81390506616415,3.57209877313335,3.54048176772216,0.000742668891896823,0.0139192656227912,-0.604372030484338
"ENSG00000113763",6.11614992094061,-5.45711753773705,3.5404812404163,0.000742670134841232,0.0139192656227912,-1.32702224522795
"ENSG00000112333",6.77112278696959,-4.45853042222142,3.53996935067494,0.000743877673599533,0.0139354008546358,-0.91521858844134
"ENSG00000136444",-2.04101022641049,4.69783301404009,-3.53886520178128,0.000746488694995371,0.013977800892503,-0.573022444096766
"ENSG00000159459",1.8054647180479,3.63801135246177,3.53636969295693,0.000752422027757037,0.0140757889064162,-0.611921573187743
"ENSG00000278869",3.75290369869385,1.02974448615404,3.53542762294581,0.00075467352358944,0.0141113418582989,-0.557839270351228
"ENSG00000164031",2.93341787019491,3.20835554940083,3.53399578818371,0.000758107788975852,0.0141689676115329,-0.650233208421385
"ENSG00000248791",3.88516266294464,-0.311633213474223,3.53366741181973,0.000758897491801124,0.0141771361363331,-0.68336131153183
"ENSG00000272837",4.83604200174788,-6.45574647045291,3.53282052574997,0.000760937751163761,0.0142086481524782,-1.64418501441288
"ENSG00000189050",2.88863923146742,2.06340549535995,3.53256808190773,0.000761546928637766,0.0142134213672681,-0.566245519803584
"ENSG00000196428",1.83235361195237,3.5970874171957,3.52304052091155,0.000784879667278195,0.0146217480926404,-0.665446290376696
"ENSG00000223831",3.90315619760641,-6.58879180323997,3.51934741601175,0.000794105246694907,0.0147662438148144,-1.73672622245895
"ENSG00000257621",1.64104776541382,5.69559735545182,3.51887008858431,0.000795305122605398,0.01477912947436,-1.00964633740788
"ENSG00000119950",2.61371347772342,5.77772344081291,3.51877932997724,0.000795533460586911,0.01477912947436,-1.33811090206787
"ENSG00000084731",1.98308130330571,4.07450595566112,3.51850959973442,0.000796212437547644,0.0147849110458616,-0.794495378752361
"ENSG00000185973",1.57846033014963,2.84986271216245,3.51693640367774,0.000800183531135848,0.0148517905441936,-0.613779434734735
"ENSG00000115318",1.50502934180402,3.42647950401598,3.51629115405386,0.000801817714443887,0.0148752541560097,-0.659903720673236
"ENSG00000184106",3.40429405841234,2.11515391343708,3.51473278094227,0.000805777583676803,0.0149322379485151,-0.640694870264413
"ENSG00000205940",-2.10784007872843,-3.99309082784202,-3.51464405727863,0.000806003590574544,0.0149322379485151,-0.628880902656447
"ENSG00000129116",2.38312736365455,1.64177603125654,3.51233996498729,0.000811893948512236,0.0150344359825375,-0.61927008990925
"ENSG00000114209",2.47872561555643,3.22283210562601,3.50891182382751,0.000820733581546881,0.0151701753771714,-0.675993346259145
"ENSG00000279598",5.50351157908267,-2.36167972091626,3.50343466511434,0.000835046510263373,0.015420551127978,-0.935735017624204
"ENSG00000132561",-3.2448016067053,-2.77123013897981,-3.50179674920134,0.000839372514744591,0.0154862110315567,-0.662338437404703
"ENSG00000022840",1.88778866205513,9.16452651942552,3.50062940203983,0.00084246863867324,0.0155362037669457,-2.76073878371
"ENSG00000135999",1.7690775088822,3.89949827319289,3.49904717302092,0.000846682442261438,0.0155999093468914,-0.76662885273923
"ENSG00000101213",2.52756522052344,0.994451244432223,3.49892352927791,0.000847012572127767,0.0155999093468914,-0.681214285256191
"ENSG00000142892",1.944641365223,2.85365755248031,3.49882897632138,0.000847265111739234,0.0155999093468914,-0.667606266741341
"ENSG00000253315",5.39792088935599,-5.98939333742097,3.49875030042438,0.000847475300074895,0.0155999093468914,-1.59432793930619
"ENSG00000273253",2.33674825620178,1.81530568854579,3.49692357071727,0.000852369471269797,0.0156756438627577,-0.660934423332519
"ENSG00000047188",1.67799654707841,3.91689295126247,3.49381358981581,0.000860763463932224,0.0158155451448827,-0.758190219781276
"ENSG00000173334",2.02625152738169,5.30337370161624,3.49239357856732,0.000864622164842983,0.0158719715152462,-1.14108373781477
"ENSG00000109270",1.6352723148192,3.21489713577991,3.49239287204286,0.000864624088811234,0.0158719715152462,-0.690164609128326
"ENSG00000112511",-1.84347288453481,6.51677259897985,-3.49112685243917,0.000868078173921927,0.0159281053162982,-0.752925285012576
"ENSG00000164695",6.41808765535495,-5.07820346170574,3.4905420436934,0.000869678124730284,0.0159501824682513,-1.07366592624521
"ENSG00000177483",5.12804928677479,-1.96452412301721,3.49013285776998,0.000870799259952145,0.015963461855265,-0.893176139647563
"ENSG00000130766",1.83329348505197,5.05412274504643,3.48915744590608,0.000873477337917819,0.0160052579484832,-1.05417199131004
"ENSG00000228844",-1.63971026421672,-4.62419286932607,-3.48900505194365,0.000873896453653469,0.0160056424737024,-0.703981312885698
"ENSG00000141101",-1.96647076849294,5.04484796198238,-3.48800513762511,0.000876651165036964,0.0160380024617416,-0.686240492140088
"ENSG00000158869",1.88860747890091,9.02045988048619,3.48792942230793,0.000876860091809064,0.0160380024617416,-2.70577715294143
"ENSG00000228804",6.66764131899938,-4.27031859647192,3.48519978885595,0.000884423782730976,0.0161689881370399,-1.01073792871418
"ENSG00000126860",2.93569599530683,3.24948416246225,3.48373370127695,0.000888511742463671,0.0162363404866021,-0.805939809025227
"ENSG00000108958",-1.87419771449888,-4.24777484566223,-3.48269544050641,0.000891417603209721,0.0162746459964747,-0.719110668813311
"ENSG00000118596",3.64975427966496,1.60366765508889,3.48238029452349,0.00089230140786232,0.0162833868356246,-0.703941850936916
"ENSG00000166046",2.03668970388836,5.00562718323058,3.48121005738826,0.000895590531455571,0.0163359938954523,-1.00613684292653
"ENSG00000108691",-3.41004419454415,-3.38308205567679,-3.47857349348813,0.000903043156814897,0.0164569995422813,-0.726885128653816
"ENSG00000145623",6.89072595575624,-5.80362560000632,3.4768602754337,0.000907917287353045,0.0165383284033381,-1.10373520341931
"ENSG00000271420",-2.95405069356238,-3.36249673308791,-3.47615124138123,0.00090994178751041,0.0165601990681274,-0.733076292538884
"ENSG00000243323",5.27201096804151,-1.89919421119665,3.47591567661133,0.000910615340556236,0.016564958335313,-0.86904728028958
"ENSG00000168288",1.52037478719399,5.18872580459868,3.47478769511045,0.000913847146233701,0.0166087174380141,-1.02571976515614
"ENSG00000280355",5.65512752502842,-3.03333204603444,3.47454210138333,0.000914552242362773,0.016614021349963,-0.983976975563047
"ENSG00000235961",-3.24656879273678,-3.54843211142367,-3.47428255043619,0.000915297969953626,0.0166200582601968,-0.738367927689435
"ENSG00000236398",3.61364958041143,-6.62557257383268,3.47356529686732,0.000917361742122065,0.0166424985364581,-1.80102481633494
"ENSG00000240707",3.61364958041143,-6.62557257383268,3.47356529686732,0.000917361742122065,0.0166424985364581,-1.80102481633494
"ENSG00000149136",-1.72900065002397,6.21764848262136,-3.47212054963918,0.000921532148390979,0.016703081798744,-0.800499779243508
"ENSG00000058335",-3.12765951485964,-3.24254874272446,-3.47137086931314,0.000923703250538244,0.0167288172906503,-0.746262651632216
"ENSG00000104219",1.53088534750089,4.26822466079281,3.47134293285951,0.000923784249172767,0.0167288172906503,-0.868772725041181
"ENSG00000166033",4.18441074386465,-0.46633027297475,3.47082623619688,0.000925283567834109,0.0167408865859887,-0.757870752471495
"ENSG00000198933",1.7389569369035,6.38797065213242,3.46914882746517,0.000930166882886974,0.0168216684776528,-1.5206380926318
"ENSG00000272791",-2.79103829434005,-3.16717661338292,-3.4659770680534,0.000939467422573034,0.0169609606214592,-0.761240333748601
"ENSG00000251441",5.69072869010021,-1.83796809629926,3.46594675906127,0.000939556721157895,0.0169609606214592,-0.909786075843249
"ENSG00000243811",-2.83126131018478,5.18973825686185,-3.46434477172645,0.000944288079058218,0.017031076426334,-0.779537284986499
"ENSG00000177946",1.54654029814859,2.93958690199826,3.4616096896009,0.000952418172584559,0.01717000689428,-0.771872628457277
"ENSG00000213593",-1.57383357791899,4.8485037742969,-3.46087085551339,0.000954625725446493,0.0172020902798745,-0.758099964570265
"ENSG00000185946",1.55353570907287,3.89437709722224,3.46011513713056,0.000956888741614178,0.0172351439024969,-0.837631836848033
"ENSG00000183780",-3.36550289643368,-2.98450663931154,-3.45905294555702,0.000960078092820904,0.0172848452698549,-0.780494229513411
"ENSG00000115760",1.55771077031283,5.6133342377217,3.45582107473714,0.000969844206664945,0.0174372436477389,-1.207355877023
"ENSG00000276961",3.98729492665631,0.10182148384002,3.45192645818924,0.000981738060042779,0.0176431978050245,-0.821175522547751
"ENSG00000179331",5.42653715045174,-2.38535304013182,3.45177680213588,0.000982197843070264,0.017643573586734,-0.936805038003441
"ENSG00000106701",4.67578697717145,-1.10121530546505,3.45137016450845,0.000983448171760695,0.0176504651625021,-0.92096308469494
"ENSG00000166825",1.56190844484201,9.03077064754331,3.45136645709867,0.000983459578230054,0.0176504651625021,-2.75317024739554
"ENSG00000137288",-2.77502641047079,3.64367604765282,-3.44270961150075,0.00101043830888694,0.0181023355142035,-1.08893384196817
"ENSG00000162571",-3.19611251806175,-3.64469951582282,-3.44133421182336,0.00101478867931818,0.0181560011063415,-0.828836788940068
"ENSG00000251576",7.43858632762672,-4.8531442590777,3.44106832980822,0.00101563170345704,0.0181562426091564,-1.05745984823129
"ENSG00000198416",6.01181286817085,-3.69404913929521,3.44104508761595,0.00101570542828697,0.0181562426091564,-1.13911250773776
"ENSG00000227992",5.93459407934531,-3.42686760876552,3.43545707179689,0.00103357857119752,0.0184656780411924,-1.09014881688227
"ENSG00000184497",2.93705676481903,1.04304050237476,3.43455634854083,0.00103648723113507,0.0185016797255298,-0.832414556997417
"ENSG00000134255",1.55498786721228,4.32050054494931,3.43443771282151,0.00103687091243268,0.0185016797255298,-0.955370934869189
"ENSG00000232063",5.02160376135547,-1.90944039006393,3.43116237580006,0.00104751696905671,0.0186833527906024,-1.02740937764603
"ENSG00000188783",3.90315619760641,-6.56937614657443,3.4303990616447,0.00105001284506975,0.018719563812636,-1.88368367967472
"ENSG00000178146",3.31856779046852,-1.45611719512031,3.42906948635593,0.00105437372102225,0.0187889770977555,-1.17718967601924
"ENSG00000272763",-2.98124377683824,-3.57750170057536,-3.42765372497204,0.00105903611991538,0.0188636996423739,-0.866139266194715
"ENSG00000196878",4.50426716801118,-0.367247179413421,3.42323188857266,0.00107372410641996,0.0191083915565716,-0.872118647754774
"ENSG00000069712",4.01438606390086,-0.409772950383016,3.42111400308887,0.00108082714944864,0.0192073808351683,-0.906688987991545
"ENSG00000282320",-3.05415068522392,-3.30902996014469,-3.42100393181889,0.0010811975232572,0.0192073808351683,-0.884291588249442
"ENSG00000109756",1.76250026411158,4.88489340985659,3.42002370498852,0.00108450114440258,0.0192524477446769,-1.19199486443477
"ENSG00000223401",6.40422275293214,-4.84209701580658,3.41996711518995,0.0010846921581437,0.0192524477446769,-1.2481134326875
"ENSG00000239040",6.14382563441936,-3.45984502220578,3.41839018965536,0.00109002774697442,0.0193386123053246,-1.18901531838993
"ENSG00000075223",3.58815548583459,0.26327592615644,3.41398620759482,0.00110506060047817,0.0195707692777196,-0.884625613109472
"ENSG00000240859",1.94033669108717,1.72918356389103,3.41375294350513,0.001105862283888,0.0195763432570961,-0.884983078586029
"ENSG00000237417",-2.12102876830346,-3.88579730643415,-3.41150692233316,0.00111360962361909,0.0196788281708724,-0.913163774105117
"ENSG00000265527",6.15052009166135,-3.5820441530169,3.41058805413586,0.00111679390587197,0.0197177639894006,-1.25235321775008
"ENSG00000113073",6.76609482834483,-4.93352272776799,3.41027761461523,0.00111787166010928,0.0197194719086061,-1.16272023455948
"ENSG00000169155",1.65434727689955,3.40428588812071,3.40945230979778,0.00112074166020259,0.0197527646749078,-0.955901783532384
"ENSG00000225969",7.11592971527927,-4.7901434233434,3.40880702545309,0.00112299049145933,0.019783726440687,-1.22274542565425
"ENSG00000134686",1.62795476941113,8.71399023881161,3.40471011638958,0.00113736817886636,0.0200194726474541,-2.7058845301274
"ENSG00000086967",-3.0819498046739,-3.56675806812786,-3.40390734461336,0.00114020574482611,0.0200606351656452,-0.930848410221264
"ENSG00000101751",2.74801354357935,2.55787110424976,3.40370773580285,0.00114091234266408,0.0200642860891433,-0.949190129196758
"ENSG00000179454",2.86031850472775,2.0473235655818,3.40353977883586,0.00114150721647779,0.0200659698805597,-0.917013208867848
"ENSG00000100142",-2.8123348178707,-3.19279683254546,-3.40326525832128,0.00114248015096473,0.020074295030194,-0.932725253720833
"ENSG00000240890",5.99140351628304,-3.57973436113227,3.4029112071394,0.00114373610969688,0.0200875836968257,-1.1863506539225
"ENSG00000257851",-2.17351750112301,-3.75907738917667,-3.40205584144084,0.00114677581721038,0.0201321752853676,-0.938340363434644
"ENSG00000003147",2.08662527194537,1.61699719754594,3.39701971049978,0.00116482812926537,0.0204312480160237,-0.929660917807626
"ENSG00000248780",5.95695321366804,-3.3291349339207,3.39667966059533,0.00116605669083458,0.0204438774901578,-1.22653432286204
"ENSG00000213347",1.83467242250227,5.779436455115,3.39635638630598,0.00116722577970934,0.0204542477448067,-1.47032865795075
"ENSG00000164100",6.29421489282586,-5.38785083768433,3.39608781760085,0.00116819787389893,0.0204542477448067,-1.52417933074742
"ENSG00000204217",1.65439547146404,3.35608282741119,3.39605394208072,0.00116832054191397,0.0204542477448067,-0.980790392908722
"ENSG00000232457",6.48722295701688,-5.08638364612719,3.39477195882355,0.00117297174301691,0.0205114441116859,-1.25905742971589
"ENSG00000143436",-1.74517102140984,4.44196596035033,-3.39426638606021,0.00117481083440471,0.0205203135373159,-0.949180679032508
"ENSG00000145244",5.77979934119866,-3.76245666627642,3.39425502943581,0.00117485217699185,0.0205203135373159,-1.23218746773563
"ENSG00000139372",1.62626155443816,3.54079060509343,3.3941101465656,0.00117537972841876,0.0205203135373159,-0.985719176293335
"ENSG00000138640",1.88471853579536,3.08987214313566,3.39407144911332,0.00117552067251477,0.0205203135373159,-0.994886317680969
"ENSG00000277349",5.08758076874383,-6.39218608842264,3.3903505564626,0.00118914779815329,0.0207149201498241,-1.84502601261993
"ENSG00000088854",1.75778674672374,2.87773026415787,3.39032410500424,0.00118924520436282,0.0207149201498241,-0.976429832077202
"ENSG00000198887",1.51036623196153,3.81251657674877,3.39014996922803,0.00118988663914273,0.0207171167894395,-1.03405364925685
"ENSG00000224481",3.90315619760641,-6.5819548056742,3.3857020624648,0.00120638191423391,0.0209679920951283,-1.95673892740266
"ENSG00000188167",3.4513935537838,0.923400273539373,3.38463032162029,0.00121038869865807,0.0210285421190371,-0.96072953905624
"ENSG00000237135",5.69971846319629,-2.58497540145788,3.38261402692636,0.00121796087390388,0.0211509559622824,-1.25302875957928
"ENSG00000141232",1.58705214666252,4.90702049416659,3.37973907538947,0.00122883516774071,0.0213305835118791,-1.28465851722679
"ENSG00000236520",4.1441642971102,-6.57345370456309,3.37713679841679,0.00123875711776842,0.0214935320019533,-1.96864140227705
"ENSG00000132600",-1.90434742636649,4.87352074240445,-3.37483044457147,0.00124761398647015,0.021637867767072,-0.986771173078925
"ENSG00000178404",4.46582767334435,-0.276345970559944,3.37420196758729,0.00125003781671773,0.0216705564069367,-1.02028352496541
"ENSG00000225940",5.7364256145086,-2.14499392047859,3.37402420996893,0.0012507241762289,0.0216731091951527,-1.10458036342921
"ENSG00000185736",5.97375953653855,-2.49186976798591,3.37075595393272,0.00126340721206847,0.0218834540024026,-0.997491149758432
"ENSG00000256581",4.35502308079189,-0.722931390902764,3.36861058275397,0.00127179862948598,0.0220098357738249,-1.04922475735753
"ENSG00000274373",-2.89504002872149,-3.65070997377385,-3.36645801750515,0.00128027106458696,0.0221469265656304,-1.03230950898964
"ENSG00000204371",-1.77003733634971,6.00913009182201,-3.36526063568346,0.00128500696529897,0.022211372623148,-1.07345979202694
"ENSG00000198176",1.82321074766817,5.21056277626732,3.36380271558732,0.00129079568334351,0.0222964847509783,-1.42533997987131
"ENSG00000236349",-2.02049390124272,-4.22443544348338,-3.36371740330945,0.0012911351798487,0.0222964847509783,-1.04338445036481
"ENSG00000200648",5.75546033111389,-3.11735459093818,3.36329530714552,0.00129281613401442,0.0223159271016091,-1.31186865131113
"ENSG00000224820",-1.65546194149124,-4.23369340042009,-3.36235440541825,0.00129657061696431,0.0223711295893559,-1.05041176265861
"ENSG00000100206",-2.67000006463399,-3.71500892497765,-3.3584543521411,0.00131224305421825,0.0226106016342312,-1.05428451597876
"ENSG00000155868",1.59654265542715,2.21773689988144,3.35834143345576,0.00131269947301864,0.0226106016342312,-1.03062216887658
"ENSG00000165383",5.08758076874384,-6.55269411036123,3.35811551223123,0.00131361309944342,0.0226166483185544,-1.89982651301684
"ENSG00000137312",1.72878398372065,8.83478634612539,3.35625005196678,0.00132118000263527,0.0227371911241194,-2.90858177124336
"ENSG00000198917",-1.73008534274704,5.19524732176721,-3.35575589894341,0.00132319132740259,0.0227620615080184,-1.04181520829195
"ENSG00000265018",-2.86814762244367,-2.94083068036117,-3.35466471553344,0.00132764295523152,0.0228093598659049,-1.06411961304648
"ENSG00000229605",-1.84070951294717,-3.77360674296362,-3.35216487032387,0.00133789475114655,0.0229462648402702,-1.07617380971099
"ENSG00000140939",2.19100949744609,2.23317548963941,3.34962747910738,0.00134837689370262,0.0231063290198776,-1.05928725340824
"ENSG00000224397",1.73320418741398,7.25137616211874,3.34878727469245,0.00135186488400845,0.0231562301094621,-2.1559736151841
"ENSG00000120265",1.5018025715384,5.1294828756021,3.34703147858453,0.00135918132978104,0.0232642204301357,-1.36794463468656
"ENSG00000135046",1.86694032277236,7.17711510757358,3.34699667247058,0.00135932674469899,0.0232642204301357,-2.02898420821542
"ENSG00000233184",2.88905740865916,1.7752603953383,3.34658218754342,0.00136105953152252,0.0232740600962434,-1.06134783800056
"ENSG00000178974",1.66693389713929,3.92453884453938,3.34468032610933,0.00136903716874498,0.0233707143345587,-1.19474480160675
"ENSG00000138670",2.75342225507403,2.10388315539329,3.34220989769886,0.00137946562814738,0.023528755699101,-1.09772185315604
"ENSG00000134352",2.47533450280258,4.83890382454855,3.34200265493996,0.00138034386410468,0.0235337506466227,-1.44852148761708
"ENSG00000137449",3.02457870592627,2.42276017062396,3.34056814523223,0.00138643738630303,0.0236269235933485,-1.13399507866891
"ENSG00000162542",-1.61434792065476,4.40592535444753,-3.33566951632531,0.00140743765342934,0.0239347751874645,-1.09214462510478
"ENSG00000104497",4.14995877457662,-0.274208134147347,3.33233025672976,0.00142192452634473,0.0241504899907524,-1.17124345473151
"ENSG00000243016",6.58574581927705,-5.91479139496213,3.32388716275608,0.00145918339493993,0.0247365145968174,-1.51827722517501
"ENSG00000163590",1.74122079321075,2.51029521699582,3.32027588570481,0.00147539914297011,0.0249953629775323,-1.13963302124965
"ENSG00000235237",-2.99404856641856,-3.68773484339122,-3.31920966911573,0.0014802191694446,0.0250664578980674,-1.15910438317029
"ENSG00000197779",1.92755785051756,2.14617724633166,3.31867761549749,0.00148262996240889,0.025096711473163,-1.13241222187708
"ENSG00000120725",1.57001083936998,4.43247409716994,3.31686019233323,0.00149089284616555,0.0252259571555334,-1.39919117428157
"ENSG00000107140",-1.79770225077774,5.39582626391639,-3.31527998941364,0.00149811246737934,0.0253292824850906,-1.15582824835756
"ENSG00000164187",2.77761676263014,1.74512841001606,3.31492394462378,0.00149974370462027,0.0253292824850906,-1.14366089546835
"ENSG00000278942",-2.82100657514959,-3.90951716753073,-3.31459588097586,0.00150124822647756,0.0253292824850906,-1.17158363657163
"ENSG00000147133",1.53358907389616,4.89091981292675,3.31456064967502,0.00150140988413439,0.0253292824850906,-1.42780146888029
"ENSG00000184206",5.84458436785472,-5.70055218068339,3.3133736974898,0.00150686577121879,0.0254096110236004,-1.74618394061869
"ENSG00000166471",2.07184085120803,3.1863452469621,3.31297564820963,0.00150869960482897,0.0254096110236004,-1.20166604979052
"ENSG00000255545",-3.13771681137498,-3.03925854595742,-3.31250866592159,0.00151085369728549,0.0254352346475173,-1.17703883947699
"ENSG00000234426",5.68694648526265,-3.02264186039119,3.31166373068103,0.00151475857617776,0.0254902989868138,-1.18884141440694
"ENSG00000007866",5.77314919608231,-2.62565883557142,3.31058065602883,0.0015197779285534,0.0255640637170308,-1.30200423326646
"ENSG00000197702",-2.85190695542944,-4.13721938090752,-3.30987056238697,0.00152307725588265,0.0256088464412355,-1.18413622339499
"ENSG00000116678",3.35113652709906,-0.205308502493729,3.3069791277916,0.00153658162315048,0.0258035315012095,-1.22985244352127
"ENSG00000274422",6.8992829841202,-2.38829446917283,3.30399581702555,0.00155063328596367,0.0260177626720833,-1.26364389032311
"ENSG00000049768",-4.00598539264602,3.60065554381451,-3.30145959789966,0.00156267421563425,0.0261870065931338,-1.56695742527752
"ENSG00000187950",6.29146118254283,-5.33874205492653,3.2982848602349,0.0015778707043839,0.0264131094102327,-1.61705213450462
"ENSG00000122224",-3.34098619544809,5.4820515981507,-3.2982293549103,0.00157813762507783,0.0264131094102327,-1.20759588594409
"ENSG00000222858",5.81378618122354,-3.54373258895333,3.29776297848149,0.00158038207267854,0.0264396671185279,-1.45891627052554
"ENSG00000112290",3.87622529142974,0.0538775348447857,3.29602820457975,0.00158875712934389,0.02655767738623,-1.22065496426017
"ENSG00000154447",4.13387559511861,-0.153584375069762,3.2942151577546,0.0015975547252906,0.0266936388471042,-1.19539057523847
"ENSG00000134827",2.90952613144435,3.26536436877172,3.29397830376507,0.00159870741344093,0.026701801177878,-1.36809544684192
"ENSG00000149231",2.27806886222035,2.72540916480222,3.2936870160474,0.00160012608595864,0.0267143973869224,-1.21817172830972
"ENSG00000124772",1.74282235308101,5.76792820133208,3.29199220688055,0.00160840393824855,0.0268303133300698,-1.8182667214985
"ENSG00000236946",-2.93268841795206,-2.71152582965441,-3.29185509632233,0.00160907537893374,0.0268303809140996,-1.23201279298245
"ENSG00000275560",4.6649688892547,-1.43866433504525,3.29138645284219,0.00161137235443372,0.0268575420368758,-1.39766108710439
"ENSG00000178802",-2.30917745858941,4.82460711954689,-3.29094903027742,0.0016135190913373,0.0268821775838965,-1.21120483599195
"ENSG00000162688",3.24187296107537,2.08643341835773,3.28974221521746,0.00161945574383977,0.0269699087878403,-1.24330387429056
"ENSG00000117569",2.99696804309963,2.08047978827119,3.28836760584571,0.00162624287338552,0.0270605198658298,-1.23220344645696
"ENSG00000173681",1.65664218823572,3.71786356947916,3.28729810320531,0.00163154205290698,0.0271374652920838,-1.31411459941163
"ENSG00000171453",-2.08028816058118,3.33420796010194,-3.28641099839217,0.00163594981570072,0.0271995262575684,-1.3765176226539
"ENSG00000161682",-2.82479220388939,-3.16675908740762,-3.28540218308194,0.00164097594377915,0.0272718126878087,-1.24926235410044
"ENSG00000126861",4.73748633913076,-1.02658559599321,3.28519378063538,0.00164201605817377,0.027272441853908,-1.27397961612088
"ENSG00000064763",1.98471158501385,4.16790366054946,3.28492222118833,0.00164337231362873,0.0272778091463675,-1.40545110356328
"ENSG00000104756",1.95076582119307,2.84854948672976,3.28243694727446,0.001655833651741,0.0274619737901368,-1.25539809504531
"ENSG00000138378",-2.96233552779491,5.221545772635,-3.28011057887207,0.00166757876903007,0.0276339660645288,-1.25275290320806
"ENSG00000123360",1.54753288199627,4.15206061966782,3.27844666137979,0.00167602742265362,0.0277625275836509,-1.41445715100683
"ENSG00000129682",5.24600106859144,-1.63890903475422,3.27462668023506,0.00169557627421058,0.0280345583200343,-1.26122412138087
"ENSG00000138386",1.96647858778523,2.80073963722595,3.27456598693548,0.0016958885982924,0.0280345583200343,-1.26896627385855
"ENSG00000281852",-2.81495624444769,-3.6071201656521,-3.27455664702915,0.00169593666569632,0.0280345583200343,-1.2780099894664
"ENSG00000100413",-1.96373916328899,4.60246448229669,-3.2711552599137,0.00171352724560069,0.0283136959834109,-1.25674463876038
"ENSG00000136010",5.52249154209841,-2.54579154729048,3.27049850357506,0.0017169434318586,0.0283584880228347,-1.504231615575
"ENSG00000120896",-3.12084883832611,5.3678079096031,-3.26984679431184,0.00172033969813644,0.028402914391984,-1.26724637454275
"ENSG00000230225",6.44501637664316,-4.00167755813627,3.26949961738896,0.00172215152778169,0.0284211558784399,-1.67015138372875
"ENSG00000204568",-1.85505855041827,4.79271740455675,-3.26814174262425,0.0017292551919588,0.0285266792068641,-1.26183600482562
"ENSG00000198753",5.23927254470021,-1.42012756147294,3.26696470824045,0.00173543509023212,0.0286168833049679,-1.29793791140283
"ENSG00000145391",1.65370174458788,3.4627335525047,3.26597437196965,0.00174065083613922,0.0286676136478776,-1.34881012144766
"ENSG00000262420",-2.63561472845456,-3.65589857867406,-3.26554156275852,0.00174293491393537,0.0286934764168837,-1.30227094715709
"ENSG00000259641",-2.80252449818582,-3.28854877166542,-3.26452000249695,0.00174833721084552,0.0287588594723452,-1.30458065285199
"ENSG00000090104",-2.8956421402894,-2.78804996306217,-3.26241028434864,0.001759543877799,0.0289195351493357,-1.3100349351724
"ENSG00000135446",-2.19201919238558,4.61220497593348,-3.26121740955811,0.00176591020330247,0.0290123097642689,-1.29061183199428
"ENSG00000177112",4.31859794333799,-0.496088209480028,3.26009580429035,0.00177191592019786,0.0290872045013452,-1.29557818037065
"ENSG00000152270",1.91777727796232,4.54261541929246,3.25840605012465,0.00178100010803146,0.0292243944257472,-1.56580387422349
"ENSG00000112200",1.69181332842812,3.76070528692036,3.25373154817218,0.00180635909471211,0.0296042594070999,-1.39431166961671
"ENSG00000174718",1.64558185197533,7.76014777633012,3.25205971689834,0.00181551084167017,0.0297179018146678,-2.58498434305995
"ENSG00000024526",6.25415363720047,-4.10537799412417,3.25184911090324,0.00181666680328608,0.0297181101770266,-1.69621961932422
"ENSG00000242736",-2.79568597190929,-3.638993951174,-3.25178806272217,0.00181700201022664,0.0297181101770266,-1.33819570698901
"ENSG00000066382",-2.95809887252996,-3.91002049729768,-3.25126848961256,0.00181985726699136,0.029740610507149,-1.33934953466029
"ENSG00000181016",2.43893055163493,2.50157133051617,3.24596730281343,0.00184923139531903,0.0301838410696774,-1.34957798562888
"ENSG00000234699",-2.53503184943767,-3.75683735423044,-3.24569409286955,0.00185075727448655,0.0301964869922517,-1.35510430166534
"ENSG00000036054",1.65741911019995,3.78585092910085,3.24473603392039,0.00185611739479066,0.0302471145137309,-1.42446744888446
"ENSG00000079616",-2.28184348959923,5.36139455899329,-3.24353649537809,0.00186284910740519,0.0303244269501,-1.32490930323173
"ENSG00000077458",2.30687888055759,2.34913285312515,3.24348749423202,0.00186312458501436,0.0303244269501,-1.34284172532084
"ENSG00000205755",-2.57243213639518,-3.20201593431343,-3.24139456740611,0.00187492652856829,0.030504166856132,-1.36616780129305
"ENSG00000256751",3.74025053024377,0.353179434551993,3.24088242320174,0.00187782517188129,0.0305389674595354,-1.33268546228218
"ENSG00000261997",5.40890491093431,-2.13456560197972,3.24045341365734,0.00188025652859832,0.0305661435352647,-1.46831753730874
"ENSG00000154642",1.61982417770665,2.82549680156397,3.23795098752662,0.00189449775975653,0.0307852057145239,-1.35021678690268
"ENSG00000253214",6.11122804400039,-2.79971065631479,3.23450755098232,0.00191425998348546,0.031081211573539,-1.51067301281785
"ENSG00000232450",4.8503728650272,-1.70808864518231,3.23325306117618,0.00192150762997228,0.0311801131441751,-1.49491625421356
"ENSG00000243730",-1.89235323365582,-4.47987147177173,-3.2328576672203,0.00192379730274308,0.0311961361375573,-1.39349459134815
"ENSG00000232946",3.61364958041142,-6.58092574282645,3.23274641547232,0.0019244420083862,0.0311961361375573,-2.19279276443133
"ENSG00000145365",1.83335238928129,3.55715288130876,3.23254328712808,0.00192561966395204,0.031202644792503,-1.43358151284351
"ENSG00000248863",6.02013404487912,-2.70813960960745,3.23102536238728,0.00193444142824639,0.0313203440589454,-1.56619091502481
"ENSG00000065665",1.51047969295222,2.95060113985787,3.22994337678142,0.00194075279092592,0.0314098807169098,-1.38239565455661
"ENSG00000179241",2.80395355707245,1.66655471879597,3.22905936258964,0.00194592371122268,0.0314808953877562,-1.3750721665631
"ENSG00000270030",5.73964917620327,-3.13458585304965,3.2258313390783,0.00196491569183728,0.0317625816820435,-1.47425581746274
"ENSG00000120217",3.22820892621864,2.45360643592832,3.22415388871473,0.00197485351690415,0.0319017110672813,-1.45026084628505
"ENSG00000271011",5.24683527418944,-1.90036328337059,3.22411075679781,0.0019751096673415,0.0319017110672813,-1.46442308105429
"ENSG00000134198",2.04456132902118,3.64724936188911,3.22320430699562,0.00198050008475589,0.031963092897373,-1.48045473112767
"ENSG00000253983",4.83604200174787,-6.13634827906214,3.22142562445585,0.00199111761009435,0.0321086683357453,-2.164493140077
"ENSG00000168939",3.33464275318852,1.33653169080015,3.21994756984081,0.00199998122425431,0.0322128386127691,-1.39805293787119
"ENSG00000089737",-1.67912559454767,7.02273375854568,-3.21947817355877,0.00200280384632544,0.0322453825510514,-1.63796782968043
"ENSG00000154359",1.71062029257523,2.90901099893173,3.21890965863988,0.00200622750667744,0.032287573348057,-1.40836138263036
"ENSG00000105983",1.68280072067899,3.85516710900694,3.21861834494626,0.00200798395854232,0.0323029096043691,-1.51438037918325
"ENSG00000163449",3.25764866235789,1.32328063241624,3.21751401541635,0.00201465554011444,0.0323972728094723,-1.41544845583466
"ENSG00000177683",2.61216348388299,2.50377739101073,3.2158309462124,0.00202486349501296,0.0325484055283931,-1.41977777641913
"ENSG00000249835",5.78037165157713,-3.80043477255726,3.21446717663215,0.00203317045836617,0.0326688724089675,-1.66019210240142
"ENSG00000132122",2.12738779295144,1.38437777666502,3.21427084603711,0.00203436897361922,0.0326750705063684,-1.39952116744641
"ENSG00000155111",1.60554603620993,4.2882662311627,3.21318060413572,0.00204103651393839,0.0327457552509079,-1.6117036170262
"ENSG00000167549",4.08368406337597,0.347786332097446,3.21108116802344,0.00205393374932727,0.0329235425001814,-1.40651880288466
"ENSG00000149929",-2.07072041700151,4.28375564234972,-3.21058949293479,0.00205696523683554,0.03295899420138,-1.42026219808933
"ENSG00000271554",-2.71827849763067,-3.81457233715362,-3.20959192150831,0.00206312880169508,0.0330443665684073,-1.44898398705786
"ENSG00000179295",1.60281797586542,4.57317185689045,3.20946128539056,0.00206393722832871,0.0330443665684073,-1.67158157274691
"ENSG00000085224",1.98220916994,5.4107101498342,3.20731388406635,0.00207726885455245,0.0332445710552219,-1.88687972059494
"ENSG00000275895",5.88088340640049,-1.75449540832433,3.20693104019564,0.00207965411973591,0.0332695005657076,-1.47982292004756
"ENSG00000163788",1.67982069505929,5.85658905408801,3.20574836620373,0.00208703887801912,0.0333610882600893,-2.02003929788322
"ENSG00000151414",2.90903078043277,3.57751575745292,3.20530857157755,0.00208979127899485,0.033391808027882,-1.64264463915354
"ENSG00000218739",1.51803505637374,4.28478149587347,3.20449507906483,0.002094891400918,0.0334467133040927,-1.59084094592744
"ENSG00000008283",-3.36726945867962,4.42850409793065,-3.20401942060356,0.00209787890908782,0.0334811146896183,-1.52624906958392
"ENSG00000205846",5.56125766605739,-3.17903323202397,3.20373660413418,0.00209965711271842,0.0334875388483951,-1.60716059267921
"ENSG00000253276",1.9569895052563,4.75826982242947,3.20369045614773,0.00209994740154231,0.0334875388483951,-1.78804126863696
"ENSG00000267122",-2.65674684218254,-3.89756877287308,-3.20178209119174,0.00211198478769195,0.0336661429162537,-1.46957472285948
"ENSG00000207248",6.20399045333111,-3.74304893410596,3.20122987608841,0.00211548004997114,0.0336992738580556,-1.70302584287789
"ENSG00000052795",2.05870169107887,2.37566705668389,3.20070545136029,0.00211880443531632,0.0337347231321135,-1.45488655110814
"ENSG00000166225",2.01647372561875,2.43575528553499,3.19895749911891,0.00212992031734736,0.0338714622618666,-1.44946722652611
"ENSG00000125900",2.85801470036583,1.21218749829244,3.19861891609913,0.00213207980790298,0.03389239716778,-1.43793878114115
"ENSG00000142230",-1.62764552064237,5.54677366216696,-3.1978386608723,0.00213706411639219,0.0339582022162841,-1.47825345870574
"ENSG00000197712",3.23545686001175,0.778471694972681,3.19600225853531,0.00214883830972689,0.0340789878139513,-1.44338780418075
"ENSG00000147955",-1.5426492442952,5.3397105959985,-3.19599205683768,0.00214890388807439,0.0340789878139513,-1.47902495811304
"ENSG00000183624",-1.55334297349384,5.1671083575946,-3.19557158596317,0.00215160838403942,0.0340949784214241,-1.46518609799147
"ENSG00000198331",-2.61258483103191,2.26375391238468,-3.19504059615393,0.00215502830622288,0.0341357162989646,-1.87338037333004
"ENSG00000213755",-1.85769329729231,-4.5513865872405,-3.19462847900123,0.00215768612379086,0.0341643550802049,-1.49361433085009
"ENSG00000136870",1.71553590606409,2.86962317038235,3.1941089073647,0.00216104131567888,0.0342040090444576,-1.48397577202267
"ENSG00000181396",-1.86450128629978,4.53210032822742,-3.19335511187362,0.00216591773383539,0.0342581839501041,-1.45180546225058
"ENSG00000141293",-3.58922484558918,5.48993478241982,-3.19331640089875,0.00216616843941009,0.0342581839501041,-1.47614809643696
"ENSG00000275894",3.61364958041142,-6.57684818483779,3.19288609086264,0.00216895710825894,0.034288798138508,-2.25603001763
"ENSG00000172179",6.18974851913813,-4.01769419225249,3.19104521679868,0.00218092513529725,0.0344644466545676,-1.6727770359082
"ENSG00000239470",-2.21711237427377,-3.83776544057639,-3.18933027057263,0.00219213016036456,0.0346279044035269,-1.50456337066579
"ENSG00000185640",-3.30753859465861,-3.24621641988384,-3.1874954403845,0.00220417823372783,0.0348045457000496,-1.50652726496463
"ENSG00000106351",-2.64602102580165,4.47404830500511,-3.18559120036408,0.00221674770451682,0.0349741421908794,-1.49954549502281
"ENSG00000089486",-2.7445468413532,5.36391767360406,-3.18547321731964,0.00221752869122311,0.0349741421908794,-1.46983424210621
"ENSG00000181666",-2.06879629505393,4.88809947561151,-3.18459410612879,0.00222335607914112,0.0350522984680907,-1.47190013935992
"ENSG00000144668",4.73805460130177,-1.50003133854742,3.18416631762214,0.00222619696191134,0.0350833282096275,-1.5176674110297
"ENSG00000167113",-2.04193041362612,5.02912605274398,-3.18379094577752,0.00222869255562301,0.035108894248102,-1.47462819368663
"ENSG00000128594",1.52179978086846,5.72102919158117,3.18328631745366,0.00223205162098389,0.0351480373156264,-2.04879697196899
"ENSG00000170448",2.65570069227027,2.16445395378383,3.18276780590207,0.00223550804323354,0.0351886822059807,-1.51585480493001
"ENSG00000001497",-1.9285081713954,4.80284369467936,-3.18140741453729,0.00224460034010265,0.0353179737271259,-1.48006712691466
"ENSG00000234484",5.57661543388506,-3.23580760700407,3.1804071598255,0.00225130773166189,0.0353958050169226,-1.70332292463721
"ENSG00000166664",5.52535602721908,-4.02919653321684,3.18022337292427,0.00225254218963052,0.0354013686894161,-1.74450967360729
"ENSG00000154620",-3.09851635008016,-3.25309603577117,-3.17874889481954,0.00226246893574151,0.0354452785736628,-1.52885135547134
"ENSG00000241073",3.25107950102672,-6.63067919466909,3.1787214579669,0.00226265403900798,0.0354452785736628,-2.24926277661316
"ENSG00000253525",3.25107950102672,-6.63067919466909,3.1787214579669,0.00226265403900798,0.0354452785736628,-2.24926277661316
"ENSG00000282121",3.25107950102672,-6.63067919466909,3.1787214579669,0.00226265403900798,0.0354452785736628,-2.24926277661316
"ENSG00000271963",3.25107950102672,-6.63067919466909,3.1787214579669,0.00226265403900798,0.0354452785736628,-2.24926277661316
"ENSG00000273115",3.25107950102672,-6.63067919466909,3.1787214579669,0.00226265403900798,0.0354452785736628,-2.24926277661316
"ENSG00000226527",3.25107950102672,-6.63067919466909,3.1787214579669,0.00226265403900798,0.0354452785736628,-2.24926277661316
"ENSG00000239511",3.25107950102672,-6.60835577916597,3.1787214579669,0.00226265403900798,0.0354452785736628,-2.24926277661316
"ENSG00000116521",-1.77504500660895,5.66309255905525,-3.17862998988778,0.00226327123273948,0.0354452785736628,-1.53323008322095
"ENSG00000211688",-2.69538020785032,-3.68829095515378,-3.17815252183093,0.00226649557793221,0.0354819529688593,-1.53083272757292
"ENSG00000226125",5.14370329904887,-2.52870950065219,3.17685523904453,0.00227527788931129,0.0355778769763097,-1.61042255797222
"ENSG00000263400",-2.96781049527269,-3.33498387494461,-3.17667477820649,0.00227650209203606,0.0355831792783957,-1.5342070954918
"ENSG00000223799",3.01101381569591,1.20560811307169,3.17601648327526,0.00228097304048699,0.0356392064413751,-1.49732379830857
"ENSG00000147883",3.39374718873871,0.701578064943094,3.17357824780284,0.00229760460909877,0.0358433451668564,-1.49927987448071
"ENSG00000224094",-1.98247596391057,-3.57030996053675,-3.17189432120831,0.00230915718718704,0.0359816811005012,-1.55151561454812
"ENSG00000071073",1.62559433989228,5.07310492510935,3.17073626146746,0.00231713361551117,0.0360919820266486,-1.88813566756821
"ENSG00000233038",1.86180172718679,3.65922383552495,3.17046090061902,0.00231903402773724,0.0361075933319491,-1.68246126269328
"ENSG00000226031",6.29377886088081,-5.64014758955665,3.16939779708876,0.00232638478289046,0.0362080220835316,-1.94581481657152
"ENSG00000087502",1.76354177159255,3.58666826613349,3.16758268533897,0.00233898571870663,0.0363900556747074,-1.58755742321364
"ENSG00000134014",-1.5869544419904,4.73535396587288,-3.16709868121476,0.00234235657155072,0.036426801104082,-1.51820881344698
"ENSG00000114166",1.7913419787701,5.24553260118914,3.16687276272777,0.00234393154099387,0.036426801104082,-1.91936907264033
"ENSG00000233947",3.90315619760641,-6.59917160034091,3.16630951032884,0.00234786252267492,0.0364717036849216,-2.30716310044174
"ENSG00000121957",1.94658188748603,1.88792153597373,3.16477033349828,0.00235863607296094,0.0366249082291138,-1.52278802987533
"ENSG00000172007",3.41097787901087,2.20169012738365,3.16370576690029,0.00236611463306917,0.0367040918884742,-1.5924840290512
"ENSG00000154930",-1.835335169104,5.92615282163149,-3.16364944285525,0.00236651092635765,0.0367040918884742,-1.58500745170261
"ENSG00000176428",-2.64610213758111,-3.86227248679237,-3.16362553073885,0.00236667918966323,0.0367040918884742,-1.56862420186084
"ENSG00000257138",4.96728653502612,-6.00810278152823,3.16352489639152,0.0023673874500476,0.0367040918884742,-2.24123068261552
"ENSG00000133422",-1.63832556652015,5.45467659883912,-3.16057488897724,0.00238823789679951,0.0370130840120022,-1.57189278775657
"ENSG00000143344",2.83857171215045,1.80135459247195,3.15916992886687,0.00239822839798448,0.0371535946265018,-1.56885275597161
"ENSG00000175606",1.52176614277998,2.75373379186083,3.15801417993079,0.00240647611258032,0.0372670079653135,-1.55038092035982
"ENSG00000269821",3.13716132771321,1.26026881005368,3.15443189155091,0.00243220927545627,0.0376510116641867,-1.54643228673044
"ENSG00000148737",1.97652054935617,3.62505581338415,3.15410124889821,0.00243459736977947,0.037673473233208,-1.70128666276086
"ENSG00000139323",1.76562049080721,3.43299707987188,3.15359951708842,0.00243822536315528,0.0377150965946781,-1.63546119693232
"ENSG00000154016",-3.31822713283626,5.62105554740233,-3.15282510389794,0.00244383503595895,0.0377547996390928,-1.55381878105384
"ENSG00000014824",1.55217220524364,3.52966418047649,3.15272671377842,0.00244454861600315,0.0377547996390928,-1.63291680720871
"ENSG00000179943",-1.51673227919726,4.14970201886136,-3.15067207744096,0.00245949462485248,0.0379459604254758,-1.55737792172378
"ENSG00000257074",-2.05371863487933,-4.20832283510475,-3.15063603822238,0.00245975754611188,0.0379459604254758,-1.60586073336135
"ENSG00000224721",6.19707078363633,-4.71736220250379,3.14966715761339,0.00246683580666668,0.0380405573838181,-1.88806244733243
"ENSG00000196781",1.9967012187187,3.03721933284899,3.14877445290411,0.00247337442776359,0.0381267633224508,-1.65403800319857
"ENSG00000171928",2.11647500242915,2.15661826914341,3.14784524611148,0.00248019763657973,0.0382172883809039,-1.56811026280825
"ENSG00000106628",-2.74798411760988,5.06658618189666,-3.14753231471999,0.00248249946915522,0.0382381010187655,-1.56768974163765
"ENSG00000274180",1.6397695380956,7.32703471108065,3.14592432319183,0.00249435895475935,0.0384060584830469,-2.72633399211229
"ENSG00000173369",3.61871454816764,2.58488410158618,3.14353690060568,0.00251206484730815,0.0386195147194961,-1.76721365531964
"ENSG00000118804",5.64751685631174,-3.45195706127234,3.14200314501712,0.00252350164640716,0.0387656909395723,-1.72489458184239
"ENSG00000258811",-2.75151554549841,-3.69256422341534,-3.14130009336158,0.00252876038067125,0.0388168097837898,-1.62579054495336
"ENSG00000111837",2.66766131958518,2.66438033361622,3.14010866216362,0.0025376955485092,0.03892424129766,-1.67006394356526
"ENSG00000135547",-2.87575023716891,-3.66547530131739,-3.13500523425604,0.00257630412143284,0.0394469816094932,-1.64175332814641
"ENSG00000141510",-1.79594981900324,5.976576256686,-3.13465744183107,0.00257895514735841,0.0394585464625107,-1.68446350559576
"ENSG00000180316",2.30922340850185,2.5899205038405,3.13220401293065,0.0025977288693951,0.039708705706244,-1.67702805377171
"ENSG00000171658",5.62878993313465,-3.39231977292766,3.13128699395001,0.00260477868891946,0.0398013351774763,-1.72103762086758
"ENSG00000146285",-2.35229805946768,4.9674391756108,-3.13101064099063,0.00260690672965209,0.0398187174564869,-1.60692260085761
"ENSG00000102977",-1.98300734548835,4.92463463410393,-3.1306985776879,0.00260931171059409,0.0398403149978365,-1.60652064409
"ENSG00000157551",1.79108241616144,7.60996216219243,3.12915030840405,0.00262127448698288,0.0400077740796073,-2.8404297406311
"ENSG00000133316",-2.163188174206,4.90288456909442,-3.12882045840664,0.00262382970737435,0.0400237525189789,-1.60924998715504
"ENSG00000111344",-2.64405461227945,-3.64879223021107,-3.12875816743975,0.00262431251281101,0.0400237525189789,-1.65839359282049
"ENSG00000084072",-2.08759689182969,4.79193847910138,-3.12783561140411,0.0026314728029852,0.0401177359217334,-1.61198335512762
"ENSG00000108622",-2.49811724558534,6.25757093645496,-3.12315834665628,0.00266805668331319,0.0406600510927055,-1.67242984745032
"ENSG00000233707",-2.22483468413108,-4.25583398050607,-3.12262770248201,0.00267223709284735,0.0407083272476883,-1.67643879612622
"ENSG00000250790",-2.6656133356771,-3.4189717412311,-3.12101978550787,0.00268494166685079,0.0408399640146558,-1.67810656359709
"ENSG00000161912",1.61218334263651,3.26205750579646,3.12051584991799,0.00268893500125482,0.0408852363541778,-1.68297773603267
"ENSG00000250444",-1.62891498074675,-4.44474205831487,-3.11752753990857,0.00271272955952947,0.0412158555374919,-1.695717941399
"ENSG00000258355",6.34222729367757,-4.24746201771177,3.11626521586111,0.00272283988064857,0.0413382208768255,-1.92211585321645
"ENSG00000213058",-4.00463605983425,-2.0149477802487,-3.11415308075759,0.0027398353852831,0.0415648536449627,-1.69978528567281
"ENSG00000265195",5.85023518542468,-3.97461597890289,3.11298310722612,0.00274929231003066,0.0416631569587839,-1.88482564086769
"ENSG00000133302",2.16218875038829,2.23694962055386,3.1129668054855,0.00274942429261365,0.0416631569587839,-1.65372575581018
"ENSG00000100583",6.05486176858854,-3.44315868819985,3.11163009294207,0.00276026679016975,0.0417959493402653,-1.84176656541792
"ENSG00000165030",1.70035148349228,5.91507502775092,3.11144383426297,0.00276178076078295,0.0418031288196522,-2.30015666346277
"ENSG00000117419",-1.91181536644574,4.02224298090853,-3.11041811648818,0.00277013203728208,0.041913755424469,-1.67087397845585
"ENSG00000269807",-2.60620914652458,-3.6867081251973,-3.10953470861145,0.00277734354952264,0.0420070599615911,-1.70766192832939
"ENSG00000204930",-2.81361587980042,-3.91874539695608,-3.10829712984697,0.00278747576389689,0.0421444530500876,-1.71022234293181
"ENSG00000016391",4.92391609509441,-2.97045231816387,3.10806998139393,0.00278933920408771,0.0421567724371181,-1.79972900351106
"ENSG00000226601",4.6916520924127,-6.42109056200289,3.1068550993007,0.00279932541246497,0.0422918001623137,-2.36389362758203
"ENSG00000241641",-2.81443146859057,-3.42893651664537,-3.10662878076793,0.00280118941471258,0.0423040634298555,-1.714469920328
"ENSG00000261594",-2.55643144104543,-4.05380556424194,-3.10601791899513,0.00280622637814363,0.0423642181202141,-1.7169787729918
"ENSG00000233937",2.01666635152571,1.87685525136231,3.10582758194303,0.00280779756243425,0.0423720261279962,-1.66676486381041
"ENSG00000273729",1.53271266552663,3.45512107288374,3.10502796052536,0.00281440721774952,0.0424379815956645,-1.75470575765416
"ENSG00000106025",5.19861208113258,-6.2148584572981,3.10480489785687,0.00281625364070798,0.0424379815956645,-2.30362798402422
"ENSG00000187164",2.1600898498457,3.3094493514241,3.10478835753344,0.00281639059990132,0.0424379815956645,-1.84518533024439
"ENSG00000213152",-2.06221038321598,-3.83792375586676,-3.10455009395372,0.00281836418938621,0.042451808595618,-1.72411550178374
"ENSG00000164603",2.84688243934595,2.05498135402873,3.10415509173973,0.00282163892582727,0.0424626073872879,-1.70692762144541
"ENSG00000143147",-2.76425185288612,-3.90331485641716,-3.1035993098562,0.00282625261335568,0.042491027510144,-1.72228903549222
"ENSG00000111641",-1.87174197162257,5.36393295887982,-3.10203522667867,0.0028392743149652,0.0426456334677345,-1.69735293285767
"ENSG00000267291",-2.71340842513642,-3.35416761304245,-3.10198199927045,0.00283971844169756,0.0426456334677345,-1.72656429031656
"ENSG00000227268",3.19506287791259,0.14288348123719,3.10184016750579,0.00284090219541668,0.0426474794847429,-1.68627572605395
"ENSG00000228097",6.55146937552344,-4.41713626885645,3.10088636198552,0.00284887480927399,0.0427512001054247,-1.93433980610163
"ENSG00000026103",1.78275775509276,4.34364497711339,3.10037238098082,0.00285317970335614,0.0427998247889267,-1.90393256974762
"ENSG00000135632",-2.60575757754386,4.07829865807827,-3.09650491906831,0.00288576735367103,0.0432241502057685,-1.74285467001067
"ENSG00000137491",6.56691298248147,-4.9925639905716,3.09571199604758,0.00289249139958328,0.0433087297005761,-1.97088993553482
"ENSG00000166508",-1.83572807904217,6.067057303842,-3.09550428295139,0.00289425523860565,0.043319005622645,-1.77686137291237
"ENSG00000273524",5.23413268891406,-6.43445211779754,3.09486423465216,0.00289969665952949,0.0433842966529232,-2.30385589840186
"ENSG00000254952",5.45596619913267,-2.84510588628704,3.09281644344754,0.00291717035570296,0.0436189869399452,-1.84391240197228
"ENSG00000203666",2.95603248567173,2.49728558318585,3.09273563994779,0.00291786185978411,0.0436189869399452,-1.77510663046277
"ENSG00000183808",1.63249764206952,3.38942373280193,3.09161644915884,0.00292745547763883,0.0436862172700376,-1.78452762632368
"ENSG00000281227",6.48040605987517,-4.06914383463162,3.09099833540961,0.00293276651628884,0.0437488235576415,-1.93163905137565
"ENSG00000279617",-2.55806578557793,-3.74236586604374,-3.0899728966777,0.00294159727052465,0.0438642779931869,-1.75781709204629
"ENSG00000240531",5.26555723190454,-2.03853476244045,3.0891473843798,0.00294872434949785,0.043946832567688,-1.79507846759589
"ENSG00000255649",4.58129527080455,-6.54498301465274,3.08904688262862,0.00294959313345353,0.043946832567688,-2.3920480261399
"ENSG00000180233",1.91784517158041,2.53152084195044,3.08895207171906,0.00295041294214691,0.043946832567688,-1.73573282267901
"ENSG00000280042",4.35061517457763,-6.5824895641277,3.08866047142888,0.0029529356777892,0.0439681185624005,-2.41808735690544
"ENSG00000171100",1.56044148384669,3.48031920340379,3.08747706678272,0.00296319440446054,0.0441045321910857,-1.8078929701246
"ENSG00000189420",1.73030131886496,1.92152121029699,3.08706558611502,0.00296676924560685,0.0441250674109828,-1.71721537156771
"ENSG00000179148",-2.30450789348137,-4.4664708085118,-3.08658623486005,0.00297093880548257,0.0441707403321044,-1.76775307561628
"ENSG00000155957",1.64815934613229,3.31734058303159,3.08618165802418,0.00297446220768769,0.0441949361712868,-1.78647659624665
"ENSG00000126246",1.52140712921825,3.4067953868197,3.08505552560814,0.00298429008206335,0.0443200701437424,-1.84462669123069
"ENSG00000147421",1.56241229422912,3.9532744969119,3.08436999602749,0.00299028760083571,0.0443763536835723,-1.85329116915241
"ENSG00000102189",3.3853762080206,1.8158902126593,3.0817967836458,0.00301290046427232,0.0446954333817991,-1.75410916969288
"ENSG00000145246",1.70950079030478,3.07222885048285,3.08119293786704,0.00301823000444668,0.0447579795790355,-1.79705677567488
"ENSG00000104814",-3.03366463884383,6.73577688665354,-3.08061142590806,0.003023370740321,0.0448176808637113,-1.78473524396706
"ENSG00000121380",-2.81316811004908,-3.72775392925817,-3.07959120020196,0.00303240958007347,0.0449185445608378,-1.78319716456986
"ENSG00000249655",6.03987269437227,-4.71780514453272,3.07846578562196,0.00304240960053962,0.0450500739450806,-2.11726970875722
"ENSG00000259392",5.39792088935598,-5.98263773074516,3.07640611407071,0.00306079081246191,0.0452701034004675,-2.31895912371901
"ENSG00000085662",-2.42369995165956,5.14113130122034,-3.07607841117158,0.00306372488068401,0.0452701034004675,-1.73787047649489
"ENSG00000277159",6.05541442226564,-5.21954271366563,3.07604923047268,0.00306398627550581,0.0452701034004675,-2.06497944686514
"ENSG00000171872",4.35061517457763,-6.54822253022241,3.0760448568569,0.0030640254552677,0.0452701034004675,-2.43760323337288
"ENSG00000006555",-2.81487481125449,4.08931216785308,-3.07282414545348,0.00309300449680998,0.0456814719988078,-1.81610495278019
"ENSG00000102901",-1.56343828050319,5.68291096864196,-3.07193289656849,0.0031010687451266,0.0457837553035548,-1.81414056769834
"ENSG00000215580",-4.17382154119735,-2.16533754470408,-3.07016615467788,0.0031171126801776,0.0460037312659691,-1.81329086702597
"ENSG00000279166",4.5580523311267,-1.12169786441602,3.06983603436284,0.00312011910210027,0.0460312029881229,-1.80504665966681
"ENSG00000254030",-2.59938618956836,-3.69640211793632,-3.06844491394658,0.00313281783751312,0.0462015930681227,-1.81209068808967
"ENSG00000186810",-4.90024305781954,4.54647019223939,-3.06665591394083,0.00314921943823401,0.0464264465918165,-2.00621864724428
"ENSG00000164209",2.03189324391637,3.30212818994028,3.06617815040882,0.00315361311519726,0.0464741768537978,-1.86171445901981
"ENSG00000125968",5.94813811316659,-4.06937081484802,3.06462416132962,0.0031679436946539,0.0466682566553595,-2.00221044738913
"ENSG00000163637",-2.61844075484044,-4.05007243289855,-3.06397371100154,0.00317396002631032,0.0467397585999002,-1.8232792071879
"ENSG00000211456",1.52853521552397,4.43892486730918,3.06291730218551,0.00318375397163324,0.0468325200027807,-2.00271338053211
"ENSG00000259642",2.19063126729797,2.28639834577633,3.06222720915318,0.00319016701766329,0.0469096907257131,-1.80644955860161
"ENSG00000180172",-1.82449836964262,-4.59052375918041,-3.05973973343513,0.00321338324942177,0.0472100471687076,-1.84071330837794
"ENSG00000253967",-2.95992874162846,-3.93439674733511,-3.05966147642256,0.0032141161907555,0.0472100471687076,-1.83334675672109
"ENSG00000256229",2.88723885238416,2.32453859219022,3.05587820478168,0.00324973608897723,0.0476635863732443,-1.86097736853335
"ENSG00000128383",1.62588948026949,8.20448250838435,3.05474720570759,0.00326045578846957,0.0477685290116814,-3.36119746363223
"ENSG00000102024",-2.52807008255135,-3.77996738765621,-3.05435825919509,0.0032641498634734,0.0477878196691032,-1.84794203891179
"ENSG00000102763",1.93858633452283,3.16557501988425,3.05287895953103,0.00327823538191615,0.0479765630956655,-1.90413028952797
"ENSG00000112118",-1.92347885783284,5.33775004706932,-3.05228545051189,0.00328390253047227,0.048042012201618,-1.8218745564979
"ENSG00000167792",-1.8151157082729,6.55928182115584,-3.05210123363661,0.00328566338963999,0.0480502872281946,-1.9681520405349
"ENSG00000111912",1.6217318687213,3.64244957228314,3.05152148919682,0.00329121068982276,0.0481139098735471,-1.93005602523384
"ENSG00000159708",-2.52542179745719,-3.72624648666973,-3.04927966654898,0.00331274385609352,0.0483443900679926,-1.86078338059648
"ENSG00000154608",5.10734830045305,-4.17249680344691,3.0477078991207,0.00332791920496943,0.0485270249830182,-2.14429194879878
"ENSG00000198133",-1.97136930870129,5.1081048704647,-3.04719051313559,0.00333292869697443,0.048582450861409,-1.82151405650051
"ENSG00000180769",4.67146473846256,-1.59250676064001,3.04666978239303,0.00333797766680083,0.0486384118016408,-1.87157798040112
"ENSG00000227032",5.97846469088553,-4.11644789573522,3.04617942187194,0.00334273868248072,0.0486901378670616,-2.03805046963116
"ENSG00000128602",-2.58056123737958,-3.87086532245906,-3.04574498213049,0.00334696203572173,0.0487163532802625,-1.86930235664985
"ENSG00000252097",3.61364958041142,-6.57054594572552,3.04559226268161,0.00334844785978531,0.048720340520843,-2.48546281314992
"ENSG00000213077",5.54875523610473,-4.46437199520136,3.04373872386107,0.00336653019243477,0.0489480096912342,-2.05117950071176
"ENSG00000225447",5.51499433906053,-2.44353427176756,3.04119738902707,0.00339147024661394,0.0492749862140851,-1.98856309995887
"ENSG00000229278",5.91314197183617,-5.54506635349579,3.04077549780281,0.00339562720428613,0.0492997489587255,-2.25968678164065
"ENSG00000121274",1.73604470540827,2.98232205253016,3.04004375655734,0.00340284841584122,0.0493867552395844,-1.87878152181776
"ENSG00000120162",1.67350014186923,1.57917378838595,3.03734765627645,0.00342957857487154,0.0497387871093022,-1.82970123807643
"ENSG00000148481",2.4761181621371,2.04657721617347,3.03659394191047,0.00343708608082875,0.0498296915331689,-1.8464896189906
"ENSG00000137218",1.50300325142014,2.10437039174163,3.03623055056177,0.00344071117010009,0.0498462956613924,-1.83910563756783
"ENSG00000227057",-1.78649680230026,5.22745902379973,-3.03560201312345,0.00344698968723083,0.0498833259201058,-1.86219629826276
