Metabolite	109530_2	109527_3	109530_4	109530_3	109530_5	109528_2	101304_2	109530_1	101304_1	109527_2
116.1073_1.41	192	224	198	206	200	197	209	186	199	184
271.1665_1.41	553	645	543	609	628	648	728	639	678	651
344.2099_1.41	128	359	4022	1535	61	1176	29	161	13	943
386.2721_1.41	1745	2404	5278	3956	1568	2191	1504	1552	1203	1855
494.4418_1.41	64	78	156	261	1687	88	81	22	351	281
198.124_1.42	1526	1349	1313	1372	1329	1407	1369	1497	1440	1497
88.0757_1.43	141	146	129	141	140	134	127	137	145	146
149.0711_1.43	403	389	322	367	339	400	435	448	463	488
151.1231_1.43	11058	10873	10345	10630	10515	10830	10716	11110	11000	10957
196.0913_1.43	4814	4672	4401	4449	4480	4880	4653	4927	5023	4866
216.0937_1.43	42	34	39	41	33	27	19	27	26	37
217.1071_1.43	2476	1828	1792	1821	2106	2192	2342	2627	2605	2766
224.9889_1.44	737	753	700	705	643	732	680	721	728	745
296.0455_1.44	26595	30527	27980	32295	25591	29787	28597	27837	30051	26221
417.3144_1.44	8999	9673	13313	12389	6744	6838	7689	6941	6696	6149
424.3632_1.44	120	297	836	236	4874	185	257	204	231	251
431.3302_1.44	1869	2549	2924	2954	1425	1368	1277	1324	932	1034
452.3946_1.44	641	1310	3568	1264	23540	814	1372	746	928	933
504.3205_1.44	138	228	934	194	7908	110	373	48	81	148
576.4658_1.44	2299	2504	1915	2590	2380	2513	2347	2201	2433	2351
80.0495_1.45	2556	2394	2288	2308	2513	2583	2481	2619	2553	2638
88.0757_1.45	151	163	146	155	163	185	167	170	195	182
135.0667_1.45	1299	1203	1123	1093	1264	1196	1215	1264	1311	1286
168.1133_1.45	1365	1346	1321	1335	1333	1351	1307	1361	1389	1392
403.2987_1.45	4498	6768	9177	8265	3804	4016	4086	4069	3245	2990
98.0965_1.46	44	47	50	47	49	56	52	53	53	61
114.0917_1.46	19345	18378	17638	17566	18677	18997	19030	19937	20498	20850
137.1075_1.46	9112	8871	8464	8561	8746	8910	8695	9067	9272	9123
165.1137_1.46	4271	4263	4178	4177	4297	4380	4336	4503	4453	4548
207.1243_1.46	7126	6963	6565	6411	6962	7531	7334	7747	7894	8060
250.9879_1.46	6212	6290	6202	6075	6247	6342	6317	6663	6722	6915
124.0873_1.47	1024316	998925	950940	958498	983634	1006911	999647	1039303	1044683	1061649
125.0713_1.47	58758	56832	52378	54987	53854	57586	56072	59642	60403	59958
130.0614_1.47	1494	1390	1365	1337	1419	1465	1391	1529	1539	1495
140.1071_1.47	9023	8930	8637	8580	8528	8817	8537	8744	8900	8941
144.102_1.47	714	700	636	633	751	703	723	736	775	817
153.066_1.47	829	800	705	711	728	816	781	915	910	965
155.0816_1.47	5480	5060	4769	4878	5152	5394	5277	5686	5871	6095
166.0977_1.47	158896	155107	145490	148677	155157	159897	157565	166515	168166	169698
187.0967_1.47	586	525	497	514	561	545	535	590	626	602
194.1542_1.47	14133	13844	13882	13985	14813	15745	15078	15873	16460	17724
195.0879_1.47	98518	96525	91242	92384	96030	97064	96465	100047	100775	102325
198.124_1.47	613	607	568	629	632	663	631	567	679	656
228.1959_1.47	3030	2885	2482	2709	2690	2915	2738	2839	3075	2979
346.222_1.47	520	522	496	566	487	496	518	536	495	486
389.283_1.47	1614	1631	2162	2072	1245	1234	1495	1523	1310	1184
444.4048_1.49	1267	809	952	1597	1009	1093	1035	1454	939	1141
83.0604_1.5	122	125	115	119	116	117	130	130	123	126
125.0906_1.5	113984	111709	104762	106491	108392	110969	110031	114819	114863	116499
224.991_1.51	2	6	2	6	3	4	5	3	3	4
399.3468_1.51	1411	1280	1356	1296	1385	1357	1481	1615	1751	1492
86.0965_1.52	58	52	46	47	59	58	60	68	65	70
99.0805_1.52	104	104	95	102	90	107	106	120	108	109
211.1331_1.52	134	136	108	119	121	146	160	163	139	125
107.0857_1.53	223	232	248	210	228	192	192	192	187	207
123.1173_1.53	122	119	160	126	130	98	101	86	132	130
192.0882_1.53	36	30	59	41	34	49	65	64	64	61
239.149_1.53	1745	1746	1574	1703	1653	1741	1567	1569	1608	1603
255.2319_1.53	74	93	59	73	138	80	81	89	134	47
272.2584_1.53	2313	2331	2093	2236	2240	2140	2206	2173	2223	2237
285.2577_1.53	82	152	145	119	96	71	93	63	129	107
504.3205_1.53	654	1258	3584	889	26757	743	1600	769	539	957
518.3354_1.53	191	440	607	625	5812	294	937	483	566	340
532.352_1.53	466	842	2256	892	14974	510	1328	459	722	776
88.0757_1.54	121	101	95	101	111	109	105	108	98	111
190.1076_1.54	260	266	211	225	216	248	202	257	220	243
217.1072_1.54	3107	2286	2202	2339	2625	2764	2670	3068	3249	3196
273.2575_1.54	893	1231	1374	1046	1469	1087	1259	1007	1202	1274
768.707_1.54	851	237	1264	1501	12834	1551	1004	1215	144	451
93.0699_1.55	389	454	453	428	477	451	458	423	436	446
151.0755_1.55	780	840	828	752	825	820	842	829	913	881
189.164_1.55	315	513	478	389	540	457	476	418	466	491
219.1017_1.55	194	304	294	252	263	280	279	241	243	264
575.4097_1.55	788	1433	1522	1195	1215	1256	1502	1038	1379	1135
591.4413_1.55	5778	9096	8366	7663	7103	8876	9204	8527	8357	8136
137.0598_1.56	185	196	186	190	200	228	232	230	253	247
147.1169_1.56	78	119	139	109	166	127	142	100	109	109
158.1177_1.56	328	386	361	353	336	366	388	367	375	377
187.0967_1.56	614	649	573	591	599	630	602	648	703	652
201.1124_1.56	228	179	145	150	199	167	190	218	231	236
228.1959_1.56	1976	2016	1866	1873	2150	2107	1918	2047	2162	2094
245.2263_1.56	883	1333	1229	1129	1180	1351	1350	1078	1284	1122
273.1527_1.56	13	14	13	21	11	17	17	13	17	13
275.1278_1.56	587	844	776	674	671	810	645	649	667	652
286.2376_1.56	232	302	268	261	308	247	273	335	337	300
304.1753_1.56	313	446	364	351	317	403	378	358	256	329
339.3044_1.56	399	600	618	502	525	649	621	486	470	537
659.5035_1.56	4139	6071	5773	5073	4817	6085	6679	5907	5639	5745
671.5036_1.56	5603	8572	8075	7210	6964	8775	9180	7955	8585	8109
739.5661_1.56	1055	1905	1149	1233	1547	1535	1978	1499	1732	1545
107.0704_1.57	78	58	37	54	54	49	70	96	94	67
109.1014_1.57	2381	3173	3205	2957	3565	3416	3704	3067	3225	3036
119.086_1.57	437	562	632	524	707	632	613	531	508	516
191.1796_1.57	2157	3161	2949	2717	3205	3552	3437	2904	2815	2789
203.1796_1.57	730	931	894	917	1286	1098	1063	912	936	846
214.1803_1.57	601	623	549	590	707	611	573	638	655	630
251.1278_1.57	1772	2576	2388	2245	1974	2466	2480	2256	2203	2255
369.3516_1.57	5310	5923	6245	5705	26599	6606	9759	5788	7344	6073
387.2529_1.57	1321	1949	1605	1682	1597	1925	2004	1553	1742	1356
395.3671_1.57	1580	2371	2072	2199	2285	2547	2923	2411	2376	2239
399.3468_1.57	1474	1407	976	1189	1914	1661	1228	1316	1305	1164
560.4708_1.57	1689	1402	2206	2008	1079	913	567	763	558	748
698.2546_1.57	1743	1198	1125	1642	486	588	929	355	515	261
795.6281_1.57	336874	520686	471387	440091	408814	509050	569094	470352	492116	469818
80.0495_1.58	131	114	112	129	95	121	104	129	120	130
207.1243_1.58	480	430	379	471	367	430	407	474	416	457
319.19_1.58	945	1228	1000	1025	1053	1357	1237	1100	935	871
714.6023_1.58	819	900	803	722	612	695	937	636	141	548
718.6344_1.58	1007	635	1093	744	526	898	1444	861	802	1142
744.5926_1.58	29167	46111	41831	39742	33196	43480	42013	37684	35878	39880
768.5763_1.58	2239	1789	2497	5572	919	3587	447	677	924	464
271.2268_1.59	348	296	292	266	333	301	289	378	369	358
515.4135_1.59	5861	6705	9930	9767	8570	5682	5076	5864	3398	5294
560.471_1.59	2363	2990	3697	5053	2828	2037	1261	1922	1024	1537
705.5002_1.59	14388	5529	4634	1233	1595	2522	443	801	5588	2484
728.6036_1.59	1761	1242	2122	2756	733	2744	1727	994	683	2196
532.44_1.6	30318	34346	49590	45076	42959	27306	23272	31624	18996	27272
610.5401_1.6	1573	1920	2221	1369	3191	2770	2845	1749	1493	1710
648.5562_1.6	1061	4335	6250	1197	2701	3514	4743	3276	2419	3919
665.58_1.6	2129	2767	3950	1457	3039	3288	4031	3499	2872	3515
668.62_1.6	1636	931	2572	1857	1661	2607	3731	2551	1806	2276
711.5206_1.6	4614	4757	3831	4846	1683	3728	3124	3698	3124	3122
730.5405_1.6	22722	22145	25485	23476	20425	28008	34007	33243	23454	27731
516.4258_1.61	1003	1020	1845	4452	2484	2857	12217	1924	1688	4326
547.4001_1.61	244	198	1386	391	342	189	278	288	79	515
549.4066_1.61	111	261	256	272	317	274	355	292	200	233
647.4587_1.61	65244	22163	108836	24902	19951	29445	22343	13727	10789	7847
663.4538_1.61	1442439	1626016	1391952	1377556	1569966	1426378	1569406	1536528	1553128	1543557
706.5402_1.61	14472	18204	17013	17218	13998	19032	19957	18550	14432	17682
708.5112_1.61	636320	696151	600795	670025	403418	539914	537636	534281	568306	537255
509.3633_1.62	820	1678	1296	1321	1412	1721	1983	1683	1596	1341
529.4106_1.62	3764	6141	7724	9814	5102	77955	26751	11779	6692	7545
546.4373_1.62	7067	8561	11671	14183	7386	67579	25659	12980	8431	12436
607.3915_1.62	3392	3168	2231	2284	3704	2577	2146	2583	2471	2956
615.3677_1.62	53989	53684	45525	47001	46191	59658	53764	52903	59989	58285
638.3368_1.62	27734	29039	31409	27600	19033	36032	22119	27253	26884	24693
682.5403_1.62	2102	2509	2943	1850	1624	3073	2488	2038	1808	1659
279.2319_1.63	389	291	535	447	5984	338	375	308	279	462
428.3815_1.63	18	87	36	628	4	1128	1687	2175	72	158
444.4047_1.63	1664	1714	2378	5192	970	4761	7184	7317	1884	1808
536.5773_1.63	10467	9308	6821	9880	7997	9884	4460	5506	5040	6611
588.4474_1.63	208	260	497	761	358	1173	263	898	354	889
660.4264_1.63	18916	16836	14699	18039	10852	21653	14109	14909	17640	16222
667.5276_1.63	21233	23826	24461	16351	20680	25856	30633	33955	30183	33476
259.242_1.64	241	376	404	402	451	521	715	604	538	646
443.2948_1.64	1842	1419	2263	2867	1786	2870	1324	2075	1029	2248
447.347_1.64	6498	4965	4732	5803	9873	10251	8295	4738	5546	7237
603.4417_1.64	1468	2069	2103	2000	1893	2423	3428	2079	2691	2173
672.5058_1.64	569	1356	1907	2670	1423	3352	1820	1339	1258	1685
114.0917_1.65	1686	1562	1459	1499	1392	1522	1609	1648	1672	1659
371.3155_1.65	4964	3102	3269	4405	3936	4103	5165	2310	2131	2688
419.3156_1.65	3745	3796	4948	13933	4340	5659	4898	2202	2356	5864
496.4213_1.65	579	859	2955	1249	18248	559	1483	895	1175	1459
508.5456_1.65	30428	27949	28385	34067	27217	32538	19520	21346	21545	21585
560.4704_1.65	666	654	1204	1130	512	452	355	458	256	534
682.3625_1.65	181226	185934	208600	187738	61184	185425	115073	165856	191841	187004
137.1075_1.66	1615	1534	1361	1484	1380	1522	1434	1637	1596	1593
170.129_1.66	211	145	229	264	230	265	236	207	254	237
187.0967_1.66	296	272	266	300	314	289	396	358	275	322
222.0974_1.66	487	426	408	580	399	448	600	343	445	380
336.3259_1.66	6311	2077	1164	1645	3530	2864	5195	2246	3324	1717
467.2794_1.66	16110	14489	14085	13842	12554	15051	15279	14711	17058	15010
468.3897_1.66	1554	2656	8680	2421	48750	1790	3343	1946	1258	2602
482.4055_1.66	850	1413	2088	2172	8450	1271	2410	1527	1943	1849
520.283_1.66	2164	1798	7410	15602	1427	5569	824	539	862	273
654.3321_1.66	692137	667433	792977	651982	331900	835112	552721	801767	850365	929815
111.0079_1.67	23	9	34	32	25	171	96	12	8	13
151.1232_1.67	1972	1907	1704	1833	1695	1817	1834	1952	1971	2019
224.989_1.67	421	353	471	379	207	279	193	200	191	163
283.2631_1.67	532	318	577	398	625	402	497	389	432	409
391.2842_1.67	7860	7418	6140	7691	26060	7263	8801	8946	5802	13493
421.285_1.67	637	497	256	754	396	675	997	735	636	985
433.285_1.67	782	1904	1364	839	773	1303	755	635	352	858
574.4681_1.67	2824	3392	4980	7297	1932	19933	7026	4067	2886	3339
183.0784_1.68	686	458	339	499	588	592	604	784	922	727
199.1696_1.68	1062	1032	881	841	606	919	941	929	1089	1271
305.2474_1.68	436	299	459	529	841	620	656	324	434	398
363.2529_1.68	2029	1881	1690	4932	2577	2692	5145	1178	1403	1814
403.2326_1.68	26479	14996	36821	28028	36908	29668	37279	13123	7776	12171
420.332_1.68	30671	20333	13404	31103	12125	23613	19996	9366	11921	11206
429.3727_1.68	50932	67796	83159	93758	66627	91543	78228	63832	71883	62844
430.3807_1.68	55975	66074	85164	89869	71598	83928	91445	75043	76839	69031
443.3884_1.68	1089	454	734	589	11724	527	835	427	150	944
473.3181_1.68	1429	1726	3861	2241	1426	1735	2120	2097	1893	1336
515.1351_1.68	7064	6740	6916	6167	5769	6066	6832	7998	6949	7896
550.5566_1.68	35232	62489	64412	43283	50093	57824	61077	53580	52011	55608
552.5727_1.68	15313	26727	24377	14429	15133	15829	16341	17861	15557	15636
688.4989_1.68	7417	8112	13814	13923	6609	15025	6173	6957	5257	10024
127.1121_1.69	667	587	512	618	699	588	701	613	560	521
143.1069_1.69	204	120	155	156	1392	193	162	110	164	169
287.2348_1.69	9	61	14	10	14	9	9	10	10	13
356.2618_1.69	1529	886	941	1241	957	1035	1194	805	823	846
384.2931_1.69	1011	588	670	757	493	535	677	538	469	504
399.3468_1.69	10008	8455	9715	9717	10993	13307	11532	14545	12572	14571
458.3993_1.69	702	1264	957	513	1633	984	1136	1181	656	858
474.3795_1.69	289	149	250	257	281	523	1866	230	233	430
621.3107_1.69	1455	1524	1652	1239	908	2403	1310	2221	1843	1762
646.4526_1.69	2036	2723	3553	3991	1641	4159	2336	2586	1975	3218
112.0508_1.7	139	145	106	129	137	119	130	136	155	138
114.0553_1.7	452	464	407	416	453	464	490	485	489	529
123.1173_1.7	300	316	332	341	491	376	417	329	348	344
167.0705_1.7	121	133	101	127	118	145	118	152	99	130
187.0967_1.7	488	477	406	506	459	529	498	509	545	546
190.1077_1.7	265	292	288	286	320	250	265	288	324	337
204.0869_1.7	2577	1956	1994	2824	2231	2821	3543	4086	2012	2336
239.1491_1.7	444	521	451	583	457	538	496	548	487	495
241.1436_1.7	236	168	166	212	151	167	183	164	207	233
270.2428_1.7	230	228	119	158	187	366	226	194	290	172
284.2947_1.7	25409	25749	26224	25419	18172	22796	20980	22344	25715	23734
301.2373_1.7	614	455	391	515	484	682	616	699	637	694
346.274_1.7	585	639	748	566	680	782	775	819	430	511
361.222_1.7	15120	4056	20674	11057	13829	12533	26284	5238	5286	3544
493.4407_1.7	1142	1007	1360	1043	977	1351	1078	1630	747	1108
111.0443_1.71	113	100	100	117	98	141	153	121	147	145
111.0807_1.71	700	637	596	742	636	607	588	601	567	616
127.0506_1.71	155	137	125	136	91	193	176	124	146	158
129.0186_1.71	36	14	36	43	54	214	139	54	33	36
138.0551_1.71	271	153	159	195	1210	163	170	56	61	47
141.1276_1.71	190	167	98	194	143	153	142	119	118	110
149.0235_1.71	3960	3388	3540	5044	4337	3930	4801	5478	2691	3243
153.1276_1.71	303	279	227	311	364	287	332	330	327	343
171.1494_1.71	1350	1376	1120	1320	1399	1427	1444	1716	1694	1822
200.1285_1.71	94	95	54	139	99	120	124	192	104	167
208.1083_1.71	887	830	791	822	946	845	894	1030	961	909
228.196_1.71	6997	5770	5460	5482	5297	5455	5236	6003	5871	5700
251.0469_1.71	1174	872	1160	1746	830	1818	926	668	421	688
279.159_1.71	8355	5849	7492	8751	5713	7111	9996	10649	6844	5583
285.2423_1.71	1464	1100	1218	1437	1627	1463	1573	1311	1388	1189
306.2638_1.71	1146	1008	792	860	1675	807	1205	842	1043	683
322.2738_1.71	378	350	246	636	390	418	494	251	332	444
325.3098_1.71	213	154	215	155	143	184	283	166	249	224
384.3471_1.71	586	537	419	438	372	342	620	404	644	354
398.2536_1.71	1142	1423	1190	1443	1424	1517	1718	1694	1791	1533
400.3426_1.71	755	1048	496	1159	1136	532	1105	699	853	1347
403.3053_1.71	1170	729	524	1127	555	1031	1065	352	432	397
423.3622_1.71	2538	2368	3226	2255	10970	2444	2732	2312	1681	3041
427.3573_1.71	191	256	244	310	331	370	340	286	347	461
432.3321_1.71	987	1144	824	1854	767	1380	1770	806	560	1295
440.4099_1.71	11048	11259	15445	15898	3420	8536	8524	1076	10199	6936
444.3684_1.71	1868	2364	2733	3056	2326	3031	2812	2665	2500	2421
448.3631_1.71	624	280	256	714	291	864	577	197	212	414
462.3793_1.71	140	68	121	114	166	417	167	186	164	415
518.4058_1.71	3778	3543	5485	7242	3439	9209	4828	4425	3193	6391
604.4061_1.71	6864	9567	12045	13488	6427	14046	8182	9017	5097	9981
94.0652_1.72	280	245	218	236	236	215	238	266	255	240
125.0964_1.72	1561	1461	1330	1518	1866	1501	1476	1480	1437	1460
135.0807_1.72	154	103	118	184	165	152	151	144	122	120
144.1021_1.72	721	732	704	716	820	713	820	784	785	773
151.0756_1.72	693	622	616	609	580	674	707	708	740	749
185.1288_1.72	380	349	293	314	306	383	359	443	354	417
186.1492_1.72	201	227	171	180	280	192	230	240	216	259
198.124_1.72	467	503	409	529	528	526	499	627	543	531
199.1332_1.72	198	201	189	215	208	221	173	225	223	309
201.1125_1.72	204	235	187	157	174	200	191	226	225	264
201.2327_1.72	611	570	402	640	587	545	503	534	512	498
207.1245_1.72	529	547	388	518	484	527	467	555	550	562
211.1696_1.72	389	296	266	308	594	243	319	252	335	321
212.1648_1.72	336	276	265	275	279	295	253	378	345	392
215.128_1.72	305	224	231	240	254	317	387	316	312	283
279.232_1.72	816	662	819	845	2883	689	792	657	684	792
287.2217_1.72	1180	787	879	1182	790	1009	1429	1397	967	744
299.2216_1.72	408	251	187	297	195	130	261	255	211	224
299.258_1.72	1191	1541	2314	2243	2116	1711	2344	1564	1615	2560
301.2009_1.72	274	174	147	171	215	244	358	240	174	245
305.2474_1.72	1345	1102	1202	2087	2204	1633	2045	1397	1401	1807
311.2944_1.72	2627	2435	3060	2306	1449	1348	3299	2307	2534	1458
312.2355_1.72	251	216	191	128	328	256	143	174	181	197
323.2581_1.72	432	358	447	548	4192	406	573	408	386	387
326.2511_1.72	2500	2531	2625	2200	2884	2430	2741	2619	2223	2156
338.2513_1.72	360	416	520	335	497	357	391	282	227	468
340.2668_1.72	1285	1297	1247	1025	1176	897	1369	790	764	939
343.1539_1.72	7037	6788	6854	12283	10381	74372	6848	7994	1843	15696
350.3264_1.72	412	379	270	352	220	243	238	196	222	266
351.3256_1.72	955	724	566	608	599	522	682	639	650	519
352.2668_1.72	981	1077	970	908	1093	734	703	568	598	541
354.2823_1.72	3825	3057	3359	2946	2767	2349	2576	2151	2186	1912
364.3058_1.72	451	356	629	356	495	467	785	551	497	558
387.3104_1.72	396	214	280	327	278	86	1030	102	69	64
394.353_1.72	663	545	623	406	605	344	816	802	774	655
399.3258_1.72	1074	1329	1637	1966	2170	1975	1320	1241	997	2900
400.2846_1.72	1290	1080	1142	1130	925	1194	1487	1059	860	981
407.3672_1.72	1817	1619	1898	1682	8443	2007	2376	2000	1684	2258
416.3372_1.72	1100	946	1134	1529	1418	1573	1255	949	1012	2000
416.3733_1.72	2368	1904	2455	2443	2277	2794	2629	2932	2619	2801
433.2853_1.72	787	2687	1425	769	1265	1767	1094	968	566	1441
434.3113_1.72	472	600	619	1095	242	1832	858	255	252	562
446.3479_1.72	242	158	223	398	224	460	1051	387	313	788
490.3743_1.72	5159	3619	5425	7373	3556	9771	7389	4946	2994	9025
533.4069_1.72	81	196	156	231	146	67	94	90	77	68
99.0441_1.73	159	159	128	169	193	170	200	171	159	195
113.0599_1.73	367	243	270	280	227	239	300	278	254	238
115.0757_1.73	71	67	49	63	79	65	63	71	66	75
145.0973_1.73	69	73	51	76	73	55	84	64	81	58
149.0599_1.73	997	735	341	1144	271	661	323	186	210	407
151.0967_1.73	306	313	237	281	245	239	234	309	290	298
158.1177_1.73	262	274	252	232	287	266	257	238	267	268
267.232_1.73	386	413	294	358	434	331	462	388	444	400
269.0996_1.73	483	432	311	395	342	339	354	475	363	492
271.1665_1.73	641	743	636	697	769	769	776	891	779	745
272.2584_1.73	1336	1142	1151	1177	1150	1082	1082	1323	1272	1326
277.2163_1.73	448	400	420	455	3427	371	393	318	473	555
285.2213_1.73	368	433	398	583	474	498	563	463	477	648
293.2111_1.73	731	760	609	545	989	377	619	619	665	521
295.2268_1.73	3089	2390	3579	3528	20335	2802	3449	2068	3090	4574
295.2631_1.73	363	455	262	358	168	259	419	320	434	260
297.2423_1.73	4396	2600	2684	2613	5394	2703	3395	2553	3469	2951
297.2788_1.73	995	790	711	684	781	725	994	869	1023	726
301.2162_1.73	321	203	555	431	433	354	505	312	398	261
313.1436_1.73	809	857	710	1529	910	3026	641	13790	259	1923
336.165_1.73	489	1320	457	1631	604	417	694	972	533	930
372.3111_1.73	496	402	513	391	616	472	896	560	554	501
378.3213_1.73	757	513	572	527	694	393	660	456	606	752
386.2692_1.73	536	703	415	636	631	646	1028	657	537	669
388.3058_1.73	925	804	1204	1014	846	1096	1397	1146	849	1236
393.3517_1.73	24	549	461	174	274	502	324	484	387	313
402.3212_1.73	1437	687	816	1044	1154	1309	1752	773	899	927
429.3209_1.73	401	485	363	786	366	344	496	246	295	441
441.3211_1.73	227	317	547	557	356	779	401	541	307	828
443.3368_1.73	244	274	214	507	188	359	410	142	258	252
531.4084_1.73	49856	47343	73020	67238	47671	43878	51418	56932	41661	49733
534.5252_1.73	3071	4675	4284	4468	5638	6843	6488	7747	5139	7252
548.4144_1.73	1090	1021	1173	1389	1950	1584	1277	2442	731	1483
577.4693_1.73	273	192	599	567	120	154	293	377	178	122
612.5021_1.73	316	226	378	57	46	293	521	610	281	415
84.0809_1.74	77	60	50	56	72	80	65	89	86	93
101.0598_1.74	389	362	332	344	382	398	432	362	392	397
182.962_1.74	2485	2172	2035	2478	1633	2084	1889	1995	2149	2058
195.1231_1.74	217	176	124	174	186	202	200	252	198	252
200.9726_1.74	411	456	375	420	427	449	433	426	581	543
239.2007_1.74	218	200	101	150	227	188	254	270	275	263
250.9878_1.74	13844	12508	11894	13091	10697	12346	11531	12663	13041	13574
269.2475_1.74	2257	2179	1363	1539	955	1218	1864	1641	2127	1577
286.274_1.74	323	309	194	205	113	105	214	224	291	275
287.2368_1.74	1963	1698	2331	1939	2863	1961	3133	3317	3078	2804
303.2316_1.74	2084	2061	1217	3851	1908	1752	1802	1350	1539	2064
307.0964_1.74	3330	2881	3060	3268	2632	3272	2971	3044	3121	3074
312.2531_1.74	102	130	77	88	210	96	136	182	130	160
313.2373_1.74	1129	1149	1537	1325	1539	1131	1959	1129	1374	2263
327.2317_1.74	1881	2724	1629	3016	1684	1900	1629	2010	1345	1830
330.2638_1.74	1311	1295	1504	1261	1760	1142	1726	1025	1268	1403
361.2739_1.74	2560	3004	5166	2614	3901	3826	5345	5139	4145	5236
367.321_1.74	907	725	1174	927	806	1103	2109	1257	1122	1105
385.2734_1.74	568	718	839	1055	600	1193	1039	1173	646	848
413.3775_1.74	70	129	134	53	126	71	79	228	88	437
425.3778_1.74	10204	10141	9636	13088	51267	14339	17077	16348	6398	10927
470.2572_1.74	1538	2174	2503	1272	3234	2215	2424	1334	1443	1774
475.2974_1.74	10427	9602	9420	10136	8944	8976	7993	12497	10720	10954
576.0869_1.74	941	869	291	311	902	1418	799	2011	1069	1643
577.5191_1.74	1934	1349	2685	1395	2457	2301	3108	2246	2428	2504
612.5557_1.74	40409	37464	45653	37875	44784	47095	70241	53917	43182	50048
617.5127_1.74	1350	1088	2233	1080	2068	2026	3160	2893	2519	2799
640.5877_1.74	6935	4288	9886	6739	7068	9851	19162	11312	9103	13093
668.6199_1.74	119	55	75	128	99	258	767	529	513	329
265.0034_1.75	1042	795	782	1039	663	783	830	867	945	991
395.367_1.75	18457	33258	28872	19944	27397	27178	28264	28189	21411	26854
397.3459_1.75	505	391	237	317	320	423	209	377	235	439
409.3825_1.75	4410	6111	6465	4956	10395	6616	6703	7413	5099	6774
137.1326_1.76	357	266	348	344	310	416	491	270	330	282
191.1796_1.76	1718	1753	1725	1764	1772	1592	1942	1584	1532	1938
224.9888_1.76	3798	2851	2497	3552	2112	2698	2035	2653	2896	2602
341.3048_1.76	23792	30602	37354	21746	35061	32388	51377	41082	38656	40842
411.362_1.76	9795	18162	15994	11012	12859	16102	16076	17565	10382	17008
81.0699_1.77	3918	4235	4404	4419	4780	4446	5699	4702	4343	4585
109.1013_1.77	2589	2737	3033	2991	3121	3019	3341	2750	2884	2965
165.1639_1.77	1923	1902	2094	1667	2299	2233	2938	1908	2228	2389
241.1951_1.77	3157	3051	3312	2632	2818	3071	3593	2629	3223	3031
245.2264_1.77	5422	5994	5869	5393	7215	6441	9455	6395	6702	6015
271.242_1.77	6185	6972	6638	5190	7945	6955	8507	7356	6571	6464
273.2576_1.77	9931	10680	11727	9361	16143	10422	14527	11680	12594	10530
287.2732_1.77	7242	9240	9305	7171	9638	8398	11682	8726	10382	10112
299.2733_1.77	5083	6485	6468	4222	6124	6407	7959	6632	7513	5897
318.1909_1.77	10399	8741	9906	19007	4209	9071	4437	4050	4345	3078
369.3511_1.77	13603891	15572038	16705385	14322471	17124766	15973079	20649365	16461091	17461431	16671008
369.4817_1.77	8403	10502	10990	8392	11063	10019	12663	8917	8944	8719
383.367_1.77	19854	23503	29834	21313	27663	25595	29003	27103	22509	28522
441.3724_1.77	2694	3812	4079	3113	7737	4080	3109	3901	3030	4089
624.5017_1.77	31854	20829	33992	24969	27952	22015	46195	32230	30490	35550
79.0543_1.78	456	524	470	468	621	579	442	462	473	491
119.0859_1.78	2477	2664	2950	2505	3251	2996	3729	3045	3186	2818
217.1952_1.78	13028	11676	9185	8225	11549	13577	12527	10559	11178	12279
596.4711_1.78	1218	2659	3085	778	2406	2508	4137	2887	2365	2592
91.0542_1.79	9598	10004	11092	16522	9156	12113	9070	8229	7872	6577
105.07_1.79	4405	4786	5110	5729	4653	5287	5194	4624	4510	4134
153.0911_1.79	1865	1961	2142	4009	1174	2035	1000	1011	1012	760
231.2107_1.79	803	1258	1051	587	1730	1117	1704	1357	1608	2012
410.3783_1.79	10169	16088	15603	11259	16752	13223	16527	15586	15071	15503
502.3166_1.79	5878576	5769482	7206165	13822011	4278264	7451392	3886949	3370735	3698129	2722274
507.2719_1.79	99845	97662	98765	161491	71092	112264	66691	67813	77206	57065
558.3786_1.79	15072	16132	17222	30161	7540	13451	7391	8197	8356	6726
598.4868_1.79	13331	6295	5650	7029	4764	4999	8381	9018	6846	11058
93.0699_1.8	509	727	610	597	767	651	817	607	786	714
365.3202_1.8	13285	25027	17892	15274	19026	16707	22569	21649	14663	17860
530.3481_1.8	1809312	1845153	2326864	3375587	1339958	1978283	1307495	1143252	1223699	961704
381.315_1.81	149854	192791	215654	170242	247256	216155	298165	253795	233763	248697
397.346_1.81	2916	4242	3022	2569	3079	2977	2747	4283	2592	2988
411.3258_1.81	13418	27259	24658	13494	18677	16365	14725	20108	9763	14582
177.164_1.82	158	325	253	303	573	434	370	463	313	290
223.9885_1.82	37057	37907	29611	35893	34084	31867	34124	33079	32754	30986
277.1281_1.82	78463	97420	35569	41169	47006	19601	34074	47246	58026	47023
287.2368_1.82	362	514	509	93	592	503	574	838	500	476
403.2838_1.82	4452	3996	5493	3130	5248	5410	4011	4855	3491	4050
429.336_1.82	2027	5170	5444	1910	3022	3054	1441	3531	1615	2555
449.1488_1.82	3810	3726	3910	2853	1264	3282	2408	3974	3023	3022
313.2373_1.83	546	698	728	794	691	587	716	434	782	1108
361.274_1.83	2058	3052	3003	1584	3946	1838	3309	3749	2799	3533
379.2838_1.83	9153	7433	12763	5702	11655	7595	8486	9933	6861	7662
396.3103_1.83	1809	1860	3483	2029	2509	2948	2279	2276	2019	2043
420.3107_1.83	7595	7683	9062	5422	6530	6192	6268	6673	4919	5534
425.378_1.83	3862	6783	3992	4588	8276	4984	5430	5651	2604	5752
640.5876_1.83	8164	7860	9251	3666	6944	8017	20064	10484	6842	7107
127.112_1.84	508	669	623	639	792	849	1118	778	704	664
147.0806_1.84	1511	1311	1960	2213	1279	1811	1243	1027	1119	999
182.962_1.84	4415	4559	3407	4334	4436	3768	4170	3835	4066	3324
284.2947_1.84	6899	12777	3391	4792	2901	3864	4498	5289	10559	7613
301.2161_1.84	565	820	467	937	559	619	576	301	737	534
317.1958_1.84	2280	1360	2184	3626	1718	3093	1269	1234	822	977
353.1958_1.84	15553	12914	23142	22229	5856	11577	9985	2851	7967	4209
357.3_1.84	2053	1970	2631	2338	1984	2953	3629	2214	1957	1581
367.3359_1.84	339744	446141	372890	390033	493209	464540	558104	475445	415267	426464
385.3462_1.84	244615	284998	304667	301929	367191	406078	555686	409667	405111	353417
412.4149_1.84	18638	15342	15023	16585	3683	9631	6688	756	8920	7064
415.3205_1.84	875	1907	1682	1775	1848	1309	1437	1802	843	830
644.5976_1.84	14808	20230	16884	13671	21412	17922	21508	20964	15655	16489
98.9842_1.85	2035	1814	1417	1594	1213	1368	1592	1491	1423	1278
153.0911_1.85	671	741	712	1191	528	718	407	403	390	327
211.1096_1.85	4056	3017	2411	2556	1466	2273	2370	2055	2200	1993
267.1719_1.85	82409	68467	60117	62541	41722	55505	60532	49151	56659	47288
294.1546_1.85	10519	11866	3611	4656	4800	1933	2610	5473	6995	5080
605.0341_1.85	2329	1910	3395	1712	1751	5134	4499	2303	2273	2234
606.5824_1.85	10192	8993	11012	9771	13126	12478	16299	13887	16662	12516
297.2423_1.86	3988	6081	8459	7540	6371	6015	8643	3358	6369	11024
432.1917_1.86	5572	11567	7612	11771	12489	31963	9804	3274	6116	6119
516.2963_1.87	6008	5905	5947	13022	1520	7003	2728	247	2457	1120
534.5252_1.88	1183	1702	1920	739	808	706	579	735	844	487
518.3118_1.89	10465	12065	24813	22900	8910	17480	13654	4135	9376	6805
528.5138_1.89	7118	8138	8641	8549	11137	10258	10800	8964	9001	10857
602.4919_1.89	8264	7423	7545	7472	9557	8361	10285	7000	10058	10669
609.5923_1.89	4176	5581	7455	4391	6293	3986	5027	4292	4899	6914
267.1955_1.9	239	946	1132	1006	856	787	904	688	1048	1450
269.1284_1.9	549	2143	1657	3382	3171	7016	2179	542	954	1342
289.2736_1.9	4265	2149	4625	3094	3298	3136	4756	2209	2463	2383
399.2504_1.9	68166	73888	98962	254820	92018	141199	59589	14291	28061	94692
417.3364_1.9	1031	1942	2193	2768	1820	2218	2477	1267	1247	5316
540.5262_1.9	5679	6780	7942	4339	6610	4700	4792	5821	3230	5109
586.5172_1.9	34654	35988	52294	45879	71571	53466	67906	55901	61135	72149
588.5329_1.9	6800	6480	5200	3690	3257	3163	4896	3958	5577	7248
239.1279_1.91	1053	2334	1828	1772	1418	1923	1904	1860	1580	2629
237.1849_1.92	22285	16699	11794	10974	7604	9680	9613	9559	14009	12973
269.2111_1.92	3624	4893	6678	5872	5552	4254	5682	2566	3949	7054
275.258_1.92	2330	2607	4701	2019	2898	2181	4082	1536	2344	2382
313.2373_1.92	833	3833	5885	4604	7708	3571	5519	1589	1992	4978
83.0855_1.93	676	550	374	232	256	323	210	125	345	273
127.0757_1.93	1434	1725	1535	1599	1583	2051	1449	1175	2006	1968
338.3415_1.93	11356471	5331275	2721481	5069645	3713661	8527021	7741038	9837764	8273237	4863687
72.0445_1.94	690	623	404	288	199	297	193	69	473	284
149.0962_1.94	6049	5638	5178	7351	3832	5249	3635	2947	4461	3567
151.1483_1.94	581	471	342	312	340	399	293	77	511	567
340.3208_1.94	25705	23702	13657	14670	12478	16222	11070	14263	20665	17379
380.1913_1.94	194	1899	2434	82711	3745	49411	3360	799	1142	2440
387.1929_1.94	11755	30108	46319	37805	29945	42082	40219	36434	33402	46626
723.6608_1.94	315197	188239	101294	130479	80380	177177	145414	135684	225072	125275
83.0492_1.95	1566	1346	805	888	712	794	674	431	1026	878
110.0966_1.95	1447	827	637	462	185	317	224	67	438	400
151.1119_1.95	408	349	191	178	198	206	150	152	270	392
226.1803_1.95	6840160	4671968	2740879	2790838	1968214	2499656	2045752	2494555	4539657	3636769
424.2822_1.95	15687	14552	9099	9118	8298	9949	7620	9793	18645	11481
431.3842_1.95	549311	471219	314880	293049	194651	205542	173362	205371	378634	341574
85.0648_1.96	259	249	145	133	118	146	80	43	203	174
99.0805_1.96	272	295	177	198	138	167	154	156	178	212
109.0651_1.96	136	266	112	189	150	182	129	79	64	119
161.1325_1.96	552	446	298	348	210	156	242	361	367	361
227.1279_1.96	503	187	1680	1943	1167	819	1126	231	164	983
247.2267_1.96	350	649	1029	798	750	711	1085	788	1246	289
310.3103_1.96	165635	72954	46053	77851	71869	149460	120718	169616	139760	83725
332.2067_1.96	3609	3921	3107	2500	1731	2371	1341	410	2116	2714
332.2795_1.96	208	985	5298	1162	4023	3959	5136	1447	590	258
370.2585_1.96	199519	224909	302186	535390	429563	345317	311634	231548	210747	331166
432.2956_1.96	9379	8984	4648	3658	2792	3218	1622	593	3111	4719
478.1974_1.96	7649	39330	35541	47573	61688	123570	45270	18391	25069	29046
129.0913_1.97	351	194	96	118	77	117	48	37	161	154
229.1798_1.97	653	1001	965	551	788	708	817	471	977	902
242.2115_1.97	51306	23824	21216	23631	12255	15973	15570	36823	43249	22638
268.227_1.97	5736	4031	3024	2963	2574	3961	3129	3545	6893	4168
398.2899_1.97	1302	6321	16153	21111	19602	11619	11577	4028	4109	8832
124.0873_1.98	152097	154317	152059	147983	155335	155675	154434	157554	158317	160852
183.1019_1.98	380	1214	1119	1067	1040	924	1017	889	616	883
192.1385_1.98	12680	15801	8839	9942	4754	8698	10716	13081	13819	12978
200.1648_1.98	207755	127858	75343	61380	62865	85245	49783	54335	90228	82830
241.1799_1.98	286	694	979	668	779	768	990	585	826	498
255.1955_1.98	560	1630	2038	1978	1885	1793	2148	863	1153	2442
349.2372_1.98	1357	2684	3567	6135	4644	5100	5987	2201	3131	4854
372.2741_1.98	1477	3203	5085	6980	5948	3926	4743	3074	2159	4119
399.3467_1.98	2910	5445	6850	6529	8254	7012	8412	7395	7010	8331
401.3414_1.98	476	6101	7143	6897	9225	8016	7713	10205	3358	6298
403.353_1.98	9570	10107	6995	4235	3794	3739	2275	2030	3890	5666
412.2515_1.98	1646	2476	3664	6803	7498	5774	6207	3979	2274	2980
415.3892_1.98	3773	2595	4822	3948	1324	600	1831	3779	5469	2572
593.5983_1.98	8031	18551	10694	11470	10416	14860	9449	13755	9533	16731
238.1802_1.99	4296	1764	1243	1749	1866	2744	2192	2045	2731	1417
249.185_1.99	444	208	291	386	534	241	535	331	965	622
282.279_1.99	34792	15701	19119	15741	39465	37504	32616	35905	31878	15945
284.2947_1.99	10905	8417	6267	5764	7737	9706	8822	9020	10476	9143
354.3364_1.99	296729	167059	134386	138739	135258	191555	160182	226650	236861	148756
357.2998_1.99	449	831	4114	2649	2870	2241	4155	2294	791	3419
364.3419_1.99	9491	3207	5815	4561	3955	7297	4294	1689	4158	8451
113.0599_2	592	835	765	741	736	690	766	635	896	1270
115.1121_2	82	78	188	245	187	46	172	75	109	28
125.0906_2	20207	18905	15269	15614	15256	15969	14854	14739	18010	17535
137.1075_2	189	198	251	214	264	209	234	127	181	234
191.1644_2	718	814	1932	2610	1202	899	1443	1282	837	1767
221.1539_2	2630	2819	1692	1795	1759	1354	1920	1762	2952	3265
247.154_2	2858	4606	4125	3539	3435	2515	3717	2649	3371	2741
280.2634_2	17487	6563	12458	9146	22847	28777	22725	18572	11758	7441
286.2377_2	1363	1110	2735	1853	1338	1206	1376	381	1213	478
350.3263_2	21610	12413	70017	21283	23889	19430	28446	9599	15807	28577
397.3786_2	15351	9727	12294	13324	6739	13124	13261	20179	20064	9989
610.624_2	817	7915	8208	8000	6491	6084	7304	7344	1744	11112
788.6609_2	15907	17993	49096	36851	45969	39388	68959	51587	24630	51301
83.0856_2.01	242	188	114	73	88	122	100	67	141	153
85.0648_2.01	199	127	82	74	69	93	55	42	80	124
158.1541_2.01	3505	3477	3667	5285	4464	4011	4776	4563	5182	7374
210.1491_2.01	8739	3873	2443	2103	2848	3639	2624	2426	1454	2464
228.1678_2.01	3075	1786	1182	890	700	744	809	762	1492	1250
228.2322_2.01	7370	7444	7563	7210	7261	7548	8557	7462	8908	8711
249.2061_2.01	17052	15700	11884	12407	10859	12711	13894	13734	16198	13570
266.2325_2.01	1480	2089	1325	1112	1056	1362	1306	912	1413	1046
277.2008_2.01	2340	2622	1784	1262	1524	1616	2079	1299	1954	2092
294.2274_2.01	5481	7377	6407	4962	11303	5802	6935	5231	5216	5875
336.3108_2.01	57348	20956	74474	18511	22410	17550	26708	8792	18606	33844
369.3366_2.01	1687	1648	2724	2008	1974	2314	3804	3217	1324	3246
375.3216_2.01	110390	70892	55188	17093	28208	27881	11955	7144	14509	36491
388.2692_2.01	3986	7378	7595	15002	8447	7178	8834	4130	6059	5352
537.536_2.01	268565	357841	289377	335680	227553	258125	246426	297819	259512	284134
563.5397_2.01	5038	5566	10682	8384	11936	10231	17085	15358	8623	14189
582.5933_2.01	6509	22395	18905	19893	13515	12688	15447	16352	10403	17819
109.1014_2.02	50810	33885	16440	13501	17111	24073	12964	11231	17159	20252
151.0755_2.02	72	714	629	751	635	554	475	268	299	297
171.1018_2.02	10601	7563	3613	4035	3547	4784	2267	1760	2068	3658
172.1334_2.02	344471	216674	77544	51305	92897	139366	47922	33203	51187	87887
206.139_2.02	3641	5041	2820	3168	2551	2052	3069	3553	3924	3924
249.1849_2.02	756	322	479	385	475	317	635	613	892	324
252.1959_2.02	2146	535	719	973	1037	1723	1326	794	767	466
256.2635_2.02	23680	17144	8786	7154	9591	11192	10474	10197	13844	11123
271.1904_2.02	1109	985	842	805	943	750	1102	870	1164	420
280.227_2.02	3913	1517	991	1245	1713	2900	1741	2929	2736	1302
307.2478_2.02	2123	1358	1396	956	1460	1767	1848	896	1279	821
308.2795_2.02	4920	3860	5984	2886	4424	4628	7488	3161	8058	1922
341.3048_2.02	35147	31248	48997	39114	45679	45340	60393	57398	36782	58743
555.535_2.02	1251	1390	3271	2418	2514	2233	4348	3552	1150	3404
774.6084_2.02	699481	572886	870405	744701	963134	943721	1323029	1166689	745316	1171582
777.6267_2.02	25913	18745	26478	25793	20400	23631	34164	36217	19684	35350
151.1482_2.03	644	442	299	293	274	393	328	245	312	275
157.1225_2.03	3736	3285	2092	2083	2535	2681	2325	2122	2071	2547
169.0862_2.03	999	1121	1245	1755	1110	1325	1379	929	1092	1506
195.1383_2.03	1793	1401	1372	1529	2240	1599	1485	1208	1178	1169
200.2012_2.03	4024	3551	1564	1798	1686	2216	2176	2775	2272	2017
223.1695_2.03	2363	1865	1705	1618	1874	1708	1895	2227	2685	1495
225.1964_2.03	2290	1597	1715	1614	1420	1619	2048	849	1096	733
228.1959_2.03	2160267	1446609	962902	931617	850261	1299929	901939	857886	1405694	986172
233.1749_2.03	5919	6215	3540	4815	2691	3812	4751	4907	5783	4743
235.1693_2.03	2135	4031	1847	2235	1809	1663	2342	2361	2476	2199
235.1905_2.03	1709	2288	752	1120	868	984	940	1727	1531	1085
250.2013_2.03	1460	1306	867	1147	1401	1078	1521	1266	1501	984
251.1642_2.03	1518	2326	1187	1217	1337	1204	1308	1137	1200	1384
253.1799_2.03	8584	20503	7925	7419	7726	6510	7959	9420	12355	11970
256.2271_2.03	92655	59668	39631	31499	36797	53407	30757	29894	45056	34058
264.1806_2.03	1076	2813	2819	2613	2577	1491	2057	1356	1292	1865
270.2427_2.03	3440	3081	2664	2179	2604	2260	2328	2688	3112	2407
272.222_2.03	52462	27524	21178	26077	18866	30786	24206	27897	39802	27298
272.2584_2.03	1014	1501	1900	1631	2680	1331	1952	1276	1306	1433
276.2321_2.03	4455	1589	2645	1864	2813	2598	2839	2214	2102	1102
278.2478_2.03	8766	3506	6805	4952	11484	11329	11254	9893	6472	4793
284.222_2.03	2439	1235	1057	1196	823	1254	1319	1883	1534	667
294.2426_2.03	10748	5518	8694	5486	12363	12618	11304	9708	6031	5537
299.258_2.03	897	2134	2999	1240	2201	1876	2200	1901	970	1567
302.2688_2.03	5318	6127	6635	6012	6755	6340	7270	6590	6405	6850
308.2431_2.03	921	603	543	451	587	1278	692	349	505	388
310.2223_2.03	1249	1941	1763	924	1069	1214	1054	637	1034	772
315.1338_2.03	3882	8916	7714	10089	13352	22192	11538	5304	7502	6463
315.2804_2.03	3625	4575	7091	5053	11036	6444	6754	6856	3690	5898
328.3208_2.03	7208	9259	15164	12896	25607	21315	20303	14580	14151	13846
331.2841_2.03	1076	664	2709	1575	1944	1750	2036	1500	1555	1736
337.2736_2.03	3112	5252	7650	4773	8215	7221	8785	6486	4759	6883
363.2892_2.03	180	379	689	334	799	679	825	220	385	117
372.2895_2.03	14160	12995	18946	20227	20058	20266	26965	18798	20543	16687
400.3056_2.03	4623	2907	3027	3279	4384	3254	2364	3879	4619	2596
413.3196_2.03	13395	11017	8605	5599	5674	7064	5037	3748	1783	7734
425.3678_2.03	2113	918	6117	1116	3190	1612	1191	187	1874	1353
425.3732_2.03	11155	8327	4546	5414	3487	9874	4946	873	8459	7654
427.3527_2.03	1957	804	1154	1412	754	1601	1522	403	1984	658
439.3531_2.03	7957	3813	5313	5304	3955	7529	8378	3829	6726	3984
453.4046_2.03	9078	4961	1463	5411	3238	10876	5793	5788	12227	7260
455.3843_2.03	18336	8206	4933	9546	4655	14257	13751	10947	16869	8112
468.2441_2.03	176	948	837	48080	2554	57551	2061	1166	4696	2938
483.4159_2.03	115456	75039	23477	62984	53217	113312	69411	63444	129725	77152
509.5043_2.03	7585	11857	9626	9375	9101	7782	9419	9404	7989	8846
526.4319_2.03	9369	5397	22469	9353	17521	11733	12412	8901	13300	14005
543.3834_2.03	3770	8132	8588	6574	10993	15636	14650	10181	5729	9111
551.5043_2.03	20381	15917	23407	20396	23133	24969	28830	29637	18356	25731
565.3671_2.03	1809	3315	3905	8458	7333	7976	12633	5163	4203	6125
567.4988_2.03	397	1347	2652	1414	3282	2079	3694	5177	399	3097
569.5147_2.03	358	218	1035	973	366	842	1726	1821	480	1017
692.5303_2.03	7299	2045	13392	8132	12588	7457	5497	14445	3308	9146
706.5826_2.03	3828	4604	16014	10041	19100	12460	17338	20277	6528	10854
718.5463_2.03	640	2285	5974	4898	7443	6405	4015	8182	458	7811
720.562_2.03	158438	121051	237513	161293	222413	182101	211249	261340	125844	222519
746.5779_2.03	229639	202388	308401	245210	324796	296195	335395	382620	190795	369454
101.0598_2.04	1502	1924	1225	1354	1173	1471	1357	1525	1463	1354
155.0703_2.04	166	535	469	1069	412	764	453	334	294	364
172.1697_2.04	838	1503	326	925	680	765	716	947	1025	996
183.0784_2.04	8387	7354	7738	9808	7322	6601	6174	7222	8204	7774
186.1491_2.04	23228	16748	11578	10623	13034	19969	10514	11942	12967	10342
193.1226_2.04	2282	2675	1591	1590	1743	1832	1514	1149	1290	1617
216.196_2.04	8719	7381	7000	5885	6954	11374	7550	5302	7913	4975
218.1541_2.04	3057	3545	2943	3076	3348	3013	3266	2762	3156	2487
226.2168_2.04	742	510	384	452	490	544	498	476	680	750
228.1597_2.04	2520	1636	1990	1507	1411	2093	1649	1657	1171	1350
232.1697_2.04	3287	3506	3242	3563	3560	3206	3834	3796	3743	3595
235.1541_2.04	3989	4610	3098	2892	2625	3129	3205	3260	4137	3188
242.1752_2.04	14055	6941	5943	6536	4776	8119	6402	8382	10600	6882
244.2271_2.04	1431	1712	2742	2689	3857	1664	1795	982	1171	917
258.2427_2.04	11506	11206	14540	14624	10663	11049	13357	9290	13157	9774
267.1591_2.04	2078	3685	2847	3225	2823	2931	3121	2870	2924	3211
273.2536_2.04	22379	20975	15038	15082	14108	20102	13136	10704	19130	11432
279.0933_2.04	14193	13549	9456	10354	6251	6062	5511	4338	3854	7102
279.1802_2.04	2382	3839	958	1499	2556	3169	1708	1795	1278	1536
279.2166_2.04	512	614	185	132	502	767	686	502	113	278
286.274_2.04	1188	1814	1765	1783	3149	2128	2063	1562	1749	1759
287.2692_2.04	122	451	522	563	594	559	617	545	383	299
293.1958_2.04	3859	6221	3602	2773	2682	3443	4877	2841	4505	3518
296.2067_2.04	1877	2192	412	1074	2348	1858	1244	1243	773	851
314.3053_2.04	604	1335	1867	1243	3082	1449	1351	781	485	434
316.2117_2.04	2375	1904	1180	1276	983	1423	1112	623	741	1219
343.1878_2.04	1375	1643	1413	4822	464	1570	915	64	160	382
351.2163_2.04	377	1061	666	1515	794	836	909	523	425	863
385.2736_2.04	129201	195341	203835	179141	261892	270454	290754	190872	222189	183231
387.304_2.04	227	1476	1920	1030	1562	2244	2132	2571	989	2176
396.3319_2.04	1175	788	955	1861	1835	2191	1224	187	353	524
409.3423_2.04	11705	5125	6193	7928	4307	9222	9313	4947	10724	8292
417.3363_2.04	110	2119	1525	2026	2618	1275	2944	2514	2071	1481
423.358_2.04	13157	6743	6035	10683	4547	12822	14982	7006	15447	12668
424.3632_2.04	70744	18793	180336	34188	77556	38544	33875	10467	56179	57001
437.3738_2.04	195154	79643	179304	126494	109728	130778	123194	101819	212012	165839
466.4102_2.04	2490	602	4189	3248	1602	6640	1827	2520	5493	4031
512.4162_2.04	7049	3801	23025	4330	14851	9270	6724	2127	6550	7087
517.3675_2.04	1450	6197	6858	5308	6989	7973	8650	7919	4457	7464
540.4475_2.04	2082	712	1465	1185	887	4253	902	1059	1442	4095
545.3992_2.04	1270	8803	14443	7081	9116	11230	7182	7023	4678	11369
614.4836_2.04	3143	3358	2964	3189	3832	3899	3583	3474	3386	3082
630.6183_2.04	20035	14231	20465	15572	17995	18872	23585	24557	16981	20841
646.6134_2.04	6407	6971	9639	6873	9092	7770	11975	10522	8854	9583
664.6244_2.04	1361	1112	1914	1594	2419	1812	3620	2947	752	1935
700.5719_2.04	5044	7041	7196	7270	10804	8260	11270	9418	4735	7392
707.0758_2.04	4171	4846	4860	3892	4361	4188	4565	5102	5396	4195
724.572_2.04	1176	3261	3618	3237	6544	4767	7258	5627	3556	3394
726.5879_2.04	50689	41912	47359	46095	65015	61314	64440	66025	51630	64373
742.583_2.04	12068	11187	16388	13069	22696	17986	24912	20739	17510	17210
744.599_2.04	41051	26929	23352	25597	20781	27885	23560	29641	20890	31124
754.6186_2.04	1843	1798	3140	3920	6552	4948	8696	7042	3186	5356
764.6389_2.04	3802	4191	6888	6238	9971	9565	13300	9731	5520	11036
770.6136_2.04	2048	5670	5833	6305	9492	8427	11792	10212	6982	6762
780.6343_2.04	23490	20127	23511	22261	25168	26401	37641	27850	25425	26397
790.6549_2.04	4526	2200	5796	3488	10764	8285	15482	7880	7066	8309
798.645_2.04	49303	43366	44367	41250	50842	47951	65149	60176	54668	54317
89.0598_2.05	183	250	195	242	143	158	139	159	196	186
103.0754_2.05	236	167	130	260	96	94	143	142	120	123
117.0913_2.05	923	839	617	892	549	423	670	662	699	623
129.0913_2.05	1015	926	684	701	819	946	673	760	926	768
163.133_2.05	9312	8299	9192	13412	8136	6448	6353	6680	8204	11511
173.2014_2.05	599	860	723	794	699	599	627	605	499	549
176.1283_2.05	1242	1271	300	400	721	759	295	202	167	317
181.0262_2.05	7619	8987	9947	6895	6074	112608	11875	8888	55263	10182
217.1072_2.05	6704	8215	6023	30359	5376	22463	5901	3723	5217	6474
217.1623_2.05	2566	1835	958	1338	1060	1836	1398	1364	1739	1575
221.1385_2.05	2046	2270	1076	1340	1004	1553	1460	1997	1920	1697
226.0842_2.05	1045	1748	1779	1285	1132	15660	1861	905	6446	879
227.1281_2.05	1605	1734	1890	1880	1475	1697	1641	1048	1195	1493
239.1643_2.05	2532	3010	2199	2651	2542	2194	2763	2633	2420	2943
260.1858_2.05	973	704	668	606	386	274	517	453	626	431
261.181_2.05	934	751	846	459	1006	851	915	908	1484	788
266.1962_2.05	9491	10762	6432	6591	10400	10067	8249	7436	6340	7857
274.2013_2.05	2468	2047	1311	1455	1531	1005	675	840	1035	1030
280.1754_2.05	3425	6670	4486	9934	4467	6884	3895	2197	1774	3819
337.2373_2.05	6959	6508	7187	10683	12711	9449	9539	7634	6326	8050
345.2059_2.05	455	727	1802	506	1834	1126	1173	1305	738	1088
353.2321_2.05	7469	9566	7573	15721	10481	8229	9688	5878	8707	7345
357.311_2.05	4152	4169	3123	4178	2195	3047	2502	3117	4146	3773
452.3947_2.05	9411	3434	7831	7689	5530	12394	4793	4750	12047	13733
556.4421_2.05	943	761	1330	818	1314	724	1097	1025	1094	1349
570.4577_2.05	4062	5421	5805	6192	8151	7180	7504	7200	8491	5318
73.0649_2.06	177	223	171	238	216	175	219	226	236	237
111.0442_2.06	68	126	108	167	99	123	93	67	76	43
127.0757_2.06	4265	4353	3938	4222	4180	4246	4281	4233	4433	4603
127.0869_2.06	685	776	798	705	901	850	838	757	816	593
135.1171_2.06	546	480	239	244	310	285	281	329	402	289
145.1701_2.06	34613	38511	38428	39630	30924	30954	31188	28220	27778	25867
149.1174_2.06	4854	3353	3848	6199	2165	1676	2664	2598	2943	2245
159.113_2.06	133	161	264	184	203	171	175	210	268	153
165.0912_2.06	3235	4146	3935	4425	4239	4355	4156	3872	3989	4443
169.1338_2.06	195	416	363	448	366	577	633	511	438	274
179.0408_2.06	954	1045	873	836	915	943	1053	1040	906	973
183.1019_2.06	1609	2817	2649	2778	2169	2409	2574	2019	2098	2709
184.1335_2.06	7729	6558	5960	5595	4932	6445	4599	4386	5421	5611
195.088_2.06	19975	20548	20215	19890	19272	19148	18056	19449	19449	19462
202.1441_2.06	1445	1374	1492	1071	994	1615	1123	657	1052	921
207.1593_2.06	59759	58168	35273	42607	27446	35281	40170	54023	59218	49301
211.1331_2.06	2485	3846	3350	3267	2450	2720	3220	2794	3274	3485
212.201_2.06	395	184	109	193	175	213	229	271	277	143
213.1488_2.06	1207	1996	2019	1675	1973	1586	1601	857	1150	1024
224.1859_2.06	4703	5139	3726	3907	2461	2751	3655	4410	4377	3395
237.1486_2.06	420	995	1013	1046	765	587	872	703	753	878
245.1385_2.06	357	1237	1960	1597	816	914	853	419	371	751
249.1698_2.06	3850	4248	2061	2111	4427	5016	3315	3092	2743	2645
252.1806_2.06	2232	2561	881	1477	1380	1636	1054	1698	1826	1683
265.1646_2.06	8767	9511	2965	3941	11969	12879	6733	7170	3764	6780
266.1599_2.06	1264	1565	852	926	1560	1960	732	1120	331	868
301.2161_2.06	2034	1744	1536	3390	2782	1937	2711	1573	2023	2681
319.2266_2.06	4822	4661	5245	8750	9067	7263	7244	5401	4260	4697
398.0929_2.06	642	978	817	1102	1525	1403	2240	836	1028	507
87.0441_2.07	4252	4191	2204	2781	3182	4031	2732	3678	2973	3181
102.055_2.07	758	1068	701	666	695	566	771	812	815	717
128.1073_2.07	990	774	555	529	525	571	491	529	679	647
132.077_2.07	12688	12287	7457	7420	7927	7680	6972	7565	7332	6581
140.1072_2.07	7844	8140	8285	7829	8462	8555	8313	7723	8133	7778
143.1068_2.07	5981	5422	4476	4917	5253	4949	4701	3977	5017	5208
144.0657_2.07	127	82	103	125	129	151	113	178	189	92
166.0977_2.07	181001	180730	180149	177775	176062	171512	167669	180720	174244	175268
167.1181_2.07	4125	4912	4429	4286	4218	4282	4702	4115	4272	4015
189.1124_2.07	856	962	1087	1261	963	1237	856	646	556	532
191.128_2.07	431	417	242	298	243	185	308	391	450	363
193.054_2.07	157	362	522	506	602	602	751	422	291	364
210.0611_2.07	13888	21020	25856	27344	33158	30239	32516	20355	22152	19276
224.0766_2.07	526	708	726	617	904	885	748	636	648	438
251.1643_2.07	867	1814	724	1168	1020	848	1026	989	1057	982
268.2119_2.07	1457	1732	1174	1319	2273	2026	1912	1507	1103	2113
272.1506_2.07	22220	21823	21478	21365	21956	21951	21090	21762	22132	19827
330.0454_2.07	2366	2421	2670	2892	3645	4574	4481	2281	2498	1482
330.3001_2.07	1225	1411	1344	1475	1578	1389	1366	1541	1482	1201
350.3264_2.07	699	374	2111	689	599	523	658	107	318	625
366.0665_2.07	42887	55957	60626	58323	89145	96424	105543	58118	68030	47989
386.3498_2.07	475	635	992	704	1242	1029	1446	858	366	1105
394.0978_2.07	3856	4659	5794	4735	5560	5588	5231	2749	3719	2564
411.1246_2.07	1420	2020	2014	1920	1678	2083	1677	1517	1263	1044
495.0634_2.07	1733	1595	1736	1360	1593	1537	1385	1746	1624	1662
550.0639_2.07	1419	1496	2367	1636	1985	1850	2397	2100	1843	1696
551.0625_2.07	1770	3125	2535	1518	2276	3165	3032	2403	2069	2469
114.0917_2.08	17071	15275	13490	13566	13373	13692	12949	13651	15041	14626
120.066_2.08	662	1014	925	988	951	770	862	771	742	931
130.0501_2.08	2271	2372	2084	2456	2569	2606	2267	2100	2172	1862
138.0551_2.08	911	1225	1192	1209	1298	1184	1174	1212	1126	1046
165.1276_2.08	696	374	243	305	299	307	301	291	350	203
177.0396_2.08	17878	21215	29370	30880	43160	41654	51896	31671	32747	27480
181.0378_2.08	343	349	388	366	372	418	422	362	354	393
206.0662_2.08	4779	6649	7379	6061	8376	10097	11668	5886	7002	5843
217.1591_2.08	276	538	319	476	364	318	445	578	470	437
217.1993_2.08	626	531	647	488	659	1197	717	284	774	290
235.1693_2.08	238	674	315	503	360	292	248	354	434	367
255.1076_2.08	305	320	458	486	397	451	313	504	212	433
395.0477_2.08	1279	1095	1321	1333	1178	1299	1378	1413	1436	1264
552.0609_2.08	12070	13233	15721	13672	15926	18454	22369	14713	15256	15803
555.0557_2.08	910	1878	2013	2584	3418	2638	4964	3203	1861	1480
605.0638_2.08	4715	4689	5635	4919	4169	4849	7228	4345	4214	5013
607.0608_2.08	3293	3861	5097	3690	4784	4531	5522	4268	3570	4039
152.082_2.09	4595	4905	4759	4922	4763	4608	4473	4516	4655	4455
170.97_2.09	700	723	653	639	747	688	627	747	788	673
171.113_2.09	180	212	267	260	268	264	233	261	226	224
213.1138_2.09	11359	11126	11100	11026	11009	10701	10333	10780	10635	10320
242.0871_2.09	2362	3481	3538	4358	5446	5491	5647	2983	3268	2967
262.1802_2.09	1418	1680	1811	1626	1943	1747	1938	1773	1906	1928
271.1666_2.09	13237	12906	12975	13569	13373	13317	12231	12965	13499	13200
338.0501_2.09	41426	45437	47066	41570	51526	56130	59878	50359	52907	49637
391.0533_2.09	10003	9660	9925	10208	10362	11028	12529	11045	10252	10670
442.0597_2.09	9806	9920	10327	10313	10797	11489	13234	12168	11880	12346
609.0578_2.09	974	1271	1341	1474	950	1875	1925	1412	1297	1784
713.0667_2.09	182947	189779	202638	180091	194355	220429	242434	205945	218571	205493
89.0598_2.1	81	70	61	85	69	54	73	55	70	85
165.1137_2.1	4663	4608	4669	4734	4875	4554	4673	5058	4749	4803
181.0861_2.1	490	1246	918	1422	977	1125	1143	861	857	874
187.0967_2.1	1490	1775	1813	1873	1856	1774	1916	1567	1764	1998
272.134_2.1	969	811	911	1163	978	1072	836	1151	526	951
285.0469_2.1	5016	4950	4916	5346	5699	6319	6974	6356	5539	5839
319.2268_2.1	580	408	558	916	833	732	698	574	495	721
499.0573_2.1	29691	29174	30068	28226	28723	33763	35599	31754	32282	30576
721.0551_2.1	7797	7802	7930	6154	7930	9851	9942	7697	9127	7713
732.5985_2.1	1096	652	1140	923	1588	1529	1290	2589	966	2275
117.0912_2.11	212	157	119	165	100	94	115	134	136	115
128.1073_2.11	412	338	262	249	292	262	272	319	359	356
133.0862_2.11	156	174	111	71	94	85	118	131	121	110
177.1124_2.11	313	345	100	131	128	216	162	214	156	207
203.0916_2.11	808	1997	2670	3483	2222	2454	2219	1124	1133	1810
224.1857_2.11	1026	987	671	827	393	525	696	807	893	782
255.1075_2.11	1515	1537	1725	2058	1942	1583	2009	1624	1214	1568
265.0035_2.11	1673	2333	2375	2302	2777	2601	2520	2433	2470	2247
734.6149_2.11	3482	1791	2442	3029	1945	2037	3025	4755	2000	4256
111.0443_2.12	272	493	298	664	360	410	398	265	254	360
179.0705_2.12	54	570	268	700	324	156	258	205	144	231
191.093_2.12	135	539	313	446	225	336	234	302	173	373
191.1069_2.12	752	2497	1456	2360	1687	1618	1978	1653	1431	1628
193.1226_2.12	713	916	671	966	668	785	686	616	690	726
199.0968_2.12	160	234	219	334	203	222	194	141	139	173
204.1233_2.12	1232	2148	1689	2169	1801	1619	1908	1599	1694	1804
271.2269_2.12	577	727	583	632	763	631	733	478	587	629
319.9031_2.12	1213	1404	1302	1451	1258	896	1201	913	824	1010
165.1388_2.13	666	753	912	818	878	842	853	882	783	837
166.1439_2.13	285	183	330	686	106	46	170	164	195	130
195.1019_2.13	20	161	96	153	77	120	127	72	78	169
197.0811_2.13	1314	2972	3068	3101	2753	3478	2714	1946	2244	2180
201.1124_2.13	941	1297	1264	1224	1115	1048	1151	856	1037	1237
224.1131_2.13	168	44	160	175	446	171	378	224	205	132
230.1402_2.13	11199	10738	10957	10642	10577	10866	9902	10480	10279	9934
301.2373_2.13	424	585	646	679	683	555	706	732	778	679
393.05_2.13	796	949	1142	898	1373	1557	1793	1470	1493	1327
395.0473_2.13	423	609	761	496	762	988	1060	821	805	766
131.0705_2.14	74	119	105	169	150	164	164	163	157	211
136.062_2.14	1059	1708	1221	1909	1469	1383	1348	1325	1431	1359
151.0967_2.14	221	180	186	237	232	172	187	214	234	232
151.1231_2.14	4992	4887	4860	4720	4781	4873	4778	4633	4671	4426
158.1177_2.14	323	286	209	211	248	305	221	170	261	219
167.0705_2.14	233	778	590	910	569	497	520	569	508	586
170.97_2.14	2375	2637	2668	2805	3578	2757	3241	3583	3222	3334
193.0862_2.14	164	425	344	356	244	216	191	298	250	435
197.1176_2.14	501	795	682	820	646	561	619	521	534	678
228.0869_2.14	499	1093	1261	1144	1527	1998	1458	808	977	859
229.082_2.14	1624	2398	2695	2548	2750	3071	3273	2350	2595	2196
242.1751_2.14	1625	632	605	670	491	730	615	727	913	618
245.1384_2.14	382	1478	1829	1927	979	945	975	384	522	825
250.9879_2.14	22051	27869	27541	25786	29009	28740	27727	26317	29710	25892
128.1072_2.15	429	321	287	257	278	274	253	252	295	310
130.0614_2.15	2727	2773	2836	2757	2624	2585	2544	2675	2708	2689
199.0967_2.15	193	352	312	353	300	309	264	189	217	252
208.1083_2.15	4221	4329	4657	4613	4409	4293	4077	4266	4195	4577
211.1331_2.15	1611	2585	2020	1886	1551	1610	1858	1852	2114	2378
219.1229_2.15	168	204	189	221	234	265	191	39	41	195
221.1174_2.15	126	386	223	565	324	254	288	201	233	227
224.1495_2.15	5788	6704	3977	4538	3504	4609	4570	5054	5310	4824
224.1858_2.15	1050	960	656	816	447	551	671	827	1002	791
231.1241_2.15	3972	3983	3869	3912	3702	3556	3346	3853	3578	3714
239.149_2.15	5411	5183	3807	4716	5842	5666	4162	4597	4109	6446
243.1592_2.15	540	684	596	759	491	346	465	389	372	492
257.1385_2.15	118	544	747	921	458	557	468	279	361	619
258.2063_2.15	1727	890	652	755	560	668	521	714	1022	865
261.1332_2.15	27	85	179	5034	221	2392	176	94	36	171
265.0035_2.15	456	682	784	665	958	948	977	1036	975	939
299.2005_2.15	381	612	536	812	660	582	518	305	263	448
73.0649_2.16	166	117	92	122	85	61	92	102	121	119
74.0602_2.16	70	61	66	68	80	71	79	73	76	96
79.0213_2.16	125	127	130	131	133	136	128	140	129	112
99.0441_2.16	280	363	354	410	376	351	365	337	441	427
125.0713_2.16	39001	39692	38496	38426	37601	35706	33968	36967	36934	37246
137.1075_2.16	3807	4005	3913	3868	3901	3858	3910	3892	3962	3796
173.1175_2.16	2344	2131	1273	1017	1727	1734	1053	889	1084	1611
185.1175_2.16	252	252	311	283	180	212	189	205	173	267
190.0977_2.16	283	377	419	415	401	430	366	489	273	343
193.1226_2.16	1531	1807	1462	1834	1441	1286	1342	1295	1245	1500
211.0967_2.16	809	1448	1059	1731	1112	1440	1313	881	895	1041
213.1488_2.16	990	1059	1135	966	1083	953	1104	716	872	855
231.1592_2.16	714	1296	842	866	766	787	953	722	653	789
234.1338_2.16	543	742	825	967	880	847	952	674	750	1003
241.1436_2.16	1189	2241	1891	2291	1735	1641	1975	1345	1590	2033
254.1599_2.16	2628	3078	2170	2464	3134	3251	2611	2463	2364	3475
286.2738_2.16	171	218	236	276	338	260	266	250	330	245
296.1701_2.16	704	886	922	4752	692	2229	876	1046	719	692
301.2372_2.16	821	852	1062	784	860	593	808	579	749	770
302.1962_2.16	331	587	463	614	320	315	377	270	323	297
309.2271_2.16	10942	7169	6544	6739	11963	15279	8630	10028	4988	5342
497.06_2.16	994	873	1144	782	1091	1372	1894	1431	1741	1294
581.5508_2.16	3128	2157	4196	2894	4929	4571	7126	7175	3922	6013
127.095_2.17	551	590	541	604	606	616	598	640	586	661
149.0711_2.17	136	272	296	235	324	245	282	212	196	291
153.0548_2.17	157	570	319	578	462	512	304	307	298	289
167.0817_2.17	1674	1759	1884	1824	2000	1755	1977	2083	1929	2226
218.1038_2.17	1205	1658	1468	1899	1463	1161	1228	1181	1110	1152
268.2119_2.17	7839	8486	5418	5642	8926	8542	7435	6596	6138	8392
383.3994_2.17	8630	4530	2100	5196	2472	4464	3314	5754	4835	2705
583.2555_2.17	9359	13587	10484	18646	20779	41656	19916	8679	12519	11499
117.0913_2.18	747	946	563	663	506	465	540	529	676	599
133.0862_2.18	83	113	70	73	88	75	67	120	113	129
147.117_2.18	414	217	148	147	116	130	93	100	150	127
155.0817_2.18	2317	2347	2452	2313	2437	2184	2203	2268	2262	2408
178.1076_2.18	5852	11075	5803	5665	5527	4613	6152	7312	7644	8229
198.124_2.18	702	886	755	803	761	807	820	730	752	794
207.1243_2.18	10332	11309	11014	10853	10894	10579	9921	10947	10798	10902
217.1436_2.18	1205	1286	681	734	1092	1274	722	786	446	1246
235.1694_2.18	795	1621	977	1321	828	709	895	830	1034	1101
255.1075_2.18	101	217	249	433	289	247	231	165	180	218
258.2063_2.18	1011	589	376	345	278	390	320	365	608	459
273.2536_2.18	21036	16101	11204	11218	9473	13877	8749	7565	12543	9040
290.2519_2.18	1258	536	613	920	356	473	556	594	1133	512
363.3104_2.18	1094	48	2305	301	358	358	294	29	142	539
381.3151_2.18	225	489	374	412	1103	911	1235	1106	919	701
73.0649_2.19	131	124	95	116	97	76	98	126	135	121
89.0598_2.19	102	115	82	119	81	73	89	122	103	109
189.1124_2.19	2744	3282	3528	5035	2705	3734	2719	1943	2019	1698
210.1338_2.19	274	429	139	309	70	239	166	232	288	175
242.1751_2.19	2328	1025	924	894	679	985	899	1051	1397	912
255.1955_2.19	672	772	690	675	748	726	697	661	820	619
113.0599_2.2	1105	1255	1164	1264	1087	1131	1109	1048	1149	1235
152.1265_2.2	2691	2242	1916	1823	1641	1918	1462	1587	1842	1922
243.1229_2.2	66	638	686	708	386	376	527	184	222	397
299.2005_2.2	259	658	599	1256	983	794	622	444	377	543
361.2735_2.2	483	915	866	543	1278	1098	1340	596	1031	541
630.6183_2.2	2758	2329	1691	2004	1948	1958	2851	2773	1766	2101
706.5823_2.2	375	858	2098	558	1471	815	1545	2076	94	1980
128.1073_2.21	566	427	338	305	312	339	328	353	404	436
401.3416_2.21	234	1914	1524	2133	1722	1504	1346	1411	1102	1180
531.4083_2.21	4268	4742	5505	5186	5608	5212	5005	4631	4681	5081
772.5929_2.21	10898	11876	18056	14128	18851	17263	20710	21199	9727	21224
94.0652_2.22	392	467	463	439	450	416	408	471	390	425
124.1125_2.22	85	71	78	64	44	79	51	24	72	62
199.1331_2.22	2166	2672	2454	2550	2249	2421	2560	2266	2534	2727
224.1495_2.22	257	447	72	256	64	275	171	255	213	307
224.1647_2.22	633	292	197	172	201	253	219	229	337	235
254.14_2.22	481	643	604	664	531	607	467	628	530	534
258.2063_2.22	2502	1466	943	933	704	871	635	762	1195	896
283.1904_2.22	601	1770	2877	2140	1817	1427	1675	1156	1218	2239
300.2896_2.22	3540	3780	5948	4990	7788	6222	8015	4726	4515	5539
301.2373_2.22	797	1018	1157	800	874	936	854	642	659	904
348.2895_2.22	6337	3140	4278	5125	4079	4552	5153	5699	6027	3811
370.3314_2.22	3039	1184	898	1073	1103	1527	1633	2091	2111	1029
537.536_2.22	27244	34277	24385	28360	20387	23388	22442	26926	24091	26154
551.5044_2.22	761	804	1033	585	554	1059	1073	1145	460	1065
595.5301_2.22	478	450	784	242	798	691	1597	677	686	763
788.6606_2.22	4140	2304	7512	5713	6982	6449	11724	11382	3942	7537
244.1193_2.23	1558	1916	1889	1897	1801	1636	1681	1893	1780	1978
478.1976_2.23	2027	5051	3377	5367	6184	12595	4662	2980	4004	3596
734.6148_2.23	7451	5193	9364	7744	6953	7989	12725	11976	6270	10055
286.2739_2.24	474	788	704	639	873	739	783	858	657	848
386.2721_2.24	680	1127	969	1645	1065	816	1036	696	802	782
462.3499_2.24	42421	70952	79594	51250	61781	62681	111540	67967	87394	72203
662.5721_2.24	7878	19840	37114	6685	26023	17691	28660	17086	13653	18883
663.454_2.24	12349	15323	18079	12649	14919	13873	14196	13679	13404	14300
102.0551_2.25	173	320	159	163	162	125	182	248	253	270
126.0553_2.25	584	655	626	629	596	602	602	626	629	723
225.1487_2.25	175	194	160	152	122	156	127	151	124	148
237.1487_2.25	328	499	545	383	376	369	356	251	227	419
630.6184_2.25	1002	2655	2983	1882	2183	1516	2527	2415	741	2251
654.332_2.25	3608	6925	8761	4798	6566	6328	7398	7275	6969	7413
711.0697_2.25	1393	1693	1783	1302	1257	1705	1568	875	957	1822
208.1546_2.26	704	798	330	402	343	372	411	719	811	508
215.128_2.26	171	257	288	261	270	235	300	247	298	344
318.191_2.26	625	987	794	1117	718	783	844	469	548	640
360.2566_2.26	2113	4512	7519	3991	6134	6980	8153	6148	4845	5354
384.3471_2.26	5323	5441	5490	4747	6046	5439	6968	7690	8495	6587
174.1361_2.27	3159	2100	811	636	750	900	448	534	930	877
193.1074_2.27	277	453	134	191	94	300	184	467	404	338
267.172_2.27	12966	14365	7392	8505	14205	14875	10648	10626	8351	10309
301.2372_2.27	486	705	861	921	899	747	876	750	723	798
128.1072_2.28	834	648	468	461	427	482	395	474	591	570
242.2116_2.28	89336	52543	29073	29100	20244	25058	19914	27187	45378	32048
244.1193_2.28	187	371	363	346	352	273	381	381	344	362
384.3471_2.28	3604	3822	4370	3418	4334	4093	6394	5998	6924	5158
504.3232_2.28	7172	7390	10779	18150	6048	9720	5509	4231	4221	3378
538.5202_2.28	3762	7523	7381	5038	8166	4438	5414	6529	4017	4448
581.5509_2.28	212	136	853	825	637	617	1023	815	301	600
583.2554_2.28	713	2212	1318	2943	2331	6508	3143	879	1425	1135
101.0347_2.29	168	176	197	201	208	195	203	248	197	277
102.055_2.29	92	188	98	102	126	108	149	152	143	149
210.0611_2.29	195	431	514	406	523	452	788	286	449	301
213.1488_2.29	217	228	197	185	200	203	220	150	153	180
286.2378_2.29	535	785	797	730	787	634	595	558	672	668
381.3151_2.29	726	994	1452	1032	2240	2081	3149	1877	2181	1852
387.1931_2.29	256	384	475	463	407	428	493	406	549	449
399.2505_2.29	6027	6003	6815	13758	6827	8470	5314	2691	3122	5984
92.037_2.3	71	100	115	98	88	99	103	101	102	95
94.0652_2.3	523	498	503	523	535	488	479	554	521	559
195.123_2.3	372	339	324	348	331	307	296	300	357	318
245.1748_2.3	3387	2956	2012	2104	1493	1722	1945	1716	2762	2521
394.3527_2.3	976	237	3278	610	946	645	693	129	725	1024
112.0759_2.31	1407	1337	1229	1330	1259	1393	1507	1221	1455	1423
215.1279_2.31	179	202	243	249	205	166	234	200	165	182
399.3467_2.32	59352	59467	58415	59612	59729	57535	57767	62053	61706	60592
772.5929_2.32	852	785	1355	1335	1410	1205	1650	2174	802	2192
117.0913_2.33	121	141	96	134	86	95	125	105	98	88
213.1488_2.33	473	528	534	493	550	665	513	514	568	522
314.2691_2.33	48	215	191	234	529	169	132	147	55	206
383.3308_2.33	1198	1554	1592	1424	2011	1789	2121	1927	2195	2421
654.3321_2.33	811	1216	1345	1247	1168	1574	1394	1068	1017	1267
792.6706_2.33	382	147	375	627	464	811	1473	899	399	389
113.0599_2.34	820	1069	986	975	1098	1021	1098	1138	1130	1246
123.0921_2.34	171733	170764	168738	166309	167767	163863	159442	167008	164937	166250
137.1075_2.34	4076	4209	4130	4261	4140	4137	4069	4051	4204	4170
195.1383_2.34	1853	1376	1589	1844	2093	1915	1918	1423	1447	1337
208.1083_2.34	1299	1505	1570	1610	1633	1395	1403	1538	1457	1434
239.1644_2.34	3373	4241	3445	3448	3101	2935	3499	3203	3332	3538
662.5714_2.34	163	421	891	249	576	471	788	538	97	988
88.0757_2.35	345	335	335	390	337	339	341	363	356	384
211.1331_2.35	480	767	528	585	501	600	590	611	698	735
99.0805_2.36	390	364	344	355	296	350	324	326	310	340
108.0809_2.36	388	419	404	390	394	399	411	504	399	457
126.0665_2.36	71	81	74	84	67	70	70	75	89	73
149.0963_2.36	321	358	419	463	259	349	318	230	255	252
215.1836_2.36	222	173	113	133	150	269	157	102	182	105
532.4401_2.36	1964	2039	1932	2524	1896	2140	1828	2083	1926	2170
577.5193_2.36	353	310	712	707	611	641	841	1009	538	1003
663.454_2.36	6500	7899	7616	6742	6791	6127	7450	6703	7696	7309
142.1228_2.37	357	225	143	129	123	156	93	95	123	166
244.1193_2.37	455	548	553	507	522	576	617	623	585	515
80.0496_2.38	4915	4741	4652	4663	4846	4706	4695	4700	4654	4745
172.0718_2.38	373	453	419	468	539	482	541	580	612	610
216.1595_2.38	454	298	191	191	160	251	179	131	252	229
254.1599_2.38	3154	3911	2224	2535	4226	4466	3092	3013	2355	3448
273.2535_2.38	663	650	533	486	500	842	525	230	465	317
531.4084_2.38	18215	22538	23119	19938	20593	20441	20995	21429	21886	22458
779.564_2.38	4907	3727	6268	8455	6633	7845	10860	10444	7296	9889
88.0757_2.39	161	155	148	157	153	147	154	167	162	162
179.1279_2.39	204	190	111	175	37	111	131	186	214	144
213.16_2.39	275	356	374	362	437	419	368	609	525	645
83.0604_2.4	118	106	102	115	114	99	107	101	102	114
86.0965_2.4	80	78	74	64	81	87	78	86	87	99
133.0862_2.4	262	420	253	209	206	178	236	288	318	245
151.0867_2.4	263	342	272	266	335	326	298	334	409	385
195.123_2.4	253	232	235	258	232	241	208	187	233	243
210.1338_2.4	711	738	355	477	369	641	478	685	675	536
258.17_2.4	287	407	407	301	262	326	297	200	230	284
401.283_2.4	667	841	2239	1562	2248	2234	4072	2792	2175	2113
532.4402_2.4	1266	1229	1196	1255	1606	1372	1128	1252	1250	1124
101.0346_2.41	247	209	209	207	191	221	183	211	200	196
197.0811_2.41	40	89	70	85	125	142	102	81	66	72
198.1492_2.41	420	210	153	137	120	169	98	102	163	168
199.0967_2.41	226	252	290	406	252	369	294	234	246	221
284.1703_2.41	830	1145	1035	1167	1317	1250	1128	690	770	856
663.4539_2.41	5167	5398	5727	4458	5332	5751	4763	5346	5379	6112
88.0757_2.42	122	120	125	113	135	116	120	127	125	136
125.0906_2.42	238070	235727	230301	228068	229102	227137	226790	233665	230603	233064
159.0919_2.42	87	157	145	91	112	146	127	156	153	139
171.1494_2.42	9663	9387	8528	9160	9802	9946	9727	10411	10866	11164
172.189_2.42	58	69	255	188	105	70	116	102	97	62
250.9878_2.42	18493	19856	19556	20680	20698	20973	20448	20817	22546	20997
253.1439_2.42	71	83	100	110	104	93	109	75	101	80
111.0442_2.43	56	88	69	140	78	126	73	75	69	77
124.0873_2.43	2185951	2155672	2132481	2095134	2123627	2133104	2132228	2175597	2169611	2189896
130.0614_2.43	473	537	486	537	561	516	525	513	516	451
131.0818_2.43	101	223	257	249	281	298	224	251	225	218
137.0711_2.43	220	256	281	257	286	295	306	344	254	395
146.9805_2.43	1436	1209	1348	1533	1457	1405	1452	1578	1427	1278
153.0548_2.43	71	291	246	351	333	376	211	186	109	132
153.0772_2.43	2717	2727	2747	2748	2867	2880	2739	2891	2897	2798
155.0704_2.43	177	255	231	548	279	439	277	220	248	273
158.1541_2.43	8236	8277	7841	7692	8246	8190	7669	8826	8703	8659
173.081_2.43	456	832	811	3598	660	2689	877	493	537	960
179.0817_2.43	92	153	142	180	164	168	137	211	174	175
185.1175_2.43	561	681	664	608	634	645	611	612	598	686
193.1226_2.43	54	175	140	134	158	121	156	151	132	148
195.0879_2.43	30366	29548	29744	30127	29436	29883	29189	30240	30284	29499
204.1233_2.43	898	1201	1108	1095	1097	928	1026	920	856	994
244.1194_2.43	1131	1196	1129	1115	1278	1042	1117	1220	1217	1391
245.1384_2.43	906	1807	2165	2384	1451	1462	1516	743	577	1201
254.1963_2.43	1792	1936	1100	1206	2256	2072	1737	1599	1506	1940
303.1734_2.43	192	440	537	504	457	528	732	182	356	270
311.2579_2.43	176	214	179	127	225	203	250	505	144	474
345.2209_2.43	506	559	1022	753	566	923	1114	676	986	700
468.244_2.43	61	226	436	38931	983	44583	1108	464	2058	1202
583.2553_2.43	2531	3089	2265	4139	4722	10375	4370	1326	2596	2298
173.1174_2.44	1102	1041	877	593	896	1051	670	559	688	846
211.0967_2.44	256	482	407	692	426	430	393	332	285	376
217.1072_2.44	11765	11338	9203	40335	10026	34605	11181	9803	11213	12322
224.1494_2.44	2669	2821	1849	2165	1603	2019	1965	2228	2078	1915
235.1177_2.44	5687	7483	4651	24920	3538	17974	4164	3366	3241	4856
237.1485_2.44	130	321	231	276	235	181	190	208	299	261
294.2274_2.44	303	304	243	243	1235	428	483	288	152	237
310.2223_2.44	1107	606	889	914	1302	1564	785	1198	466	770
373.293_2.44	122	242	324	328	393	203	455	181	564	442
692.5304_2.44	930	379	2679	808	2202	1575	601	2326	189	1727
83.0856_2.45	527	460	389	358	379	525	442	347	430	446
94.0652_2.45	115	139	174	140	171	160	159	173	124	153
129.0913_2.45	798	743	541	508	638	859	642	808	811	693
143.1068_2.45	409	452	457	461	660	562	522	517	525	457
151.1483_2.45	919	760	472	486	440	775	456	387	695	430
183.0783_2.45	2487	1987	2204	2534	2222	2020	2177	2509	2789	2476
195.1229_2.45	606	518	563	527	510	506	501	430	431	440
196.0913_2.45	22389	22559	22750	22483	23102	22732	21830	22720	22541	22500
221.1749_2.45	517	688	84	264	131	263	248	631	448	531
222.1702_2.45	1692	1027	856	1222	835	1379	1073	1874	2126	1059
228.1906_2.45	3320	1533	1776	2790	1845	1502	1658	1860	3086	1297
238.1802_2.45	1503	527	673	650	810	1003	1171	1009	849	480
256.2271_2.45	48316	32199	21136	17858	19463	30419	17482	18286	26764	20548
272.2584_2.45	2048	2155	2820	2624	3820	2020	3361	2626	1866	2437
279.2165_2.45	346	473	91	83	520	640	449	357	121	461
286.2377_2.45	1103	1242	1380	1068	1520	1172	1246	1406	1392	1333
286.2739_2.45	1261	1189	1303	1500	2799	1641	1751	1064	1117	844
294.2426_2.45	1593	564	1561	847	2001	2336	2025	2096	1230	471
296.2431_2.45	476	1575	655	534	1101	1249	1034	925	411	595
314.3052_2.45	48	215	911	293	1752	679	619	569	353	365
315.1337_2.45	2956	6002	5014	6159	7328	11647	7680	4965	6070	5986
336.3259_2.45	41070	20125	16798	18169	12988	21375	17602	40011	37099	19165
388.2691_2.45	1459	2659	1735	5012	2428	1986	2566	1746	1361	2623
458.3477_2.45	284	1814	6501	1338	605	843	306	200	69	2644
115.0757_2.46	1332	1316	889	1020	977	1156	1097	1008	1028	971
167.1433_2.46	596	491	306	292	236	313	237	301	519	289
172.1697_2.46	583	1070	334	453	275	333	280	721	546	897
207.1238_2.46	12618	12649	10726	11254	10670	10562	10221	13473	11205	11715
211.1806_2.46	465	144	237	205	230	212	289	336	200	209
214.1803_2.46	235621	167964	132760	132126	143218	261442	158172	139737	201345	132580
224.1495_2.46	1853	1943	783	1041	805	1213	1079	1778	1372	1451
228.1959_2.46	2166513	1466679	1055354	1007151	943712	1558079	1101306	1068449	1667432	1139341
235.154_2.46	1211	1107	497	563	1143	1217	667	969	700	695
244.1907_2.46	692331	356578	299462	409574	247846	424933	379596	495475	664769	491493
252.1806_2.46	8530	10948	4219	4880	6758	7099	5439	7311	7255	8086
258.2427_2.46	17263	16504	17576	18574	13876	15495	18227	15010	18901	15286
273.2536_2.46	97964	77130	61582	57329	50032	74576	54468	50854	72618	51534
280.2118_2.46	1196	1073	341	436	1296	1705	779	809	319	213
284.222_2.46	1370	633	529	674	636	879	695	1992	1197	551
288.2532_2.46	6983	6670	7885	7936	6939	6278	7711	5585	5464	5241
296.2583_2.46	3799	1446	1891	1218	1992	3191	1911	3435	3121	1672
298.2739_2.46	7290	6032	6385	6584	6472	6643	6973	8150	6625	7234
301.285_2.46	3131	2572	1883	1349	1526	2004	1408	1466	2164	1359
302.2689_2.46	2066	2274	2944	2830	3083	2376	2945	2735	2365	2262
324.2895_2.46	10587	8243	10692	12083	10695	9615	11385	12692	10578	12046
326.3051_2.46	22439	22246	27146	29712	28216	28884	37193	32798	27629	32164
328.3208_2.46	5081	5495	8472	8125	14316	11923	11642	9265	9022	9447
334.3103_2.46	2245	873	396	705	535	762	837	2001	1551	782
335.2214_2.46	2461	3218	2515	6771	3247	2650	3246	2441	2511	2842
340.3208_2.46	557	2291	432	1495	1426	1128	570	2373	868	1509
348.2895_2.46	3258	2686	2996	3681	3284	2935	4293	4951	4520	3617
354.3365_2.46	2756	1478	1431	1474	1651	1434	1870	2922	2507	1746
455.3843_2.46	7271	4160	1950	3829	2650	6233	4275	1774	5599	3339
466.4103_2.46	2292	475	5179	3523	1718	7576	1472	775	4113	3205
483.4158_2.46	41773	27352	8157	23066	16710	36151	22811	21848	46464	31031
537.5359_2.46	21991	28801	17292	21213	13486	16183	15774	25354	21757	25426
89.0597_2.47	102	111	96	64	26	60	67	68	52	38
131.1069_2.47	2666	2382	1259	1969	1190	1496	1649	2445	2380	2212
191.128_2.47	4448	5217	2694	2934	2334	2631	3404	4037	4673	3100
200.1648_2.47	122215	66300	55372	48064	54378	85645	54817	53639	56853	45094
207.1593_2.47	70153	71179	41550	51541	31459	41145	50923	68148	69237	59608
225.1965_2.47	318	205	222	319	154	143	321	496	542	631
242.1752_2.47	7061	3054	2857	3768	2156	4067	3187	5622	6655	3055
243.2068_2.47	19952	10417	5818	15034	5916	17172	11415	18264	27170	18086
265.1646_2.47	6930	7462	2655	3473	9177	10874	5383	5887	3207	5037
301.1181_2.47	667	1352	1591	1836	3022	4042	2923	2132	1796	1480
382.2951_2.47	2353	1060	1956	1360	1656	2034	1921	2886	2397	1314
438.3789_2.47	64475	18963	169565	39002	69488	39052	34293	16795	66270	64530
439.3888_2.47	6994	5537	3058	2761	1920	4093	1610	2219	7896	9495
452.3946_2.47	10986	3059	9667	8104	6037	13686	4737	4016	11896	16882
453.3687_2.47	14776	4654	5556	6762	4009	8672	9697	5529	10295	6691
126.0666_2.48	141	219	176	229	249	208	235	196	149	139
171.1857_2.48	1965	2184	3284	3459	2038	1933	1856	1713	1641	1599
212.1648_2.48	108208	59895	54831	61972	49112	82509	69493	58065	75818	62018
218.1541_2.48	7051	7756	7116	7002	6764	7055	8089	8073	8101	7984
230.1751_2.48	75680	44195	36372	47906	24844	43044	40313	39892	64858	52889
279.0932_2.48	17098	16835	10816	13346	7457	7425	7645	6331	5487	10888
312.2167_2.48	271	278	2561	185	411	233	154	157	93	61
343.1878_2.48	869	1005	1005	4159	357	1093	608	72	75	305
177.0397_2.49	134	112	207	290	485	330	675	689	281	344
183.1495_2.49	1974	1640	911	969	1557	1941	1328	1488	602	694
195.123_2.49	1611	1430	1336	1485	1547	1608	1448	1463	1525	1578
201.2328_2.49	8429	8412	8077	8016	7986	7183	7390	8552	8428	8593
224.9891_2.49	135	166	233	149	147	135	148	88	99	47
230.1402_2.49	1878	1795	1828	1909	1745	1904	1806	1854	1686	1751
324.238_2.49	735	277	340	332	675	936	647	710	331	132
80.0496_2.5	2327	2206	2222	2095	2292	2033	2113	2375	2199	2272
88.0757_2.5	155	134	134	142	143	128	140	172	151	147
143.1068_2.5	1776	1777	1660	1664	1691	1762	1732	1447	1672	1684
151.1231_2.5	6929	6539	6337	5891	6113	6053	5797	6495	6214	6085
169.0861_2.5	542	636	576	736	637	665	664	571	608	639
183.1018_2.5	2029	2828	2902	3808	3042	3413	3619	2681	2568	2942
187.0967_2.5	325	302	256	320	346	389	293	337	372	337
210.1491_2.5	1198	551	997	582	790	1195	947	1069	836	444
212.092_2.5	619	790	794	876	1007	1641	1000	617	700	483
213.0891_2.5	426	869	161	333	503	507	273	515	434	686
217.1436_2.5	561	512	162	231	566	778	394	410	308	331
228.1597_2.5	8028	4699	6481	4356	4579	6424	6041	6049	4874	4222
244.2271_2.5	5296	4737	6165	5711	7642	4927	5460	3151	4052	3168
271.1665_2.5	470	498	464	500	473	540	483	540	515	509
333.1443_2.5	667	1461	1503	1674	2459	3804	2546	1659	2035	1584
424.3632_2.5	101403	24508	269554	44083	98702	48412	44370	15214	84623	90359
439.3531_2.5	1689	733	837	1149	370	1163	1432	728	1503	1307
531.408_2.5	1891	1919	1807	1920	2078	1921	2477	2595	2403	2119
149.0711_2.51	78	93	131	119	162	104	145	122	77	180
186.1491_2.51	22256	14065	10814	10371	12312	23541	11765	10949	12830	9737
197.1175_2.51	374	598	585	835	759	737	914	539	704	827
224.1495_2.51	2302	1968	1379	1400	1335	1694	1673	2148	1927	1802
244.1193_2.51	1133	1022	1148	1296	1492	1317	1542	1402	1442	1428
245.1146_2.51	602	628	742	777	646	661	653	916	634	542
248.1856_2.51	387	275	297	236	225	622	286	148	285	193
286.2376_2.51	3077	2154	2425	2086	2265	2299	2653	2718	2596	2489
83.0856_2.52	91	56	23	32	34	76	29	23	50	30
108.0809_2.52	361	413	397	393	391	349	345	368	336	324
128.1073_2.52	294	236	173	176	202	249	208	165	203	190
145.0973_2.52	109	58	95	62	84	76	78	94	67	86
194.0926_2.52	10	80	47	71	46	65	20	56	37	15
208.1083_2.52	2895	2692	2753	2515	2615	2606	2395	2588	2582	2826
231.1592_2.52	582	942	622	651	798	951	857	754	754	938
324.2013_2.52	83	189	228	3365	384	1497	314	201	166	385
86.0965_2.53	63	69	53	55	73	80	73	73	82	89
88.0757_2.53	211	208	204	195	220	203	195	209	229	215
131.0705_2.53	88	139	82	127	102	138	134	125	91	112
137.1075_2.53	3306	3446	3205	3220	3373	2925	2880	3378	3194	3440
153.1024_2.53	160	191	191	171	185	174	181	192	240	190
167.0931_2.53	100	98	68	79	82	65	88	74	78	56
176.1284_2.53	5422	3547	1426	1126	2118	3086	1258	674	862	1660
198.1492_2.53	72493	32693	31952	34264	21217	43299	29924	28875	47653	35015
261.2173_2.53	9236	4885	4626	4520	2066	4170	2643	3465	5150	3573
302.2689_2.53	9579	8624	9600	9527	8872	9103	9266	8876	9846	8514
314.2689_2.53	1190	725	700	500	747	936	713	725	802	677
407.3367_2.53	2003	224	5920	656	1749	489	810	63	1560	1970
155.1181_2.54	966	1130	1164	844	881	872	1177	911	884	788
174.1127_2.54	396	455	488	492	360	389	345	203	227	282
182.9621_2.54	716	750	816	824	774	752	765	678	759	740
193.1226_2.54	591	939	837	943	826	754	900	819	611	965
228.0868_2.54	4185	5141	5602	6479	9037	13062	9829	6061	6492	5746
242.1752_2.54	13547	6007	7197	6178	4716	8678	8879	8909	8385	6591
266.1962_2.54	6763	6631	3009	3351	6942	7651	4967	5084	3382	4513
294.2427_2.54	1032	291	684	494	635	1180	817	710	607	336
564.5352_2.54	2298	3184	3946	2599	5127	4115	3543	4156	5183	4101
117.0913_2.55	2920	3993	2306	2391	2215	2266	2679	3128	2995	2831
169.1337_2.55	2029	1577	1805	1270	1200	2218	2009	999	1028	1010
170.129_2.55	1292	1355	1357	1398	1363	1426	1330	1397	1327	1238
174.1377_2.55	482	435	248	175	233	467	207	232	229	201
178.1076_2.55	13962	24103	11977	11818	11767	10417	14919	16936	18969	20302
193.1073_2.55	2044	2331	1012	1404	800	1605	1446	2205	2006	1789
210.1338_2.55	9133	10736	6836	7947	6677	8270	8566	9752	9417	9473
215.1279_2.55	245	257	310	268	238	252	289	229	294	278
238.165_2.55	9738	8421	3477	4674	6530	7740	5162	8094	6211	6566
239.1643_2.55	487	302	402	387	248	384	433	345	425	309
253.2162_2.55	95	158	151	156	129	147	160	114	108	131
254.1963_2.55	2090	1989	844	1004	2135	2603	1402	1337	952	1566
272.2222_2.55	1417	654	536	803	529	826	666	1088	1396	1058
300.2898_2.55	271	245	397	422	642	473	683	392	416	463
647.459_2.55	3475	3280	3702	3739	3854	3260	3557	4004	3251	3937
147.117_2.56	788	424	401	392	373	489	358	364	466	382
155.0817_2.56	6235	6303	5940	5875	5929	5418	5452	6887	6356	6454
192.1386_2.56	180	169	167	177	171	188	245	212	241	207
195.1019_2.56	91	155	118	166	135	104	104	78	81	131
198.124_2.56	4898	4621	5072	4572	4604	4990	4960	4456	4489	4137
204.1385_2.56	938	1017	745	717	837	835	907	923	1045	1270
207.1382_2.56	2374	2279	1731	1686	1799	1829	1816	1609	1870	1855
269.1752_2.56	31	122	168	194	85	110	199	96	194	227
296.1702_2.56	503	461	468	5233	930	2630	534	674	396	527
422.3477_2.56	6703	555	36281	1863	9394	2143	2555	551	6052	4446
84.0809_2.57	114	111	110	102	118	88	121	143	116	142
135.1017_2.57	636	514	504	551	367	269	325	474	382	394
158.0814_2.57	3353	3451	3682	3594	3796	3727	3871	3859	3821	3924
165.0912_2.57	1117	1083	1075	1229	1310	1375	1393	1460	1255	1473
194.139_2.57	8862	7593	4694	5458	6050	7298	5868	7036	5987	5388
203.0916_2.57	242	511	548	889	655	464	837	436	400	515
213.1488_2.57	5482	4328	4680	4399	4290	5384	4867	3927	4432	3696
233.1537_2.57	223	616	324	776	573	286	660	562	379	401
249.1697_2.57	1499	1422	618	762	1849	2041	1053	1207	803	945
303.1736_2.57	3103	3377	3601	3404	3239	3902	5061	2387	3561	2804
333.1446_2.57	256	399	434	442	733	907	643	422	586	620
344.3158_2.57	2586	1685	3754	1342	3104	1436	1349	614	1088	1126
368.0822_2.57	35074	23871	42869	56088	85701	70022	105293	85809	62228	68988
396.3318_2.57	815	776	1316	1721	1367	2417	1027	252	348	728
502.3741_2.57	1023	9541	22925	4392	2650	5496	650	858	140	8423
146.9805_2.58	9295	7681	8610	9964	10288	9300	10418	11785	9715	9887
149.0963_2.58	308	300	307	431	342	270	377	341	334	274
160.1334_2.58	389	290	216	211	222	446	249	226	347	243
182.962_2.58	357	376	370	358	395	380	377	412	453	437
195.123_2.58	469	462	451	455	475	478	385	391	323	468
210.0763_2.58	235	273	198	179	308	470	360	267	259	285
267.1592_2.58	306	371	407	521	433	345	355	419	321	344
94.0652_2.59	2131	2204	2076	2116	2112	1926	2052	2213	2064	2215
172.1334_2.59	401010	276833	207684	105823	197867	562715	146524	77300	126878	136703
241.082_2.59	300	323	373	602	625	878	532	787	272	381
261.1332_2.59	139	206	398	8761	536	4718	428	208	561	692
272.222_2.59	758	414	341	339	253	403	244	372	454	316
284.1703_2.59	6329	4199	4136	4228	7630	8133	4725	5047	3102	3115
305.1529_2.59	244	290	494	549	380	782	902	288	525	242
312.238_2.59	2721	946	893	1296	4777	5068	2290	3249	1153	924
316.2845_2.59	1010	776	3073	949	7118	858	867	395	544	400
361.1392_2.59	6121	9656	7237	11999	15090	31500	13965	7346	9146	7584
531.4085_2.59	5670	5248	5547	4666	5047	5043	4821	5239	5421	5006
663.454_2.59	7318	5750	6841	6368	7520	8797	7653	6813	9766	6892
165.1276_2.6	1496	870	797	714	704	974	780	671	801	617
180.0691_2.6	45	61	136	9	28	57	9	229	45	134
184.1335_2.6	18893	12075	11855	9927	6157	13081	7796	6759	10293	9686
192.1385_2.6	375	275	286	269	262	253	240	247	271	288
215.1279_2.6	282	200	167	177	144	154	140	163	194	191
223.1656_2.6	2260	1970	1069	912	1046	1155	1209	1793	1550	1357
240.1443_2.6	5485	4616	3277	3778	5019	5091	3608	3567	3007	4819
245.9827_2.6	626	427	544	531	386	633	495	232	472	414
253.1436_2.6	6694	6701	7031	7094	6797	6258	7074	6727	6503	6861
271.1665_2.6	2303	2171	2201	2112	2387	2306	2333	2327	2371	2290
286.1649_2.6	966	1297	1347	1419	965	664	758	385	582	524
502.3169_2.6	328	360	631	796	296	309	297	318	1820	209
564.5353_2.6	4143	4866	5025	3436	7589	5806	5825	6806	12311	6311
88.0757_2.61	181	147	136	141	154	160	134	160	139	141
113.0599_2.61	2168	2180	2028	2192	2498	2179	2447	2146	2153	2276
127.1121_2.61	2203	1814	1577	1203	1525	2417	1351	1242	1491	1682
135.1017_2.61	361	272	251	264	163	105	171	241	176	173
169.0861_2.61	2096	2294	2035	2228	2226	2043	2165	2143	2109	2290
174.138_2.61	220	214	116	43	114	184	57	55	74	67
177.1123_2.61	7576	7425	2730	3946	4441	4861	4027	6854	5095	4730
248.1857_2.61	2424	1953	1464	1503	1686	3412	1672	1057	1733	1254
252.0867_2.61	1361	6758	5792	2786	2483	7462	2917	3761	1098	2476
254.1599_2.61	5968	5919	3032	3558	6788	7068	4438	4903	3504	5282
258.17_2.61	1360	702	841	694	342	664	602	807	681	641
282.0819_2.61	14308	10700	19442	25793	33534	40101	57959	24391	34205	33058
296.2065_2.61	390	187	117	164	515	543	148	278	78	134
310.1131_2.61	4094	3524	7160	9545	11243	12047	18231	7361	10578	9893
366.1755_2.61	17	41	10	1546	47	923	111	21	80	191
138.0551_2.62	829	847	874	844	977	921	931	913	812	910
171.1494_2.62	41772	40770	37931	38831	42983	43318	42750	45267	46883	48789
174.1379_2.62	256	231	128	131	146	183	154	105	157	167
199.0967_2.62	563	862	812	1135	1078	1304	1010	842	819	914
251.149_2.62	18016	18363	5242	7335	26200	28128	12885	14775	7707	13286
413.3195_2.62	1684	2925	2948	2714	2938	4686	4624	3856	2904	2687
86.0964_2.63	72	64	63	56	73	70	72	83	85	78
112.0508_2.63	682	667	633	669	691	655	656	681	651	682
158.1542_2.63	274	283	288	238	321	210	281	368	266	288
176.0555_2.63	119	108	108	165	135	104	152	142	127	131
196.1335_2.63	1078	587	695	597	706	844	763	633	449	422
207.1019_2.63	144	764	315	1021	549	484	712	530	528	561
111.0443_2.64	295	295	301	424	294	321	302	311	277	288
128.0709_2.64	2724	2838	2619	2587	2805	2633	2755	2977	2768	2935
131.0705_2.64	637	576	555	533	558	588	556	507	528	507
159.1018_2.64	2612	2436	1943	2010	2195	2405	1992	2259	2039	2167
182.9621_2.64	1011	896	1043	943	1082	1006	1042	1005	923	939
194.1177_2.64	93	82	89	97	113	120	149	136	99	97
210.0764_2.64	40	67	71	69	139	160	136	121	115	163
230.2116_2.64	4424	1799	6236	2901	7492	5263	4843	3981	2186	2308
252.1824_2.64	12	9	11	9	9	6	9	7	10	12
314.2689_2.64	493	456	418	374	600	603	588	724	568	577
319.2267_2.64	1297	582	784	1427	1148	1093	1097	896	906	825
531.4085_2.64	7332	7099	7114	7424	7953	7841	7744	7584	8035	7329
130.0614_2.65	2298	2441	2331	2270	2431	2280	2335	2532	2332	2414
160.0606_2.65	93	47	350	474	41	42	65	25	107	44
167.0705_2.65	832	1349	1244	1656	1245	1207	1427	1173	1230	1246
168.1232_2.65	234	228	254	281	154	96	273	237	216	231
178.0865_2.65	1564	1601	1475	1603	1746	1558	1739	1563	1641	1777
198.0764_2.65	397	368	423	498	641	1104	666	320	353	272
245.9828_2.65	462	466	497	481	447	503	485	338	482	423
248.1858_2.65	713	655	506	438	441	812	465	331	571	387
272.1339_2.65	204	152	186	189	181	68	150	133	56	85
439.3531_2.65	2640	1052	1390	1547	815	931	1389	972	2531	706
453.3688_2.65	33930	11253	12292	13281	6987	14534	15273	16907	32438	13558
564.5352_2.65	1539	1759	2855	1946	3444	2264	2804	2824	3625	2800
565.367_2.65	6526	7630	6603	13352	8989	12148	16250	8463	8440	9603
185.1175_2.66	2994	3083	2895	2800	2390	3137	2623	2447	2596	2672
261.1267_2.66	120	948	496	2827	459	182	1214	419	202	303
283.1903_2.66	1845	2144	6171	1868	2201	1267	1576	1276	1373	1726
346.2738_2.66	564	653	563	420	666	569	764	713	834	598
88.0757_2.67	100	106	116	120	127	110	131	136	139	136
153.066_2.67	1293	1487	1366	1380	1594	1550	1607	1645	1674	1740
186.1491_2.67	27721	23507	11532	12331	19627	27634	16582	20431	12042	14465
194.1177_2.67	73	89	137	128	140	115	121	124	134	133
212.092_2.67	183	217	171	244	327	564	282	224	276	280
217.1436_2.67	1774	1696	726	780	2129	2620	1211	1306	856	1251
218.1038_2.67	2951	3451	2953	3733	3417	3235	3370	3408	3389	3087
245.9826_2.67	569	653	754	819	633	768	791	473	763	576
272.2584_2.67	4218	4437	4308	4532	4658	4274	4763	4789	4786	4833
301.2161_2.67	599	261	461	866	612	664	663	550	481	442
337.2372_2.67	13174	6365	8604	13334	12780	10574	12525	10058	9635	9979
543.3835_2.67	7382	12125	10039	9516	11406	15208	15585	13722	9933	12170
106.0864_2.68	484	426	506	562	440	410	354	279	366	331
174.1127_2.68	1284	1112	1311	1071	549	952	597	449	511	634
174.1378_2.68	355	431	199	208	208	282	183	222	257	262
215.1279_2.68	481	579	560	540	628	548	658	560	577	558
241.0821_2.68	92	124	105	207	121	321	190	197	95	122
273.1686_2.68	1778	1959	2112	2186	1882	1721	1863	1633	1901	1919
288.2532_2.68	173796	146208	180404	183596	143280	136356	122531	75261	116633	85362
545.3991_2.68	5322	10287	11922	7685	8436	11019	9362	10315	6107	11201
663.454_2.68	14266	15087	15534	13944	15944	15201	16280	16588	18265	17114
173.1651_2.69	291	676	243	216	155	219	265	296	419	350
180.1021_2.69	134	124	156	135	155	132	126	117	160	120
201.2329_2.69	442	489	416	461	439	398	382	430	445	473
258.17_2.69	905	594	742	611	341	600	486	585	567	527
272.134_2.69	430	317	433	468	620	464	466	497	52	570
326.2172_2.69	13965	2803	3387	5103	14105	18012	5508	13077	2385	1428
88.0757_2.7	122	119	118	90	114	113	109	125	127	115
149.0711_2.7	677	868	791	834	933	827	907	941	852	884
201.1124_2.7	1305	1329	1455	1390	1461	1407	1556	1319	1270	1346
258.2428_2.7	275	247	241	216	188	235	242	216	222	188
267.1955_2.7	1019	767	752	788	970	713	812	940	731	603
159.113_2.71	401	395	392	415	382	393	429	464	435	449
182.1542_2.71	2007	850	2776	1464	1597	1936	2871	1228	897	493
187.1444_2.71	982	624	898	643	658	2896	1234	489	718	321
190.1076_2.71	1964	2342	1944	2729	2176	2099	2614	2499	2271	2381
216.196_2.71	89763	64628	65333	54271	56581	102502	66305	52766	72664	47080
237.1486_2.71	1043	1314	3028	824	935	869	894	670	886	841
254.1963_2.71	5493	5642	2488	2620	6370	6726	3676	3695	3232	4487
266.1023_2.71	1005	4707	2445	2764	2196	4487	2103	2853	908	1813
517.3675_2.71	6615	10306	9899	8556	9638	12473	12388	12332	10044	10690
173.165_2.72	164	587	154	137	125	132	188	279	286	400
212.1284_2.72	132	176	181	169	158	150	132	110	149	123
310.2223_2.72	10957	3923	3927	5215	13367	16330	5674	11022	2680	2321
353.2321_2.72	8041	7124	5907	11242	6972	5773	7284	4422	5762	5815
439.3531_2.72	1257	608	570	649	404	527	535	471	1040	504
564.5352_2.72	526	672	772	559	676	590	791	968	995	900
88.0757_2.73	196	181	205	179	179	195	179	182	185	193
127.0505_2.73	1459	1899	1960	1792	2573	2567	2269	2446	1447	1957
158.1177_2.73	21557	18504	13444	11011	15105	33316	12360	9935	11385	11941
170.1177_2.73	275355	141365	155683	63989	54641	185123	45433	48463	73148	81421
172.097_2.73	1772	1921	1818	1809	1835	1758	1834	1761	1819	1882
180.1232_2.73	8046	7494	4363	5229	5448	6502	5519	7514	5933	5161
182.1178_2.73	1273	1347	1207	1127	1099	1130	1280	1141	1041	1156
195.123_2.73	1770	1574	1500	1559	1541	1533	1424	1408	1419	1593
199.0967_2.73	715	1062	861	1269	1017	1338	1006	688	788	953
232.1182_2.73	22528	23074	22728	23720	25096	37455	28822	26130	25893	24361
258.1701_2.73	966	627	711	660	297	593	539	718	583	600
279.1591_2.73	341	346	319	379	365	330	360	415	418	451
368.2275_2.73	199	251	201	14660	667	11513	488	492	582	464
120.0448_2.74	58	62	60	76	68	74	88	44	50	52
142.1228_2.74	14624	10031	9239	6139	6025	13371	5650	4939	7935	6740
175.1331_2.74	310	315	172	135	185	191	160	200	184	168
192.0882_2.74	1085	1358	905	1611	1185	1106	1101	1166	1049	1455
238.1667_2.74	9	9	7	4	12	11	13	15	9	9
261.1267_2.74	55	770	372	1948	147	149	679	269	253	483
296.243_2.74	3666	4971	3211	2980	3770	3905	3653	3974	3591	4097
301.2372_2.74	4972	4263	5201	4791	5196	4600	4998	4686	4543	3992
369.3515_2.74	2798	2872	3956	2893	4326	3655	5437	4326	4518	4122
192.1386_2.75	1057	1003	1294	1213	1211	1116	1208	1199	1280	1280
204.1233_2.75	5162	6664	5266	5703	5781	5460	5832	5242	5673	5664
209.0923_2.75	73	119	97	140	169	118	161	157	113	98
255.1596_2.75	30	60	93	66	34	50	68	31	63	35
268.2118_2.75	18236	19041	10363	10453	18290	20548	14436	14904	13062	15369
299.2328_2.75	15992	7025	4398	7399	3939	10547	5693	4887	10976	7038
305.1529_2.75	6804	10391	10038	13914	10043	15515	20469	8106	20294	13308
199.108_2.76	268	390	400	438	400	225	441	576	540	461
210.1104_2.76	6376	3664	3209	1275	940	3113	799	1093	1788	2236
216.1233_2.76	163	319	248	228	284	244	225	169	208	195
237.1334_2.76	10332	10084	3574	4599	12976	13819	6858	6795	4674	7052
240.1806_2.76	3628	4274	2025	1795	2491	2761	2592	2401	3023	3191
471.3795_2.76	110739	60281	24681	16335	12463	13548	8578	13621	18133	21867
131.0706_2.77	388	353	246	296	294	329	291	305	284	287
149.0963_2.77	981	1264	1017	1347	980	916	1115	998	986	1149
182.962_2.77	638	629	624	517	550	549	604	517	604	590
190.0978_2.77	2013	2267	2310	2368	2296	2080	2321	2168	2030	2056
210.1491_2.77	1211	668	657	535	728	1032	714	530	564	619
180.0657_2.78	276	393	281	426	686	803	529	294	408	318
183.1018_2.78	4077	4936	4730	4586	5030	5473	5324	4367	4400	4706
185.0923_2.78	161	159	139	134	147	127	156	157	164	169
197.1175_2.78	3353	4081	3827	3871	3924	3949	4006	3710	3846	4215
198.0764_2.78	1975	2624	2214	2923	3660	6330	3800	2210	2776	2304
224.1494_2.78	15488	14808	6612	8769	6731	8384	8570	12202	10086	8782
230.1025_2.78	923	1182	902	1307	1161	2110	1526	1299	970	1144
234.1337_2.78	2860	13916	4927	3496	3346	4189	3057	3972	2296	3932
242.066_2.78	4192	5346	3571	4925	4510	12333	3177	6121	1385	5366
242.0999_2.78	824	1362	1347	1052	1683	1412	1537	551	634	655
251.1853_2.78	158664	210539	111359	90603	124959	147883	133512	118353	117158	133186
302.2325_2.78	646	601	951	839	452	517	525	264	440	263
302.2689_2.78	961	1005	873	834	1028	924	950	961	1076	1118
510.437_2.78	2064	493	5396	2981	1270	7678	1379	795	4403	3498
83.0605_2.79	64	76	73	63	67	61	65	59	64	75
144.1021_2.79	857	935	829	782	725	1000	774	747	852	764
161.1174_2.79	1247	1276	497	618	1380	1422	769	866	601	828
167.0829_2.79	137	152	124	116	163	112	170	178	153	170
369.3515_2.79	1772	1986	2588	1917	3512	3102	4013	3181	3519	3488
202.1805_2.8	6526	3065	4062	3650	4142	5501	4694	4445	3901	3116
203.1281_2.8	11297	7608	2372	3454	15300	17619	5153	7098	3463	5489
238.1668_2.8	51	56	18	31	39	41	39	27	30	19
240.1443_2.8	5100	4004	3553	3749	4251	4085	3482	3197	3227	4793
267.0975_2.8	14564	22013	15535	21172	17675	22572	18751	13476	16107	15287
99.0441_2.81	1179	1290	1157	1185	1300	1260	1288	1069	1079	1127
113.0348_2.81	20363	20873	21456	26067	30285	30107	27101	21869	19621	22655
115.0393_2.81	85	102	76	103	97	140	91	91	60	83
154.1228_2.81	232	208	226	212	226	210	213	192	194	201
167.0705_2.81	43	71	44	84	47	68	62	58	44	58
189.0872_2.81	414	484	692	780	441	351	580	666	632	725
216.1233_2.81	96	233	104	150	188	193	160	135	159	156
239.1645_2.81	2623	2244	2028	1986	1356	1829	1887	1957	1919	1877
439.3532_2.81	777	338	361	572	434	632	391	246	584	502
482.4054_2.81	68042	16450	255035	45245	111059	51800	48191	21042	96038	88964
496.4212_2.81	10842	2513	9777	7259	5685	19093	4852	2929	13443	19952
101.0598_2.82	3617	3332	1386	1938	2964	3399	2159	3078	2267	2188
163.0966_2.82	5941	5931	1996	3219	3248	4250	3367	5670	4437	3543
171.0766_2.82	4113	4551	4347	4668	4470	4988	5128	3979	4294	4778
182.962_2.82	611	615	626	593	614	613	533	553	524	557
654.3325_2.82	1997	2222	1743	2384	1821	1826	1945	1779	2038	2035
108.0809_2.83	910	833	873	913	863	771	862	853	817	926
141.1024_2.83	495	570	534	495	515	447	483	465	470	527
239.149_2.83	3327	3046	2993	3215	4190	3660	3326	3205	3196	3258
245.1145_2.83	1806	1869	1899	2085	1746	1798	1827	1766	1778	1887
323.1698_2.83	711	1044	885	113649	2424	108572	2199	1622	5800	3288
88.0757_2.84	211	220	197	211	241	229	206	254	227	255
186.1491_2.84	327	244	199	176	231	309	199	226	192	209
225.1495_2.84	67	108	50	82	53	50	55	55	70	51
273.1686_2.84	1337	1530	1842	1999	1559	1678	1856	1742	2025	2002
369.3513_2.84	718	831	916	818	1055	892	1414	1136	1058	951
468.3896_2.84	138040	34496	433286	61590	168967	79469	71249	21833	132703	136684
86.0965_2.85	60	52	48	48	66	63	66	79	77	172
103.0754_2.85	280	316	154	171	365	392	230	295	298	258
187.0967_2.85	5354	5718	5123	5415	5724	5953	5999	5663	5714	6357
208.1083_2.85	5195	5592	5266	5409	5534	5323	5253	5243	5042	5140
216.1232_2.85	158	220	183	192	271	188	186	168	158	174
232.1909_2.85	665	383	336	369	268	385	235	217	388	234
247.1078_2.85	158	985	1024	268	234	276	187	164	257	155
267.159_2.85	191	301	250	321	229	302	255	329	249	301
271.1665_2.85	5744	5269	5451	5199	5668	5626	5776	5705	5879	5523
146.0813_2.86	802	824	799	826	899	849	869	989	961	1023
167.0817_2.86	4930	5181	4887	4811	5389	5128	5353	5855	5629	5904
213.1488_2.86	7054	5834	5249	4690	4912	8439	5899	4331	6224	4413
244.1193_2.86	4950	4909	4838	4905	5123	5365	5344	5296	5380	5426
532.4401_2.86	1182	1131	1232	1252	1099	1237	1371	1663	1470	1337
88.0757_2.87	117	125	113	117	146	130	135	144	131	130
195.1382_2.87	344	289	209	222	243	440	280	185	312	164
221.1384_2.87	10459	7250	2384	3444	15278	18168	5348	6205	3175	4791
258.1699_2.87	4014	2708	3139	2474	1225	1977	1846	2803	1738	2355
531.4083_2.87	3183	3476	3559	3399	3696	3919	4110	4056	3944	3699
145.0861_2.88	1925	1391	399	659	1753	1925	882	1453	752	815
152.1265_2.88	1439	1373	1281	1273	1307	1490	1284	1334	1272	1255
173.0559_2.88	705	852	827	788	841	860	933	860	906	1041
193.1437_2.88	107679	133438	81386	85284	77478	84455	93389	103928	107399	100213
209.0923_2.88	287	412	472	325	502	363	464	484	456	424
211.0967_2.88	1809	2032	1868	2144	2224	3086	2383	1826	1864	2076
215.1279_2.88	204	222	234	181	230	231	225	329	335	356
230.1024_2.88	164	214	195	198	208	403	242	299	209	224
240.1806_2.88	1423	1688	919	738	1146	1312	1141	1087	1302	1538
242.1752_2.88	959	640	700	656	486	799	659	695	680	554
255.1593_2.88	87	121	339	102	64	76	54	73	43	107
663.4539_2.88	15961	15431	15746	15458	16139	16835	17039	17779	17078	17522
190.0711_2.89	1539	1790	2022	1948	2142	2829	3092	2258	2156	2343
312.2016_2.89	13877	3102	3827	5246	15742	20240	5914	13926	2500	1855
532.44_2.89	1196	1124	1776	1199	1806	1535	1538	1526	1503	1541
117.0549_2.9	330	440	319	430	391	352	361	412	310	372
137.1075_2.9	9374	9286	9122	9266	9425	8914	8886	9188	9111	8907
155.118_2.9	129	144	133	147	156	157	130	157	156	164
168.0657_2.9	56	80	69	111	111	94	102	85	84	154
288.2533_2.9	761	687	904	840	636	792	692	547	680	622
127.095_2.91	823	754	787	777	817	729	760	729	767	711
182.9621_2.91	283	359	276	264	305	279	272	294	231	278
195.1381_2.91	283	272	147	182	154	267	164	112	209	113
198.0876_2.91	677	843	825	948	755	860	762	628	635	922
247.1077_2.91	72	386	265	103	63	106	57	58	58	76
532.4402_2.91	1135	957	759	954	880	890	838	1011	887	1182
193.1226_2.92	3091	3643	2983	3790	3136	3291	3236	3259	3193	3287
195.1019_2.92	126	115	138	125	109	64	83	80	89	68
195.123_2.92	4307	4464	4207	4299	4408	4450	4437	3827	3941	3982
218.1027_2.93	1169	1245	1179	1428	1314	1954	1719	1473	1210	1249
226.1287_2.93	2353	2572	2287	2866	2301	2525	2561	1936	1779	2441
338.3416_2.93	2532	1535	1113	1266	1350	1502	2092	1544	1671	1032
369.3511_2.93	2617	2794	3713	2738	4677	3983	5616	3972	4012	4590
384.2953_2.93	1766	368	887	657	1103	2072	1184	669	284	172
531.4084_2.93	9134	8289	8714	8208	8772	8713	9354	8890	8609	8633
158.1541_2.94	2216	2098	1975	2045	2202	2121	2248	2060	2095	2108
188.1648_2.94	345	168	246	179	162	254	204	154	179	109
190.0712_2.94	739	683	666	673	970	1075	1626	877	828	1076
224.1494_2.94	3062	2929	1969	2100	2092	2459	1973	2418	1961	2126
255.1593_2.94	298	126	459	284	116	204	191	175	117	236
279.0933_2.94	539	571	496	541	627	636	675	632	709	544
453.3689_2.95	799	328	405	652	397	483	387	421	822	497
169.1225_2.96	798	840	691	647	758	889	830	784	819	884
230.1025_2.96	131	152	123	189	154	265	176	225	150	175
648.629_2.96	32443	18012	28158	25455	25274	25203	37248	33999	25202	30605
88.0757_2.97	186	197	197	182	200	207	228	218	228	219
128.1073_2.97	206	218	220	192	173	189	158	154	194	209
155.1181_2.97	80	67	53	46	59	61	65	70	55	46
167.1181_2.97	1432	2374	1844	2033	1288	1397	2113	1681	1843	1868
168.1133_2.97	2725	2745	2829	2678	2708	2690	2777	2730	2826	2635
248.1857_2.97	33314	29437	21230	20999	21967	46290	24082	15173	31518	19043
254.1962_2.97	3392	3272	1075	1370	4126	4320	2155	2126	1587	2660
296.2066_2.97	3594	1042	847	1406	5397	6375	1551	3391	654	553
309.227_2.97	41078	18889	23359	22837	35626	49311	29320	35328	14617	13857
120.0659_2.98	1540	1748	1533	1581	1649	1575	1645	1593	1614	1714
142.0864_2.98	887	920	1104	906	479	640	560	382	496	618
190.0712_2.98	356	379	310	313	340	418	484	339	342	472
207.1243_2.98	26338	26275	24485	23889	26549	25270	23692	26031	25535	25160
250.9879_2.98	884	1089	963	1033	1032	1130	881	1009	1017	1110
279.0933_2.98	889	922	896	841	770	909	935	853	975	902
325.2484_2.98	5231	2797	3295	1999	4286	11987	3113	2229	1862	2553
466.374_2.98	8659	348	52319	2438	13727	2297	3325	711	7617	6033
193.1589_2.99	233	155	95	134	89	86	116	125	173	115
369.3512_2.99	1198	1683	1700	1138	1901	1651	2058	1650	1591	1702
546.4006_2.99	1611	17179	42758	6416	3590	8890	774	1056	31	15511
215.128_3	335	301	262	344	368	380	308	340	406	437
259.1893_3	743	558	627	625	453	669	656	530	589	499
284.1703_3	4995	2194	2449	2718	4713	5012	2129	2301	1443	1504
158.1541_3.01	961	1029	935	978	1077	1081	1092	1059	1090	1132
182.1389_3.01	446	794	421	646	150	388	715	872	886	407
338.3416_3.01	4489	2752	2340	2365	2604	2892	3107	3794	3789	3107
440.3582_3.01	4645	2449	4375	4300	4143	5619	2286	1367	2266	2228
531.4083_3.01	5411	5432	5405	5453	5270	5698	5839	4912	4848	5357
796.6658_3.01	20691	16060	26244	17971	19728	20875	36101	27692	27345	23313
88.0757_3.02	223	230	208	212	231	225	241	265	247	234
212.1648_3.02	47331	43953	37063	34596	44828	97010	47467	28307	51473	32614
169.0861_3.03	2100	2118	2066	2200	2428	2335	2353	2349	2192	2450
198.1492_3.03	2365	1713	1449	1424	1555	1675	1939	1589	1810	1511
224.9887_3.03	382	540	477	594	518	526	424	470	606	463
792.6708_3.03	184352	120953	169790	155013	147634	157197	219942	200677	158185	183892
90.0539_3.04	20	55	44	37	16	40	26	36	11	25
158.1542_3.04	345	394	397	377	329	454	448	425	443	408
369.3511_3.04	389	703	986	588	941	775	1093	1090	867	979
279.0933_3.05	682	887	604	665	706	779	672	691	829	716
437.3737_3.05	426782	169139	148132	295921	120720	347193	393577	348697	595282	411455
74.0601_3.06	2441	2611	2428	2552	2716	2549	2610	2468	2604	2552
224.9891_3.06	187	189	269	271	346	253	322	319	293	206
250.9878_3.06	852	1041	957	958	1036	1038	860	834	1237	797
142.1228_3.07	235	216	193	155	172	225	158	142	204	180
186.1128_3.07	4106	3113	3085	2730	1454	3072	1535	1777	1615	2404
531.4085_3.07	2242	1819	2305	1906	2040	2325	2267	2313	2383	2087
700.5717_3.07	2225	2213	2255	1721	2621	2877	3326	3001	2745	1992
144.0657_3.08	213	229	218	233	189	208	224	213	213	235
259.1893_3.08	2251	2029	2063	2046	1716	2119	1920	1743	2272	1655
243.1034_3.09	2164	4311	3149	2322	2988	2772	1666	2320	2714	2318
312.238_3.09	4591	1293	1214	2270	6709	8624	2297	5820	1192	779
338.3415_3.09	737	441	453	538	1377	849	940	1172	1059	779
384.2955_3.09	16333	3081	7596	6347	10497	19603	8961	6340	2857	1819
784.6651_3.09	97498	57928	55439	72252	45008	58488	59285	71168	46979	94454
254.1598_3.1	6448	5057	2423	3508	7757	8837	4198	4579	2585	3446
329.2433_3.1	29968	12978	2701	14061	5764	25491	9032	10475	29382	27703
423.358_3.1	93001	41062	31131	68864	26561	76592	93026	52187	117075	93363
531.4085_3.1	1861	1773	2064	2495	2697	1925	2223	2353	1891	2306
782.65_3.1	253526	163915	221805	222076	239875	238416	317832	287479	209514	296673
79.0213_3.11	118	83	81	109	120	95	92	103	115	93
117.0913_3.11	201	157	69	97	160	162	124	114	126	111
237.1697_3.11	361507	356107	121537	150552	446776	499320	217324	238448	161645	254214
88.0757_3.12	235	168	204	181	189	192	184	163	172	184
187.0967_3.12	368	315	306	380	326	328	364	408	382	407
756.6343_3.12	29636	15141	14740	20959	11425	14528	14880	20623	12162	24412
127.095_3.13	103	111	116	145	132	89	106	121	99	110
165.1122_3.13	9213	12677	7957	10600	6896	8321	10163	14102	13650	9568
208.1082_3.13	1703	1709	1725	1697	1662	1591	1513	1624	1704	1532
224.1493_3.13	405	306	160	157	547	567	230	253	211	176
369.3515_3.13	664	726	966	548	805	742	863	849	1016	725
83.0604_3.14	84	78	98	94	94	75	69	74	82	84
117.0913_3.14	126	148	72	83	138	153	95	110	119	129
242.0999_3.14	33972	61389	46108	38404	49793	48169	33238	39219	39337	38176
250.9877_3.14	2236	2620	2797	2928	3249	3088	2469	2500	2989	2109
335.2214_3.14	549	531	605	1272	704	545	533	393	472	461
338.3416_3.14	1132	707	817	716	822	921	817	1247	1918	776
531.4081_3.14	2438	2459	2539	2425	2233	2510	2223	2401	2536	2476
151.0966_3.15	243	268	227	263	237	211	222	183	159	178
202.1076_3.15	39983	58764	47134	40779	47499	49287	41673	45767	37832	43085
251.1853_3.15	763	911	596	351	765	736	595	632	604	880
126.0939_3.16	171	160	174	150	149	134	188	187	188	223
226.1286_3.16	1084	1129	935	1193	591	754	639	374	363	550
335.2213_3.17	892	754	857	2016	939	1172	1168	641	776	623
88.0757_3.18	157	145	163	128	149	143	144	175	162	168
117.0913_3.18	116	123	87	78	139	163	122	117	141	151
224.9889_3.18	7588	8256	8110	8157	7629	7707	7309	7077	7051	7345
250.9877_3.18	1180	1567	1546	1882	1911	1979	1690	1563	1792	1518
259.1893_3.18	5094	3961	3767	3889	2759	3622	3420	3399	4128	3960
271.1665_3.18	506	516	605	437	553	576	542	587	527	633
299.2327_3.18	141754	64624	42671	70226	36502	78246	52642	52723	106970	66610
409.3423_3.18	65790	25298	23710	40610	12683	44044	54949	35203	77720	53986
726.5878_3.18	114731	102396	120802	126376	160434	144223	167775	166874	125385	165794
728.6035_3.18	818312	683227	684427	687849	581517	619863	615233	747795	536644	712742
117.0549_3.19	165	188	201	160	233	218	193	177	109	183
127.0505_3.19	3771	6417	6265	6039	7715	8308	6664	5343	3928	4570
189.1123_3.19	9769	6213	1344	2683	14139	16298	3998	5418	2322	4041
731.6115_3.19	3598	1421	2524	3136	1982	1349	2364	3474	1679	2958
133.0497_3.2	142	220	224	347	291	295	311	234	197	237
218.1025_3.2	2367	2679	2601	3183	2904	5143	3704	3589	2127	2306
315.2276_3.2	65261	30979	10471	26340	11552	42619	19719	15586	44395	34251
531.4084_3.2	3301	3332	4345	3018	2632	2725	2645	3329	2797	3898
117.0913_3.21	219	229	126	139	193	193	133	161	128	141
101.0598_3.22	1623	1263	841	1015	1488	1619	1069	1183	1075	1206
103.0754_3.22	23214	23767	10873	13811	24313	25544	15662	19778	18128	19174
204.1233_3.22	3216	8977	4042	3917	3712	3321	3182	3403	2730	2825
244.1193_3.22	5754	5415	5951	5802	5971	6152	6434	6598	6590	6832
251.1027_3.23	186	1226	1215	428	154	441	203	195	81	187
106.0653_3.24	638	1250	702	194	503	134	4300	981	3028	1138
133.0497_3.24	398	551	488	713	776	670	747	329	402	301
179.128_3.24	222103	240714	121519	149795	197620	218706	159449	203240	189507	191896
250.9878_3.24	2485	3099	2569	3042	3796	3386	3619	2701	2932	2343
267.0587_3.24	15639	16183	18191	25580	37826	26172	22004	13767	27085	15277
532.4402_3.24	1214	920	795	803	946	1099	923	1024	788	806
770.6137_3.24	3070	2844	2966	3707	3623	3077	4973	3833	2454	2473
198.124_3.25	637	536	647	605	594	613	645	609	611	653
226.1287_3.25	491	644	509	727	404	504	444	228	174	290
88.0758_3.26	272	307	269	296	309	292	338	283	272	264
224.1857_3.26	927	996	432	695	782	755	561	698	820	687
271.1665_3.26	402	362	361	373	347	310	397	314	305	278
295.2114_3.26	33479	11404	9399	15211	42428	52007	16047	33588	6506	6806
369.3514_3.26	795	1117	1373	1016	1421	1068	1643	1181	1312	1130
700.5718_3.26	35633	25610	36717	32015	38793	33105	44319	42694	30931	39974
251.1027_3.27	676	3067	3049	1254	666	1177	627	890	625	658
254.1599_3.27	1404	1360	930	1074	1272	1491	1163	1053	685	867
86.0965_3.28	66	76	55	58	70	73	69	85	73	84
151.0966_3.28	511	494	452	569	448	462	468	388	424	426
191.031_3.28	113	103	77	89	117	71	104	74	80	120
88.0757_3.29	145	121	134	130	144	146	144	138	148	138
187.0967_3.29	487	521	463	436	465	512	454	523	456	435
250.9877_3.29	1403	1602	1553	1568	2000	1848	1539	1535	1757	1482
251.1853_3.29	549	354	342	177	634	627	405	315	364	407
338.3417_3.29	3497	2187	2008	2149	2205	2119	2152	2567	2563	2268
369.3515_3.29	1099	1047	1404	1012	1689	1385	1716	1336	1396	1488
317.139_3.3	1076	2005	1455	808	442	1210	889	1739	496	671
324.0914_3.3	5407	13931	7982	6361	5007	7944	4822	6425	3793	4201
88.0758_3.32	129	111	114	116	130	121	125	133	145	139
155.0816_3.32	19381	18686	17625	17796	17836	18019	18924	19885	19211	21168
169.0861_3.32	2580	2609	2595	2666	2991	3418	3138	2532	2573	2324
244.1908_3.32	1026	749	729	708	677	668	731	918	802	954
271.2015_3.32	1926	1022	263	522	347	1749	370	257	797	688
197.1176_3.33	284	239	261	292	273	258	286	288	265	276
532.4397_3.33	2093	1714	1814	1742	2015	1838	1845	1909	1879	1747
88.0757_3.34	147	118	115	126	134	161	123	118	135	120
187.0967_3.34	383	297	379	329	382	425	387	406	419	451
165.1123_3.35	395	321	138	193	315	490	131	207	192	156
240.1806_3.35	25540	23734	8082	10086	31589	34241	13737	14698	11018	17773
194.1026_3.36	2442	3151	2625	10607	1188	1447	2138	331	462	1522
254.1599_3.36	681	727	477	725	662	562	678	556	321	570
472.1734_3.36	12360	30103	17570	14260	8801	18871	11640	16000	7195	9793
519.1142_3.36	2670	3144	2936	4497	3426	5109	2960	2878	3108	2296
126.0939_3.37	1550	1691	1553	1495	1339	1497	1479	1582	1534	1646
113.0348_3.38	286763	308722	314606	433641	486811	416059	413627	262903	352111	255997
153.0772_3.38	3446	3168	3184	3163	3156	3237	3194	3300	3175	3287
181.1225_3.38	177	151	156	142	134	116	163	168	164	187
226.1287_3.38	1065	1013	1040	1357	614	709	775	533	488	710
531.4082_3.38	8776	7990	7636	7403	6959	7730	7598	7854	7372	8054
540.4479_3.38	8254	1664	7107	5093	3017	20715	3093	1960	10363	23482
770.6131_3.38	2393	1831	2586	2456	2921	2963	4439	2843	3053	2855
798.6451_3.38	229060	171480	203736	196576	207076	190761	268066	226103	229069	216694
97.0285_3.39	653	751	698	905	968	893	877	622	725	573
175.0967_3.39	214	113	134	119	200	233	96	140	93	103
338.3415_3.39	5061	4044	3281	3934	3823	4280	4080	4302	5615	3829
349.0503_3.39	10170	11940	11791	13707	9773	12077	11035	8817	8639	7293
663.4537_3.39	3064	2943	2504	2480	2988	3325	3274	3468	2884	3049
88.0757_3.4	234	191	163	181	209	200	195	199	193	207
97.0397_3.4	6123	5844	6229	5993	7156	5912	5873	5467	5284	5276
130.0865_3.4	11253	8732	8671	11899	19735	9203	7624	11538	5448	11407
224.1494_3.4	254	216	127	100	260	369	172	160	137	203
254.14_3.4	329	260	247	200	209	220	170	155	187	200
285.2536_3.4	23847	7594	4890	8605	4501	10037	7319	12542	14073	5776
317.139_3.4	3191	7252	3920	2469	1136	3566	3243	5407	1437	2996
497.1324_3.4	80524	133477	96573	117970	72763	121732	94754	103090	58835	65677
224.9915_3.41	72	68	29	42	29	31	28	17	31	33
519.1142_3.41	2115	1822	1437	2292	2294	2290	1703	1208	1994	1460
194.1178_3.42	152	152	134	135	161	134	144	151	141	114
302.065_3.42	932	1568	4519	1056	3159	9499	1036	758	79717	3159
151.0966_3.43	283	257	226	310	295	298	284	258	244	244
186.1127_3.43	2000	2430	1396	1194	843	1670	1241	1685	964	1716
191.031_3.43	359	354	291	306	268	305	281	270	269	338
204.0691_3.43	13	105	102	475	138	77	503	72	140	80
215.1279_3.43	365	253	226	235	293	281	301	321	279	276
233.0591_3.43	19688	20418	31060	32369	40233	28661	60785	21558	33222	26957
244.1194_3.43	659	628	589	594	749	622	585	754	671	754
245.1359_3.43	655	469	174	299	818	893	227	248	240	472
318.1353_3.43	71697	146181	97017	67620	48913	90200	77912	124116	44092	68264
472.1733_3.43	959	2163	1476	1202	941	1326	1238	988	1036	959
526.432_3.43	55392	15523	210105	43167	108980	49603	44509	20082	90246	80435
83.0604_3.44	87	87	82	83	80	81	80	83	78	81
172.1334_3.44	2696	1960	1601	1229	1628	2166	1445	1300	1573	1979
283.1908_3.44	1456	1694	566	684	743	1746	755	1175	612	932
381.3109_3.44	31089	12113	73646	15502	7522	35393	23506	26789	39863	26129
437.3737_3.44	761	385	279	368	230	338	408	323	707	776
532.4402_3.44	3583	3746	3368	2744	3306	3068	3100	3060	4087	3534
772.6298_3.44	31860	12405	14225	17628	16065	16619	17707	18132	13547	30057
168.1232_3.45	276	317	281	339	412	269	352	251	242	259
198.124_3.45	475	494	541	476	470	487	461	437	473	492
223.1181_3.45	429	346	445	367	488	444	348	425	429	404
224.1494_3.45	613	493	290	284	588	678	340	405	292	379
239.149_3.45	1496	1416	1456	1429	1430	1503	1329	1384	1509	1515
244.1908_3.45	10080	8587	8237	8080	7949	8561	7968	8383	9281	9268
249.1346_3.45	330	382	354	397	326	383	357	412	396	376
338.3417_3.45	1314	1122	1203	1337	1226	1112	1219	1385	1606	1337
369.3514_3.45	392	464	864	727	801	674	896	675	667	666
376.1896_3.45	281	498	492	897	640	1259	1493	494	1157	838
79.0213_3.46	104	96	100	111	114	113	116	124	131	105
158.0814_3.46	3599	3664	3644	3717	3602	3523	3568	3599	3761	3938
158.1541_3.46	17632	17274	17139	16991	17836	17715	17780	18276	18075	18296
271.2016_3.46	17490	8190	3224	5786	2986	11789	3851	1999	6363	5670
531.4085_3.46	6764	6834	6636	6356	6415	5979	6222	7218	7327	6820
663.4541_3.46	4553	4113	4224	3813	4108	4164	3873	5042	4674	5267
742.583_3.46	62939	53473	65002	57288	94000	69848	85739	72828	80261	74604
131.0705_3.47	929	866	745	948	992	1069	895	763	655	787
156.0851_3.47	1406	1310	1436	1351	1382	1304	1368	1416	1390	1546
171.1381_3.47	1600	1909	959	1202	1810	1918	1209	1394	1138	1814
185.0923_3.47	2015	2015	2035	2061	1999	2054	2018	2133	2252	2270
190.017_3.47	50	227	496	451	753	738	1115	906	987	1496
199.108_3.47	550	444	422	456	569	546	549	505	619	481
210.1338_3.47	5982	5228	4929	5369	6194	6320	4798	4879	4908	4385
230.1025_3.47	207	233	225	255	236	228	163	143	147	173
255.1591_3.47	1180	852	1211	1001	708	894	769	1058	948	1069
271.0732_3.47	496	839	790	622	303	808	1009	697	264	462
310.2223_3.47	2147	1039	339	667	1767	2775	572	1230	418	657
324.0913_3.47	243	321	403	364	781	332	210	87	613	299
770.6138_3.47	1903	1330	1782	1722	2978	1454	2507	2051	2627	2692
88.0757_3.48	238	249	262	258	253	240	256	256	262	296
90.055_3.48	2553	2668	2411	2479	2773	2630	2521	2538	2638	2739
129.0662_3.48	1182	1094	1079	1131	1146	1029	1071	1031	1047	1073
137.0711_3.48	1154	1178	1107	1115	1124	1181	1186	1294	1209	1236
187.0966_3.48	2188	2131	1789	1889	2445	2056	1885	1985	2342	2063
201.1123_3.48	614	730	726	573	656	567	405	444	537	663
228.1596_3.48	252	195	245	179	293	331	281	179	213	187
291.1721_3.48	2333	5877	3975	2910	1047	2460	1696	2770	1152	2520
294.1354_3.48	9910	11098	11818	11776	7034	10291	10360	8661	8196	8042
330.3002_3.48	575	432	624	541	693	529	490	440	574	634
383.3307_3.48	318	377	347	316	347	348	411	367	421	634
130.0614_3.49	1543	1467	1522	1450	1544	1471	1454	1455	1398	1452
213.1488_3.49	1182	1025	1132	945	1015	1111	1022	1058	973	1184
227.1279_3.49	269	330	314	374	291	294	322	256	256	256
325.1047_3.49	796	1296	1234	2230	996	1441	3349	437	3755	1505
83.0604_3.5	115	121	137	106	114	103	109	118	117	115
115.0564_3.5	290	317	77	118	49	286	133	128	15	102
153.1024_3.5	122	126	127	92	127	105	145	126	133	108
178.0865_3.5	560	827	767	558	633	675	873	629	543	583
180.1021_3.5	1552	1590	1042	1231	1102	1296	1426	1498	1471	2060
183.1018_3.5	2923	3286	2794	2680	2445	2550	2203	2232	2467	3056
267.0976_3.5	318	398	381	411	316	409	395	257	310	354
323.1092_3.5	6502	9368	9628	13215	8823	14330	19689	6033	25205	13197
376.19_3.5	801	928	1332	1354	1001	2338	2266	792	1972	1415
512.4162_3.5	126867	37209	369297	55287	162585	94412	65665	19749	116198	130808
726.5881_3.5	27567	15221	14921	16736	16556	15313	14731	16018	15940	26828
182.0927_3.51	1743	1929	1781	1732	1841	1761	1805	1846	1932	1759
190.0535_3.51	3625	3257	3824	5107	4079	4732	5755	3175	4802	3831
195.1019_3.51	258	291	269	251	138	179	196	166	221	233
278.0328_3.51	792	4152	7296	8488	9429	12599	18768	7396	6885	6964
654.3321_3.51	1769	1535	1519	1447	1476	1647	1654	1768	1389	1564
711.0697_3.51	2533	2574	2546	2459	2279	2374	2945	1781	2589	1556
117.0549_3.52	1072	1337	1221	1269	1596	1568	1277	1218	952	1152
119.0456_3.52	97	130	118	162	81	108	118	111	91	131
160.1334_3.52	3833	2947	3100	1630	2764	7209	2109	1127	1890	1821
246.1144_3.52	29229	69701	40617	26385	12648	37189	34026	42323	13494	30411
268.2119_3.52	19821	18208	8297	10537	29638	25882	12636	12885	13368	15713
153.1024_3.53	75	67	73	73	70	82	76	79	94	120
168.0657_3.53	440	431	542	531	539	565	733	471	634	545
192.1385_3.53	3376	3237	3137	3325	3241	3212	3310	3382	3437	3478
199.0967_3.53	502	753	817	907	806	763	686	556	708	844
200.1284_3.53	462	438	557	373	418	426	505	392	456	496
208.1083_3.53	6390	6461	6586	6561	6384	6352	6384	6322	6458	6595
217.1072_3.53	1485	919	955	1634	1349	1264	1271	1439	1578	1762
253.0819_3.53	2267	8126	4538	7947	5464	14127	5653	8437	2086	5777
266.1042_3.53	54370	59594	62129	63816	42165	67795	77724	53977	47232	50162
369.3516_3.53	595	794	761	575	880	795	906	644	789	703
744.599_3.53	190705	109433	102660	122046	97437	103265	105453	107281	99293	150630
215.1279_3.54	136	165	119	105	128	150	96	103	105	91
238.1073_3.54	557	896	1442	1336	1793	806	712	456	866	738
343.0941_3.54	24708	29369	28123	31052	18785	31659	32705	20650	21296	19122
663.4539_3.54	7775	7498	7358	6573	6152	7292	6632	6204	6719	6829
713.0669_3.54	3542	3652	4104	4145	3543	3499	3625	3365	3953	2931
79.0213_3.55	116	108	103	104	99	103	116	142	131	133
376.19_3.55	702	1106	1054	1580	1026	1995	2402	837	1964	1851
484.3847_3.55	2725	1939	4489	3477	4070	4765	1873	1076	1446	1588
205.1437_3.56	1726	1584	433	612	2065	2285	790	996	751	1149
282.1911_3.56	15489	9080	4495	6503	18781	27027	8695	16010	3829	6964
338.0503_3.56	935	1074	1020	924	1020	975	1309	788	1011	841
139.0503_3.57	1062	1108	1029	988	1142	1592	1116	1056	1184	1131
141.1024_3.57	221	248	213	252	208	182	204	203	198	231
143.1068_3.57	706	618	558	409	665	964	585	369	542	484
179.1069_3.57	1106	1188	1158	1305	1279	1259	1234	1140	1344	1126
198.1492_3.57	526	466	397	413	382	495	423	400	434	386
209.0923_3.57	1938	2238	2379	2440	3715	2063	2290	2131	2303	2512
248.0937_3.57	103	112	147	136	117	64	148	60	82	77
253.2163_3.57	1356	1148	1275	1232	1336	1248	1351	1467	1496	1525
129.0662_3.59	1457	1391	1258	1333	1305	1256	1309	1337	1298	1488
170.129_3.59	148	185	174	164	175	167	161	165	172	189
172.0718_3.59	126	138	130	110	126	115	125	120	121	133
208.064_3.59	25326	22479	25921	36093	30486	32359	37526	18823	32812	24422
222.0796_3.59	386	629	714	691	829	625	657	281	670	577
223.1541_3.59	959875	895028	293618	386507	1325678	1395996	531389	600594	435452	670658
230.1402_3.59	21423	23502	15976	15828	16885	26159	17807	22133	13993	20363
250.9879_3.59	62348	64430	62857	64531	70587	67783	64122	64056	69950	64321
292.1004_3.59	699	3536	882	384	15	1949	3834	4222	196	2370
548.5045_3.59	1119	1382	1243	1404	1691	1414	1628	1682	1583	1389
112.0567_3.6	2236	2956	1384	1470	1321	2682	1915	2689	1343	2197
130.0614_3.6	2652	2755	2622	2608	2732	2527	2479	2614	2635	2642
174.0586_3.6	621	480	523	767	674	723	961	624	1007	656
254.1023_3.6	1245	2956	3829	2885	3904	2069	1950	969	3380	1664
279.1591_3.6	374	302	337	359	438	406	452	522	447	417
319.9029_3.6	326	232	402	358	711	326	498	131	905	386
510.4006_3.6	3607	56	24068	1050	5955	920	1460	173	2835	2163
663.4539_3.6	3459	3561	3545	2916	3240	3448	3926	4075	3749	3122
172.097_3.61	3243	3336	3689	3465	3198	3039	3034	2964	3147	3522
176.0378_3.61	356	175	326	372	419	728	627	271	416	372
201.1124_3.61	306	377	336	368	331	318	271	275	342	426
215.1279_3.61	364	325	344	312	330	291	333	250	270	265
271.1665_3.61	14943	14353	14070	14067	13864	13483	13442	13830	14075	13907
171.1381_3.62	219	270	142	179	269	256	187	239	209	278
177.0437_3.62	656	592	648	608	608	580	716	664	613	507
190.0977_3.62	2075	2160	2390	2213	2222	1879	1966	1806	1894	2112
383.3308_3.62	480	671	778	663	614	667	752	936	986	839
531.4085_3.62	7544	8423	7837	8174	8763	8081	8612	9092	8584	7882
79.0214_3.63	171	154	164	153	147	148	173	188	178	125
101.0598_3.63	4543	3821	3488	3627	4637	4733	3768	3941	3911	3916
147.1017_3.63	27479	27389	10920	14570	33489	34274	16725	20891	18289	22320
149.0711_3.63	249	247	246	244	306	347	336	325	347	300
155.0704_3.63	1659	1749	1765	2007	1960	1835	1776	1803	1939	1799
157.061_3.63	186	142	239	272	264	183	176	178	216	136
172.0718_3.63	110	113	110	134	113	117	126	114	117	95
376.19_3.63	1353	1794	1947	2954	1969	3942	4671	1836	4148	2779
548.5049_3.63	1501	1637	1720	1470	1728	1641	1768	1836	1983	1306
128.0709_3.64	5355	6042	4367	4558	4437	6107	5237	6497	4452	6208
158.045_3.64	904	983	844	940	857	915	955	857	926	787
181.1225_3.64	1317	1313	1246	1312	1271	1243	1126	1404	1405	1491
210.1701_3.64	323	370	176	251	466	351	208	273	407	285
211.0716_3.64	377	301	374	446	586	399	479	394	473	391
222.0796_3.64	145	190	272	251	303	182	198	143	292	231
226.165_3.64	7253	7484	3024	3158	6859	7251	4114	3921	4109	5190
229.0819_3.64	226	164	229	270	293	228	198	157	279	209
241.1436_3.64	1796	1193	1360	861	1068	1258	901	845	961	1019
128.0458_3.65	413	510	391	452	360	348	377	422	434	384
160.1334_3.65	158	166	163	95	156	408	97	58	109	107
173.0982_3.65	23551	28720	11903	12395	10618	26942	16929	24778	9895	19368
179.0408_3.65	180	199	251	226	231	209	253	212	235	182
198.124_3.65	566	540	595	622	560	590	551	642	680	546
205.0644_3.65	13027	15925	15064	31887	22043	21421	46118	16588	27118	20095
86.0966_3.66	68	62	66	71	75	79	73	77	75	95
146.0813_3.66	771	855	817	821	925	873	942	869	771	811
336.053_3.66	896	1135	1084	1001	1077	924	1064	961	998	943
338.3417_3.66	19489	16402	14421	15630	16376	16554	17973	18855	20853	19702
369.3513_3.66	1187	1371	1518	1269	1496	1596	2527	1389	1311	1820
111.0603_3.67	737	994	222	185	66	550	283	433	132	360
191.031_3.67	214	238	211	206	235	274	233	213	203	212
202.1077_3.67	568	683	656	587	706	530	472	480	655	695
206.1026_3.67	569	598	866	1124	1536	1074	1016	364	618	449
211.0716_3.67	611	558	606	780	920	752	698	671	832	661
235.1188_3.67	568	672	729	852	603	667	797	722	758	586
246.153_3.67	127	108	213	131	212	331	226	114	110	83
257.2224_3.67	228666	84890	38723	97079	39429	114411	83871	172153	177229	69221
584.4272_3.67	42256	21943	4876	20610	7730	31203	14400	14029	41281	33105
74.0601_3.68	1382	1475	1333	1378	1389	1310	1343	1393	1357	1436
108.0809_3.68	382	365	369	384	369	381	381	383	398	378
137.1075_3.68	16288	16653	16454	16040	16053	15988	15851	16039	16062	16227
169.0861_3.68	4246	4481	4348	4473	5701	5661	5173	4538	5182	4856
187.0945_3.68	6934	7154	4444	5238	9757	6889	4841	4841	8779	6518
189.0331_3.68	403	1161	706	2283	941	1029	1736	950	1029	815
207.1243_3.68	48562	46997	45863	44847	49795	48978	44174	46762	48331	47401
227.128_3.68	329	313	351	338	377	336	266	253	346	308
497.0603_3.68	1670	1620	1407	1630	1811	1725	1594	1875	1752	1563
532.4402_3.68	1755	2048	1670	1567	1787	1725	1723	1876	1723	1633
548.5044_3.68	2853	4075	3568	3544	3898	3890	3018	3167	3713	3198
172.0606_3.69	648	716	722	892	973	907	968	800	1039	813
178.0865_3.69	648	747	719	569	650	637	741	801	927	823
196.1084_3.69	111	130	149	138	155	148	145	134	132	151
206.0665_3.69	67	49	71	64	173	69	82	41	83	77
254.1024_3.69	123	300	363	325	451	210	202	127	349	196
330.3001_3.69	2554	2486	2848	2988	3723	3170	2844	2563	3767	3193
88.0757_3.7	134	134	128	133	126	118	120	120	124	121
111.0443_3.7	442	441	482	467	471	423	475	452	495	460
153.1024_3.7	225	194	219	190	189	211	186	189	224	226
172.1018_3.7	1135	1570	383	525	226	886	579	899	387	766
178.1592_3.7	1048	848	333	446	338	430	468	738	747	462
194.1179_3.7	377	391	396	431	416	413	428	475	494	539
222.0796_3.7	340	556	645	546	811	492	403	237	676	553
239.1279_3.7	137	134	98	131	136	121	96	122	166	162
245.1359_3.7	2780	2461	767	1126	5173	3775	1130	1486	1516	1896
99.0441_3.71	501	425	548	679	514	567	516	364	577	493
114.0553_3.71	4882	5889	4605	5185	5027	6764	6093	5885	4329	6125
125.0825_3.71	1242	1254	1100	1272	990	1023	1194	1296	1048	1165
148.0871_3.71	111	97	105	84	89	100	97	159	102	111
152.0708_3.71	1968	2111	1893	1951	2205	2294	2100	1929	2078	2118
158.0966_3.71	180	159	167	130	162	94	166	177	182	216
168.077_3.71	328	388	355	319	335	355	362	374	372	380
171.0766_3.71	340	315	328	350	339	356	336	300	414	395
172.0606_3.71	891	1246	1109	1080	1252	1178	1164	1166	1268	1255
176.0378_3.71	240	164	203	251	259	540	457	178	381	402
177.0437_3.71	1017	964	972	966	913	921	983	976	1016	944
189.1138_3.71	268	323	334	312	283	307	285	409	368	401
190.1077_3.71	231	278	254	307	344	280	274	247	336	234
206.0668_3.71	66	47	60	60	93	63	45	32	79	46
213.1488_3.71	525	434	530	512	542	555	476	345	559	479
231.124_3.71	5976	6289	6284	6016	5931	6018	5854	6143	5974	6053
237.0984_3.71	1078	1083	1092	975	1175	1039	1016	1081	1180	1094
244.1908_3.71	9908	9419	8816	9291	9413	9365	9143	9216	10289	10043
318.1355_3.71	727	1153	871	730	946	823	615	527	820	738
353.2796_3.71	5325	1642	16524	2269	1356	7416	2705	3093	4440	4248
369.3516_3.71	672	912	1065	830	1255	1196	2764	1261	1120	1397
100.0393_3.72	505	523	478	466	559	500	503	516	547	522
101.0405_3.72	324	183	365	515	363	390	315	91	327	175
145.0669_3.72	343	314	444	488	413	462	503	335	470	376
151.1231_3.72	17580	17663	17508	17171	17515	17381	17401	17977	17818	18138
165.1124_3.72	187149	194998	91444	120861	210273	208942	125850	151044	158429	159213
179.0407_3.72	330	310	350	319	335	303	366	361	387	334
192.1386_3.72	170	165	135	142	138	150	132	157	144	194
210.1702_3.72	643	645	336	515	939	757	430	484	657	615
215.128_3.72	172	154	183	177	154	148	168	150	205	185
217.1072_3.72	3426	2882	2715	3150	3400	3249	3224	3843	3764	3692
255.1591_3.72	437	460	531	417	558	470	482	427	633	590
342.0441_3.72	882	924	954	869	877	815	1003	1038	1053	990
531.4083_3.72	1999	2191	2212	2535	2522	2485	2435	2952	2331	2823
663.454_3.72	6563	7606	6627	6779	6188	6910	7263	7232	6741	7473
114.0917_3.73	57798	54983	58109	67647	61961	49185	58556	48449	56499	63156
129.0549_3.73	61	62	45	69	70	50	42	69	46	76
228.1344_3.73	282	273	241	270	272	239	226	233	236	206
263.9342_3.73	338	398	349	353	345	369	376	285	428	339
164.1436_3.74	295	213	132	148	115	135	169	215	206	145
197.1175_3.74	1933	2142	2110	2184	2196	2142	2221	1992	2295	2308
222.0796_3.74	184	389	379	379	544	380	345	249	418	448
255.1956_3.74	161	176	206	132	174	180	245	227	240	204
329.2433_3.74	12624	5319	1357	6176	2711	9016	3183	3595	15268	11069
369.3515_3.74	653	658	691	580	868	632	1019	544	627	658
448.0507_3.74	1827	1618	1756	2097	1464	1925	1653	1673	1786	1547
499.0573_3.74	5963	5732	5870	6477	6014	5826	5721	5903	6093	5593
282.1718_3.75	5146	6042	3127	3974	3280	6202	4170	3574	3065	4111
294.1162_3.75	229	380	663	358	61	522	498	81	226	204
336.1629_3.75	1577	967	1786	1948	942	1357	985	244	1370	609
158.1177_3.76	747	825	686	652	764	793	751	708	725	754
176.0378_3.76	151	104	113	113	201	343	291	96	203	192
177.0437_3.76	653	593	593	611	556	589	634	627	617	577
189.0872_3.76	257	318	338	286	269	269	251	255	334	341
231.8783_3.76	226	266	269	246	278	254	240	191	279	211
497.0602_3.76	1765	1489	1609	1752	1822	1749	2020	1665	1582	1499
605.0636_3.76	1488	1511	1477	1392	1271	813	1027	1097	1268	1484
168.1133_3.77	714	650	512	485	429	462	451	611	543	612
198.0988_3.77	1432	1186	1468	1540	2386	1291	1316	1218	1841	1389
222.0432_3.77	1912	1837	2298	2150	2908	2814	3462	2288	2794	2454
229.8812_3.77	605	541	510	490	576	526	512	488	622	469
234.1338_3.77	633	613	646	613	861	688	673	863	1155	957
236.1301_3.77	254	258	296	287	293	302	378	274	597	323
246.9079_3.77	479	547	557	489	521	492	430	368	504	394
143.0705_3.78	285	289	211	272	196	222	224	281	329	338
88.0757_3.79	150	162	139	164	156	133	156	137	146	161
168.0657_3.79	791	1026	995	1278	1397	1106	1318	1018	1380	1540
177.0437_3.79	493	452	454	434	479	464	479	427	502	412
227.1392_3.79	880	1008	1000	857	1033	954	961	825	970	1076
280.1175_3.79	4348	4810	4681	3901	2442	4760	8667	9618	2132	5610
719.058_3.79	3090	3172	2756	3199	2722	2459	2682	2375	2812	2903
128.0717_3.8	413	835	27	64	22	198	169	271	85	203
138.0551_3.8	495	564	416	461	476	479	447	468	501	510
139.0503_3.8	574	710	640	624	693	649	611	593	678	660
170.0672_3.8	599	834	721	914	392	847	890	463	549	730
336.053_3.8	26728	27378	26667	26000	26078	25573	27730	27766	28964	27747
497.0603_3.8	2219	1830	2011	1972	1614	1765	1780	1638	1535	1583
79.0213_3.81	288	266	246	245	266	266	283	314	283	273
175.0775_3.81	1022	695	1068	1603	1103	1017	896	482	969	851
189.0331_3.81	109	259	149	676	325	245	480	232	284	198
190.0712_3.81	2149	3465	3922	2344	2595	2796	2570	2619	2229	2767
201.0739_3.81	589	552	643	792	169	591	668	312	452	580
243.2069_3.81	1139	440	608	439	290	628	474	546	680	392
244.1193_3.81	2745	2831	2839	3014	2734	2680	2564	2878	3242	2857
263.9342_3.81	629	555	597	493	470	423	410	345	444	430
369.3516_3.81	594	885	1034	598	1108	885	1107	707	950	718
179.0407_3.82	478	467	442	446	457	441	549	465	566	514
224.989_3.82	1143	1515	1162	1239	1160	1126	1212	1276	1176	1241
281.1958_3.82	137174	49008	35447	64995	242724	270260	66796	151520	30778	28880
292.1245_3.82	6914	6878	8392	10632	2150	7272	6256	818	4292	4300
336.1629_3.82	2008	1868	2338	1829	816	2218	1889	793	1955	1666
462.35_3.82	3152	5249	9484	7406	1466	1922	5315	1573	3976	4687
90.055_3.83	1674	1599	1567	1541	1789	1570	1604	1757	1666	1762
142.0672_3.83	768	623	917	1052	728	947	979	610	916	754
238.1458_3.83	2672	1943	2792	3842	3514	2909	2309	1576	3692	2241
304.1198_3.83	1082	2156	1176	1163	1266	1765	1666	1376	1593	1529
318.1338_3.83	411	850	508	320	364	664	902	399	237	1044
336.1438_3.83	18341	40329	24143	15874	608	42950	77719	35853	4256	43673
408.165_3.83	15127	22985	18120	16218	1816	22942	23482	4391	6303	16902
444.0567_3.83	43012	46017	44721	43369	42288	45933	51363	47583	48801	49552
448.0508_3.83	18763	17048	18204	19381	16441	17183	17514	17801	18805	18443
499.0573_3.83	13385	12553	13764	13791	11550	11294	11349	10771	11746	10709
717.0608_3.83	98796	98041	102710	101572	90995	91282	100078	101396	99432	98770
150.1278_3.84	1451	1067	340	454	238	306	487	761	697	407
160.0548_3.84	1216	1139	887	1092	1513	1180	825	1662	810	1421
176.0556_3.84	5960	5652	4741	5095	6437	4861	4472	4998	5797	5100
230.1024_3.84	196	319	268	320	215	228	174	311	292	288
243.2068_3.84	1599	747	876	763	282	892	626	1128	1277	736
342.0441_3.84	5238	5278	5017	5224	5343	5371	5574	5179	5847	5236
446.0537_3.84	51751	54518	54318	53646	49641	56084	63954	54737	56765	56170
605.0636_3.84	2645	2123	2070	2288	2165	1890	2458	2330	2427	2383
607.0605_3.84	2803	2380	2238	2779	1998	2148	1719	2312	1712	1429
110.035_3.85	112	88	102	130	166	105	108	123	131	150
155.0412_3.85	68	49	55	69	91	16	34	41	87	34
157.0669_3.85	588	530	766	1042	507	673	573	199	732	548
177.0437_3.85	969	882	930	844	754	811	803	782	763	786
207.1059_3.85	1453	2161	1178	1390	2655	1479	1592	1479	1759	1819
229.8814_3.85	610	490	583	489	426	401	426	387	502	455
244.1908_3.85	9444	8508	8459	9106	9967	8465	8368	9587	10380	9355
245.1496_3.85	6122	9209	12296	10180	12246	14503	15346	8908	13683	13473
262.0921_3.85	4734	1268	1719	4309	5025	4697	5176	4613	4429	4573
283.0501_3.85	560	478	484	597	439	480	525	469	589	570
302.2688_3.85	901	794	990	1106	1263	850	819	689	1240	887
391.0532_3.85	1800	2311	2104	2230	2164	2085	1971	1926	2047	2153
497.0599_3.85	1966	2030	2728	2112	2046	2205	1921	2044	2056	1922
501.0543_3.85	1978	1689	2171	1986	2058	1637	1679	1850	2055	1874
551.0623_3.85	2962	3157	2910	2720	1296	2093	2322	2304	2075	2357
584.4736_3.85	3290	726	2849	2025	981	12363	1076	1432	5757	17918
118.0672_3.86	300	118	301	704	169	347	326	102	359	359
126.0552_3.86	1471	1287	1257	1332	1276	1108	1024	694	1223	1099
222.0432_3.86	319	318	388	456	615	476	539	469	616	462
247.0925_3.86	62708	53426	69919	74381	99476	64558	61380	51473	73317	66536
266.1041_3.86	10644	9717	13365	17704	15254	18133	24005	9876	20297	13143
275.106_3.86	28249	29738	33702	32373	38761	36849	38321	38755	33822	35653
338.1786_3.86	10013	9372	12621	16520	2894	11743	8102	514	5358	6679
340.0471_3.86	43628	43093	43372	41749	40924	41483	45343	45350	45699	44139
442.0598_3.86	1402	1646	1593	1413	1387	1255	1077	1484	1459	1533
552.0607_3.86	16166	16609	15025	16668	14476	14083	14547	15297	18092	15248
211.0715_3.87	3831	3862	4303	5593	5591	3984	4668	4234	5086	4984
238.1457_3.87	1271	1481	2077	2949	848	1554	1255	229	1796	890
285.0828_3.87	14103	10407	13719	17811	66687	18385	17040	11689	16753	17080
570.4577_3.87	13385	4818	70214	15010	40122	20386	12717	7989	42673	33695
124.0872_3.88	199422	197128	196571	195593	196293	193063	195363	198641	200715	198248
302.2688_3.88	666	693	953	859	980	623	620	666	992	605
312.0721_3.88	1091	785	1186	1145	984	926	750	600	2042	1199
336.1629_3.88	2768	3577	3498	3156	578	3946	3631	1367	1896	3493
338.05_3.88	67215	70627	68643	65087	66628	71663	83920	76292	75393	74611
210.1145_3.89	51975	39747	60435	83322	48459	63032	61866	16051	56237	46756
309.151_3.89	38137	36958	48264	56816	11328	47247	43386	5241	20402	28501
338.3416_3.89	11601	9642	9212	9459	11291	8335	8668	12184	12297	9680
399.3467_3.89	246638	231464	241201	239922	256496	250701	254390	260712	268093	256453
713.0666_3.89	272875	285410	288198	278291	269157	278460	325588	283768	289520	288277
101.0405_3.9	284	321	301	424	134	463	564	58	267	357
414.121_3.9	81605	71743	98472	110738	27211	82764	47708	1484	58219	39177
208.0989_3.91	47484	51320	58863	59167	35883	74746	90624	64545	52763	62750
308.1317_3.91	109702	124406	134415	136992	46318	162461	188868	68384	84786	128366
314.0878_3.91	119430	86996	136090	169555	101019	118477	70267	9173	164943	65781
359.2538_3.91	89128	43323	13998	47095	11740	63780	24806	18194	99830	76302
176.0555_3.92	2358	2734	1459	1879	2847	2482	2017	2845	3804	2861
206.1025_3.92	38675	49881	35415	47104	60743	53200	56145	34264	50163	47739
261.1269_3.92	460	270	386	591	1270	708	1186	246	810	1011
310.1473_3.92	82738	80685	101673	121124	24624	105760	96499	11948	42850	63096
556.4418_3.95	55419	13679	159401	19737	76257	73658	27516	5197	56692	82534
631.1226_3.97	152409	114363	111644	168368	195557	106856	76259	56776	155185	122463
80.0495_3.99	2372	2496	2704	2580	2590	2644	2879	2792	2581	2746
119.0609_3.99	6495	6348	7055	6779	6171	6914	7164	6337	6583	6246
125.0905_3.99	108928	109562	108854	107959	106677	107467	105389	106342	105635	108387
211.1894_4	206	416	709	413	950	521	465	895	798	386
78.0338_4.01	1406	1387	1374	1441	1464	1288	1644	1289	1175	1109
123.0302_4.02	843	997	965	982	1212	1076	977	812	751	744
261.1267_4.02	229	792	640	1466	1984	862	231	225	2404	1781
279.1372_4.04	7596	10179	9690	12893	15711	14025	13763	7506	14015	14412
151.123_4.05	598	685	693	789	800	666	728	574	749	708
207.1242_4.06	534	910	862	806	601	591	342	697	632	890
209.1385_4.06	942631	847477	267479	373553	1306956	1345177	476486	550313	406471	640787
206.139_4.07	2811	2899	3494	3501	1323	903	24485	569	348	1352
107.0704_4.1	232	279	116	150	214	359	183	237	228	260
133.0861_4.1	42522	42739	17120	22358	50870	52934	25121	30566	28511	33860
151.0966_4.1	744353	807013	422702	532367	775323	801139	523327	582102	625477	646618
158.086_4.1	1052	4068	2318	6557	1842	3202	3723	3678	1238	2486
205.0644_4.1	46	131	123	343	37	133	493	71	133	93
261.1267_4.1	208	287	196	438	533	728	567	272	523	584
249.1347_4.11	115	208	101	146	96	175	160	138	281	140
158.154_4.12	360	463	337	347	358	357	362	320	387	397
173.0786_4.12	26974	28508	14421	17947	29580	25913	15377	15836	26257	22955
112.0566_4.13	4205	6640	3069	3198	1779	5608	4787	7011	1962	5136
130.0865_4.13	3381	3585	2154	2617	3424	3458	2616	3013	3307	3273
96.0444_4.14	2979	2514	1981	2154	1654	2142	2232	2271	2478	2129
158.0813_4.14	60045	162253	98266	215190	85075	112460	122999	99402	67117	94990
185.1286_4.14	345	419	319	345	344	322	445	331	416	365
229.1992_4.14	4013	2871	3313	2884	2615	2505	2783	2664	3491	2819
271.1664_4.14	618	565	555	673	995	848	756	1003	811	876
286.274_4.14	657	515	575	634	660	675	724	606	848	488
302.2689_4.14	5089	4584	4650	5429	5721	4537	5080	3329	5825	5166
196.0913_4.16	2769	2914	2864	2904	2618	2709	2833	3011	3098	3107
125.0842_4.17	212	274	270	217	273	205	247	193	211	175
158.1541_4.17	1115	969	1075	1149	1045	1014	1123	1140	1237	1251
182.9621_4.17	526	473	470	432	427	454	407	405	411	334
191.0487_4.17	43426	41236	70028	69930	94122	100995	188821	75370	74568	71569
220.1181_4.17	4487	6374	4831	4803	6196	5127	4915	3858	4976	5413
224.9891_4.17	1582	1789	1660	1743	1593	1370	1282	1398	1494	1460
244.1907_4.17	9922	8401	7581	8379	7533	7731	8196	8039	8641	8217
254.14_4.17	316	414	392	434	280	430	463	444	465	334
304.2997_4.17	621	320	405	364	298	353	491	250	478	235
319.1134_4.17	13927	17229	22589	16819	19670	16402	20516	21971	11021	14526
341.0953_4.17	804	763	932	789	1238	520	625	697	522	525
628.4992_4.17	2766	519	2197	1648	694	12886	847	363	5317	14894
88.0757_4.18	160	122	119	135	113	107	135	140	153	162
123.0396_4.18	247	257	234	209	252	234	227	286	250	277
127.0869_4.18	471	461	427	443	442	347	428	407	419	428
207.1242_4.18	19627	19606	19152	19230	19430	18199	18184	19109	20074	19752
224.9888_4.18	726	722	862	753	829	652	531	559	654	601
226.1802_4.18	7995	6661	5835	6193	5958	6275	6960	6137	6963	6539
250.0935_4.18	96804	80913	93170	137929	139454	106066	111122	73886	120214	109239
268.1755_4.18	25427	10324	6426	9526	32460	37576	10999	20177	6369	6170
331.2225_4.18	16348	9567	4556	11509	2387	13049	6186	1935	23193	19521
168.1133_4.19	546	563	529	531	520	354	481	453	468	539
205.0644_4.19	58	120	80	364	170	141	426	80	208	212
88.0757_4.2	139	146	153	135	144	117	110	127	158	138
153.1013_4.2	93	127	71	56	80	79	67	73	62	133
158.1541_4.2	797	851	763	797	694	727	649	842	780	833
215.1755_4.2	2388	1117	1368	1205	373	1532	869	1104	1299	931
272.2583_4.2	464	466	474	312	319	371	273	224	336	325
286.2739_4.2	980	1102	1020	986	983	1198	1185	1209	1123	1274
338.3416_4.2	651	495	396	361	298	284	464	598	1082	489
614.4834_4.2	5283	3368	19121	8816	15896	11034	6813	6197	20729	18110
79.0213_4.21	203	210	183	234	210	183	184	226	215	205
86.0601_4.21	13969	13039	13469	13473	13972	13268	14474	13862	13227	13639
102.055_4.21	86	94	73	79	105	101	98	91	73	107
151.1231_4.21	7750	7464	7573	7559	7786	7676	7582	7945	7889	7799
162.0762_4.21	1978	1689	1923	2013	2317	1982	2464	2610	1642	2059
198.124_4.21	281	355	332	320	372	329	380	404	354	331
284.2066_4.21	116341	38585	30172	55032	206618	232472	55667	124700	25497	23896
341.0954_4.21	667	678	873	692	957	579	602	718	508	598
158.1177_4.22	214	181	180	188	188	173	175	185	184	194
193.1338_4.22	179	137	176	199	153	189	167	161	181	213
209.0923_4.22	267	331	436	398	3772	382	316	247	350	359
217.1075_4.22	260	211	208	240	207	239	268	349	333	422
369.3515_4.22	270	982	959	812	870	650	1171	756	770	817
139.0503_4.23	24322	25390	30666	32430	449639	23092	108320	14353	17278	25928
152.082_4.23	960	1040	992	1019	969	999	973	1032	1123	1044
153.0772_4.23	518	528	534	509	457	517	476	527	568	568
165.1138_4.23	5051	4694	5001	4995	4793	4807	4738	5137	5071	4799
187.0967_4.23	2115	2476	2197	2379	2368	2460	2773	2249	2539	2567
218.1038_4.23	281	319	249	331	223	215	256	289	261	375
338.3415_4.23	741	712	380	534	334	382	389	549	1386	570
102.055_4.24	172	179	156	163	149	126	143	133	127	156
123.0418_4.24	108	124	101	134	102	123	156	110	106	135
125.0712_4.24	104307	102545	104365	104158	105505	101906	98137	102380	106349	106454
169.0861_4.24	1489	1781	1428	1395	1776	1576	2034	1661	1759	1900
198.124_4.24	812	789	773	781	711	687	751	735	751	856
231.124_4.24	4536	4784	4866	4683	4377	4352	4969	4917	5144	5186
249.1445_4.24	3807	1931	2329	5114	4537	4975	6000	4869	3429	4038
302.2688_4.24	916	1074	1109	1059	1152	1042	989	893	1213	1110
600.4686_4.24	34581	15077	52497	13509	34338	72372	20367	6535	31203	60368
158.1177_4.25	256	249	231	223	253	255	233	249	208	204
169.0586_4.25	158	187	212	191	348	211	303	242	419	283
244.1193_4.25	2945	3167	2918	3014	2734	2994	2874	2853	3046	3012
88.0757_4.26	255	239	253	227	219	241	223	211	228	235
114.0917_4.26	11290	10621	10555	11240	10893	10488	10697	10934	11121	11493
137.1075_4.26	5634	5545	5744	5595	5569	5590	5253	5687	5369	5609
141.9992_4.26	13449	10774	9370	8754	9342	8524	12161	8007	8951	8313
159.113_4.26	74	90	83	85	106	111	112	98	107	105
171.1494_4.26	6273	6216	5741	6110	6506	6618	6503	6911	7291	7432
196.1083_4.26	263	239	232	252	286	251	320	383	283	336
214.1803_4.26	4936	4483	4257	4332	4386	7305	4567	3592	5351	3710
220.0193_4.26	362	325	414	367	531	398	420	280	551	358
230.1401_4.26	16259	15801	15641	15987	15566	14976	14974	15678	15778	15298
245.0767_4.26	268	250	279	296	333	289	231	277	202	222
338.3416_4.26	853	677	741	724	444	637	811	474	383	324
102.0551_4.27	189	185	189	181	147	171	176	153	162	196
126.0552_4.27	437	427	437	388	467	447	410	397	412	438
127.095_4.27	192	213	207	243	181	188	188	181	188	211
147.0765_4.27	11395	10731	10456	12983	11866	11495	13706	11711	10082	11914
147.1017_4.27	168	73	83	78	233	133	61	161	75	65
149.0711_4.27	544	595	404	388	238	345	330	397	311	337
155.0816_4.27	14945	14208	14243	14129	14866	13971	14360	15043	14823	15017
166.0977_4.27	150885	145210	146851	146178	144572	141723	137208	145372	144431	145508
186.1127_4.27	2772	5885	3764	8794	3800	4418	3921	2732	2654	3495
190.0977_4.27	701	670	750	646	749	738	753	807	810	910
194.1542_4.27	6731	6832	6216	6681	6607	6680	6669	7314	7399	8071
197.1538_4.27	252	234	240	239	128	306	203	239	320	131
199.108_4.27	830	799	851	1029	1156	675	903	908	673	988
219.1227_4.27	137	27	103	65	148	208	36	58	31	25
226.0687_4.27	17496	6606	9378	18781	27465	19261	18735	15504	18971	17554
270.1911_4.27	16367	5676	5500	8485	29665	31195	8023	14061	4825	4054
287.2328_4.27	23685	12078	7069	13727	4704	18623	10901	8605	24054	13984
341.0951_4.27	621	806	1323	722	1529	1043	745	524	692	634
79.0213_4.28	408	400	399	394	388	352	385	396	400	401
99.0441_4.28	377	310	242	305	208	270	280	331	350	403
124.0397_4.28	176	202	185	156	176	207	218	168	185	201
152.0708_4.28	222	221	226	261	225	276	253	263	279	280
167.0817_4.28	1827	1741	1698	1694	1763	1634	1687	2015	2070	2105
168.1133_4.28	584	613	569	570	512	485	577	533	551	555
193.1338_4.28	239	239	207	226	222	207	163	246	224	210
204.0869_4.28	53895	25481	32607	62947	65594	66147	77538	69293	47987	61118
239.149_4.28	193	172	276	169	291	288	255	291	278	228
244.1907_4.28	6047	4851	5168	5462	5414	5785	5421	5376	6498	6225
248.0764_4.28	1057	1567	1471	1517	925	1755	2126	1445	1107	1417
271.1665_4.28	9031	8304	8840	8599	8804	8770	9101	9154	9124	9171
286.274_4.28	3358	3279	3356	3566	3414	3459	3636	3454	3334	3222
287.2693_4.28	685	985	876	692	834	647	836	718	929	794
678.4778_4.28	3855	29182	78374	8976	4837	13554	1480	2614	682	23448
79.0416_4.29	106	81	78	81	102	123	127	90	90	120
111.0443_4.29	265	251	266	297	158	166	197	283	231	300
112.0507_4.29	282	281	307	323	250	300	284	219	249	267
133.061_4.29	5010	7965	4702	4680	5899	11817	8313	7535	2573	6890
158.1177_4.29	238	262	247	241	244	231	225	233	275	277
171.0766_4.29	549	543	477	355	412	517	326	459	494	640
186.2217_4.29	451	435	521	516	440	399	448	451	484	425
201.1236_4.29	227	186	169	168	196	192	165	235	241	251
566.2643_4.29	2587	3845	3504	6436	3424	7033	13306	4572	10841	7114
126.0665_4.3	271	223	260	228	303	322	296	294	349	369
132.0658_4.3	110	113	87	187	65	78	90	80	165	177
159.0766_4.3	91	83	76	87	60	74	43	99	59	61
183.0784_4.3	1397	862	798	911	996	1160	1219	2259	2412	1456
254.1598_4.3	2405	1842	2138	1778	2074	3698	1361	2366	992	1325
270.2176_4.3	1134	383	1194	614	559	675	1252	396	475	349
302.2688_4.3	5248	5055	5667	5334	5723	5144	5078	4930	5734	5306
327.2276_4.3	15444	6469	3184	7093	4928	13914	4282	2861	6303	5975
399.3467_4.3	45367	40654	43253	48015	38314	40759	46895	48049	44801	44788
572.4369_4.3	1360	229	3093	2342	2584	2934	359	221	250	730
108.0809_4.31	1179	987	1137	1228	1155	1020	1038	1127	1193	1195
128.0709_4.31	2481	2266	2211	2401	2437	2357	2048	2552	2506	2682
205.0644_4.31	631	1532	1321	4423	1781	2055	5417	1732	2568	1759
208.1083_4.31	2504	2415	2425	2733	2368	2516	2540	2499	2473	2851
209.1035_4.31	1147	1084	1312	1259	1279	1243	1225	1292	1383	1517
314.1807_4.31	126	287	693	483	166	759	87	290	172	333
317.2068_4.31	6545	3496	2658	4964	541	4191	2424	722	11044	7446
385.2735_4.31	283480	353887	378490	353992	412654	417291	501799	392808	439061	365682
90.055_4.32	2523	2659	2319	2422	2652	3141	2802	2802	2296	2879
226.1802_4.32	4655	3373	3766	3814	3300	3947	3502	3795	4410	4764
313.0076_4.32	448	167	297	478	122	345	150	68	74	23
330.3001_4.32	34019	31312	35286	36191	36339	34983	35556	33934	36096	36102
387.2888_4.32	1294	3233	3079	2169	3167	2646	3503	2587	3118	2482
206.1025_4.33	13624	21265	13378	17578	21065	18992	24470	12307	18693	15663
240.1806_4.33	21709	18624	5060	8307	26539	25959	8189	9717	8039	12167
361.2735_4.33	47926	59410	65684	62720	70970	63315	84245	62402	78452	63048
186.2218_4.34	1303	1089	1196	1076	1170	1180	1009	1301	1345	1335
220.118_4.34	3899	5564	4564	4691	5220	4824	3902	4117	4991	5017
338.3415_4.34	9834	6057	5670	6822	6384	6412	6161	8298	19911	12304
389.3048_4.34	1498	2828	3377	2326	2979	2297	3925	3300	4819	3437
221.1133_4.35	10395	10194	12702	14012	9695	10061	9836	10222	9193	9138
253.0931_4.37	836	596	840	916	1133	758	854	537	1187	750
267.0724_4.37	777	946	536	1386	663	834	823	713	632	787
176.0119_4.38	721	1042	1120	1048	745	837	895	862	556	680
220.0815_4.38	247	201	623	1201	896	290	1102	350	914	518
337.2735_4.38	5802	10419	11403	5588	7539	8497	12965	8099	12344	9193
244.1908_4.39	666	627	340	513	296	315	756	453	1129	912
195.1229_4.4	2173686	1905787	728868	947050	2634157	2741769	1047126	1152168	874003	1386620
582.2593_4.41	8571	21668	18945	26835	22934	46259	69990	33769	65027	45760
74.0237_4.42	10303	10757	12117	11290	10905	12126	13381	10771	10587	10009
177.1122_4.42	13170	10543	3806	5411	15283	15669	5837	6404	5004	7905
312.0042_4.42	64093	60812	61923	66573	60756	56672	53504	51523	55284	49432
186.2218_4.43	597	462	450	506	504	516	489	375	621	628
575.0685_4.43	44865	51773	53984	48346	39610	47265	47735	39585	38774	35604
400.0202_4.44	54808	58778	61254	58641	56853	59644	57166	51067	55072	50648
236.0222_4.45	10689	9203	11307	12405	14747	12676	10603	7369	15607	10573
337.2735_4.46	2178	7541	5628	2516	2698	6201	8635	4724	7523	5496
339.2891_4.46	58979	64125	74969	57260	67255	66624	94264	73902	74466	69014
351.1032_4.46	68176	73823	84146	80946	73202	87987	93275	80277	66984	66300
214.0114_4.47	233420	188778	219656	219151	217129	207954	186101	197683	197207	186597
311.2579_4.47	164	995	964	704	703	955	1786	1505	2305	1375
130.0501_4.48	510670	557768	587291	545966	532331	595539	668212	552214	528839	516420
130.0613_4.48	671	504	495	568	471	441	417	353	430	439
405.0225_4.48	50697	45113	54263	54916	61107	56166	66500	64515	54526	56368
137.1075_4.49	348	294	360	358	287	319	275	277	322	284
198.0375_4.49	2739755	2479220	2726574	2617233	2569142	2646230	2580901	2634273	2592442	2561198
276.0145_4.49	54580	46594	61931	58091	87217	58845	54971	36027	88688	53877
84.0445_4.5	21957	23810	23348	22584	22704	23558	24618	21196	21657	22589
102.055_4.5	1067	1281	1221	995	914	984	1054	1041	941	917
220.0816_4.5	7134	6120	7397	15229	9299	8879	14177	8454	12878	9876
291.9884_4.5	14989	10548	14312	14513	21900	14119	9310	6595	20309	10850
331.2589_4.5	17210	9413	3797	8784	1300	15067	3688	854	12521	9090
134.0814_4.51	2662	2205	7439	9245	912	1123	1015	1220	1305	1164
399.3466_4.51	13053	9424	8531	8145	6559	6148	3327	5991	7522	5343
148.0605_4.53	166469	180898	166279	171540	140187	152542	139546	130857	135781	127638
226.1803_4.53	541	405	581	481	511	284	342	480	426	317
242.0635_4.53	7000	5128	7033	12992	8355	6887	11045	7196	12480	8729
244.1908_4.53	970	864	625	862	1021	1314	649	986	979	809
338.3416_4.53	6819	3956	3184	3569	3226	3708	2452	5184	8852	5976
385.2735_4.53	1299	965	1889	602	861	2107	1327	547	902	444
102.055_4.54	304	347	423	374	389	382	432	516	476	363
253.1646_4.54	204236	60170	51806	85637	344461	391697	92458	222677	44359	41954
212.0531_4.55	389302	413927	423594	366074	384453	373862	414108	382503	411864	401804
228.027_4.55	34803	34865	37282	32449	33940	30015	32038	29743	33259	31381
147.0806_4.56	770	854	282	812	611	328	607	419	388	310
173.1287_4.56	6864	5398	2178	2905	6714	8286	3697	5626	1774	2843
387.1007_4.56	3794	4169	4516	3593	4165	3799	4410	3895	3723	3951
85.0478_4.57	203	223	231	144	134	220	207	135	144	209
102.0548_4.57	282	353	307	261	335	345	401	301	327	311
577.5193_4.57	2454	10945	1284	2959	4442	2025	10917	2719	5051	4786
172.097_4.58	810	1598	1265	1233	912	942	797	852	574	743
267.0723_4.58	6714	7226	5964	8739	7124	6477	7843	6606	6065	7089
291.9884_4.58	2171	1569	2430	2440	3903	2273	2365	1412	3779	1930
298.2223_4.58	3892	997	418	1543	8068	6793	2003	3937	574	216
274.122_4.59	5290	5685	5351	5337	7463	5730	7935	6247	7683	6073
702.5359_4.59	327	209	1358	944	1186	768	425	713	2366	1622
79.0213_4.6	212	242	247	241	230	244	192	251	233	224
226.1802_4.6	1482	1302	1136	1278	1104	1139	1274	1319	1392	1193
244.1908_4.6	1049	949	863	994	856	848	777	1237	1001	1028
317.2432_4.6	3189	1698	716	1628	242	1977	831	280	1756	1338
328.2328_4.6	119435	16695	44648	25824	92968	145573	44280	47827	10666	3549
127.0869_4.61	1227	1384	1231	1228	1364	1264	1276	1282	1197	1191
160.023_4.61	2542	2739	2248	2521	2648	2674	2633	2978	3054	3077
180.0327_4.61	18359	52146	30748	88246	31821	32631	28758	24380	19303	22701
228.1346_4.61	302	385	340	369	301	334	308	372	385	310
235.1288_4.61	1466	1380	1431	1628	1153	1101	1767	1282	1203	1338
236.0917_4.61	393	1814	533	990	427	337	547	402	373	489
369.3513_4.61	92789	115553	141512	115778	151787	133166	168399	130170	128887	128122
706.5378_4.61	4146	4860	3471	977	2260	3383	6324	2978	3758	3122
86.0965_4.62	55	66	56	62	71	73	69	67	76	81
120.0659_4.62	340	287	280	272	286	266	335	318	352	327
213.1138_4.62	21810	22129	21775	21725	21493	21760	21533	21129	21526	21067
263.0737_4.62	6300	3471	5174	6945	15599	5955	6319	2002	16769	5343
306.0818_4.62	7841	8360	5964	7268	6519	8344	10963	7911	8579	7053
313.0075_4.62	640	326	879	633	729	552	542	406	222	325
182.962_4.63	411	388	338	326	330	315	289	318	332	343
213.0483_4.63	1045	1038	571	967	817	1117	969	795	732	1171
224.989_4.63	745	800	722	742	650	517	518	614	514	479
227.1392_4.63	446	429	442	429	564	486	525	440	434	430
152.0708_4.64	1395	1705	1491	1590	1693	1469	1551	1461	1572	1714
155.1181_4.64	81	69	99	73	83	51	53	13	69	86
170.1289_4.64	427	360	286	283	360	317	296	282	240	277
191.0664_4.64	4502	5769	3489	4789	4271	7315	6901	4780	3759	6017
217.1074_4.64	284	195	158	189	220	200	327	344	455	328
218.1037_4.64	405	332	368	413	410	417	328	311	381	331
235.1289_4.64	250	385	406	358	365	381	508	370	319	430
269.0768_4.64	353	485	300	353	306	420	561	358	81	272
309.0691_4.64	1978	2187	1720	1700	1444	1539	2184	1170	1200	1337
370.2772_4.64	2956	3251	14606	10879	10887	9210	9410	8804	4197	8054
386.2748_4.64	24648	5263	17553	10057	17730	31050	23713	9428	1440	1205
688.5201_4.64	5255	2900	3921	1792	3334	16025	3141	735	4148	21796
80.0495_4.65	812	759	736	730	832	787	798	790	777	788
92.037_4.65	176	208	196	147	193	207	183	159	171	137
127.095_4.65	761	745	790	856	817	793	869	766	736	785
159.0766_4.65	207	186	199	187	213	198	172	190	173	194
167.101_4.65	938	991	934	792	863	864	868	853	802	891
182.0927_4.65	900	831	925	878	831	754	824	765	750	877
193.1338_4.65	1872	1742	1752	1669	1775	1750	1674	1683	1632	1650
271.1666_4.65	6230	6303	5781	5815	6219	6112	5490	5995	5593	6159
289.1757_4.65	2093	1157	2748	2306	242	765	1344	123	1796	824
116.0709_4.66	3095	5482	3849	6463	3316	3717	2866	2820	2239	3096
171.0766_4.66	545	630	613	667	473	635	492	588	680	709
195.0879_4.66	37189	37132	36393	36789	36507	37420	35147	36803	35549	37140
244.1907_4.66	720	670	702	457	752	662	590	565	611	660
651.5352_4.66	3423	5114	4485	3450	5069	5538	7590	5036	6104	4482
137.1075_4.67	5605	5733	5315	5528	5423	5603	5664	5602	5508	5530
153.1024_4.67	702	774	774	728	734	688	627	710	695	698
171.1494_4.67	2486	2285	2227	2193	2584	2725	2427	2556	2665	2843
226.1802_4.67	759	546	489	525	465	548	493	471	472	456
734.5693_4.67	12399	9799	5688	6323	7467	16462	12282	5836	6806	8100
142.9964_4.68	770	780	647	655	621	608	587	701	792	971
155.0704_4.68	555	538	465	658	453	563	584	593	632	591
212.1495_4.68	2876	2706	1360	1607	2764	3336	1653	1908	1564	2357
244.1908_4.68	704	613	565	523	583	584	511	622	650	729
314.2172_4.68	7698	1128	3547	2246	6938	15045	2644	3164	1334	599
362.2536_4.68	1658	857	842	1690	3918	1487	1336	1272	1036	994
627.5345_4.68	156333	188477	175148	157831	180030	189205	236001	180800	203437	188901
629.5406_4.68	9598	11809	10500	8411	10651	12426	14993	10831	12772	12621
145.0973_4.69	344	303	324	336	339	358	307	352	357	363
151.0967_4.69	842	796	582	664	854	874	704	804	762	849
158.1177_4.69	2304	2279	2155	2147	2242	2232	1986	2201	2344	2228
173.0559_4.69	1189	1308	958	1185	1094	1658	1318	1290	995	1521
194.1179_4.69	537	502	390	408	497	435	454	357	396	375
92.0369_4.7	369	462	506	497	460	412	431	422	436	423
94.0652_4.7	136	128	135	112	118	133	159	136	147	119
102.0551_4.7	156	134	161	155	127	163	137	148	142	158
159.0766_4.7	124	118	152	141	155	145	124	160	147	160
202.1076_4.7	329	352	737	682	384	408	338	205	212	301
217.1073_4.7	927	772	699	767	824	876	890	1027	989	1059
773.5225_4.7	3412	3778	4651	4064	4697	5696	5307	5214	6329	4165
788.5432_4.7	202777	234560	254194	223685	253311	270363	312071	245844	287279	259524
791.5519_4.7	1023	1605	2003	1843	1875	2090	2434	2621	2681	1721
116.0345_4.71	217	238	265	233	176	266	284	273	246	269
130.0613_4.71	2878	2732	2728	2705	2624	2786	2508	2617	2682	2727
132.0658_4.71	64	71	49	58	35	76	98	67	75	148
155.1181_4.71	179	171	175	171	194	191	213	217	218	221
169.0861_4.71	1367	1327	1167	1286	1266	1304	1235	1447	1406	1486
207.1243_4.71	3290	3077	3176	3148	2929	3304	2776	3123	2929	3198
239.1139_4.71	281	297	260	323	296	317	274	295	342	268
793.4987_4.71	46228	43899	47351	50198	45122	56764	52515	44412	60319	55584
114.0917_4.72	13046	13116	12514	12386	13147	12896	12717	12885	13179	13239
168.1232_4.72	976	1026	929	755	723	1058	758	1045	984	1023
191.0665_4.72	2167	2648	1545	2523	1906	3464	2971	2617	2270	3536
198.124_4.72	2626	2468	2484	2485	2441	2612	2471	2455	2369	2614
203.0894_4.72	798	403	958	1068	484	660	624	460	477	502
252.1092_4.72	791	768	723	1215	795	866	1283	698	1101	744
263.0737_4.72	1430	686	894	1441	1203	1057	822	708	1794	991
92.0369_4.73	155	200	208	198	160	167	179	149	156	153
151.1231_4.73	14482	14161	14478	13951	14350	14071	13821	14346	14212	14354
155.0816_4.73	8913	9140	8707	9003	9273	8953	8309	9357	8911	9756
244.1193_4.73	314	350	303	341	421	377	278	464	418	478
245.1146_4.73	375	356	259	339	320	346	318	348	375	388
338.3415_4.73	1096	981	726	765	548	817	1004	864	938	881
344.2616_4.73	15832	16000	61273	40860	49133	52516	46484	44726	27538	38295
607.5574_4.73	734	882	766	731	140	1208	1322	1373	1392	942
99.0441_4.74	468	536	503	446	411	432	456	506	512	516
603.5352_4.74	40833	48578	48917	43010	43401	48214	57993	49255	48325	46611
777.5637_4.74	5159	3533	3987	3996	2204	4639	5395	4128	4631	4404
141.1023_4.75	2272	2117	2053	2165	2088	2109	1907	2051	2028	2072
145.0973_4.75	373	420	432	408	442	431	380	376	403	426
203.0894_4.75	111	104	236	257	92	146	180	161	124	104
217.1072_4.75	788	713	676	674	765	770	804	984	849	930
226.1804_4.75	526	538	556	475	458	498	669	612	544	602
338.3417_4.75	2974	2584	2150	2438	1788	2271	3884	4491	3054	2243
591.5351_4.75	1438	3395	3242	2070	1319	1863	2052	2083	1755	1963
605.5515_4.75	23670	25939	22371	24181	18868	23288	26664	24372	25523	24051
734.5694_4.75	12021	17727	12126	14618	5762	11165	23736	11227	12601	12829
794.5908_4.75	33687	37027	37758	39701	31094	32447	40116	36359	33803	31874
113.0599_4.76	1728	1768	1686	1713	1253	1523	1427	1520	1434	1751
201.1124_4.76	711	809	578	652	337	625	492	575	569	771
209.1386_4.76	2212	2314	813	1299	3142	3464	1044	1339	750	1723
229.1993_4.76	2683	2237	2083	1927	1631	1892	1824	2012	2349	2337
339.2891_4.76	1486	2019	1796	1803	1957	1869	2172	1798	1843	1627
346.197_4.76	816	1015	828	1316	818	1393	1232	972	1042	1508
575.5036_4.76	13076	19656	17431	14081	15911	16975	17750	16555	14525	14516
780.5741_4.76	1543	3161	3164	2456	1783	2380	2145	2569	2270	2835
92.0369_4.77	302	339	393	382	341	290	313	298	306	285
101.0598_4.77	221	207	195	229	187	208	207	196	190	197
147.0653_4.77	37	68	83	71	24	75	49	31	29	55
165.0759_4.77	916	1695	1373	1894	685	1321	1070	569	589	860
399.3467_4.77	24124	23125	23062	23966	22929	25691	24519	25589	24513	25959
549.4886_4.77	2410	3686	3057	2540	3414	3017	3288	3847	3129	2461
577.5192_4.77	494406	549763	546240	522788	528509	544995	632148	591936	552228	534208
787.4883_4.77	21358	18971	20225	23371	20362	21001	17446	17673	22139	17464
144.102_4.78	1098	1085	1014	1047	1028	1046	1118	1069	1139	1144
151.0967_4.78	371	407	265	289	403	375	295	353	304	305
172.0605_4.78	345	432	406	385	406	536	608	516	468	540
738.5275_4.78	4748	7739	5570	5824	5485	4881	5544	6455	4646	4636
771.5148_4.78	192660	199011	225053	219082	215823	244689	251719	219073	257735	230052
88.0758_4.79	126	109	121	127	133	138	123	115	118	134
102.055_4.79	493	476	448	491	432	484	450	472	504	542
170.1177_4.79	2230	2084	1961	2003	1985	2455	1976	2114	2236	2157
211.1331_4.79	378	455	369	336	342	392	450	476	340	391
377.1454_4.79	80953	75601	82173	78615	79687	84650	72993	65596	92680	86818
769.5672_4.79	4757	5013	4460	4499	3888	3769	5186	4893	4643	3848
83.0604_4.8	3679	3660	3648	3708	3430	3463	3461	3359	3329	3486
135.0555_4.8	996	1040	1709	895	993	869	1029	1100	1623	1514
149.0711_4.8	207	207	232	193	148	173	250	197	209	287
187.0579_4.8	966	1428	1287	1786	740	1087	745	350	538	752
193.1338_4.8	2112	2305	2100	2145	2203	2307	2200	2270	2290	2265
208.1083_4.8	5961	5799	5862	6030	5331	5857	5444	5523	5796	5654
244.1193_4.8	1623	1651	1778	1651	1464	1621	1549	1674	1530	1769
250.1108_4.8	292	228	304	203	130	872	743	258	448	371
549.4884_4.8	1529	2013	2195	1833	1884	1942	2392	1780	1982	2223
551.5042_4.8	29521	27898	23715	25921	20174	24665	28181	25538	23576	27586
725.5123_4.8	6605	3502	2789	3631	3493	4312	4523	3790	4888	4570
745.4985_4.8	12103	9763	8081	10197	6406	9233	9243	9208	10014	10254
99.0441_4.81	401	421	388	398	352	442	398	493	439	470
112.0508_4.81	432	492	466	488	460	431	500	467	507	537
132.0658_4.81	60	89	83	66	92	106	61	94	104	125
137.0711_4.81	469	421	426	398	364	385	439	459	429	489
162.0763_4.81	804	876	822	807	874	935	1078	1212	1123	1227
217.1072_4.81	1751	1460	1488	1354	1468	1487	1583	1681	1691	1838
312.0042_4.81	955	1043	1032	1201	1099	1017	923	1119	1081	1055
788.5431_4.81	3092	4416	5389	5098	4886	4987	6055	4266	4479	4977
125.0713_4.82	141420	140876	138365	140768	137079	135466	126654	135502	132948	137345
130.0614_4.82	2463	2565	2465	2697	2610	2668	2634	2647	2649	2612
142.004_4.82	1170	1390	1087	1230	1223	1305	1170	1351	1382	1540
148.0969_4.82	199	177	244	239	180	198	161	247	259	206
187.0967_4.82	2615	2687	2624	2601	2305	2735	2661	3005	3008	3121
198.124_4.82	2582	2590	2669	2790	2810	2971	2833	2824	2834	2801
220.0194_4.82	677	703	742	802	760	647	479	697	655	574
282.1196_4.82	12669	11124	11461	14128	16704	11930	10829	11195	10056	11529
304.2999_4.82	829	840	720	796	735	865	761	676	672	733
599.5037_4.82	1891	2100	1929	1764	1780	2450	2246	1470	1930	2070
766.5374_4.82	9727	6102	6348	2831	4421	5501	5903	6936	7105	6482
80.0496_4.83	2073	2078	2130	2111	2133	2194	2120	2112	2098	2065
81.0448_4.83	217	284	223	237	230	221	224	263	279	236
88.0757_4.83	141	136	130	145	142	150	135	138	147	144
92.0369_4.83	162	201	195	185	174	151	174	158	162	137
127.0869_4.83	4055	4144	4319	4118	4144	4189	4184	4004	4240	4388
128.0821_4.83	183	191	172	210	103	167	157	226	266	297
136.0619_4.83	2160	1991	1890	2070	2402	2397	2627	2410	2360	2665
151.0966_4.83	344	323	232	274	308	339	257	308	259	351
169.0973_4.83	283	318	327	231	333	259	336	330	466	397
171.0766_4.83	586	620	578	536	385	559	534	603	730	899
185.1287_4.83	1213	1208	1140	1139	1174	1189	1149	1145	1110	1207
199.108_4.83	601	527	541	501	684	758	910	697	774	683
207.1243_4.83	5107	4900	5061	5004	5019	4946	4630	5088	5129	4975
214.0116_4.83	309	296	467	476	596	625	899	574	890	537
231.1241_4.83	5028	5125	4918	5188	4971	5219	5029	5173	5154	5212
256.1193_4.83	485	404	405	458	477	502	520	550	490	451
285.0829_4.83	897	828	896	1140	869	947	1201	998	1105	1017
738.507_4.83	55467	47462	52333	24343	45049	41130	58515	50287	48734	49254
742.5384_4.83	98697	60398	60668	61578	56862	67456	84581	62781	78328	78855
770.5694_4.83	4428	1228	2812	1808	1465	2175	5057	2967	4089	4314
141.1024_4.84	682	765	693	669	664	690	667	722	725	769
169.0861_4.84	1130	1196	1052	993	1134	1236	1232	1350	1369	1461
191.0665_4.84	1548	2087	1251	1839	1696	3119	3004	2275	1906	2980
286.2377_4.84	276	205	243	223	219	169	328	288	384	388
312.0042_4.84	2896	3344	3804	3887	3672	4204	4030	3175	3651	3446
671.5037_4.84	2327	2434	3410	2254	2734	3078	3428	3297	3543	3831
702.5431_4.84	8972	5343	11031	5145	4613	7078	17400	10494	10301	10549
732.5467_4.84	2722	1983	2529	939	1627	8778	1779	618	2381	16042
111.0443_4.85	622	568	516	499	459	565	546	650	701	611
127.0757_4.85	197	183	179	183	164	180	172	166	180	205
145.0973_4.85	379	395	381	365	364	382	385	355	400	385
147.0766_4.85	6919	6153	5062	8108	6054	6407	6497	6134	6289	7273
149.0922_4.85	111	79	100	87	81	98	111	131	160	132
152.0569_4.85	78	150	154	172	164	148	203	156	209	106
158.1177_4.85	1958	2001	1828	1839	2077	1881	1988	1829	1939	2003
167.0817_4.85	3854	3974	3748	3839	4291	3871	4102	4059	4117	4177
171.1494_4.85	4843	4834	4674	4527	5092	6454	5073	5069	5562	5864
187.2252_4.85	2890	2879	2781	2895	3238	2991	2927	2972	3210	3006
225.9868_4.85	62	92	216	85	32	11	50	23	117	19
263.0737_4.85	6832	5503	7187	10305	15556	9657	10113	5849	19872	8572
108.0809_4.86	9433	9415	9784	9530	9383	9688	9339	9284	9387	9386
137.1075_4.86	2193	2234	2242	2127	2210	2178	2181	2193	2323	2348
148.0606_4.86	15575	18034	15656	18191	13900	16923	16039	13877	16553	13489
153.1024_4.86	913	1004	992	911	921	839	831	924	840	923
165.1137_4.86	13526	13341	13338	13270	13337	13334	13337	13325	13494	13734
172.0606_4.86	876	1036	961	945	951	1152	1545	1140	1347	1302
182.0927_4.86	1142	1134	1163	1170	1104	1202	1139	1223	1139	1218
185.0923_4.86	670	687	641	613	635	645	693	627	668	787
214.0117_4.86	209	216	379	355	526	612	1287	313	705	387
230.1401_4.86	22380	22136	22360	22245	21364	21640	20229	21434	21462	21841
261.1308_4.86	4068	1538	1804	2434	5573	6929	2395	2866	1315	1088
271.1666_4.86	8179	8230	8000	8318	8788	8741	8067	8576	8768	8471
286.274_4.86	45330	45403	46033	46203	44235	44450	44321	44504	45114	45457
316.2846_4.86	1964	1782	1855	1831	1490	1826	1815	1780	1827	1856
370.2772_4.86	1390	1451	7004	4624	5385	4869	5925	4139	2516	4239
745.479_4.86	1558	581	1358	567	633	1180	1297	481	1212	1095
113.0599_4.87	523	602	538	548	509	562	589	648	596	642
178.1076_4.87	576	447	2106	2148	56	284	253	182	410	221
190.0977_4.87	1107	1187	1183	1159	1087	1132	1061	1164	1431	1464
217.1073_4.87	631	599	512	546	632	674	786	799	801	759
226.1804_4.87	598	505	470	508	468	400	426	494	539	510
239.149_4.87	533944	185845	208298	269525	675967	813221	236699	317771	113958	95060
244.1908_4.87	634	504	461	508	456	457	553	533	581	647
244.2635_4.87	12564	12648	13386	13653	13339	13822	14431	13844	14659	14708
283.1035_4.87	652	820	969	930	1079	954	907	859	721	541
316.2846_4.87	1521	1611	1828	1768	1794	1920	1989	1821	1896	2039
338.3418_4.87	703	694	523	480	765	666	966	919	962	681
358.3314_4.87	50422	50433	49198	49686	48416	49445	48186	49451	49370	49233
599.504_4.87	3679	2696	3694	2403	2395	3217	5305	3453	4113	3996
647.5035_4.87	3138	4348	3741	3711	4176	4650	5481	5402	5743	4787
676.5268_4.87	4355	1839	2165	1622	1423	2041	4593	3855	3265	3040
92.0369_4.88	143	179	190	200	195	183	161	177	175	159
97.0648_4.88	820	868	804	834	843	857	863	843	871	903
151.0616_4.88	1625	2148	2135	2033	2082	2038	1847	1882	1587	1869
183.1018_4.88	1277	1448	1343	1155	1140	1246	1257	1335	1301	1435
244.1192_4.88	347	317	440	391	399	492	448	442	455	425
272.2949_4.88	740	739	756	800	996	939	1013	1018	1014	871
282.279_4.88	3227	2588	3252	2286	2579	2911	5099	3554	3770	3729
287.0807_4.88	10506	7306	8210	19555	1855	6609	5431	2273	3685	2323
399.3467_4.88	12061	11275	11252	10924	11291	10399	11894	12719	12929	12871
603.5356_4.88	1268	978	827	525	742	748	1691	1560	1557	1176
718.5381_4.88	29533	15238	16586	12953	13673	18179	30501	23385	27687	26888
720.5547_4.88	11553	2426	2900	2620	2002	3765	8914	6468	8799	8589
151.0966_4.89	533	505	413	469	717	719	590	494	494	481
160.0969_4.89	621	794	693	933	964	1047	731	698	534	777
220.1181_4.89	152	301	261	144	225	216	219	235	281	278
226.1803_4.89	497	428	444	351	381	385	426	372	455	396
651.5348_4.89	22318	21916	19621	20658	18168	20936	22772	26091	25820	26354
131.0817_4.9	245	314	232	263	1902	448	343	216	244	310
138.055_4.9	86	121	98	105	164	192	164	114	151	154
625.5188_4.9	256237	292980	259858	248981	248239	236172	239812	286272	259771	251306
692.522_4.9	32953	14894	10140	6711	9468	13222	27534	21777	20277	23458
627.5345_4.92	897954	895902	749977	866224	677691	706891	655465	853965	800279	793708
623.503_4.93	30718	34502	35553	25666	25136	27385	32655	32326	32068	35473
182.1038_4.95	30557	30200	37715	32937	30512	28535	28807	28590	25974	27574
273.0842_4.95	881150	773847	929191	871952	905896	878789	895134	907687	711006	935051
314.2172_4.95	62517	4334	22971	10268	45239	74692	22392	18451	3380	898
599.5037_4.95	249866	251358	254129	251632	217222	228772	210921	245221	227767	240195
108.0809_4.96	426	367	373	337	289	192	187	231	240	262
139.0525_4.97	5094	4631	5857	5607	6165	6178	5347	5611	5573	5345
175.0018_4.98	20307	14565	20029	14873	21150	17408	15708	19463	14530	17672
295.0661_4.98	14400	11038	15776	12615	17210	13831	13447	18663	11840	20438
137.0458_4.99	16955682	16615621	16001124	17563930	17052576	16927240	17795641	16710517	15569539	17151485
110.0351_5	6371	6756	6194	7157	7121	7213	7903	6936	6562	7201
119.0356_5	6016	6280	5975	6437	6175	6433	6423	6111	5900	6333
427.1084_5	41067	36197	42040	37633	48821	41102	37618	47222	37972	48804
313.1253_5.07	27844	28718	25363	26626	24316	24417	25606	25349	26950	27451
314.1457_5.08	60560	65807	52255	55741	52154	49558	50574	50384	50345	54758
147.0765_5.09	3862	2953	2343	2502	3150	2455	1875	3059	1855	3436
292.0732_5.09	10974	11008	9425	9525	12361	11043	9739	10456	13596	13471
427.1084_5.1	25050	15117	19819	11378	25039	16666	13271	23385	15489	19222
140.1071_5.11	25090	24629	24630	24281	25016	24141	24409	24468	24549	24849
80.0495_5.12	183	159	168	204	216	195	182	224	167	184
182.1039_5.12	11648	10242	12384	10404	10424	9773	8220	9323	7166	8988
369.3513_5.12	15469	20600	32500	19911	32702	29465	28844	24484	26794	25357
559.1507_5.12	708193	664907	639843	679534	772546	706535	751929	702145	832174	778383
561.1559_5.14	15085	11635	12736	10848	16834	12926	12286	14012	14371	14336
153.066_5.15	60185	72378	71723	39112	54171	85116	34701	77190	30109	68925
268.185_5.15	648	861	844	1090	643	744	1154	419	1118	715
80.0495_5.18	147	146	163	141	189	194	192	211	165	170
167.0929_5.18	1550	1379	1069	774	1362	1271	1004	1302	1153	1311
195.1229_5.19	690	644	436	519	750	850	576	514	458	612
318.3277_5.19	983	921	972	1032	917	986	1082	1044	995	1064
575.1248_5.19	114963	101141	97696	110571	124572	103903	101373	96119	120027	108107
126.0916_5.2	14783	15030	14752	14351	15152	15371	14549	14890	14945	14643
228.196_5.2	802	764	726	515	851	784	622	819	693	741
268.0231_5.2	863	1591	1199	2269	732	1066	1664	551	1038	785
268.1853_5.2	365	616	529	991	423	657	808	370	731	458
168.0657_5.21	15516	13819	20040	33834	23758	21423	29854	18672	15901	18782
80.0495_5.23	388	447	382	403	430	511	482	480	398	480
109.032_5.23	456	1458	928	201	310	329	358	247	322	689
290.2964_5.23	1641	1581	1935	1542	1653	1407	1421	1760	1613	1556
399.3467_5.23	933	1059	679	730	754	1002	853	1194	1246	1201
142.0976_5.24	1058	908	1149	1043	998	950	1030	981	950	1005
443.0825_5.24	1060	598	576	112	1115	418	154	877	644	648
102.055_5.25	162	147	143	104	155	133	126	168	118	184
103.0503_5.25	92	153	153	108	117	146	151	125	122	162
183.1072_5.25	710	315	522	268	694	732	479	717	454	1143
228.196_5.25	1582	1496	1358	1444	1341	1496	1293	1445	1571	1395
288.2534_5.25	44777	30558	69760	69137	11117	27663	27241	6174	45261	17974
193.1339_5.26	639	597	583	589	637	541	545	486	539	476
108.0809_5.27	12510	12338	12427	12728	12865	12328	11761	11754	11885	11938
262.1804_5.27	496	574	521	400	435	559	454	405	535	558
405.1264_5.27	11975	7471	5863	2884	9395	7896	6789	13300	5987	12307
80.0495_5.28	112	122	110	95	145	126	132	124	135	160
102.0551_5.28	131	151	142	108	161	169	159	143	118	146
125.0713_5.28	146726	144568	143885	138505	144625	145069	138342	145524	142454	145035
154.1228_5.28	223	238	237	208	245	314	165	215	261	279
257.0744_5.28	8811	10903	11044	6395	10548	10437	8134	8552	8674	8019
263.0737_5.28	21776	16395	19586	13798	24447	19707	16004	22555	16595	18079
273.0483_5.28	1696	2269	2235	1463	2317	2561	1861	1765	1701	1523
300.2015_5.28	188708	70088	144231	119101	201468	429265	110386	84589	54015	36268
307.0437_5.28	453642	380626	371469	366945	476100	405752	356359	404781	429743	414523
557.2873_5.28	16581	22546	22654	14248	20803	24826	29141	23871	28148	19731
574.3143_5.28	4137	5367	6618	4130	4658	5981	6853	4360	6215	4272
83.0605_5.29	137	110	118	136	137	146	135	122	142	142
169.0861_5.29	872	918	994	740	1041	729	755	955	898	940
361.2735_5.29	2561	3985	3963	3988	3948	3932	5066	3710	4880	3208
505.3899_5.29	4562	1898	4531	3534	2237	2034	2717	2542	864	2751
117.1389_5.3	323	345	401	396	282	242	262	225	262	222
159.0279_5.3	111725	76219	88299	57768	116298	96117	65795	117507	75583	111259
167.101_5.3	3845	3569	3638	3284	3951	3538	3534	3844	3270	4065
228.1959_5.3	3847	3363	3099	3192	3217	3148	2969	3842	3489	3273
291.0698_5.3	309523	281942	260429	237935	306202	284583	262686	306067	295748	313118
448.8392_5.3	6	26	190	132	63	81	54	64	84	211
80.0495_5.31	126	95	132	116	143	122	128	130	122	126
175.0019_5.31	33643	20165	23579	15628	34519	26163	16328	33406	20362	30320
183.0783_5.31	762	357	348	384	589	715	364	1072	909	590
213.1137_5.31	21696	21867	22487	21222	22067	22063	20849	22225	22201	22061
220.0193_5.31	562	564	664	598	529	515	430	510	590	412
305.1569_5.31	3758	1167	2789	2515	4581	9207	1877	1593	859	363
494.5662_5.31	72716	64208	68598	78999	50791	74372	39234	48982	57282	46017
533.2869_5.31	1167	2309	2472	1929	2153	2524	2577	1554	1896	1615
114.0917_5.32	6215	7040	5961	5791	5870	6230	5677	5989	6332	6578
193.1339_5.32	332	379	358	354	271	320	331	337	295	341
195.123_5.32	8375	8105	6295	6503	9068	9662	6771	7125	6743	7237
117.1388_5.33	291	305	294	387	232	219	247	186	186	177
127.0756_5.33	3718	3681	3291	3332	3507	3580	3384	3674	3552	3787
142.0976_5.33	527	479	519	487	528	483	552	440	406	433
183.1018_5.33	437	379	399	309	580	298	363	598	425	291
195.0879_5.33	18375	18103	18329	18269	17940	18371	17682	18054	18124	18741
273.0482_5.33	325	466	579	57	486	680	517	432	444	321
318.3277_5.33	1354	1210	1221	1148	1228	1411	1274	1208	1351	1248
339.2891_5.33	8747	8871	12503	9196	11256	13013	17769	13386	13199	11804
130.0501_5.34	2073	1910	1563	1857	1880	1818	1603	1821	1638	1869
144.9823_5.34	88844	84109	91065	88355	90470	88308	86297	89091	86923	88210
147.0765_5.34	15453	11886	10101	11595	12142	11337	8688	11787	8306	12500
193.1339_5.34	350	306	309	349	325	376	351	368	388	357
207.1243_5.34	7320	6754	6990	6517	6781	6631	6652	6509	6936	6773
466.5347_5.34	30602	27884	33466	34659	25104	34690	23771	23822	28613	24411
145.0973_5.35	871	846	845	882	787	858	786	778	740	840
148.0605_5.35	33432	33102	29805	25061	25973	27206	19065	24579	20992	21021
399.3469_5.35	821	967	877	820	1112	960	1203	1132	1225	836
491.3744_5.35	1107	521	1832	1060	917	214	458	289	186	187
574.1617_5.35	25042	23707	27828	23963	32178	32427	30221	28885	34927	31950
130.1593_5.36	1032	1015	1027	977	1086	1121	1101	1102	1140	1062
151.0967_5.36	298	294	255	226	235	239	250	253	272	259
159.0765_5.36	145	144	168	108	168	168	122	190	111	183
165.1137_5.36	16441	16754	16208	16133	16919	16563	15935	16425	16518	16571
257.1132_5.36	6560	6887	7727	6246	6869	7630	8336	7839	6210	7264
271.1665_5.36	18514	18347	18763	18603	19013	20269	18320	20182	19668	19271
316.2845_5.36	32349	31853	30778	30513	33064	31729	31837	32900	30865	32801
144.0657_5.37	308	456	291	537	349	332	351	385	325	315
154.1228_5.37	180	191	209	157	235	289	183	226	222	267
178.0898_5.37	418	5838	1402	167	479	1953	528	632	617	2239
228.196_5.37	618	644	609	531	469	576	468	543	600	620
230.1401_5.37	30197	30487	30375	29141	30542	30629	29575	30000	30049	30680
314.3052_5.37	21525	22725	21429	20966	21205	21373	19812	21065	21173	20659
330.3_5.37	287076	294472	284772	285952	287530	293760	277701	290673	291583	283780
552.1804_5.37	42114	42399	28774	40685	41660	46989	47201	44369	47841	48936
589.1728_5.37	62913	58020	59584	62497	59920	57132	53524	53784	64325	55691
244.2635_5.38	106562	108167	106307	105445	105864	107011	105143	106245	107870	108040
272.1505_5.38	120659	124734	121931	123706	120144	125422	122425	121736	124320	124072
272.2947_5.38	38638	40598	38298	39514	39214	39608	38230	38982	40187	39404
290.2964_5.38	26588	26943	27384	27168	25439	27148	24832	26260	26842	27220
358.3313_5.38	92065	94921	90548	91640	93519	90978	88964	94158	94859	90236
374.2899_5.38	952	931	878	773	969	1113	824	1118	1405	932
550.6293_5.38	51350	28483	24865	55619	17492	18845	22251	18957	24976	29909
286.2739_5.39	80057	81251	80270	79050	77468	79023	74981	77885	78596	78436
302.2688_5.39	972	966	849	630	778	845	660	679	824	824
306.0807_5.39	86924	82010	81369	80633	82257	78025	70277	76689	77934	76407
384.1148_5.39	130314	92690	107590	160147	125850	133177	125589	113640	122928	119822
569.1959_5.39	6184	7507	3568	6808	3491	3637	4613	3726	4353	4186
605.147_5.39	2070	1903	2047	1970	2431	2446	1650	1955	2212	2452
130.0613_5.4	3170	3131	3247	3078	3148	2968	2931	3115	3024	3098
130.1593_5.4	423	415	352	354	317	359	273	263	281	284
135.0303_5.4	3027	2991	2202	2833	2292	2514	2610	2569	2458	2502
227.1755_5.4	1991	2096	2595	1719	1547	1910	1987	658	595	639
244.0791_5.4	554	365	691	651	832	773	712	704	722	683
304.2997_5.4	17760	17681	18089	18348	18312	18936	17511	18389	18491	17437
322.0546_5.4	62710	54079	59572	58671	61464	54134	45631	53806	51966	49873
332.3309_5.4	22066	21869	21477	21760	21404	21075	20246	20684	21099	21025
498.5158_5.4	7456	6895	9209	9272	2561	4249	4610	778	4036	2058
556.5299_5.4	14537	10078	21926	17174	3465	5311	5041	851	5285	1324
144.0655_5.41	369	504	401	733	372	393	455	373	320	371
209.1021_5.41	1431	2124	1769	2457	784	1626	807	404	393	748
231.1353_5.41	24480	24057	26167	27321	26696	26123	25673	26632	27671	29012
288.2895_5.41	3979587	3978273	3989805	4103209	4053901	4104611	3980024	3985947	4072738	4020875
392.3158_5.41	23269	23935	23215	22679	21987	23211	21759	22990	22920	22929
496.5091_5.41	218373	202062	273515	274886	87978	126813	141103	31685	149440	96457
522.5977_5.41	30364	9395	8719	19090	5949	7511	6229	4503	5096	7723
228.1959_5.42	1632	1818	1800	1629	1570	1898	1476	1478	1577	1679
302.269_5.42	951	661	1053	883	522	1090	709	768	619	742
368.4249_5.42	54787	53793	52168	53025	54289	53831	52246	54193	54203	52007
399.3467_5.42	5736	4975	5312	5567	5118	5756	4778	5920	5701	6051
798.5426_5.42	8301	8893	11020	9108	10745	12916	9644	10261	9353	8557
167.0929_5.43	1110	1138	1065	967	1089	1281	1042	992	1086	1277
494.5662_5.43	8819	3253	2768	4820	1019	2517	1012	993	953	1312
527.4032_5.43	2144	79	2589	1740	868	822	1133	835	92	1387
307.0438_5.45	1552	1158	1004	1400	1432	1713	1090	1386	1206	1109
508.2827_5.45	10490	12460	12301	12322	13384	12927	14142	13033	13253	12377
139.0616_5.46	1308	1616	1645	1086	1278	1438	1633	1116	1348	934
318.3277_5.46	596	474	592	646	694	501	548	544	673	531
399.3469_5.46	1023	858	928	980	970	947	824	847	908	998
668.6191_5.47	564	1667	29562	201	1734	503	34	1170	359	27441
772.527_5.47	66072	90265	81926	75420	82387	82839	77944	85319	69770	84964
783.5984_5.47	4260	4234	4670	3836	4925	3786	3982	4580	4624	4355
244.0792_5.48	7497	4718	5786	8365	5649	6885	6301	5923	5301	6207
766.5731_5.48	4940	6385	5421	3852	3972	3261	5256	4295	3958	3075
412.4147_5.49	50093	45125	46212	62131	13178	27648	20541	5317	28073	25527
738.5435_5.49	15784	20251	21885	16139	17322	16504	20038	17143	18460	18042
222.0973_5.5	2313	1838	2179	2795	2113	2572	2810	2448	2235	2702
746.5122_5.5	7511	9729	8583	8432	9503	8893	7840	11152	7855	9153
784.6204_5.5	2604	914	2330	2281	529	1715	1193	2294	1574	1612
651.5348_5.51	7137	7564	8569	7482	8826	8596	7422	9095	8774	8395
790.5376_5.51	818161	999951	1015463	904483	992835	1045049	1017706	1001572	946336	1029708
795.5639_5.51	65506	66590	71746	69527	73628	76927	73826	72010	73656	73526
788.522_5.52	27300	37102	38344	33233	33826	43049	36818	35075	33435	38979
627.5344_5.53	9093	10627	10144	9355	10259	9927	8428	9221	10405	10732
766.5373_5.53	1052764	1256951	1308057	1132286	1305681	1272554	1348831	1242161	1246949	1269531
771.5621_5.53	63485	61662	61748	62551	67077	65731	59477	70144	68323	64213
796.5847_5.53	410598	462920	431869	410291	459932	450597	450649	434431	472342	465022
623.5031_5.55	2706	3225	3605	3604	3072	3615	3542	4294	4071	4307
762.506_5.55	40399	50604	51532	46885	49300	54387	47103	52856	47854	52506
782.6057_5.55	45099	53088	43989	47901	47421	44297	45652	41128	51585	43912
430.389_5.57	4326	2536	1585	3189	993	2905	2024	1921	5394	2872
705.5521_5.57	4862	3836	4748	4087	4142	3536	4842	6396	4445	5103
716.5587_5.57	5924	5356	8025	3701	3922	5295	5157	6400	4847	5908
726.5436_5.57	244712	234180	259755	245438	296628	273969	306561	288246	285721	290289
738.5069_5.57	43910	55687	57385	49836	56722	57395	54273	55534	54564	50659
754.5736_5.57	202125	214763	202246	203739	237052	220452	247573	216669	237315	223407
226.0824_5.58	511	810	606	515	520	719	612	504	336	652
603.5351_5.58	2339	3093	2227	2134	2495	2488	2939	3011	3100	2052
714.5427_5.58	773	975	1432	790	824	1269	1345	1387	1106	963
772.5847_5.58	50626	36447	46459	39601	38688	46460	48360	54180	34294	53242
651.5347_5.59	4805	4777	4633	5356	4270	5232	4799	5103	4924	4555
746.5703_5.59	602681	536437	500943	513923	491110	524523	582584	552332	534691	566176
128.0709_5.6	748	781	670	704	716	777	852	976	881	927
186.0763_5.6	3481	3257	3283	4268	3293	4020	4501	3923	3763	4151
204.0869_5.6	49054	41237	44412	56583	44602	54010	56160	49236	47110	52050
244.0792_5.6	20627	16958	16784	19250	16514	20380	19247	20009	18621	21930
361.2735_5.6	10783	9218	9382	10217	10125	9504	11114	10783	11414	10297
369.3515_5.6	2752	3341	3541	3117	3762	3097	3659	3559	3191	2711
621.3032_5.6	9195	8837	8228	8881	8649	9011	10095	8868	9256	9103
730.5385_5.6	2265	4219	3834	1820	1912	2522	2584	2967	2133	2691
102.055_5.61	78	82	71	77	84	97	76	104	90	94
147.0765_5.61	2258	1862	1449	2104	1555	1599	1452	1746	1392	1847
260.0531_5.61	4821	3472	3854	4657	4317	4124	4385	4354	4026	4913
302.2688_5.61	12451	12327	10682	11574	10117	10658	9940	12708	13497	13311
307.0438_5.61	13085	9577	9298	12036	11855	10886	10438	11547	12422	11349
674.5113_5.61	50449	41107	50249	43165	48255	45096	45226	54691	35695	50511
676.5272_5.61	9823	7350	4212	5946	5245	5701	5856	6273	5933	8949
732.554_5.61	7914	12535	11636	5287	7260	7917	7463	9546	7626	7657
114.0917_5.62	2393	2204	2097	2192	2123	2202	2066	2326	2359	2411
138.055_5.62	666	621	567	708	637	821	881	797	763	829
175.0019_5.62	536	388	460	556	625	562	485	606	444	555
271.1667_5.62	512	502	461	527	513	510	576	694	686	666
291.0699_5.62	6488	6202	4757	6693	5450	5935	5952	6295	6303	6306
721.5468_5.62	10374	11829	8812	9863	10229	10224	12035	12266	9979	11323
733.5945_5.62	6711	3015	4469	4269	3887	3732	3351	5345	2535	5320
108.0809_5.63	2723	2577	2515	2598	2321	2424	2267	2476	2401	2486
111.0919_5.63	111	124	79	118	114	137	113	169	148	122
207.1242_5.63	865	718	792	761	763	722	698	885	768	846
228.1959_5.63	541	592	542	503	521	563	535	619	627	554
392.3159_5.63	4365	4878	4008	4750	4217	4321	4365	4841	4525	4851
762.5421_5.63	8947	13201	12525	10046	12056	12271	12773	12504	13198	15698
98.0713_5.64	166	125	83	132	103	104	101	126	98	115
99.0804_5.64	338	278	290	308	288	346	272	355	338	400
158.0965_5.64	2914	1974	611	706	534	469	707	1061	1205	979
326.3779_5.64	8396	5814	7351	4671	8772	4059	4471	3013	1393	3245
344.2277_5.64	42263	47423	59736	57028	64012	93268	41733	26422	23694	31619
388.3935_5.64	1598	10387	2499	3704	2665	5537	3494	3552	1834	951
239.0101_5.65	415	312	395	1120	543	486	910	407	496	416
360.3622_5.66	23516	115902	42011	55862	61163	70991	42020	58310	36440	20764
136.0619_5.67	254294	215723	212663	766397	319807	340615	531953	234500	399713	307157
778.5381_5.67	25024	30270	37766	23566	25278	27246	28955	25825	28022	28663
782.5691_5.67	29826	32861	36743	33626	35570	31795	37902	29119	31738	28511
788.5428_5.68	123202	96059	99090	128472	71748	83854	70742	72760	74060	78249
239.0102_5.69	1066	759	922	2946	1387	1318	1964	1096	1453	1492
242.2843_5.69	54048	122273	23966	25857	18003	28455	42488	50740	70572	60796
358.3314_5.69	90933	90896	101902	89046	83993	85664	79850	82540	85306	88998
119.086_5.7	51	331	37	50	96	93	49	138	72	18
298.3467_5.7	6424	6764	7118	5485	5952	2911	6419	3281	1414	3434
125.0713_5.71	97010	91647	88334	92814	89639	90737	87492	91231	92407	94908
140.1071_5.71	11998	11048	10914	11689	10616	10790	10698	11154	11214	11503
762.5267_5.71	102175	74617	56798	80916	31762	35125	28048	28124	31524	35948
392.3158_5.72	15696	13818	13237	12854	11202	10285	10692	11644	11980	13043
332.3309_5.73	111331	382025	183696	209025	283257	226057	156857	214218	152504	114551
91.0543_5.74	199	257	229	170	239	195	171	161	118	147
286.2741_5.74	99862	98811	96622	98021	114097	96208	94461	95934	95981	98864
256.2999_5.75	20360	23306	16438	14269	9810	12541	14376	11400	15896	12885
330.3001_5.76	326046	320995	312015	315837	316967	311152	304956	308094	313376	322100
399.3468_5.76	27386	25415	25270	24616	26670	27290	27187	27485	26446	27968
555.2928_5.76	7291	6893	6763	6665	5917	6300	4925	5547	5830	5130
111.0919_5.77	426	365	364	376	396	381	350	418	392	453
183.0784_5.77	587	352	288	476	677	675	618	1300	1226	789
230.248_5.77	746	772	822	825	802	737	866	707	673	679
312.3259_5.77	1214	1429	1478	1497	1781	1544	2016	1781	1858	1511
346.2951_5.77	1267	1298	1294	1217	814	1055	1178	849	1479	1088
188.9577_5.78	591	514	552	468	475	371	298	509	550	584
190.9576_5.78	907	751	810	826	690	652	392	818	792	687
299.1616_5.78	6085	6451	7425	10695	6338	9957	5052	2380	2447	5146
304.2997_5.78	80409	162400	155295	110037	211623	131266	113740	100161	74094	124687
369.3513_5.78	917	1563	1218	904	1625	1309	1430	1178	1482	1735
374.3627_5.78	43724	13370	29590	27051	8093	10879	9602	20574	18482	8855
384.1148_5.78	38403	23974	27272	44498	32350	33277	31516	28642	36029	36859
255.2795_5.79	4233	3129	4813	4735	1407	3669	1655	554	1795	762
138.0551_5.8	1165	1177	914	1130	872	1062	989	1021	998	1142
175.0019_5.8	652	343	425	661	373	331	263	384	315	369
194.0927_5.8	259	283	337	348	271	263	317	360	369	375
314.3053_5.8	24237	22198	25167	23914	19808	19942	19749	19870	21399	21059
142.0976_5.81	761	764	768	764	757	782	763	754	750	699
190.9574_5.81	728	636	688	630	566	461	345	668	702	604
228.1959_5.81	5123	5079	4821	4799	4548	4652	4412	4672	4673	5346
318.2637_5.81	1073	848	1184	1261	567	739	832	698	1374	697
114.0917_5.82	11277	10650	10296	10429	10418	10506	10493	10754	10914	11092
128.0709_5.82	2734	2742	2566	2636	2995	3058	3226	3526	3374	3740
137.1074_5.82	169	147	122	162	142	172	132	139	151	128
188.9579_5.82	967	898	811	832	694	516	400	653	764	598
239.2482_5.82	602	888	671	599	801	939	778	787	728	762
242.2843_5.82	52652	49929	74390	70121	29735	43287	40324	24577	41695	28285
258.2427_5.82	1426	1388	1799	2018	1014	1116	1231	675	1090	742
284.1619_5.82	1284	1376	1207	1389	1271	1369	1242	1510	1494	1407
298.3467_5.82	1345	2452	546	2272	3444	553	1135	641	1261	800
309.3263_5.82	52398	58754	69257	67501	41789	53238	50586	40031	52999	37851
314.3417_5.82	9138	6615	13433	10685	3439	4776	4727	7539	5539	4161
455.4208_5.82	74203	38396	18319	44578	26374	57158	40406	42727	85507	40792
175.0018_5.83	1572	804	913	1265	925	885	659	1005	967	973
182.1039_5.83	1320	1067	970	1327	928	975	746	1098	1023	1369
244.0792_5.83	10631	7595	7550	11466	7780	10641	9383	9172	9147	9852
368.4248_5.83	198536	124793	124073	192961	278321	111023	114433	122050	133858	171295
108.0809_5.84	8453	8071	8245	8451	7929	8168	8142	8242	8225	8163
130.0501_5.84	9328	7784	6848	9167	7183	7477	6637	7000	6980	7864
147.0765_5.84	3590	2824	2151	3412	2510	2658	2195	2404	2286	2982
170.129_5.84	252	232	236	227	257	257	162	222	198	182
190.9576_5.84	598	673	602	641	587	460	371	595	600	587
271.1666_5.84	20385	20254	19174	19379	19534	19765	19866	19040	20135	20812
346.3313_5.84	17741	7500	15841	10504	4327	4087	4775	9436	8770	4207
369.3515_5.84	1940	1616	2167	1331	2178	1729	1844	1956	1605	1732
444.4048_5.84	4453	14103	50069	3125	5150	7865	2620	3927	3516	8086
318.3276_5.85	45371	44356	44303	45911	43766	43498	44517	44259	44687	47559
346.3102_5.85	1278	7495	3962	4792	4129	4679	1847	3402	1248	2398
274.2655_5.86	1208	1322	1135	1306	1032	1391	1137	2179	1950	2102
283.3019_5.86	551	737	1011	908	457	899	752	547	950	519
286.3105_5.86	19690	21315	32258	21079	25698	26932	22842	22748	20498	19643
288.2536_5.86	88339	60436	133848	132035	22013	53436	53592	12623	83454	37352
291.0698_5.86	35697	27609	23082	39845	24733	28012	27565	28245	32399	32195
310.3103_5.86	14883	17647	22217	18489	24887	21191	27124	21629	20575	22422
344.352_5.86	748	991	932	916	3641	896	1016	1097	900	1265
593.4423_5.86	4703	620	3486	3068	1536	1160	1215	1423	502	1121
254.2478_5.87	3235	3935	3232	3335	3367	3567	3468	4857	4636	5098
262.038_5.87	764	819	825	1019	769	1047	1111	858	760	705
270.3155_5.87	5602	5171	6468	6364	6733	5628	4918	2876	4576	4193
274.2739_5.87	589	822	679	671	741	860	645	730	790	793
281.2951_5.87	94053	101808	124683	128931	69856	98517	96889	59637	90781	65260
175.0019_5.88	581	371	362	503	429	466	339	492	406	466
202.0712_5.88	18212	33865	12956	43886	11545	15508	18764	13862	16591	18976
207.1243_5.88	15287	14797	14938	14691	14381	14833	14148	15232	15271	15542
228.2687_5.88	6319	3545	3875	3881	13676	3320	3286	2129	2609	3847
246.135_5.88	588	637	581	592	587	553	590	606	616	568
284.1619_5.88	1328	1209	1085	1125	1262	1342	1352	1268	1142	1175
302.2687_5.88	29167	29092	27955	28908	29100	29200	28759	32484	31444	30126
314.3053_5.88	6269	9004	10866	6650	15207	7973	8574	6957	6639	7049
340.3935_5.88	25637	14313	13549	25283	50777	12197	13305	11671	14777	21207
358.3677_5.88	34165	18146	48774	36193	19623	9403	14245	24446	13636	12105
515.4423_5.88	33529	24313	8054	20419	6627	29790	19780	13135	38656	22030
112.0871_5.89	855	877	781	856	1003	972	940	1009	1123	1140
183.113_5.89	351	504	318	340	262	327	427	349	335	329
202.2167_5.89	1006	935	949	930	877	979	881	1006	829	988
256.2635_5.89	5909	5921	6398	6377	6923	7947	7140	7561	7960	7223
272.2947_5.89	79688	75357	76698	79072	78542	79285	74887	80074	78010	79968
284.2948_5.89	47345	62771	53290	54579	63361	64965	73901	57648	62566	59070
307.0438_5.89	42037	26440	23611	40565	25819	28723	24070	26872	31650	29668
316.2847_5.89	44268	43441	44078	43667	40955	41737	39879	41882	42315	41199
326.3051_5.89	7080	6334	7686	9731	10802	10093	13220	10676	9472	10337
332.3158_5.89	35999	36464	35114	35612	35270	34882	33271	34784	35429	35731
416.3734_5.89	5575	17873	62478	3609	6980	10400	3878	3961	4393	7690
796.5849_5.89	65549	126500	106261	86930	135200	135438	158366	107301	116699	120620
171.113_5.9	370	394	272	314	343	428	322	282	331	365
193.1339_5.9	355	322	318	358	307	411	369	347	356	378
344.3157_5.9	21614	20058	69768	27270	11202	16230	15589	5104	14142	10060
224.113_5.91	10554	10294	11215	11883	13197	15811	19195	13952	12933	14371
284.162_5.91	1041	1204	1011	1080	1169	1367	1166	1407	1102	1164
137.1075_5.92	496	447	364	405	387	344	393	495	389	383
258.2791_5.92	33121	21691	59859	36996	61080	101700	33951	22914	24730	44777
282.2791_5.92	143555	169622	176137	166197	232252	198841	265759	204549	209174	204329
316.3208_5.92	4839601	4816009	4713579	4765373	4678131	4699827	4659642	4661422	4724978	4849449
436.3282_5.92	9818	7874	9080	9769	12593	11693	12938	11203	9846	12808
568.3706_5.92	9698	8953	8244	11909	11780	10951	17705	10331	12694	13925
193.1337_5.93	385	416	349	378	279	251	273	312	325	330
290.2964_5.93	76906	75464	75520	72226	75902	74819	75867	77091	75281	76670
312.3623_5.93	26017	19437	12483	21691	38141	10536	13536	10106	11167	14136
388.2539_5.93	34767	59358	53119	54630	73031	85077	31035	21740	21655	32209
242.2843_5.94	25649	9139	13036	10401	21083	21886	14056	7908	9955	6316
304.2844_5.94	52531	53896	52989	51823	58154	49403	49744	50861	52435	52396
430.389_5.94	30044	120218	520463	13252	70020	40199	13278	25041	26759	136891
142.1228_5.95	209	170	264	247	222	248	252	332	315	365
213.1137_5.95	11133	10186	9787	9931	10128	9904	10374	10597	10370	10934
298.2739_5.95	195490	172753	172947	218541	262640	264109	332715	254920	292018	260224
246.0948_5.96	15205	11849	11334	14446	12605	15174	15365	13892	15269	16159
284.1619_5.96	1947	1953	2150	2253	2157	1998	1765	2256	2415	2241
307.0438_5.96	18962	13617	10195	16303	12167	14133	11866	12946	16629	16571
348.3258_5.96	213	5272	1929	1643	3228	2726	773	1797	673	841
400.3783_5.96	7642	958	74631	977	630	884	1837	388	501	2619
246.2428_5.97	1972	1736	2004	2248	1100	1898	1705	991	1894	1713
254.2479_5.97	338	440	447	398	939	456	494	614	461	442
258.2427_5.97	2313	1316	1343	1484	1503	993	1733	761	1178	606
291.0697_5.97	14171	14218	9314	13424	10122	11996	11751	11409	13504	13805
318.279_5.97	588	2400	1979	833	228	1327	1004	1401	288	1800
416.3733_5.97	4972	23060	46040	1803	6659	4604	2151	2134	2860	7457
774.5999_5.97	1087	3873	1275	714	4187	3303	4417	5672	2685	4167
142.0976_5.98	557	555	577	605	689	683	694	739	702	760
228.2322_5.98	255	155	131	250	326	502	385	401	347	516
290.2687_5.98	3010819	2411989	3663014	3481776	1368746	2034373	2139232	1155307	2063205	1290388
380.1311_5.98	6194	5162	4272	6117	6542	7442	5118	5807	4560	5503
543.3757_5.98	897	1796	1646	1359	3512	2670	3261	2258	1923	1860
512.174_5.99	8794	10113	4888	11769	8442	11086	9582	8544	9257	9391
171.1128_6	396	343	288	333	331	381	304	263	360	312
230.2479_6	929030	800102	1105325	1115484	961492	925538	860190	874167	907524	842902
284.3312_6	41363	54856	49188	38747	213520	55129	54351	38892	38036	30368
288.2895_6	12612637	12536414	12074840	12373262	12274223	12290923	12065953	12230471	12430818	12653580
402.3576_6	33456	180674	424310	8770	55156	57172	8860	16507	18938	166510
554.2876_6	23882	46062	35469	44025	47007	42828	42444	21044	25784	36634
746.5698_6	44430	87309	81065	53512	90159	74473	89612	68045	60372	73928
774.5427_6	1534	3028	1975	2508	7886	5886	6818	4913	4749	3970
368.3522_6.01	2208	6191	3681	3699	4773	3987	7605	7897	4739	5516
473.3335_6.01	16776	12773	17851	16045	15579	15742	12895	12801	10834	15522
718.5375_6.01	2290	3411	2570	2796	4346	2300	4246	2791	2606	2036
372.347_6.02	24071	3746	172723	3407	2913	3053	5501	1066	1395	11162
272.2947_6.03	9293	10742	9220	9524	11239	10388	10409	8491	8853	8112
288.2535_6.03	26240	21312	40330	36885	11212	17854	16237	4636	17247	11372
530.2883_6.03	9288	20133	14956	18036	17772	17605	17101	8391	12265	13133
718.5378_6.03	1500	2666	2362	2214	2776	2556	2432	2290	2718	2779
224.113_6.04	8485	8070	7829	9222	8769	9687	12505	9111	9646	10623
266.0747_6.04	102430	104984	93846	93770	97379	96821	88072	98774	99668	115519
332.3157_6.04	26272	29100	26920	26515	29570	26391	27056	27064	27943	28392
282.0486_6.05	52189	49103	46079	48314	51141	47413	40270	46699	51410	55267
342.3364_6.05	2716	5741	4927	5269	7510	5884	11681	9342	6575	4029
550.3507_6.05	731	2907	1007	4666	1145	1105	2070	996	1116	1438
720.5539_6.05	10147	15814	13772	10811	17627	13898	18404	13668	17122	11659
95.0604_6.06	174	164	163	155	156	139	149	136	158	152
103.9556_6.06	373	360	384	331	398	475	374	424	357	371
137.1075_6.06	333	293	172	289	332	384	308	330	314	244
272.1505_6.06	167718	162472	160875	165444	159035	161651	158627	164736	165580	167133
284.2946_6.06	249	532	498	212	527	579	641	463	453	621
367.2378_6.06	1996	1421	1562	1341	1697	1707	2282	1826	1612	1391
374.3263_6.06	4351	25033	40013	758	5351	3732	483	1318	2049	9758
380.1311_6.06	8072	7926	8217	9943	8214	7694	8550	8142	6851	8171
217.1548_6.07	3769	4556	3419	3536	1863	2920	4470	2997	3442	3211
246.0946_6.07	1282	1082	980	1463	1359	1272	2385	1791	2465	1579
256.2998_6.07	3005	725	547	306	5742	734	246	209	158	42
399.3469_6.07	1190	913	933	1033	1162	826	1133	1008	892	778
512.1741_6.07	15618	19955	13205	22340	14515	16902	21133	15337	16682	17156
117.0661_6.08	264	211	213	235	237	235	292	299	242	201
151.1231_6.08	281	320	207	245	284	253	214	226	162	196
188.2011_6.08	4155	2310	4225	2618	1251	1335	2337	21961	1735	5270
262.2376_6.08	8882	5592	9307	10072	2991	5378	5250	3515	6052	3726
274.274_6.08	1114044	814701	1166465	1229603	1277944	1186666	1052854	2058894	1187809	892220
331.2048_6.08	138	1368	2471	2882	2683	5724	8415	2333	3687	2880
344.3157_6.08	3063	2775	17566	2222	13334	2424	3974	2728	3087	3568
182.9854_6.09	8432	8186	9310	9655	9710	8723	10900	10325	9054	10035
185.1035_6.09	609	679	793	665	714	545	714	607	677	678
187.9994_6.09	735	586	628	829	889	878	951	973	784	831
202.2168_6.09	3887	3527	4656	5099	3896	3886	3983	3891	4278	3670
302.2146_6.09	399	665	907	687	457	801	1050	667	791	729
328.3207_6.09	3241	1861	2833	1322	3234	1849	2164	1596	2135	2350
331.2958_6.09	1620	1004	1590	779	635	1074	1134	1141	1327	1090
365.1052_6.09	119452	29507	93860	26385	60532	73084	35669	55604	35945	16489
580.361_6.09	2546	12480	3753	13157	4921	3292	5399	4766	3735	3845
608.1914_6.09	17972	4290	12527	2364	10142	12733	4093	7812	3742	1426
180.1021_6.1	767	891	890	799	867	936	1402	835	772	693
183.1131_6.1	2549	2227	2580	2459	2257	2164	2345	2279	2006	2393
281.2586_6.1	1196	1105	2461	2031	539	508	996	623	1045	589
520.1753_6.1	5357	4964	5645	5085	5590	5847	4825	6530	5049	7192
155.0816_6.11	2108	2467	2501	2285	2443	2353	2254	2327	2461	2533
159.0279_6.11	3450	3294	3344	3951	2873	2723	2975	3610	3727	4124
166.0977_6.11	80064	76406	75529	77602	74884	75167	75180	77034	77712	78519
167.0817_6.11	1832	1825	1778	1804	2092	1796	1895	1674	2041	1828
172.2061_6.11	12602	7722	3442	4477	6522	7624	4784	6280	5741	5057
181.0973_6.11	4092	3942	3884	3940	3806	3783	3611	4049	4075	4134
186.1239_6.11	601	577	698	719	729	573	675	720	738	886
188.1523_6.11	1035	1170	902	864	1036	839	1147	1052	1088	1374
208.1083_6.11	162	168	246	208	220	210	229	279	287	226
230.1402_6.11	6252	5751	6176	6100	5657	5688	6122	6208	6636	6684
231.1241_6.11	23864	22155	23303	22096	22916	22564	21762	22226	23342	24336
231.1353_6.11	45263	46067	45631	43858	43948	42169	43658	44188	44845	45261
255.1075_6.11	1763	1576	1597	1516	1741	1838	1885	2524	1181	2080
263.0737_6.11	3074	3034	3206	2836	2968	2855	3947	3523	4171	3537
277.0893_6.11	42282	35664	43087	42602	36004	36059	43880	52614	34974	44555
284.1619_6.11	6563	5577	5841	5759	5893	5933	6001	5936	6145	6227
291.0698_6.11	11321	11924	9761	13620	9066	9037	12094	11738	14084	11735
302.2688_6.11	10102	10744	10543	9434	15582	10869	12211	10833	13366	11149
318.3277_6.11	3556	3674	3500	3173	3571	3388	3470	2929	3148	3414
322.2738_6.11	4634	4785	3789	9048	1197	7208	2725	5332	2385	6326
522.3192_6.11	128	1776	787	2476	957	660	1385	833	868	662
88.0757_6.12	112	104	105	133	108	138	132	138	138	148
95.0604_6.12	832	787	759	758	799	741	818	819	843	813
125.1077_6.12	4363	4257	4129	4115	4163	4152	4169	4224	4174	4150
127.073_6.12	1108	1250	1006	942	851	929	1043	1085	1137	1254
139.0867_6.12	1288	1238	1485	1377	1348	1423	1501	1409	1408	1646
142.0977_6.12	1304	1335	1299	1315	1283	1123	1277	1288	1365	1217
145.0973_6.12	14068	14702	13935	14076	13796	13185	13431	13917	14199	14493
151.1231_6.12	518	467	527	459	491	445	390	468	481	387
165.1137_6.12	201673	196788	200158	199943	199833	198473	198439	201976	205673	206697
187.9994_6.12	2258	1946	2049	2106	2313	2062	2685	2541	2539	2461
195.096_6.12	1447	1322	1197	1395	1492	1175	1517	1368	1316	1353
199.108_6.12	19428	19371	19277	19848	19665	19168	19536	19136	19533	19440
207.1243_6.12	10178	10591	9618	9502	10112	9314	9632	9322	9891	10384
246.1349_6.12	14338	15505	14148	14632	14421	14296	14096	14489	15090	14911
97.0761_6.13	2901	2639	2733	2855	2922	2955	2958	2966	3048	2920
108.0809_6.13	4904	4705	4771	4695	4697	4478	4693	4637	4920	4891
137.1075_6.13	492	431	472	548	479	399	424	463	525	579
141.1023_6.13	98	126	122	120	144	131	115	131	116	131
142.1228_6.13	3852	3660	3683	4001	3621	3561	4158	3855	4074	4299
234.0972_6.13	614	906	629	410	340	326	476	518	427	956
316.2845_6.13	7707	9260	10726	8560	96054	9759	14921	7968	15309	10244
773.0766_6.13	11009	9255	10065	9869	10816	9758	11639	10964	9651	8029
103.9556_6.14	1615	1603	1662	1616	1786	1612	1986	1776	1768	1679
130.0614_6.14	576	600	446	512	445	526	541	445	433	512
346.2948_6.14	891	3718	13929	494	1084	1389	840	573	701	766
471.1835_6.14	22148	26360	25457	19468	37175	32118	17166	26229	17846	33592
566.3452_6.14	6841	25653	11232	31280	12621	10663	15949	11926	11162	11048
130.1592_6.15	760237	790243	394728	398199	423672	485416	464370	480822	515377	529550
156.1385_6.15	37186	36219	36450	36793	35879	35712	34795	36689	36797	37163
122.0968_6.16	7665	8024	7779	7627	7806	7309	7776	7474	7852	7801
203.1392_6.16	4608	5285	4484	4216	1542	3131	4935	4045	4378	3689
228.2686_6.16	6	489	76	81	1571	444	193	2401	4162	5183
246.2427_6.16	1872	1470	3242	2730	2148	2238	1208	3810	2193	1747
258.1084_6.16	4389	5609	6080	5210	6275	7357	7608	4971	6936	7739
184.0735_6.17	8920	7284	7656	6803	7095	5287	4251	5022	4921	4196
318.3001_6.17	13805	11947	18375	15529	17631	15330	13735	29503	17626	14300
384.1149_6.17	2297	1583	2217	4409	2346	2177	2570	1400	2799	2736
284.0988_6.18	7606	7254	5459	9102	6349	5464	6701	4811	6332	5429
167.0486_6.2	52152	49875	51426	60364	56447	56335	58292	53021	50705	49278
432.2802_6.2	14762	35284	29531	28450	45018	47676	9779	7637	4783	14481
108.0115_6.21	63002	57059	57407	64979	67408	68412	70677	66022	63812	62700
127.0193_6.21	27025	23580	24004	26390	28405	27529	28928	28001	26084	26521
127.0282_6.21	6412	5560	6582	6778	7481	8233	6668	7246	7512	6407
148.004_6.21	78113	69184	69691	80774	77993	76516	81839	88589	83487	74190
168.0439_6.21	5737	5020	4826	5785	5826	5739	6738	6754	4966	5721
378.0469_6.21	74276	63039	65091	79590	76267	76164	83435	76822	74662	70116
626.5814_6.21	7099	5340	4129	14002	21392	19918	16265	15914	14099	8343
759.6077_6.21	64140	33969	38312	69411	67381	70638	81202	63879	62313	60043
768.1209_6.21	33046	27212	22128	50744	45720	51116	73973	48598	39080	31595
80.964_6.22	1073	1203	1001	1149	1362	1241	1183	1149	1184	1187
273.0184_6.22	5627	4619	5407	5858	5404	5782	4148	6458	5936	6851
530.3246_6.22	107253	146159	125792	137064	146072	142149	160426	113323	140863	121260
224.113_6.25	22907	21518	24389	24650	23222	25664	31243	23471	24548	23865
776.3212_6.25	4227	4177	3575	2601	8961	6477	6523	5112	5016	1263
240.1092_6.26	22815	31929	28526	28413	31739	31243	42357	34039	26212	23977
385.2736_6.26	7585	6573	8788	8183	10523	8833	12103	8144	10053	8999
464.3136_6.26	161386	168675	201307	186364	206336	215037	306390	184159	218963	196111
105.9539_6.27	1162	1087	1283	1212	1297	1321	1307	1156	1165	1074
144.9823_6.27	329255	332173	372373	370352	388545	390098	431945	371625	375369	386357
163.9779_6.27	18423	14350	14855	18132	18474	19348	17945	19878	19695	18105
330.2999_6.27	1465	1208	1009	859	1047	1208	912	680	827	635
398.033_6.27	78233	64021	60758	79840	86359	97221	102629	92261	92561	92413
773.0766_6.27	147080	119395	114298	136842	139925	154126	155819	158993	160627	159011
99.0805_6.28	281	253	272	265	284	241	241	278	298	319
149.0074_6.28	948	625	589	1040	1265	1344	1613	1402	1480	1224
361.2735_6.28	3763	5061	4874	6206	6426	6326	8168	5609	5919	5216
585.5555_6.28	15324	10320	11523	16436	16493	14966	18531	17888	20396	16231
648.0625_6.28	13547	9656	6167	12080	14571	16210	16976	13226	12253	12227
88.1121_6.29	144	103	114	107	114	115	123	110	138	133
136.0619_6.29	1369	1402	1422	4502	1876	2039	3437	1512	2707	1996
144.1748_6.29	20873	15389	8384	9501	7711	9516	8940	10314	10399	6864
146.1177_6.29	1785	1368	1511	1281	1573	1590	1577	1508	1622	1389
186.2218_6.29	1507	1429	1698	1346	1250	1317	1128	1101	1207	1115
245.0962_6.29	17785	17166	17621	13927	15713	17673	16402	15773	14647	18652
304.2481_6.29	6305	7414	19850	12113	611	5123	1810	660	4025	1168
438.2979_6.29	257636	279310	294480	325234	397637	360776	460006	315113	345998	310104
462.298_6.29	4584	6961	7621	6962	7802	7539	12469	5583	7163	6319
524.2756_6.29	8803	9795	11290	9931	9876	11198	12578	7327	10501	6515
570.2827_6.29	253516	229285	280962	293426	312707	326412	368307	293198	297685	288069
572.2884_6.29	3140	3576	5131	4411	5345	4810	5444	3902	4086	4428
748.5266_6.29	47245	55224	65969	61343	92038	82054	108285	77602	82555	68044
776.5584_6.29	45480	47708	55734	57686	81108	72373	104270	66299	84124	58468
126.0664_6.3	4257	5975	4900	4654	7043	5429	3926	4944	2773	4784
127.0729_6.3	6902	10179	7965	8360	7012	14728	6968	5979	8194	8564
129.1024_6.3	299	205	326	291	242	219	255	285	315	228
130.0501_6.3	30140	28717	23962	33028	28500	28963	30528	23100	26428	25078
138.043_6.3	666	296	398	835	529	587	844	315	562	577
139.0503_6.3	1016	1047	888	999	2580	912	1136	919	680	989
147.0765_6.3	33451	25748	22371	36157	28374	26838	27018	24045	24841	29929
148.0605_6.3	136193	134806	103458	135129	116188	133215	128008	99459	125003	104118
184.0735_6.3	44659	38496	35068	35674	33791	35325	32134	30085	32189	28869
198.0975_6.3	9844	4613	4292	9448	9572	11874	22522	9015	13709	9601
218.2116_6.3	1420	1066	1714	1978	1637	1939	778	2589	1328	1008
244.2636_6.3	6184	7092	6527	6879	6868	7246	6353	7095	7141	6761
270.0914_6.3	3510	2544	1891	4283	3128	3180	4863	3207	3881	3496
284.0988_6.3	41044	35994	24471	44130	35648	35367	49764	34582	41478	41557
339.2891_6.3	683	953	1214	1040	1531	1889	2362	1002	1366	1602
431.1408_6.3	15996	14705	11626	15484	17903	29758	29501	15869	14950	11673
460.2799_6.3	998	1542	1800	1531	948	1670	2665	1576	2146	1063
508.3401_6.3	5035	5700	6494	5555	5925	7834	15510	6738	7776	7263
752.5581_6.3	9379	9985	11215	11986	19963	17140	24854	16440	20762	13911
134.045_6.31	12109	7892	7047	10010	11239	11577	14499	9642	10848	9411
183.1131_6.31	549	537	489	355	429	532	536	614	560	292
213.0161_6.31	1415	771	1241	1516	1179	1653	2339	1327	1458	1327
300.2895_6.31	7026	7685	10654	8596	11508	9746	12890	8774	9481	9026
302.269_6.31	1966	1708	1841	1824	2633	1936	1817	2406	2382	2339
316.0823_6.31	3534	15541	10331	3928	3547	4954	1341	3044	512	5477
384.1146_6.31	7280	2813	4654	11092	7964	8322	8448	5587	8130	6920
548.2755_6.31	8839	8978	12304	7620	8452	7461	11303	6214	8290	5450
150.0648_6.32	265	234	139	291	187	122	144	71	207	66
175.1191_6.32	459	292	314	298	421	436	535	626	401	458
187.9994_6.32	681	671	848	742	892	968	808	722	765	749
262.0507_6.32	770	684	239	306	568	540	323	442	571	488
284.1617_6.32	2089	2047	1934	1653	2011	1850	1968	2226	2292	2300
308.091_6.32	20157	14075	15177	15114	13135	14276	15301	12988	13696	12653
330.3002_6.32	1290	1416	1552	1528	1754	1830	1726	1585	1515	1350
403.0108_6.32	12139	6193	6852	14409	13139	12941	21770	13185	15245	12724
478.293_6.32	4849	5630	5171	4890	6810	7848	10751	6297	7338	6370
524.2987_6.32	10826	10082	10181	9546	12524	11860	13259	12546	10787	11208
546.2833_6.32	695	1102	1083	1054	1257	1914	1378	1302	1347	1215
102.055_6.33	1717	1685	1499	1834	1751	1982	2005	1752	2001	1761
117.0661_6.33	315	323	291	210	309	234	324	278	237	251
198.1241_6.33	405	434	340	359	457	421	377	592	412	503
203.0484_6.33	241	29	417	138	797	777	655	1459	1716	1048
219.0267_6.33	42969	28059	29891	43339	39189	42419	50702	36140	44100	35223
244.0792_6.33	59843	39965	44021	63276	54934	59970	80641	49824	65544	51932
277.0893_6.33	424	390	535	392	365	541	390	492	278	496
316.2229_6.33	3407	856	1341	1444	2160	1731	2782	2162	1512	1106
130.0865_6.34	1369	1170	1188	1074	1229	1273	1085	1677	1395	1792
147.1129_6.34	330	316	291	255	349	360	440	468	439	362
152.1184_6.34	471	603	428	481	434	483	517	469	509	566
221.0922_6.34	12851	21014	22323	18129	15968	17250	26279	17820	23040	11606
395.0245_6.34	1856	660	1089	2620	1416	1681	2391	888	1057	1152
504.307_6.34	60069	76150	75136	65250	79345	74971	96174	59264	73136	60339
204.0656_6.35	1775	2484	2728	2226	1848	2530	3057	2563	2975	1525
206.0603_6.35	126	50	43	124	179	115	405	176	142	62
453.123_6.35	555	1077	861	475	645	1057	983	796	143	545
520.2803_6.35	5599	8011	9663	5655	7571	6822	5864	5081	6203	5026
122.0969_6.36	9168	9379	8963	9003	9236	9447	9053	9232	9407	9258
166.117_6.36	15299	16111	15963	15252	15567	15827	14824	15050	15210	15496
198.0376_6.36	39035	33556	40036	38392	36902	42804	48165	39448	43206	40039
245.0744_6.36	12054	13171	10838	13578	11501	12748	14120	10874	13346	10752
246.2428_6.36	1851	1512	8023	5769	809	1128	1236	804	1640	815
286.1009_6.36	1675	1595	1047	2308	2111	2130	3019	1718	2168	1165
526.3142_6.36	5358	8221	5347	8063	4976	5776	5956	5276	4245	5955
88.0506_6.37	669	573	590	792	556	603	557	646	592	625
88.1121_6.37	151	177	148	147	122	181	123	176	139	136
134.0327_6.37	155	657	192	217	284	153	90	178	112	325
156.1385_6.37	29800	30147	28864	28157	27342	29386	27328	27610	27427	27761
253.0795_6.37	1081	3032	3011	1332	1265	1367	1111	973	973	1043
255.0588_6.37	10031	10666	8003	10827	9780	14294	15838	9174	10295	10436
291.0699_6.37	67572	53458	50643	72417	49432	53882	64586	46111	57893	51781
365.1052_6.37	39761	32363	37066	32831	31677	39956	40970	28670	33126	27851
626.0804_6.37	1793	1477	773	1272	2238	2623	1783	3275	2304	3234
108.0809_6.38	6642	6858	6582	6598	6592	6770	6315	6219	6434	6567
129.0662_6.38	510	570	546	431	948	466	419	410	440	668
130.0613_6.38	1801	1742	1653	1613	1634	1469	1475	1685	1568	1573
140.1071_6.38	3983	4377	4028	3980	3946	4058	3973	4043	3843	4068
231.1241_6.38	25682	26202	25259	25275	25662	25089	24389	24908	25921	25761
265.0894_6.38	12222	8820	10368	15225	13150	13932	19366	11146	14497	11596
277.0893_6.38	928	885	1045	937	886	893	926	979	606	1163
307.0438_6.38	39293	29312	29180	40166	27875	28138	29263	24475	28630	25816
381.0792_6.38	4479	3373	3405	3581	3532	4240	3918	3232	4176	3455
83.0605_6.39	143	162	168	162	164	154	142	165	179	191
98.0713_6.39	477	554	439	417	480	512	440	575	516	651
140.1435_6.39	5820	4481	2625	3797	2458	2649	2188	2997	2221	2388
159.0279_6.39	33150	22169	26016	29360	26155	26467	24827	24684	24363	26649
186.2219_6.39	8372	8360	8328	8675	7720	8153	7511	7447	8167	7903
266.0747_6.39	15032	14719	14025	14085	13283	14406	10925	10700	11063	14631
266.1751_6.39	653	564	12316	4679	499	332	413	521	528	395
334.3215_6.39	281	376	324	230	257	458	240	208	203	266
421.3288_6.39	17112	15671	16358	16719	15281	15024	14507	16156	17082	15933
284.1618_6.4	4545	4705	4306	4512	5096	4132	4617	4710	4592	4669
476.275_6.4	7142	10542	9174	8854	11180	10394	12616	8930	10234	9195
95.0604_6.41	1074	1025	1020	1014	1079	1042	1031	1125	1087	1002
170.1289_6.41	569	581	546	547	548	538	487	586	620	484
175.0019_6.41	6628	3584	4177	5165	4544	4622	4028	3918	4036	4555
207.1242_6.41	24193	24590	23581	23425	23894	24641	23820	25619	24765	24597
456.299_6.41	2103	3176	2732	2626	3796	3336	3769	3057	3023	3283
140.082_6.42	1347	1302	1209	1266	1406	1276	1184	1312	1488	1426
189.9975_6.42	694	679	766	800	800	869	786	940	734	746
306.2637_6.42	22890	16508	42578	34054	4987	15990	14855	2694	12651	4907
112.0871_6.43	153	148	160	170	141	145	101	142	133	168
130.0865_6.43	1314	1332	1300	1305	1373	1469	1423	1515	1529	1560
142.0977_6.43	1560	1587	1625	1579	1518	1591	1366	1459	1528	1613
143.1181_6.43	341	342	316	352	339	375	408	369	375	289
146.1177_6.43	1767	1448	1265	1426	1601	1765	1700	1776	1863	1807
155.0816_6.43	7293	7205	6914	6792	6706	7023	6705	7365	7302	7224
183.113_6.43	6146	6544	6147	6189	6160	6463	6152	6279	6467	6467
186.1239_6.43	990	1068	1028	1012	1232	1179	1106	1158	1189	1037
188.1283_6.43	398	379	401	366	432	362	326	373	484	438
207.113_6.43	868	1154	995	936	787	973	710	967	1092	784
246.135_6.43	17676	18179	17933	16326	17235	17129	16060	16931	16648	16869
277.0893_6.43	343	200	275	319	314	361	283	228	176	354
466.3291_6.43	1395	2072	1870	1452	2065	1699	2879	1878	2156	1562
748.5264_6.43	4606	6335	7547	6670	9269	6287	8983	6970	6944	6133
764.522_6.43	1832	2567	3422	2852	4461	2823	4175	3886	4043	3658
102.0663_6.44	207	170	147	228	209	183	156	218	241	226
136.0619_6.44	1934	2116	2169	4290	2459	2468	3673	2151	2712	2339
155.0758_6.44	2035	2482	5183	2645	2152	2252	2332	1820	1950	2310
167.101_6.44	2535	2702	2270	2404	2135	2301	2056	2423	2277	2100
194.0927_6.44	120862	119474	116680	117607	115439	116744	111826	115269	117897	115267
388.184_6.44	2579	292	259	662	393	344	605	590	526	93
438.2977_6.44	208	801	680	423	857	717	741	380	500	464
462.3427_6.44	2430	1411	3066	2103	2832	3658	6101	3060	3905	3757
83.0856_6.45	208	225	189	176	234	238	253	217	230	257
87.0554_6.45	18535	18122	17639	18084	17415	17754	17045	17613	17787	17543
103.0503_6.45	347	315	319	323	281	296	229	245	298	299
126.0938_6.45	1900	1813	1818	1730	1718	1675	1495	1827	1819	1705
142.1228_6.45	4509	4539	4261	4371	4430	4548	4255	4398	4523	4597
159.113_6.45	40012	40058	39485	38668	39320	39926	38239	39532	39857	39784
165.1025_6.45	391	431	446	465	470	452	476	426	442	423
166.1107_6.45	1658	1401	1408	1502	1340	1370	1399	1410	1501	1435
175.1191_6.45	1162	804	687	662	1130	941	1113	1302	1115	1306
179.0817_6.45	276	231	205	181	187	531	180	87	180	229
185.0923_6.45	612	572	613	658	659	590	632	558	676	604
210.1352_6.45	1491	635	447	741	354	385	192600	514	523	494
109.0763_6.46	1227	1189	1064	1146	1184	1232	1192	1209	1256	1314
145.0973_6.46	21483	21612	21144	20578	21483	21581	20536	21064	21427	21448
160.1334_6.46	305	317	166	259	254	227	170	231	197	203
168.0769_6.46	774	859	698	661	834	952	658	862	1061	1015
176.0821_6.46	397	434	401	414	455	391	367	373	365	340
196.1083_6.46	333	306	282	302	289	251	252	298	268	265
199.108_6.46	40575	40866	38704	39012	38461	38786	38134	39860	40935	39543
206.046_6.46	3817	3434	2940	4178	4495	2662	3659	3400	2638	3125
228.0844_6.46	1692	1446	2351	1140	1216	1579	685	2000	541	916
255.0587_6.46	701	946	816	780	854	939	800	623	648	858
400.0288_6.46	2041	1802	1887	1741	1733	1534	1888	2071	1717	1884
476.3067_6.46	18520	35591	30035	28833	54463	48350	17708	12388	10738	18075
88.1121_6.47	1006	955	835	952	925	942	976	928	987	969
102.055_6.47	1894	2101	2123	1871	2250	2250	2749	2129	1936	2525
111.0919_6.47	74777	74460	72028	71877	71377	70867	68525	70371	71334	70733
117.0661_6.47	760	734	751	745	760	769	784	757	774	754
124.0873_6.47	1887000	1828734	1801990	1837364	1806317	1801298	1763693	1817057	1829438	1827161
125.0906_6.47	109945	108253	107908	106873	106865	106508	103294	105978	107818	106191
126.0664_6.47	449	1164	525	532	652	462	454	450	407	583
167.0817_6.47	9684	9458	9200	9139	9456	9486	9036	9379	9617	9396
181.0973_6.47	23193	23337	22976	22389	22874	22588	22068	22989	23032	22852
95.0604_6.48	2471	2546	2356	2449	2554	2587	2515	2462	2354	2404
114.0917_6.48	4931	4920	4752	4660	4936	4917	4437	4920	5054	5075
126.0746_6.48	1312	1249	1323	1189	1235	1277	1103	1254	1318	1386
187.9994_6.48	3730	3870	4149	4181	4632	4769	4502	4469	4476	4600
83.0604_6.49	1806	1793	1718	1790	1776	1768	1786	1810	1772	1822
89.1074_6.49	343	318	365	432	283	283	207	235	243	291
125.1076_6.49	13824	14048	13540	13514	13977	13822	13610	13951	13936	13744
129.1025_6.49	4679	4704	4596	4555	4725	4783	4468	4645	4605	4675
139.0867_6.49	8161	8309	7983	7959	7900	8040	8032	8172	8011	8077
150.1027_6.49	398	412	484	472	417	428	431	447	419	421
152.1072_6.49	315	340	145	253	114	185	87	157	188	113
169.0973_6.49	3062	3008	2927	2918	2724	2828	2636	2663	2757	2802
169.986_6.49	1528	1559	1478	1365	1189	1306	1095	1194	1267	1281
217.1197_6.49	412	409	377	340	328	371	361	377	313	377
293.0842_6.49	10085	7750	8231	9966	9483	10931	11307	8404	10858	8589
420.0152_6.49	1325	1227	1274	999	1073	1278	1154	809	982	1222
440.3136_6.49	1317	2789	2059	1975	2446	2017	3119	2117	2651	1977
87.0441_6.5	2337	2200	2151	2044	2136	2130	2059	2080	2053	2194
88.0757_6.5	1753	1759	1600	1562	1657	1670	1569	1582	1640	1746
97.0761_6.5	15390	15144	15050	15224	15031	14858	14234	14962	14984	14708
99.0805_6.5	3777	3809	3746	3724	3778	3760	3609	3598	3724	3585
100.0506_6.5	759	696	745	806	757	713	796	760	607	668
101.071_6.5	186436	175278	173411	180853	173264	172556	167850	174126	175716	176078
116.1073_6.5	164860	161085	157841	157189	154753	154309	147965	154499	156219	156290
130.0978_6.5	515	632	508	550	654	511	565	603	631	655
154.1228_6.5	282	212	298	293	113	396	301	326	239	307
157.0973_6.5	6919	6986	6701	6867	7152	6858	6680	6861	6985	7319
165.1025_6.5	469	547	494	531	532	533	507	481	564	519
174.1491_6.5	164	259	259	279	206	144	221	170	205	149
185.0923_6.5	849	895	801	915	930	1028	964	979	993	1096
198.124_6.5	7347	7640	7123	7669	7650	7577	6872	7196	7574	7312
288.2531_6.5	265	129	513	580	118	664	198	156	527	347
385.3787_6.5	4950	11344	5642	4467	4714	7181	2799	3989	3590	8269
103.9556_6.51	324	340	394	410	411	441	443	387	413	400
169.0861_6.51	772	782	761	724	909	962	858	1140	1121	1077
169.9861_6.51	582	587	584	531	480	592	488	418	480	532
285.29_6.51	1135	1845	2811	2081	41489	2245	2731	1565	2060	2303
748.5268_6.51	5335	7694	8699	7059	10492	9001	9857	9757	9180	8972
150.1279_6.52	1176	1173	1060	1044	1087	1060	1111	1052	1135	1047
176.0821_6.52	290	234	295	237	243	288	236	247	240	261
269.088_6.52	1921	1531	1065	2420	1056	1356	1424	1289	1388	1186
316.2117_6.52	2428	1195	1364	1038	2065	22919	949	1048	1348	1060
776.5586_6.52	13989	21154	22331	16713	23268	22187	24610	22845	23211	20926
102.0744_6.53	5090	4899	4723	4802	4756	4738	4599	4702	4772	4796
128.1073_6.53	846	946	780	840	794	872	735	706	809	804
131.0535_6.53	387	503	621	346	519	400	412	366	281	378
151.0966_6.53	381	384	343	325	390	326	258	392	328	386
153.1024_6.53	2308	2262	2185	2129	2385	2394	2209	2336	2241	2265
187.0967_6.53	2971	2936	3001	2676	2728	2888	2706	3150	2825	2991
206.1026_6.53	60	105	255	103	83	119	13	125	39	17
248.1506_6.53	587	644	712	521	692	738	693	598	636	719
284.1618_6.53	1354	1477	1687	1542	1562	1489	1404	1572	1544	1650
287.2328_6.53	8882	3992	2040	3989	1611	4985	2513	3584	5102	3634
398.0328_6.53	1097	1174	871	996	845	914	751	720	611	978
150.1028_6.54	215	181	195	197	218	214	174	205	245	197
159.0766_6.54	93	51	60	93	48	64	63	59	63	100
171.113_6.54	1151	1299	1205	1000	1138	1119	1294	1099	1314	1273
200.1648_6.54	204	183	178	185	174	626	169	189	191	190
439.2009_6.54	2858	692	1054	1203	920	922	1089	1013	902	645
230.1401_6.55	27879	27625	26787	27326	27570	26602	25652	26753	27388	27550
763.5296_6.55	4337	6775	7260	5686	7005	6793	2463	6425	1754	6469
101.0599_6.56	122	106	123	91	102	146	134	114	105	161
284.1616_6.56	750	810	855	725	849	856	802	832	942	880
764.521_6.56	8089	13535	15055	11376	16954	16844	18546	13709	14754	15324
171.1493_6.57	2614	2597	2401	2476	2251	7752	2286	2524	4108	3147
269.088_6.57	489	528	391	537	1207	595	562	628	513	516
476.3736_6.57	851	503	759	2302	684	1107	1035	485	760	1021
792.5891_6.57	26756	39572	43703	32661	39898	35425	51142	38073	43706	34362
165.1025_6.58	1420	1401	1444	1870	1498	1710	2350	1246	1851	1656
83.0604_6.59	113	118	104	107	87	95	82	82	92	97
141.1023_6.59	1196	1268	1073	1099	974	1084	983	921	992	1114
154.0864_6.59	544	715	578	677	796	648	818	872	584	626
139.123_6.6	824	436	179	302	275	317	232	241	340	192
152.1184_6.6	235	248	219	219	186	230	188	198	251	241
331.2589_6.6	12859	4536	2487	7208	1896	7023	3484	5949	12332	9573
132.081_6.62	65	93	145	19	59	54	60	60	49	16
166.0864_6.62	918	528	544	613	643	593	567	616	778	753
130.0652_6.64	15	40	50	5	16	32	6	10	14	41
115.0727_6.65	219	318	282	236	199	244	327	209	117	240
796.5845_6.65	156611	244731	257090	155485	175857	168759	166827	157134	168480	165458
289.0467_6.66	11250	6018	6835	11434	9684	10085	11648	9468	9653	11307
136.0482_6.67	7166	5091	4838	6811	5929	6104	6730	5377	5799	6481
792.554_6.67	16561	28280	26767	14161	14193	17574	16116	12722	13341	16819
291.0449_6.68	2457	1731	1767	2340	1988	2188	2285	2056	1531	1906
768.5542_6.69	24679	52081	51341	23851	25604	20881	22232	21273	21820	22970
778.538_6.69	33462	39016	36931	32978	33562	38787	34443	41251	31886	35549
520.333_6.7	2596	4892	4200	5567	10895	7303	1581	1597	807	2942
219.0975_6.71	429	709	945	888	432	827	530	804	774	382
788.6149_6.71	17343633	16888120	18336978	16598678	19756192	18640962	22160837	19434811	20231953	19866504
774.6_6.72	580778	847426	1002673	586830	636654	639316	717161	654022	643772	673855
146.0925_6.73	9923	6876	7962	9621	8742	10172	12708	8973	8506	10871
760.9706_6.76	29806	34431	35291	34831	30200	30414	37373	29818	31051	27675
771.5757_6.76	10411	7681	9541	10372	10701	11008	8927	14304	15170	13110
760.1984_6.77	28460	31705	34897	30144	25667	25252	25971	25091	20168	20399
763.5992_6.78	2934599	3058518	2923702	2746081	3059196	2864004	3206735	2885157	3087442	2748224
111.0919_6.82	538	277	254	404	219	194	181	361	229	448
734.9367_6.82	26228	31074	31794	25903	26224	23745	26813	20089	21253	18694
184.0736_6.83	90025	98693	99867	94274	107646	101693	103673	99359	96748	94822
734.2032_6.84	23711	28172	28535	21708	20086	20250	22485	17752	18145	16730
86.0964_6.86	79	122	76	117	89	106	102	189	144	42
745.0545_6.86	4292	4488	5508	5186	10262	4633	5697	8404	4248	4629
745.5596_6.86	48493	55428	50168	46567	56970	46951	49584	49499	56121	44433
746.0617_6.86	39442	33999	36683	41446	42034	35042	36690	35368	39188	29043
131.0494_6.87	522	620	830	527	189	390	402	421	305	524
176.1428_6.87	147	200	186	224	188	169	170	217	197	168
692.522_6.87	13491	38951	41347	16762	16613	15460	9908	17440	7504	19157
692.5583_6.87	94956	114883	143416	95567	116989	93643	79278	107535	64859	93415
759.069_6.87	28771	31112	33571	34390	39520	38480	37569	39922	40595	35498
793.617_6.87	11868	19424	19550	16677	5324	7932	2306	4510	2778	9796
109.0921_6.88	705	663	713	632	632	673	630	766	671	696
110.0984_6.88	309	245	338	361	311	185	207	342	372	345
127.125_6.88	8524	8624	8302	8267	7508	8083	7864	8820	8402	9348
128.1313_6.88	50990	51216	47885	49337	47733	49604	47814	52522	50152	51780
157.1101_6.88	855	878	864	851	724	978	878	973	849	918
168.0929_6.88	771	830	835	752	380	653	585	591	396	1146
172.1241_6.88	958	921	978	867	651	549	648	697	770	848
772.5248_6.88	28947	27019	33195	30348	38383	32610	30123	39327	35095	35154
137.087_6.89	287	371	323	225	257	231	272	198	194	260
176.1432_6.89	1153	1346	1098	928	1112	1054	1112	920	988	1134
728.5203_6.89	144895	173505	181765	152908	149177	131793	99560	152846	95323	137178
742.5357_6.89	34056	45879	46173	34024	30008	24328	20825	30163	20250	31673
754.5347_6.89	140828	175775	154047	159909	141102	137853	115444	159978	123330	154345
756.5508_6.89	1824420	2077479	2001958	1774539	2103664	1968691	2071767	1953964	1995201	1839239
757.0521_6.89	49639	43479	44207	43327	43229	41317	47000	50497	54710	47434
768.5517_6.89	15788	18611	21930	19790	17556	17953	16548	24045	16442	20022
772.5821_6.89	5848	6886	7719	7766	10286	6052	16960	6780	4754	5561
776.5787_6.89	10541	23856	19412	23044	15221	19512	21204	20493	16577	21869
205.0974_6.9	117	197	325	107	159	301	135	43	130	108
210.0503_6.9	1297	1173	1561	1177	874	998	660	658	783	855
231.1354_6.9	714	373	416	723	295	467	379	831	637	482
331.2589_6.9	60251	19110	5730	27943	6155	36345	14429	13437	56324	38158
756.0446_6.9	14104	14441	9365	13096	8472	12674	9324	12763	12005	15191
769.558_6.9	104356	117730	128684	115816	124197	122796	139438	130165	135174	120738
770.06_6.9	62745	77219	84668	68483	82463	89810	94389	89562	91741	87426
780.5512_6.9	46887	77933	73814	49804	68302	76359	73690	70298	68238	78509
218.1005_6.91	4502	3075	3031	3666	2197	2792	1864	3130	3000	3164
771.5737_6.91	5690	6138	7520	5656	8498	6094	12638	5806	7436	9178
122.0968_6.92	1652	1540	1782	1821	1774	1801	1834	1776	1497	1621
157.1102_6.92	192	361	194	207	165	157	178	126	152	188
165.1137_6.92	24829	22035	21161	23685	20120	21354	18662	21595	21423	21801
168.0908_6.92	396	471	336	330	222	327	290	299	213	274
260.1064_6.92	320	458	392	542	306	1015	129	278	66	132
301.2848_6.92	611	1153	4772	928	59679	11950	805	702	506	1783
564.359_6.92	5978	12750	8651	9678	22746	15732	5010	4051	2776	4844
783.0681_6.92	16006	24779	29234	26879	28186	30960	38454	32894	30851	33265
138.1027_6.93	271	276	251	268	247	280	247	310	310	253
145.0973_6.93	1011	813	802	1004	821	879	954	952	874	1114
198.1239_6.93	541	466	422	418	366	414	391	429	426	467
291.0699_6.93	578	427	480	650	575	323	207	396	359	1309
792.5531_6.93	15700	23857	27724	14169	24394	25280	30508	23246	27608	24681
793.5573_6.93	13268	29684	28581	12911	32856	27399	36553	31102	32158	30143
86.0964_6.94	162	143	129	123	146	154	166	190	156	163
119.0495_6.94	130	302	322	135	215	238	227	189	142	159
97.0761_6.95	5846	5296	5080	5382	5039	5283	4621	5125	5318	5379
111.0919_6.95	7578	6884	6508	7021	6281	6771	5957	6676	6826	7305
114.0916_6.95	4297	3651	3584	3947	3483	3657	3367	3966	3854	3857
124.0873_6.95	1066389	984410	956415	1010578	921354	955618	896078	973355	959593	983883
126.0939_6.95	977	979	778	886	731	722	672	905	888	931
128.1073_6.95	592	564	576	585	522	526	481	597	559	603
129.1025_6.95	1222	1128	1099	1133	1042	1057	1056	1253	1161	1312
144.9823_6.95	26791	24471	25382	27730	25841	26472	27504	26466	26436	27137
147.0442_6.95	405	979	995	673	574	682	895	621	559	561
750.563_6.95	9366	22270	21045	13376	19897	19590	21270	19264	13879	14383
226.0452_6.96	7817	14076	12740	7571	7823	8550	7522	8474	7290	8153
406.1318_6.96	22202	35191	28570	25796	31169	29028	33168	31320	24130	25026
795.5722_6.96	983	2397	2157	1180	1978	2011	3628	2142	2071	2928
796.5829_6.96	8176	20055	21064	7473	17567	13607	22884	17986	19300	17629
88.0757_6.97	5729	5431	5509	5629	5284	5437	5234	5564	5535	5609
129.1389_6.97	1746	1181	1127	1238	1076	1055	905	1032	800	867
136.0483_6.97	22222	18581	20921	21400	19479	21410	20435	20764	20797	23998
139.0867_6.97	6254	6051	5760	6218	5700	5720	5236	5832	5785	5787
157.0973_6.97	3559	3217	3118	3161	2979	3170	3011	3114	3159	3026
299.1614_6.97	1563	1510	1371	1426	1357	1682	1432	1528	1712	1690
794.06_6.97	2331	3966	6161	1232	4936	4884	7720	5682	7378	7265
86.0965_6.99	77	95	82	76	102	91	109	95	105	112
174.1489_6.99	759	774	338	505	240	400	476	594	673	493
250.1803_6.99	487	324	611	279	267	233	166	310	298	247
83.0604_7	10572	9941	9775	10062	9300	9638	8968	9604	9383	9778
112.0871_7	448	421	490	444	636	444	459	317	511	379
130.0977_7	1820	2171	2493	1802	3451	2080	2062	1434	1970	1802
140.082_7	825	902	732	659	741	816	976	742	823	697
198.124_7	687	711	632	707	635	688	638	638	645	704
330.3001_7	352	398	776	612	439	302	272	291	315	240
88.1121_7.01	494	402	273	300	214	244	252	281	285	237
146.9805_7.01	14528	12923	13499	14835	13549	13879	13969	13800	14062	14313
194.0927_7.01	3620	3548	3338	3392	3251	3352	2862	3115	3187	3277
126.111_7.02	255	122	186	280	166	210	171	244	260	241
137.0599_7.02	746	1546	948	1054	792	805	1001	1413	664	667
365.2772_7.02	13375	37897	32426	24637	114986	21146	28874	19422	15423	21947
134.0814_7.03	1232	1359	1338	1230	1174	1247	1657	1161	1115	1387
230.1401_7.03	45064	41562	40108	42373	39493	40546	38623	41190	40539	41705
138.1279_7.04	11928	10323	4899	7263	4742	5314	4496	6833	5340	6340
305.0978_7.04	160703	248142	204207	171708	193786	206955	228076	166430	159001	166413
349.0616_7.04	20970	28383	23305	23129	21489	22159	23480	18909	18431	18320
371.0436_7.04	13035	15675	13377	13491	11797	13019	12753	11889	11231	10761
393.0256_7.04	1543	1615	1399	1526	1363	1295	1195	1307	1341	1033
74.0601_7.05	699	701	678	711	704	695	732	722	694	753
101.071_7.05	298434	274126	266368	284967	254889	263486	247802	269682	264290	271190
158.1541_7.05	29963	21420	14271	17851	20243	136193	24016	14766	19208	13878
319.1664_7.05	7603	7847	7586	8007	7569	7390	7332	7294	7258	7058
112.1123_7.06	113	83	77	96	81	80	64	92	83	54
130.0614_7.06	363	332	279	295	197	176	141	171	230	182
198.1241_7.06	258	222	307	286	264	244	242	239	217	232
399.3468_7.06	4156	3944	3936	3993	3583	4177	3937	4328	4341	3844
160.1082_7.07	3365	2555	2384	3235	3240	2331	2371	2883	1621	2494
226.9516_7.07	13954	10075	10114	13460	10098	10131	8815	11205	11465	10735
142.1228_7.08	527	508	407	496	455	557	424	551	499	516
153.1024_7.08	578	555	502	510	506	455	377	429	417	497
169.0861_7.08	1146	1555	1316	1462	1190	1233	1295	1191	1198	1393
203.2233_7.08	5280	5609	5442	5453	4817	5023	3976	3734	3720	3408
271.1666_7.08	19233	18243	18036	18721	17511	17683	16788	18431	17713	18688
87.0554_7.09	13197	12460	12074	12788	11415	11690	10881	11753	11615	11921
126.128_7.09	2343	1452	797	983	594	648	468	684	581	681
128.0709_7.09	1948	2025	2068	1804	1976	2088	2187	2186	2167	2111
720.5536_7.09	959	3168	3013	540	1589	1472	1252	802	925	847
233.0509_7.1	580	1340	2034	630	686	594	552	688	437	499
184.0736_7.11	6283	7612	7502	5837	8654	7966	9146	7523	7357	6978
90.0914_7.12	27419	30607	24962	23769	23053	22575	25187	22071	22187	21417
128.1437_7.12	595	491	383	383	311	368	322	307	302	291
133.1083_7.12	342	277	429	471	698	435	589	414	308	418
176.066_7.12	9725	8036	9575	11080	11991	10795	10562	11143	10046	11793
203.2233_7.12	647	758	734	740	662	663	571	519	496	545
312.0405_7.12	3465	2385	2899	3276	3495	3264	2784	3113	3282	3819
608.3856_7.12	4620	8566	6145	6462	15928	10045	4096	3172	1360	4063
784.5822_7.12	2310	3613	3379	2030	5707	4964	5735	4641	4088	4960
84.0808_7.13	130	126	117	124	109	127	100	114	105	99
130.0865_7.14	1582	1213	1406	1386	1438	4006	9446	1655	4537	2691
194.0927_7.14	481	454	488	484	444	399	470	494	451	532
796.5827_7.14	856	2589	2673	511	4122	2578	3878	2501	2731	3462
319.1667_7.15	6591	6257	6287	6272	5795	6070	5773	5908	6101	6020
766.5736_7.15	1003	1225	1539	813	1454	1487	2574	2788	1828	1402
181.0974_7.16	211	218	164	201	230	207	178	195	216	164
226.9516_7.16	11735	10114	9378	11026	8582	9154	7762	9808	10608	9746
763.6022_7.16	5701	6763	5803	4810	6209	5544	6863	5494	5720	4589
774.6003_7.16	274	2956	3590	860	3021	2211	3308	2162	2334	1780
99.0805_7.17	376	370	383	375	324	360	313	337	258	342
102.0914_7.17	237	262	240	264	264	274	259	288	270	310
104.0819_7.17	57	71	59	61	52	103	80	55	68	83
115.1233_7.17	384	340	300	332	382	366	347	389	386	391
158.1177_7.17	277	267	249	256	311	269	334	315	218	299
159.113_7.17	763	756	753	699	804	777	733	791	755	818
203.2233_7.17	2785	2706	2859	2817	2904	3133	2894	2433	2378	2484
217.1184_7.17	758	1194	1688	851	899	773	900	1011	840	726
276.1565_7.17	804	846	800	873	797	875	774	917	840	864
785.5873_7.17	1230	2122	1788	972	2525	2041	3389	1992	1898	2266
144.1021_7.18	3025	3048	2789	2780	2841	2805	2628	2704	2688	2898
291.0699_7.18	1562	2130	2385	2355	801	1402	827	1102	2427	1981
102.0551_7.19	207	227	261	187	255	215	274	230	205	253
148.097_7.19	788	850	1286	1398	593	696	612	623	700	596
151.0618_7.19	7960	11067	12137	7146	10015	8437	9458	8889	7056	10318
192.1597_7.19	14137	4854	4425	3292	15642	46829	2648	3339	10870	6473
153.1024_7.2	675	568	574	628	534	547	506	452	566	568
184.1083_7.2	209	233	191	172	339	231	188	276	272	267
230.1249_7.2	314	890	970	652	553	701	1049	801	517	541
297.1542_7.2	364	476	440	517	311	518	379	123	195	314
329.9969_7.2	1439	1668	1743	1168	1339	1210	1078	1105	1045	1673
766.5742_7.2	4539	11119	9306	7000	12070	8571	9569	6875	6831	6561
781.6188_7.2	16807	19727	14925	13766	14871	14217	15137	11333	14901	13968
115.0869_7.21	2207	2178	1896	2016	1964	1946	1847	1851	1907	1887
128.1073_7.21	1424	1373	1252	1238	1278	1268	1315	1304	1391	1354
178.9928_7.21	343	322	598	645	603	767	1067	595	775	684
276.1566_7.21	1578	1611	1354	1508	1258	1361	1384	1334	1483	1546
314.1808_7.21	2162	2939	3340	3961	1999	3461	1768	1357	1008	2073
319.1361_7.21	201	348	271	522	146	328	152	31	43	113
170.1289_7.22	466	413	386	486	390	407	412	479	407	397
755.0686_7.22	3057	5398	4186	2100	3796	2993	3727	2774	2743	2158
755.5703_7.22	674	1937	1596	568	1189	1374	1979	1192	792	623
763.6016_7.22	2245	3410	2645	2317	3961	2270	5297	3618	3804	3353
768.0761_7.22	21068	30493	32080	23861	36326	33397	36703	32257	30291	33889
126.0222_7.24	215	187	231	441	281	322	351	502	441	399
130.0865_7.25	1676	1197	1468	1663	1463	5857	14353	1821	6304	3833
176.066_7.25	3068	3033	3200	3841	3937	3681	2792	3367	2536	3956
319.1664_7.25	573	610	569	441	356	394	394	592	458	550
754.0885_7.25	64283	77812	62340	60152	59412	57082	55216	55337	66122	54418
769.5613_7.25	98944	129447	116097	105375	129048	108768	116416	107622	121213	97036
184.0736_7.26	26641	39242	33182	30153	39993	33360	42477	31675	39850	29413
713.5956_7.26	1830	4141	3352	2326	3461	2352	2550	1906	3118	2210
753.0807_7.26	26529	33735	31759	34323	39101	38746	45450	33067	39772	35213
756.5957_7.26	13378	17537	15786	14520	13048	13477	13918	13169	14084	9824
764.558_7.26	781	1171	2148	1156	2123	1043	1498	956	1066	1685
706.5934_7.27	2989	7167	4572	3080	4595	3613	4323	3027	2732	3264
767.5459_7.27	18460	22146	22850	25714	34508	32133	38165	29670	33574	29110
74.0602_7.28	161	132	143	146	156	156	232	165	220	188
359.1035_7.28	9974	10442	11664	13736	14519	13815	18017	15525	11152	15751
746.6062_7.28	2094	5229	5449	2624	4531	5093	4553	2883	2859	2626
752.073_7.28	2507	2214	2981	4223	4514	6046	8725	4708	4744	5223
125.1076_7.29	3768	3708	3733	3585	3454	3501	3223	3591	3549	3853
74.0602_7.31	415	394	443	364	457	403	574	338	464	486
115.1233_7.31	166	172	152	139	167	159	126	182	183	197
740.0736_7.31	2261	4027	3221	2824	5281	4373	4906	4364	4706	2467
134.1178_7.32	1702	858	1102	1292	1123	3162	487	448	1023	754
169.0861_7.32	445	430	325	378	338	443	315	553	483	563
318.1671_7.32	4740	4252	4208	4607	4466	4294	4075	4265	4145	4771
652.4112_7.32	2547	5440	3175	3736	12785	6405	1969	2012	718	2236
719.57_7.32	1176	1829	1884	1081	2031	1946	3033	1747	1792	1948
741.5307_7.32	2495	4647	4084	2693	6056	4405	5678	3424	4129	3530
88.0757_7.33	290	255	255	303	259	281	297	289	295	313
87.0554_7.34	2559	2400	2401	2580	2371	2401	2322	2391	2261	2522
90.9767_7.34	352	322	327	324	304	315	290	321	342	312
115.0869_7.34	3478	3384	3297	3404	3284	3367	3189	3481	3368	3465
319.1662_7.34	978	1266	1053	1178	1039	1192	932	873	967	1032
330.2034_7.34	1246	1131	1232	1243	1285	1286	1332	1430	1248	1399
184.1083_7.35	130	161	152	138	131	131	127	124	82	132
199.108_7.35	325	376	348	345	331	359	325	421	413	365
201.1124_7.35	265	263	239	198	191	337	259	244	270	282
276.1568_7.35	1394	1427	1505	1567	1602	1459	1368	1387	1461	1358
295.1664_7.35	33020	33655	31792	32203	32710	32857	31082	32011	32085	33032
746.606_7.35	5381	10048	11466	5747	10753	8633	11353	8015	7021	7336
754.0612_7.35	1710	6533	6161	2355	7626	6477	8790	4991	6648	6212
754.5628_7.35	83	1866	2561	543	2036	1897	3238	1074	1614	1024
88.0758_7.36	119	136	104	120	124	112	112	112	117	119
89.071_7.36	132	116	101	115	127	134	119	114	101	114
97.0761_7.36	653	676	646	665	665	669	639	682	706	705
99.0805_7.36	151	141	117	130	110	93	136	142	139	126
106.0864_7.36	621	614	642	735	672	626	634	646	631	666
111.0919_7.36	3798	3756	3634	3754	3716	3683	3574	3994	3841	4035
128.1073_7.36	1312	1184	1178	1233	1288	1285	1294	1392	1342	1408
130.0614_7.36	195	189	182	146	165	131	149	208	187	204
138.0551_7.36	263	264	206	284	294	210	269	245	238	283
139.0867_7.36	2408	2400	2348	2398	2426	2484	2375	2400	2391	2633
140.0684_7.36	139	96	87	157	91	110	100	187	108	178
153.1024_7.36	456	400	368	399	386	352	357	486	421	441
161.0922_7.36	4263	8319	10187	4680	5247	6034	6504	5106	4634	5369
163.0755_7.36	191	163	190	161	184	150	214	234	234	280
178.9929_7.36	1780	1868	2225	2327	2251	2478	2630	2269	2431	2523
182.0814_7.36	1182	1470	1416	1030	1014	1212	983	1199	1354	1214
192.1597_7.36	5538	2582	2191	1673	6840	13413	1055	1447	3491	3724
203.2233_7.36	3192	3418	3526	3743	3647	3789	3385	3274	3225	3340
122.0816_7.37	558	526	4677	444	195	227	320	313	204	464
137.0459_7.37	1596	2205	2063	2734	2425	2433	2340	2680	2528	2822
144.1133_7.37	580	542	639	632	470	569	428	568	460	602
162.0762_7.37	1877	2033	2118	2000	2968	2773	4135	2802	3257	3268
186.1239_7.37	78441	75504	73977	76485	71801	74001	68709	73629	72840	74175
197.0924_7.37	123	135	141	120	166	107	96	77	131	140
200.9749_7.37	1251	1227	1384	1464	1326	1368	1428	1251	1533	1490
330.2035_7.37	1210	1064	1053	1170	1205	1106	1102	1162	1249	1176
83.0604_7.38	2516	2439	2382	2437	2414	2423	2375	2481	2426	2602
126.0222_7.38	115	118	107	241	173	163	206	204	213	204
130.0865_7.38	1141	1134	2100	3394	1103	1530	2197	1158	1701	1461
165.9911_7.38	311	870	1648	1971	2139	2425	3797	2447	2034	2017
168.1133_7.38	206	210	174	215	206	231	230	256	275	213
258.1084_7.38	13780	12028	11626	15895	12263	11225	12928	13223	10023	13112
259.1475_7.38	405	401	399	309	450	431	422	440	525	568
780.5511_7.38	862	2319	2026	1155	1745	1461	2049	1276	1163	1114
783.0681_7.38	145	1370	1750	266	1939	1770	2782	1661	1364	1626
88.0758_7.39	187	180	180	184	190	173	183	174	196	191
115.1233_7.39	927	820	728	866	870	861	883	1021	1011	1099
150.0639_7.39	118	121	71	81	96	69	188	118	30	94
151.0966_7.39	147	107	119	127	138	136	109	86	160	116
170.0791_7.39	212	203	736	1972	125	161	88	131	209	129
170.0926_7.39	959	1024	933	989	991	938	967	1068	933	1026
142.1228_7.4	291	308	267	284	232	283	222	266	325	287
147.0959_7.4	5426	5427	8377	13064	5176	5675	7824	5185	5354	5251
319.1662_7.4	1040	697	841	749	491	713	176	334	454	354
721.585_7.4	1394	3031	2776	1520	2020	2248	2917	1734	2190	2168
232.1158_7.41	17795	24003	25233	24238	8702	6850	5740	9782	4326	14039
194.1179_7.42	459	443	362	478	402	388	384	455	510	532
358.207_7.42	1493	2095	1935	2571	1451	1894	907	760	677	1101
247.0577_7.43	3109	2923	2780	3367	3476	3501	4051	3305	3827	3501
188.0897_7.44	416	399	722	590	191	138	120	288	121	364
634.8758_7.44	58843	60163	64083	64744	65196	68226	74115	65443	61814	63626
702.8631_7.44	56176	54985	58821	59128	58098	60217	64735	60230	56548	59345
736.8573_7.44	11906	11448	11329	12763	11840	11185	10226	11942	9659	11593
737.3591_7.44	2347	1480	1973	2483	1802	1733	1700	1156	1716	1566
771.3518_7.44	2636	2299	2141	3120	2328	2336	2857	2055	2683	2614
783.068_7.44	3966	4450	7262	1945	5506	6532	7613	3922	3998	5948
178.9929_7.45	3406	3494	3976	4217	4218	4423	5190	3953	4242	4079
226.9516_7.45	583697	613221	679421	660538	705955	784012	902992	686142	662586	688990
294.1426_7.45	987	266	378	480	252	308	295	355	222	236
630.4469_7.45	3645	2294	5545	3611	4451	3849	4241	4712	2849	4231
770.0601_7.45	3996	5464	5908	3124	6982	6479	7551	3921	4399	3708
770.8502_7.45	48960	46914	50021	51037	49293	51322	52036	51028	48088	52006
780.5507_7.45	5196	9447	9677	4904	8151	7794	8260	6094	5476	6750
135.003_7.46	459	516	593	585	528	598	702	491	569	533
236.0716_7.46	6469	6011	6025	6734	7191	8138	8299	7831	7808	8594
786.6002_7.46	6654	10344	11119	7695	8613	8417	9758	9088	8556	9649
113.1075_7.47	230	257	209	217	235	213	209	210	246	204
214.9694_7.47	9164	11270	8880	9248	7149	10266	15661	6615	10738	7184
226.9467_7.47	415	265	331	383	386	450	284	102	121	241
159.113_7.48	128	124	138	165	138	161	116	190	138	140
339.1637_7.48	9497	2126	2686	3838	2438	2546	2905	3732	2463	1891
369.1379_7.48	260	214	272	415	232	390	483	341	133	354
402.2331_7.48	1502	1960	2227	2567	1465	1952	1537	1116	955	1667
112.1123_7.49	4346	3097	1936	2468	2025	2265	1762	2426	1937	2098
274.9903_7.5	4483	4722	4178	5535	4608	5782	8858	3615	5648	3665
786.5999_7.5	2833	4002	4376	2819	4189	3598	4455	3142	2849	3452
171.113_7.51	29	19	23	36	39	39	47	9	9	21
172.1082_7.51	194	192	214	195	169	167	136	146	184	166
318.1671_7.51	2283	2381	2506	2238	2276	2070	2189	1723	2047	1883
421.3288_7.51	5543	5876	7964	5806	5798	4795	4909	4954	5272	4979
89.071_7.52	588	595	561	590	567	559	547	553	597	584
97.0761_7.52	215	234	210	223	224	223	238	237	232	205
126.1029_7.52	2478	2417	2430	2377	2446	2424	2376	2339	2360	2373
128.0685_7.52	324	255	243	333	262	219	205	260	269	272
139.0867_7.52	744	750	644	665	778	703	709	714	711	660
144.1133_7.52	468	462	479	417	548	430	439	557	448	477
162.0762_7.52	1104	1220	1156	885	1325	1425	1781	1797	1582	2000
184.1083_7.52	175	171	208	176	129	215	196	259	173	201
187.108_7.52	123	62	63	59	89	92	122	93	67	127
348.7221_7.52	86	298	144	39	665	225	60	52	25	189
357.2355_7.52	992	1866	1122	1439	4226	1788	973	850	481	743
357.7372_7.52	53	416	141	274	885	310	145	122	51	163
490.286_7.52	775	1224	982	1336	789	1047	727	611	416	1020
696.437_7.52	984	2383	861	1148	6586	1756	829	874	487	835
87.0554_7.53	1257	1293	1194	1223	1248	1147	1167	1205	1230	1254
88.0757_7.53	2369	2096	1549	1848	1684	1685	1741	1744	1719	1577
97.0284_7.53	1625	1495	1335	1558	1399	1640	2202	1192	1612	1234
111.0919_7.53	4044	3854	3690	3823	4087	3893	3869	3941	3904	3828
115.1233_7.53	911	852	781	798	983	924	923	1029	969	1067
131.064_7.53	149	140	130	138	153	162	166	130	158	146
142.1228_7.53	478	505	481	476	561	512	552	523	516	554
143.1544_7.53	36699	34612	33557	35030	36157	35944	34619	40165	39530	42370
146.9805_7.53	4158	3929	3437	3285	3091	2978	2726	2784	3190	3040
153.1024_7.53	126	118	116	130	137	142	155	153	187	117
159.113_7.53	694	768	605	714	781	705	597	606	527	620
185.1651_7.53	102	60	66	87	37	699	89	63	100	82
230.1401_7.53	3718	3777	3608	3900	3724	3642	3758	3741	3841	3732
276.1566_7.53	847	809	818	919	754	824	749	770	739	794
305.0979_7.53	547	806	790	629	727	826	858	682	664	671
75.1028_7.54	295	292	246	264	260	240	222	361	295	394
139.1231_7.54	164	166	161	158	194	159	158	194	185	195
330.2035_7.54	14122	14466	13485	14102	14503	14681	14121	13911	14349	13951
622.4071_7.54	472	1844	520	2577	899	922	1329	856	679	893
120.0812_7.55	152	185	218	145	163	70	110	62	81	147
125.1077_7.55	464	465	434	469	486	443	447	492	466	470
169.0943_7.55	188	130	182	193	96	171	201	256	223	205
170.1289_7.55	55808	55008	54372	55861	55377	56432	53648	56051	56838	56807
534.3125_7.55	471	496	419	726	484	520	342	440	231	441
140.0683_7.56	180	184	193	221	195	163	163	171	191	227
162.0503_7.56	13688	16492	15302	16521	19533	19415	20519	16211	16249	17244
306.0751_7.56	13729	13393	13298	13781	12605	13487	13870	14874	14145	14270
369.0983_7.56	2744	3297	2707	3146	3854	3437	3687	2435	2519	2739
377.1485_7.56	8696	8146	8177	8903	8438	9241	8594	7921	8099	8172
796.582_7.56	465	1830	2382	479	1911	2134	2425	2546	2649	2860
72.0809_7.57	10280	12649	11579	11761	14839	14459	14560	11835	12125	12424
783.0682_7.57	4368	6299	7409	3426	10220	9585	11074	9445	9834	10611
170.1005_7.58	21435	22132	21111	21451	20221	22251	22705	22213	22167	22291
203.1837_7.58	724	76	93	152	794	46613	140	254	680	74
305.0979_7.58	342	406	321	286	263	328	294	369	324	339
385.1988_7.58	5178	3943	4643	4218	2908	3986	3534	4097	4152	3977
706.5377_7.58	14609	27569	28327	16422	29763	19697	18791	15971	9797	13835
758.5699_7.58	6144	14026	11399	7382	13111	13492	15437	12198	12547	14118
780.551_7.58	3975	9067	8086	5640	9959	8813	10306	7963	8133	10399
784.5772_7.58	1372	1492	1696	1640	2494	2317	3049	2336	2511	2221
80.1311_7.59	26022	28346	27837	26096	27469	28669	29000	27908	28069	28375
118.1101_7.59	55	92	91	94	92	102	103	46	63	48
125.1306_7.59	4866	5118	5204	4941	4959	5286	5195	4936	5103	5114
128.1436_7.59	207	262	246	218	218	191	220	242	295	271
158.9643_7.59	558	486	551	547	479	566	560	500	499	551
202.1804_7.59	7420	3019	2968	2929	7472	357576	3097	3635	7733	2702
786.6005_7.59	21573	30919	33354	25667	34657	32345	42287	36073	31811	38298
169.0943_7.6	91	69	135	104	67	136	105	94	119	135
608.3925_7.6	679	3204	1093	3842	1222	1426	1382	1216	1243	1386
746.6061_7.6	1245	2011	2363	1260	2586	2757	2311	2322	1967	1925
769.5584_7.6	9594	14737	14178	8392	19708	17506	19817	13530	16417	14757
81.1344_7.61	1124	1202	1198	1140	1163	1199	1268	1161	1226	1209
114.128_7.61	1637	1437	1204	1277	1385	1448	1316	1590	1545	1576
178.9929_7.61	310	340	328	318	355	360	315	358	427	355
550.3875_7.61	4035	3698	4967	3703	4027	4665	6583	4349	3848	4321
74.0965_7.62	497516	458342	430424	440413	476511	477461	452280	538105	518727	552090
115.0869_7.62	2510	2581	2304	2478	2570	2466	2559	2309	2322	2472
118.1229_7.62	170	169	193	175	167	178	162	179	184	242
128.1073_7.62	1619	1720	1602	1707	2222	1886	1833	1764	1856	1749
130.0865_7.62	2213	2181	2343	2233	2239	4840	9201	2409	5107	3575
225.1347_7.62	26507	26040	25495	25485	25869	25979	24576	25672	25774	26034
230.1401_7.62	3129	3055	2889	2860	3145	2904	2963	3175	3016	3323
578.4185_7.62	914	492	1102	1001	963	1238	1522	1485	956	1052
83.0604_7.63	2973	3102	2860	2723	2754	2796	2767	2762	2776	2782
125.1077_7.63	472	481	482	419	428	428	413	397	426	457
139.1232_7.63	267	272	247	231	254	251	239	260	257	276
153.1024_7.63	79	89	71	88	74	99	81	83	119	98
87.0553_7.64	861	882	824	875	801	814	830	771	817	877
97.0761_7.64	295	275	305	233	278	256	318	281	295	267
112.1123_7.64	1036	787	483	625	579	552	480	585	530	469
126.103_7.64	602	629	630	579	634	620	610	574	605	618
128.0822_7.64	193	216	209	216	206	210	194	181	215	231
130.0614_7.64	454	353	452	394	394	426	393	417	383	402
144.102_7.64	531	441	481	522	520	630	761	501	566	597
144.1133_7.64	510	479	639	447	605	497	555	344	482	539
145.0973_7.64	1446	1592	1410	1392	1499	1366	1588	1431	1236	1494
146.9805_7.64	3864	3828	3467	3084	3009	2848	2787	2832	3114	3111
162.0762_7.64	14706	6751	5716	14868	17809	15952	19397	16693	17474	19270
163.133_7.64	1425	1396	1316	1348	1378	1410	1401	1601	1514	1468
165.1137_7.64	45368	44912	44072	46163	45610	46564	44553	46726	46788	47464
172.1334_7.64	190	188	175	201	160	147	127	147	144	122
222.1491_7.64	151	253	197	325	155	367	181	174	188	171
330.2035_7.64	1972	2046	1856	1613	1904	1698	1804	1583	1860	1963
136.0483_7.65	3769	3539	3610	4124	3840	4177	4650	3737	3679	3927
243.0265_7.65	1035	1213	664	1187	670	908	2293	380	1389	854
310.113_7.65	3055	2818	2607	3372	3263	3478	3823	3304	2906	3307
578.4183_7.65	746	784	1289	835	1032	924	1715	948	402	1247
89.071_7.66	36	47	41	33	18	22	27	19	24	28
138.0493_7.66	436	434	586	316	389	479	451	476	305	365
140.0683_7.66	461	496	380	419	385	356	418	319	359	353
171.1857_7.66	24079	22502	20341	21565	25722	25147	23913	30497	29780	32697
592.3277_7.66	1822	960	1238	1689	1763	1463	2822	1828	1928	1993
84.0809_7.67	29	37	34	35	31	38	17	16	31	39
102.0915_7.67	128	169	150	116	138	190	145	119	143	156
300.1065_7.67	14157	13742	15538	10662	10993	12405	10174	13399	7661	11615
349.0541_7.67	74950	90954	157654	32827	128546	167757	146690	123019	88342	85650
356.0756_7.68	4461	4399	4554	5004	5261	4527	4427	5051	5400	4424
570.3452_7.68	7250	5377	7184	6009	6795	7368	9962	4589	7570	6291
148.0346_7.69	3449	3677	3051	3633	4021	3791	5032	3804	4273	4409
278.1246_7.69	13100	14260	13759	8067	7275	7853	4788	9091	6318	8165
379.7502_7.69	112	376	119	146	1047	189	104	67	56	42
566.3217_7.69	35485	35830	32113	35031	42017	41226	53273	36183	40421	38416
572.3697_7.69	2957	3317	2860	2378	2567	3447	4373	3635	2927	2703
87.0591_7.7	227	293	191	243	225	197	195	193	187	179
192.0245_7.7	2548	2460	2072	2065	1627	1721	1017	1624	2192	2427
379.2485_7.7	1287	2642	928	1313	6875	1807	1204	1103	456	1226
80.0495_7.71	847	913	855	916	860	931	888	800	864	906
105.0768_7.71	2082	2698	2431	2285	2471	2653	2657	2476	2638	2664
164.0086_7.72	2920	2739	3703	3927	4283	4985	7306	3469	3752	3746
247.9697_7.72	338	160	399	144	346	1103	3177	979	535	581
522.3558_7.72	316407	301035	313836	299977	319427	305535	355203	306147	324157	305860
582.2958_7.72	332460	266739	312269	321741	323725	321297	356229	265497	319845	266463
606.2961_7.72	113450	88025	112168	103181	108208	114575	135476	93257	111393	100490
772.5247_7.72	89603	101553	105317	89777	160913	130473	142771	127267	142470	106261
798.5406_7.72	91406	120454	133710	106179	169259	148924	181202	175233	185409	161890
83.0604_7.73	423	418	285	357	341	319	298	272	337	346
84.0445_7.73	27488	27242	26805	27770	29043	27332	30342	28154	30673	27390
118.1229_7.73	6777	2673	2103	2564	1187	1788	1275	715	653	786
207.9984_7.73	28886	29325	29794	28147	31504	28900	29765	29447	31433	30471
393.0072_7.73	4834	4397	4285	4611	4077	3907	3648	4126	5607	4744
560.3112_7.73	382219	317883	369202	366955	368131	373956	419700	358169	375455	352781
152.0222_7.74	1785	1454	1536	1557	1217	1517	1214	1075	1286	1317
179.9825_7.74	90325	82504	100229	102684	108629	118409	169690	100069	96378	93844
329.9153_7.74	20821	21360	24910	22355	25199	26601	32324	25972	27604	25019
371.0251_7.74	7351	8255	7832	7682	9688	9350	10351	8680	9729	9379
408.9811_7.74	112441	107845	125872	127961	131211	126215	175964	121687	144635	122315
430.963_7.74	3156	3966	2929	2783	2691	3226	2884	2783	3114	4077
195.9775_7.75	42648	40871	48858	46054	62341	58535	86382	45066	60554	53736
223.9723_7.75	818102	803234	915081	914805	971585	981159	1254768	949548	1007623	932496
361.9029_7.75	1030	596	889	1966	1279	1983	1537	1053	243	1045
631.9461_7.75	14712	13943	13890	13811	13888	14394	22451	10762	18054	15162
397.8606_7.76	37475	27817	35104	45802	43223	49843	58022	37086	34077	39818
413.8766_7.76	3959	3839	4325	4337	3882	4287	4083	3730	4228	3708
252.0455_7.77	46990	43559	44773	47822	52205	56416	60736	55881	57316	60732
363.8998_7.77	6560	6286	7807	6803	8642	8690	10462	6045	9148	9132
399.8588_7.77	4292	2779	4077	4704	3100	4992	5322	3192	2868	3365
519.7783_7.77	6143	4149	4654	5795	5273	5758	5388	4428	3877	4954
597.7738_7.77	123226	124541	156115	148873	156471	172056	215569	149952	156487	141107
767.6934_7.77	20922	20241	25034	28395	28277	34838	37998	25031	25999	21075
86.0965_7.78	83	79	85	133	127	102	72	144	102	137
122.9249_7.78	928139	929615	993599	984263	997517	1066789	1164257	1010979	973239	982582
126.1368_7.78	429	541	506	456	488	390	419	479	416	433
126.921_7.78	4493	4455	4655	4555	4803	4786	5177	4734	4526	4358
290.8471_7.78	1269468	1274345	1364999	1351813	1383511	1517897	1607403	1406265	1324577	1349603
544.7299_7.78	164419	169160	175226	176353	182236	198234	200832	182795	171905	173432
562.3269_7.78	749491	921878	949699	857242	1045878	993559	1193292	898660	993756	909262
628.6904_7.78	67778	68433	75297	73669	69333	84340	79751	75251	64537	68224
712.6518_7.78	48232	48361	56393	50500	44419	54450	55508	50996	49826	52081
730.2496_7.78	3133	3403	5038	4631	6778	4983	10597	5227	7552	6466
274.8732_7.79	88245	90005	100123	86318	93445	102435	107777	94570	90774	96902
794.6151_7.79	40100	41172	41622	43754	41947	48241	44902	41916	35340	35254
212.852_7.8	236176	202250	217600	256935	230882	265639	259643	218376	193741	217258
358.8345_7.8	20534	22117	23099	19685	21191	22797	23619	19546	19999	21495
382.7724_7.8	19588	16624	16756	21710	18066	21098	17123	15295	14190	15754
404.9264_7.8	5145	5562	5251	6500	8255	7530	11823	6038	7849	6948
435.8437_7.8	1299	1395	1196	1566	2096	2068	2102	2335	2376	2498
442.796_7.8	22119	24722	26762	22138	22826	26106	25822	22608	22756	25458
548.698_7.8	20463	17715	21006	20852	19632	21017	20379	17083	15044	17623
581.7997_7.8	317	1779	2649	1149	1549	2187	2185	1095	1560	359
267.921_7.81	1056	1336	1154	1396	1506	1649	2027	1233	1554	1302
519.8056_7.81	3450	2967	3091	3579	4138	4318	4996	2658	4414	3984
526.3779_7.81	11904	16531	15132	15219	17425	15609	17161	13329	16326	13815
526.758_7.81	10270	10201	10113	8625	9034	9122	9928	9479	9723	9788
610.7181_7.81	1676	2790	2159	1751	2727	2043	3027	1961	1683	2298
197.9757_7.82	489	658	453	436	583	655	970	442	887	741
176.8942_7.83	22439	18127	21423	24393	22495	25319	25427	20458	18581	20968
266.1386_7.83	875	5716	3953	851	491	677	70	498	45	318
444.7944_7.83	1477	1283	1420	829	816	1247	1286	1069	965	1262
462.7661_7.83	3045	3878	3366	3620	3450	4447	4354	2388	3027	3100
212.8426_7.84	6456	6619	7061	6915	6769	6863	6935	6067	6249	6660
341.122_7.84	8915	2526	3145	3866	2008	3419	3165	4157	3319	3475
156.0423_7.86	2333	2446	2232	2467	2348	2528	2371	2271	2321	2261
254.1612_7.86	1627	695	818	2744	6729	900	3214	802	800	1170
296.1351_7.86	3725	3748	3877	4045	3970	4634	5990	3962	5175	4718
515.8109_7.86	1066	910	671	722	587	955	1336	247	725	1000
83.0604_7.87	348	352	371	357	370	361	363	335	357	388
87.0917_7.87	394	314	308	327	350	329	229	374	306	453
143.1544_7.87	6512	6935	6353	6605	6214	5980	5973	5990	6108	5890
196.8781_7.87	5046	4390	5063	4965	4729	5570	5275	4094	3903	4474
276.8713_7.87	1639	1768	1855	1428	2038	2295	2334	1636	1874	2139
411.7264_7.87	716	1384	247	374	3084	975	317	420	239	125
431.8489_7.87	537	856	513	684	715	1155	1374	493	766	769
165.1137_7.88	6127	6103	6119	6111	6216	6107	6052	6174	6245	6283
171.1857_7.88	23305	21071	20712	20866	22096	22280	21030	24811	24829	27201
295.1664_7.88	9385	8702	8614	8863	8622	8016	8225	8612	8338	8678
401.2617_7.88	242	2402	621	635	6409	1235	248	467	220	416
532.2807_7.88	5883	7104	5904	5989	7159	7363	7206	5795	5786	5756
83.0604_7.89	200	190	176	174	171	201	180	201	172	173
102.0914_7.89	155	153	160	126	147	130	107	155	131	161
245.9542_7.89	882	817	886	785	990	1047	1334	952	924	963
353.0145_7.89	867	698	953	885	1178	1085	1410	1409	1225	1141
782.5685_7.89	7491	9083	11961	12980	13124	13272	15226	15875	14983	10423
164.1283_7.9	83318	316597	409542	6923	150301	13320	4343	4777	4830	41161
86.0965_7.91	1437	1677	1618	1476	1914	1786	2014	1705	1689	1715
105.1105_7.91	3493	4419	4245	3521	4111	4338	4788	4031	3978	3978
255.0975_7.91	17818	17433	16548	20177	16640	19859	20673	17724	16372	17437
353.0145_7.91	1887	1496	1490	1931	2082	2266	2549	1876	1657	1916
83.0605_7.92	178	154	164	175	189	173	137	156	164	158
217.1549_7.92	488	1059	1083	426	428	628	903	505	615	555
277.1029_7.92	55316	40716	45815	52389	56218	50557	60625	56107	49026	52948
386.9569_7.92	3221	3592	5289	2602	3099	2656	2359	3276	1826	2437
333.8891_7.93	1735	1590	1791	2480	2386	2313	2627	2752	2804	2638
618.2566_7.93	289127	303541	308307	313231	335540	331560	379639	330401	328688	322210
88.0758_7.94	163	154	243	225	98	97	130	88	121	98
162.1126_7.94	390	1116	968	229	190	308	296	139	172	211
249.928_7.94	2206	1994	2417	2619	2894	2830	3116	2861	2967	2830
602.2836_7.94	24752	29190	27560	24978	28215	26045	29521	25992	26981	26771
103.0867_7.95	1673	3172	2374	1785	1860	2756	4955	1843	3708	2490
126.1368_7.95	1709	1894	1663	1509	1585	1680	1524	1551	1613	1597
292.9701_7.95	1781	1913	1984	1886	1664	1712	1548	1570	1938	1522
376.9315_7.95	882	915	935	854	812	917	821	568	720	758
518.3222_7.95	54692	67044	69322	59225	72126	66152	79848	61625	68611	66458
661.2993_7.95	45548	43098	45269	48483	40853	42203	46230	37451	46997	42004
120.0659_7.96	7039	7033	7025	6984	8371	8452	9939	7387	7687	8221
149.9929_7.96	2645	2774	2968	2717	3157	3128	3706	2873	3089	3101
241.2038_7.96	1982	1067	1772	1086	2224	1584	1183	1054	526	1356
386.9568_7.96	1214	1243	2354	990	825	1027	463	900	659	748
436.3548_7.96	2507	5732	3400	3462	3619	3463	3972	2952	3301	3022
788.6163_7.96	31872	45462	55766	49621	60042	53518	86240	69375	72501	61686
731.6061_7.97	40428	59791	42443	35465	37714	32419	42112	20725	30596	24809
782.5686_7.97	12124	18494	19729	20468	20687	17729	23789	20584	22754	19233
156.0423_7.98	455	483	466	382	363	455	443	380	429	375
308.0909_7.98	770964	811156	935637	1202241	1308109	1398278	1800762	1201723	1236674	1195906
310.0952_7.98	4307	3851	5436	7521	7422	7906	10947	6590	6308	6957
405.9848_7.99	2502	2803	3017	3686	3870	4161	5657	3324	3318	3492
520.2804_7.99	4594	8811	8812	4109	4524	5081	4708	4287	3627	5728
580.2441_7.99	2209	2404	3064	2183	2491	2792	3741	1375	3190	2540
772.5247_7.99	199643	266704	248268	205193	371173	306609	362485	335056	361457	280420
410.4103_8.01	13100	8701	18598	12479	15763	18386	31888	17948	16960	20241
84.9113_8.02	14199	11599	13480	13619	13052	16078	19159	13315	16180	14052
209.9567_8.02	27711	25704	33516	28250	32849	29879	59408	32136	35780	35095
295.1664_8.02	17814	18255	18219	18294	17696	18336	17567	17579	17507	18318
131.0818_8.03	638	847	561	629	555	598	688	478	211	569
154.017_8.03	62	234	325	280	210	307	135	80	117	246
498.346_8.03	805	1508	1463	1171	1475	1735	1864	821	831	1006
86.0965_8.04	1238	1027	1041	1049	1179	1176	1189	1248	1126	1330
143.1544_8.04	5725	5604	5957	5721	5007	5276	5184	4929	5029	5060
145.0973_8.04	874	738	605	828	620	638	526	665	666	745
194.1178_8.04	9565	9457	9266	9306	9143	8791	8700	9283	8717	9166
247.9126_8.04	648	677	832	627	654	752	1143	665	760	814
261.1822_8.04	13415	14420	13818	13891	13085	13008	13429	13286	13590	14318
349.0009_8.04	39937	47347	67677	31443	34417	29953	20770	32896	19878	28979
87.0917_8.05	132	103	83	130	71	103	93	70	69	71
126.1368_8.05	3368	3582	3534	3168	3448	3529	3605	3454	3579	3639
144.1021_8.05	685	585	550	590	721	688	627	605	775	716
156.0171_8.05	1013	849	931	1031	1073	958	1778	726	1100	1022
348.0701_8.05	61702	59064	130846	67644	116009	166346	200199	88780	119144	87986
116.1073_8.06	5078	4750	4582	4770	4917	5037	4807	5209	5176	5491
158.1177_8.06	235	215	204	207	182	202	181	250	294	306
159.113_8.06	783	742	695	727	685	654	648	615	556	572
307.0441_8.06	137	140	154	348	174	191	321	147	267	237
423.7766_8.06	530	1757	268	896	4803	1259	758	655	181	139
731.6064_8.06	8959	12970	8273	12457	10448	10550	13161	8558	11064	7981
769.5615_8.06	35100	46243	35642	47057	43403	40007	50047	28589	37622	30855
87.0553_8.07	1301	1371	1451	1425	1492	1404	1584	1389	1341	1346
117.1025_8.07	460	408	303	429	523	544	615	476	389	471
423.2749_8.07	2997	5920	2047	3286	13979	4764	3006	3222	1983	1887
72.0809_8.08	1158	1172	1009	998	1107	1134	1213	1124	1098	1024
90.0914_8.08	38807	35228	29914	28528	29737	33754	31976	31505	31156	27704
146.0926_8.08	285	321	107	360	349	199	429	232	155	313
151.9512_8.08	3454	3550	4623	3725	4244	5099	5241	4367	3262	3716
152.0222_8.08	25129	19705	23119	26108	25876	25173	28976	23659	23379	24336
162.0763_8.08	94	73	73	67	81	96	124	79	184	209
171.0168_8.08	9726	7465	9459	13136	11469	7578	15219	8175	10703	10762
192.999_8.08	341	415	355	398	365	430	431	279	322	395
194.0329_8.08	32060	24694	40831	28019	26239	17376	21395	21322	16554	22674
208.9727_8.08	17540	19048	19872	19585	20048	22878	19290	17281	13680	17547
214.13_8.08	263	381	434	251	841	281	269	307	312	197
384.3946_8.08	19100	15407	24203	19280	23945	26317	41985	23837	26764	28724
386.9571_8.08	1626	2034	2379	1283	1460	963	1112	1322	985	1182
782.5684_8.08	14767	22343	26598	27598	27749	27812	33655	30057	29972	23951
120.1023_8.09	155401	85353	105438	75554	123688	107267	102343	138802	62737	132951
252.0456_8.09	903	964	924	1033	1176	1110	1148	1113	1015	1098
437.3028_8.09	19845	18170	20399	21513	19766	20646	22497	18446	19774	20974
118.123_8.1	440	332	308	311	397	382	321	414	342	473
138.0551_8.1	5598	6529	4777	7510	8081	5802	1913	7029	1458	6275
231.1241_8.1	33745	33662	33490	34223	33821	33242	31915	34370	34447	34886
307.0439_8.1	266	202	256	338	316	223	279	236	409	344
731.6066_8.1	6222	9408	6750	9996	9049	8257	10904	7278	11352	6963
156.0423_8.11	1327	1424	1302	1296	1289	1377	1377	1238	1401	1270
165.1137_8.11	9893	10132	9605	9893	10168	10246	9922	10126	10204	10449
170.1289_8.11	552	468	457	458	449	425	401	418	506	500
194.139_8.11	676	704	2085	2142	257	501	511	56	440	247
169.0861_8.12	358	324	341	309	356	299	342	377	401	362
210.9709_8.12	521	678	463	571	621	591	590	410	300	469
158.0925_8.13	191	285	224	237	245	228	335	212	183	162
231.1453_8.13	1656	1425	2998	1737	2078	1394	1341	2493	1089	1200
134.1177_8.15	591	427	2310	533	2268	466	214	190	250	1245
524.3719_8.15	912	2183	1454	887	2201	969	1444	1075	1292	1322
164.0919_8.17	1062	561	4115	5236	391	488	600	381	2106	823
191.0404_8.17	801	981	849	888	1072	1142	979	1042	1026	882
230.9805_8.17	6366	5407	5841	6579	6246	7350	8933	6273	7576	6430
148.0826_8.18	3575	7350	8348	3554	3544	4790	3399	3709	3290	3768
152.0319_8.18	5226	7547	8019	5467	6100	6955	5803	6773	6253	5450
156.0769_8.18	15770	25963	32803	12580	13053	11008	8234	11306	8903	10628
174.8961_8.18	1017	1094	742	1050	975	1171	953	1050	1047	919
207.0144_8.18	20499	24247	26365	20792	24790	27108	24812	26342	24380	22230
222.9883_8.18	217511	291511	317676	219227	248615	291046	282682	234765	210287	224474
169.0585_8.19	220348	343668	331070	218510	235303	250623	210865	218764	217038	214283
171.0766_8.19	4825	9088	10317	4733	5261	5774	5179	4694	4693	4599
129.0662_8.2	1879	3555	3507	1877	2251	2622	2598	1858	1858	1857
407.0129_8.21	13553	21487	16608	12564	14985	20446	19032	14498	12066	13702
170.0925_8.22	5797	6232	10821	4235	3925	3267	2504	4484	2664	3087
191.0404_8.23	3071	3248	2479	2992	3085	3155	3147	2747	2937	2952
174.8961_8.24	933	1053	772	662	594	738	718	691	624	699
199.0482_8.24	11821	9302	7785	13024	12204	15083	21704	10799	13685	13633
445.288_8.25	1616	4506	244	1686	14269	3505	1952	2511	762	108
772.5247_8.25	43337	48648	39941	42616	84770	68821	89531	88283	92554	74733
524.3713_8.26	1142	1999	855	745	1639	1364	1005	1095	740	1306
77.0386_8.27	284	254	241	275	280	342	330	423	445	557
231.124_8.27	17569	16183	16036	15963	15479	15374	16119	15265	15841	15496
106.05_8.28	2492	1982	2117	2160	2724	2657	2050	2653	1606	2299
117.077_8.28	1107	1079	1112	1157	1348	1368	1134	1084	991	1163
223.9912_8.29	911	1637	1541	876	1021	1289	1508	1021	828	965
798.5406_8.29	47775	60308	69762	66596	97231	86163	131510	118721	112907	101128
102.0551_8.3	536	617	650	514	552	531	630	600	607	597
208.0485_8.3	5940	4564	8898	3917	3738	3650	2635	5333	3211	3705
245.1609_8.3	2712	3245	4884	2940	2616	1774	155	2946	99	1719
562.3268_8.31	5206	5799	7284	4940	8062	6523	10114	4331	4063	6534
107.0526_8.32	558	485	468	388	558	430	260	507	164	522
171.1857_8.32	7953	7885	7540	7549	7007	7286	7217	8038	7680	7987
180.077_8.32	1797	1739	1613	1628	1438	1254	1473	1543	1542	1677
560.3111_8.32	1055	518	805	868	1432	908	1938	230	655	1209
116.1072_8.33	1053	945	986	930	968	748	920	1030	984	1079
196.1182_8.33	838	3973	2948	837	973	2390	3882	880	914	6876
197.1216_8.33	34	86	24	91	26	85	53	202	92	114
242.1501_8.33	6659	8369	9591	8372	8716	7267	2782	9762	2288	7379
255.0854_8.33	10223	14877	17410	14237	14248	13780	19403	13024	13305	11695
143.1544_8.34	384	441	441	418	360	365	326	353	336	349
162.0762_8.34	206	188	201	298	216	326	501	325	554	475
186.1127_8.36	2106	1302	1507	1510	1431	1811	2339	1731	1624	1883
223.9885_8.36	1223	1899	1886	1254	648	1181	1658	1295	1106	1172
213.0638_8.37	3471	4423	4716	4193	4932	3653	3084	3165	2230	3126
83.0604_8.39	206	216	223	201	174	178	190	160	162	169
116.1072_8.39	507	463	496	433	432	495	595	524	488	513
148.0868_8.39	520	432	531	551	530	516	390	466	453	624
230.0958_8.39	16733	15626	15500	18230	18054	18391	12639	17704	8750	14606
231.1352_8.39	1753	1645	1606	1665	1633	1553	1999	1629	1217	1148
247.2378_8.39	4829	5005	5545	6371	4952	5080	5642	4680	4613	4062
268.0516_8.39	92390	94004	96314	114476	111295	118496	88206	107856	58703	96285
124.0852_8.4	198	167	219	193	224	275	196	188	282	127
230.1401_8.4	1543	2243	1065	1872	1971	1980	1841	1815	1674	1459
137.0459_8.41	2216	2273	3225	2107	2515	2831	2325	2226	1980	2198
165.1136_8.41	14300	14459	14959	14169	14800	13892	14344	14700	16136	16437
125.0906_8.42	22676	23428	22747	24174	23768	23493	22910	21998	23287	24082
247.0948_8.42	4212	4785	4194	4476	4420	3924	3622	3411	3514	3541
247.1665_8.42	14508469	14959296	14316934	14849878	14811829	14687239	14537871	14576790	15481790	15381770
249.173_8.42	73347	77808	71991	75607	79528	74160	75195	76700	79260	78362
124.0873_8.43	426326	442980	420812	446674	450230	442360	435148	443528	471252	467158
206.1402_8.43	29963	32471	29357	31210	32346	31706	32450	32904	32613	34390
467.3012_8.43	1557	4043	1045	713	9871	2555	2607	2811	865	256
133.0609_8.44	303	355	323	310	83	350	500	144	241	183
171.0298_8.44	2158	3031	2486	2991	2609	2698	2694	2618	3310	2267
170.0328_8.45	1177443	1242532	1415144	1428158	1403373	1504113	1717232	1478646	1488729	1422443
285.128_8.45	106099	97702	100161	121190	102965	115148	109146	121539	143134	121357
563.241_8.45	19492	32186	24177	39957	27803	33426	41899	23222	29845	24654
694.3099_8.45	11778	12924	17958	16302	15832	21047	26437	16721	30301	25852
87.079_8.46	797	622	637	825	843	588	1150	827	928	1011
154.0588_8.46	74756	72751	75918	84808	83638	86647	85642	88838	99592	89738
301.1019_8.46	43191	42957	47794	64832	51267	60200	60681	52494	61181	52839
416.1975_8.46	75149	72702	73400	83951	63914	68878	55315	58542	78540	61937
432.1714_8.46	109551	114184	132012	168497	150638	170551	170878	157871	167433	142058
547.2677_8.46	17412	16962	18221	7110	6004	7592	9296	9735	10870	9877
133.083_8.47	13563	13725	13696	14900	9107	11406	13501	9617	12765	8541
264.1494_8.47	315597	308245	347263	355778	334878	345062	385009	326771	375848	352182
263.1461_8.48	2956928	2726149	3080691	3277547	3012987	3177458	3417196	3102386	3458941	3157124
525.2856_8.48	290936	245966	316086	350944	313923	341257	359620	307333	372408	325949
132.1051_8.59	2582	2776	2814	2915	2393	2461	3250	2230	2073	2183
160.1333_8.59	702482	354087	524598	793250	600096	604021	838925	672524	611492	679537
115.0698_8.61	5014	3550	4773	5133	4987	5250	4902	4806	5079	4282
216.0633_8.61	149832	166884	129235	219783	204431	263213	429781	168717	300371	205699
489.3145_8.62	563	10274	160	2392	10090	4006	2046	2151	740	178
116.0709_8.63	14635	15942	17671	15642	17954	16785	16794	15281	12819	16054
173.0923_8.65	3940	4769	4396	3374	4495	3890	3499	4194	3137	4518
148.0799_8.66	2993	7462	7903	3483	4094	4476	3801	3283	2957	3057
265.1772_8.66	973	924	928	1004	954	1055	1063	1056	1213	896
101.071_8.67	8029	8012	8006	7670	7887	7898	7413	7660	7904	8074
149.064_8.68	3595	3310	3588	3955	3838	3087	3971	3831	4331	3628
160.097_8.68	673	1053	871	949	1029	806	847	750	475	715
182.9854_8.68	618	575	619	639	770	715	657	663	664	730
187.9818_8.68	1750	1638	1668	1674	1604	1396	1646	1566	1487	1531
307.1222_8.68	1952	2090	2082	2192	2298	2793	3329	2141	1936	1990
336.14_8.68	3343	3167	3978	4381	4297	4796	4796	3895	3371	3170
760.5843_8.68	27268	43646	52728	45807	52540	50536	62733	61579	63514	48685
116.1073_8.69	305	279	315	276	355	375	299	347	335	331
99.5122_8.7	272	273	245	273	328	326	294	300	322	243
308.091_8.7	18812	18573	19261	27679	28851	31096	38582	30862	30758	28963
131.0536_8.71	5793	7204	7785	5633	5274	5839	6578	4352	4974	4680
139.988_8.71	22004	17832	16864	17378	17002	17324	16769	17364	18520	17813
140.9958_8.71	22949	18398	17466	17920	16996	17991	16932	17299	18373	18407
184.9858_8.71	640906	400400	363121	364972	343090	369598	353959	350780	424004	413029
186.9812_8.71	57227	54053	52819	52716	50534	48879	49861	50968	52330	52937
111.0205_8.72	1858	1646	1746	1543	1304	1228	1306	1224	1312	1247
226.0121_8.72	2020	1367	1342	1298	1250	1103	921	1318	1148	1225
243.1704_8.72	10696	9559	10627	11360	11685	10837	11267	11205	9071	11708
365.1276_8.72	5596	5670	7346	6802	6914	6915	8279	6239	6435	6103
116.1073_8.73	748	698	675	687	767	695	696	832	702	719
141.9835_8.73	392	384	340	425	346	519	341	355	399	345
142.9912_8.73	514	441	411	378	426	395	440	417	425	462
182.9853_8.73	556	551	626	671	706	615	657	701	669	708
161.9697_8.74	8266	3758	3105	3182	2683	3237	2818	2998	4554	4479
163.1231_8.74	9843	9291	6654	5497	6043	6421	7076	5827	6963	5487
152.0222_8.75	10919	11740	13289	10656	11886	12984	14259	12915	11908	11697
171.1857_8.75	1750	1865	2063	2017	1941	1982	1806	1915	1847	1887
172.037_8.75	429	502	815	475	824	633	1120	728	584	554
261.1445_8.75	45269	50975	47129	47804	48546	50992	62880	51475	44712	51505
262.1649_8.75	3646	4283	3177	4389	4454	4556	6660	4712	5139	5111
285.128_8.75	7638	7184	8941	5088	7169	8350	10563	9234	8276	8138
99.5122_8.77	252	246	255	270	328	284	390	382	351	318
245.1609_8.77	79956	64244	115071	78179	77549	63905	67004	88386	55398	61745
116.1073_8.78	347	391	338	319	314	334	326	421	385	408
511.8293_8.78	1042	7029	544	1284	6668	4545	3320	4396	1579	527
129.0662_8.8	186680	269632	323582	188045	198042	198030	228476	198967	203199	194857
197.041_8.8	4204	5060	5945	4371	4469	4802	4824	3943	4087	4441
193.0629_8.81	1167	1077	1029	1499	1127	1436	973	1090	1032	1355
200.0518_8.81	5419	4348	5083	3747	4650	5665	5238	4217	4058	5116
215.0514_8.81	904	1312	1538	924	889	938	850	642	706	681
276.1805_8.81	3453	4742	5012	6362	4147	7264	9280	3851	6397	6190
511.3277_8.81	4770	19661	2305	5092	17753	10842	10339	10278	6471	1956
73.5319_8.82	1265	1182	1296	1385	1328	1564	1358	1091	1159	1216
83.0388_8.82	292	287	280	379	263	274	216	199	197	223
129.0229_8.82	790	947	840	916	1043	925	546	689	716	935
203.0069_8.82	5921	4712	5300	6628	5956	6759	4908	4954	4487	5375
257.9393_8.82	7839	4569	4388	4828	4422	5325	3732	3656	3956	4741
298.9657_8.82	14622	5896	4120	5430	4346	5315	3682	3726	6493	6486
94.5455_8.83	981	964	926	966	883	712	402	584	611	728
151.0354_8.83	1262729	1249856	1249940	1308578	1298325	1401839	1184685	1074802	1108812	1238109
152.0326_8.83	4176	4031	4417	4333	4534	4647	3372	3420	3391	3945
156.0423_8.83	136	145	85	217	180	154	192	182	169	182
171.1857_8.83	546	779	575	530	397	534	506	503	551	458
232.1293_8.83	5814	7218	8346	5665	6057	6840	8618	6787	7304	6431
265.1771_8.83	11371	10923	10988	12287	11812	11508	11002	12100	11882	11260
168.0256_8.84	1024	971	1021	1109	1151	1138	889	822	801	943
187.9819_8.84	247	149	221	254	227	249	196	317	247	228
116.1073_8.85	736	618	600	553	617	578	546	649	656	869
192.062_8.85	18471	19190	18099	18748	18110	18841	15737	14024	14212	15622
261.1821_8.87	831	885	701	768	790	807	703	919	717	888
200.052_8.89	651	527	694	448	866	492	608	573	416	751
82.0138_8.92	118	139	124	157	170	151	127	125	141	129
308.091_8.92	3168	3529	4271	4784	5988	5577	7541	5900	5896	5316
261.1822_8.93	1398	1316	1262	997	1193	1245	1220	1251	1368	1306
131.0535_8.94	355	618	461	255	402	209	424	334	222	238
265.177_8.94	7439	7027	6934	7259	7957	7518	7354	7815	7806	8014
188.9787_8.95	1266	1659	1587	1198	1581	1182	805	1520	1564	1159
116.1073_8.96	369	333	345	328	318	324	355	366	352	439
152.0819_8.96	2611	3113	2985	2836	2857	2687	3002	2679	2708	2687
244.1293_8.96	499	683	745	574	846	1009	776	894	701	768
263.1461_8.96	2690	2774	4440	2904	5192	4673	11996	4877	4411	4226
155.0304_8.97	421	848	689	628	716	832	560	585	686	532
261.1821_8.97	663	765	704	579	931	765	786	881	894	784
533.341_8.97	2783	28194	981	3374	9827	11678	8489	11978	5803	1295
87.0441_8.98	9830	9913	10272	9699	11153	10611	14068	12113	11820	11173
203.1392_9	2855	3443	3732	3176	3461	4087	6031	4372	4655	4213
200.0686_9.02	23916	17247	24817	24798	27556	33477	46934	23357	25669	23378
176.1283_9.08	9093	6259	6451	9426	9166	8818	13123	9574	9203	7878
103.0391_9.1	132	133	159	168	157	170	209	149	146	169
160.0373_9.1	475	385	229	569	753	281	280	531	80	598
139.988_9.11	1468	1480	1364	1379	1319	1327	1411	1383	1411	1373
141.9835_9.11	283	227	223	198	213	209	223	242	342	561
87.0441_9.12	11994	12733	13178	12331	14628	13764	17786	14947	14991	15202
475.2513_9.12	549	313	691	573	340	623	496	1269	172	787
105.1042_9.13	175	193	120	159	247	219	216	275	166	174
116.1073_9.13	651	663	530	579	604	595	543	623	648	686
126.9899_9.13	1818	1727	1722	1765	1775	1600	1715	1758	1611	1727
140.9959_9.13	1155	1155	1154	1004	1224	1144	1148	1271	1266	1156
143.9591_9.13	36561	24652	21116	21980	21000	23083	20999	21179	27339	26709
185.0235_9.13	638	535	621	506	648	523	732	636	654	605
308.0911_9.13	685	514	575	913	1117	1339	1312	1149	1191	1053
270.1448_9.14	2309	3440	2377	2865	2919	2723	3176	1926	2171	4230
102.0339_9.15	147	175	179	161	164	170	141	189	151	236
171.1856_9.15	355	419	419	362	463	324	352	356	407	417
255.9441_9.15	1098	1150	1164	1076	1209	1046	1011	1013	1054	1052
156.0423_9.17	56959	65537	79075	81126	83498	90444	116857	79553	59729	60978
168.0163_9.17	13496	13267	13389	13548	12653	12433	12381	12671	12642	13331
555.3535_9.17	8266	48174	5947	10688	18846	24814	28062	27893	15552	5495
120.0933_9.18	753	770	765	959	874	1094	1146	972	668	677
125.9866_9.2	223066	225313	224109	225562	226917	224635	223419	225537	225402	228424
139.098_9.2	2184	1968	1966	2073	2783	2821	4199	2775	3472	3378
139.988_9.2	311	349	268	275	264	240	250	318	296	322
167.013_9.2	256915	252445	257566	253297	248926	246979	245854	247103	248691	252115
102.0338_9.22	173	162	211	185	126	192	125	135	157	157
188.0741_9.22	315	275	237	245	320	387	394	369	329	386
308.0911_9.22	1029	1027	1136	1391	1137	1551	2005	1761	1685	1428
127.9826_9.23	614	718	727	676	689	666	643	617	667	699
152.9472_9.23	304	350	349	345	358	317	418	378	402	424
309.1378_9.24	12712	11711	11515	11548	12961	15545	17883	12859	14882	14480
129.9794_9.25	485	497	437	469	482	435	500	506	510	562
255.9442_9.25	5797	5978	5784	5853	5675	5404	5378	5662	6101	5935
139.988_9.26	844	883	723	786	684	786	720	782	823	879
149.1287_9.26	900	839	667	1360	391	866	802	675	365	536
206.1403_9.26	538	456	425	427	471	525	491	529	556	545
265.1771_9.26	96351	97836	95615	97273	100908	98433	99759	98135	100684	100897
142.0613_9.27	1204	1180	976	893	783	877	782	710	722	766
143.9969_9.27	16412	16641	16374	16472	16529	16007	16161	16796	17181	17771
188.9788_9.27	721	720	801	705	736	790	864	925	1071	1177
94.0451_9.28	342	408	332	350	376	531	395	357	350	529
116.1073_9.28	2260	2199	2103	2109	2220	2245	2159	2361	2331	2365
129.9794_9.28	371	348	312	325	349	330	324	321	360	345
130.0171_9.28	182	176	136	151	138	175	166	103	183	178
135.0483_9.28	919	875	779	1045	1122	1017	1416	1054	1347	1198
154.0589_9.28	362	425	324	470	551	537	637	482	581	464
185.0236_9.28	3774	3657	3504	3705	3463	3360	3259	3509	3609	3630
223.0748_9.28	2732	4723	4093	2472	2963	3180	3007	2215	1984	2408
101.071_9.29	4810	4643	4565	4446	4738	4612	4367	4619	4791	4655
102.0914_9.29	212	228	211	199	240	211	217	227	250	219
206.1275_9.29	678	712	739	748	724	819	879	813	883	932
308.0911_9.29	551	644	670	895	785	815	1101	854	819	785
129.0662_9.3	2634	4035	4385	2852	3054	2993	3382	2636	2687	2776
140.9959_9.3	531	546	492	525	548	584	468	537	539	516
171.1856_9.3	414	496	479	460	450	423	472	409	379	322
90.055_9.31	1384	1320	1403	1545	1589	1620	1796	1649	1667	1537
152.0708_9.31	464	485	413	617	736	553	521	638	437	534
154.0589_9.31	318	336	355	388	416	406	482	379	408	386
162.0762_9.31	314	272	205	240	343	286	256	628	679	657
176.011_9.31	488	534	604	538	545	507	539	480	530	502
263.1462_9.31	1279	1440	1834	3193	3767	4171	7650	2689	2191	1984
139.988_9.32	487	386	427	419	439	425	422	493	481	418
176.1031_9.32	3072	2342	2936	3341	3998	3722	5022	3371	3061	2877
164.0084_9.33	703	666	802	753	811	827	979	882	839	817
308.0911_9.33	508	573	708	823	764	896	1143	968	733	848
283.0453_9.34	6614	9082	7792	8379	9397	10006	11754	7731	6503	6390
164.1173_9.35	583	626	643	555	562	601	657	613	682	681
185.0235_9.35	588	537	524	487	543	455	446	548	470	499
312.1664_9.35	15988	15343	16458	14763	17765	15605	20513	15371	14825	16562
577.3668_9.35	10592	66699	6038	13856	16869	30230	42788	37844	22203	7367
259.0714_9.37	3218	3339	3898	3237	4020	3899	4708	3870	4161	4322
292.1978_9.37	33304	34158	38342	32148	38378	34433	44761	35565	33193	33258
306.1883_9.37	59090	55766	68571	77039	94471	85167	130305	87022	79289	79438
127.1233_9.38	5096	14546	13193	5166	4159	3011	3423	5918	3245	3845
197.1011_9.38	3915	3607	4291	4018	4883	4212	5683	4736	4770	4876
215.1391_9.38	4074	3891	3712	4503	4407	4339	4720	4480	3668	4220
217.1548_9.38	4855	5376	5057	6603	6521	6539	7770	6794	5926	6880
221_9.38	1382	1582	1462	1419	1381	1495	1651	1431	1324	1263
116.0709_9.39	15442	16016	16567	14925	22095	17224	21135	17634	16305	17638
171.1857_9.41	329	513	376	428	380	361	275	377	306	335
116.1073_9.42	576	557	539	589	621	606	540	699	706	662
132.1021_9.44	10768	11184	10189	11748	16176	11759	12812	14037	10625	11615
221_9.44	3499	4046	3884	3476	3693	3825	3891	3642	3731	3556
318.2134_9.44	4845	3244	3878	6838	8155	3882	3135	7219	1016	3209
164.0085_9.45	1747	1909	1795	1836	1708	1792	1921	1936	1695	1700
367.1433_9.47	25863	27044	26187	29502	31724	38357	55588	32608	35715	32629
171.1858_9.48	354	364	420	343	390	389	343	330	336	316
144.0658_9.49	93	84	81	58	111	96	133	154	127	130
158.0925_9.49	255	270	309	334	369	299	479	308	338	334
164.0084_9.49	3393	3831	3701	3585	3742	3669	4211	3788	3755	3598
170.0328_9.49	357	402	377	435	451	498	557	424	519	402
185.0236_9.49	444	469	472	424	471	455	519	469	432	429
168.01_9.51	1479	1406	1205	1128	967	791	874	910	940	925
116.1073_9.52	1030	989	1030	1004	1092	1059	1121	1183	1195	1314
201.16_9.53	1522	1095	1112	1407	1665	1205	1380	1725	992	1423
158.1177_9.54	68044	54553	61422	111126	119556	71091	47616	114660	32502	63000
128.0709_9.55	3209	3541	3446	3049	3241	3462	3603	3545	3562	3676
115.0869_9.56	366	439	376	374	808	393	568	502	412	452
220.9999_9.56	596	662	591	577	635	616	578	624	650	786
277.1393_9.56	4418	1453	1228	4786	4663	6174	5812	4335	3401	4966
599.3802_9.56	14939	85083	8306	16834	18300	43348	52254	48585	32442	10010
221.1498_9.57	571	484	596	561	546	575	732	585	793	491
176.1031_9.58	13341	9481	11673	12660	13457	14789	16094	13885	12205	13228
86.0965_9.6	1814	1495	1598	1557	1651	1864	1771	2167	1532	2097
101.1074_9.6	299	244	301	307	269	436	274	262	158	278
231.0653_9.61	9134	8099	9339	8663	8728	10036	8308	8605	7426	9488
90.5259_9.62	131	130	147	150	140	139	158	113	169	183
148.119_9.62	581	694	537	768	556	590	543	661	379	783
244.0945_9.63	361	446	219	675	649	882	2400	391	1247	646
203.1505_9.64	8775	9186	14538	11985	11612	9119	5947	11965	3581	8275
115.0869_9.65	338	420	399	316	567	318	447	369	332	401
146.0813_9.65	939	855	948	864	987	1184	1214	1113	963	1146
158.0925_9.65	142	134	201	147	199	190	260	171	169	177
164.0085_9.65	666	739	725	768	862	777	759	764	739	764
170.0328_9.65	24319	22054	26862	28927	28168	32599	31874	30494	30381	29090
159.113_9.66	953	959	832	1077	1333	1328	1430	1029	854	1229
166.0864_9.66	3583	2857	3018	3214	3013	3285	5030	3446	3064	3812
185.0325_9.66	312	647	855	419	374	618	455	343	298	302
90.5259_9.67	161	153	132	158	121	150	142	152	150	146
164.0084_9.68	571	631	592	614	632	626	671	638	599	608
168.01_9.69	1456	1407	1284	1279	933	1055	909	1249	1273	1536
128.0709_9.7	8308	8610	8387	7701	8584	8922	9337	9678	9816	10056
157.1086_9.7	70	44	95	54	100	64	212	113	175	177
188.1284_9.7	509	413	457	532	561	575	565	643	457	555
421.722_9.71	1054	1590	1171	911	1088	1171	1107	662	628	1436
111.0919_9.72	261	307	308	251	271	292	308	286	288	274
164.0085_9.72	940	1000	947	900	890	905	967	908	896	945
188.1283_9.72	520	562	609	634	632	677	714	658	505	669
203.1393_9.73	1009	894	1091	1184	1338	1386	2033	1093	1168	941
116.1073_9.74	1639	1541	1498	1508	1611	1605	1540	1708	1690	1789
146.1178_9.74	1467	1264	1349	1847	1856	1968	2231	2026	1802	1861
621.3927_9.74	18125	94492	10842	21204	17837	53620	63302	58560	36982	11537
192.1426_9.75	2326	1620	2917	2063	2068	2198	4528	2382	3745	2386
147.1493_9.76	121	138	119	105	103	122	144	127	89	165
229.1548_9.76	86616	74597	84857	93103	93641	99004	99185	94084	82629	94433
86.0964_9.77	63	62	58	52	75	71	71	80	69	77
188.1283_9.77	532	513	521	609	577	617	550	627	495	633
164.0085_9.78	932	1024	946	930	853	860	843	849	831	873
194.1179_9.78	183	183	167	199	173	151	164	219	217	230
116.1073_9.79	1612	1505	1512	1508	1742	1666	1631	1894	1774	1942
176.1032_9.79	668	469	585	626	723	796	932	715	632	673
159.113_9.8	1134	1081	1036	1144	1301	1287	1358	1317	1236	1538
183.1018_9.8	623	595	561	572	596	589	652	713	660	722
164.0084_9.81	951	1004	1010	957	1050	995	1030	993	917	962
86.0965_9.82	92	79	83	84	85	119	97	102	97	95
188.1396_9.82	360	422	582	379	476	388	321	455	192	358
203.1393_9.82	275	343	289	414	437	429	514	248	248	249
308.0913_9.82	350	384	395	534	582	597	713	632	511	620
111.0919_9.83	532	625	650	506	604	569	622	576	626	649
144.1021_9.83	12246	9628	10506	13895	16139	12866	10090	15945	7519	13813
178.0864_9.84	388	533	481	342	392	406	142	507	139	564
86.0964_9.85	106	95	88	95	96	104	100	92	96	128
101.071_9.85	6520	6571	6614	6529	6625	6699	6644	6809	7009	7095
110.0089_9.85	1229	1242	1222	1300	1348	1430	1267	1186	1261	1400
143.118_9.85	950	1627	2062	891	1213	1021	1109	1148	850	1026
308.0911_9.85	321	315	414	532	531	567	658	635	580	609
227.1392_9.86	881	843	983	909	930	839	996	830	704	848
230.1401_9.88	840	770	799	809	773	783	748	753	773	729
275.1602_9.88	430	219	338	416	346	411	395	342	284	321
110.0089_9.89	120	125	130	143	141	154	129	131	135	150
111.0919_9.89	164	144	138	124	124	108	114	103	113	134
308.091_9.91	281	252	319	488	574	631	831	560	603	503
184.0033_9.92	252	274	247	247	232	242	238	294	239	335
434.9486_9.92	8277	44495	5115	9974	6945	25252	28701	27106	17524	5634
111.0919_9.95	338	454	361	379	416	426	456	508	518	509
383.7319_9.95	231	355	252	204	324	508	560	517	345	599
643.406_9.95	16912	92031	9933	20993	13750	51175	61221	57469	34242	11266
191.1393_9.96	1016	1104	1507	1012	1033	1160	2032	1230	1709	1417
116.1073_9.97	1043	1074	1073	1050	1120	1129	1114	1222	1180	1324
138.1027_9.98	136	126	107	165	297	246	116	248	79	270
174.1603_10	8667	8793	9227	8596	9815	11565	10033	8707	8450	9723
260.1717_10	6279	3053	3190	6306	7309	8149	11881	7413	6786	7480
372.224_10	875	799	893	893	852	955	1336	741	928	897
163.133_10.01	2729	2974	2949	3125	3011	3103	3142	3823	3549	3421
205.1185_10.01	180	219	170	220	206	255	265	236	229	259
156.1385_10.02	139	144	132	119	116	142	115	143	170	240
525.2673_10.03	696	335	916	826	472	1023	655	1913	242	1031
191.1393_10.04	324	230	363	239	272	267	480	317	462	324
244.1908_10.06	2042	2808	2059	2129	2248	2438	2195	2543	2245	2493
243.1344_10.07	141	235	170	207	204	297	408	358	234	205
525.2672_10.07	336	301	558	456	295	540	275	1020	114	615
116.1073_10.08	1428	1341	1325	1366	1418	1476	1482	1468	1453	1493
186.222_10.09	290	298	298	283	318	244	298	228	215	262
241.1296_10.1	360040	354978	444685	378955	449565	436643	551803	449183	368315	442149
171.1494_10.11	5296	5228	4935	5501	5855	6390	6296	6080	6337	6976
204.1233_10.11	490	516	495	753	649	817	1028	649	856	857
246.1813_10.11	1577	1249	1593	1544	1663	1619	1935	1833	1367	1584
324.2127_10.11	6032	4617	5815	5868	6429	6910	7728	6415	6324	6344
665.4193_10.12	14543	85095	8252	18982	10704	52795	58647	59301	33743	10333
176.1032_10.13	354	286	355	346	421	366	485	445	391	354
200.176_10.13	3250	7779	3927	10612	4138	4577	4976	3479	3066	3975
232.1657_10.13	4767	1552	1976	4144	4696	5326	5845	6395	3991	5752
243.1343_10.15	113	147	204	165	192	226	224	141	109	200
450.2927_10.16	3361	18421	1920	4241	2065	11913	12702	13431	7539	2334
605.8311_10.16	15448	26819	17025	13815	17711	25047	30349	9326	15079	37767
111.0919_10.17	208	207	197	223	245	211	249	225	231	185
170.0328_10.17	277	276	293	303	283	347	383	404	392	458
191.1393_10.18	964	830	1067	768	978	954	1476	1143	1479	1205
260.1969_10.18	3663	4498	4757	4348	4547	4921	6331	4960	4731	4690
152.0708_10.19	1157	1097	928	1153	1207	1126	1089	1195	854	1177
227.1392_10.19	465	532	450	466	339	304	291	363	332	358
170.0327_10.2	411	401	461	479	474	491	468	418	488	508
168.0101_10.21	968	783	760	864	856	794	777	960	1049	1287
184.0033_10.21	217	216	207	226	234	256	235	259	260	289
116.1073_10.24	591	598	520	583	615	569	557	638	634	662
241.1547_10.24	170837	151482	176301	192532	192628	208006	208894	216431	180298	201079
161.1286_10.26	374132	385872	432011	386447	447369	497009	659676	471208	499025	468660
162.1319_10.26	42473	44022	48810	44375	49967	53884	67313	55430	56323	53438
199.0846_10.28	358	303	433	409	442	465	599	384	460	338
116.1073_10.32	907	790	914	863	923	920	844	994	995	948
464.2996_10.34	20075	109698	12543	25464	13971	68292	78117	75463	44162	13762
176.1032_10.35	216	154	203	275	354	284	435	365	258	290
357.2131_10.35	16120	23813	27945	17074	18145	19636	22892	17208	17983	17075
204.1234_10.41	239	241	272	345	267	430	467	344	406	448
231.1704_10.41	148352	115186	162806	175146	166409	162878	179515	182255	146083	151791
188.1759_10.43	413	458	400	324	472	554	534	337	370	454
260.1717_10.43	2377	2972	3147	2955	4343	4925	4534	3390	3774	3330
355.1545_10.44	11233	11122	13247	24570	15044	16366	27012	11888	17098	13092
673.3644_10.44	3229	3544	3910	3261	4031	4076	3946	4050	3481	7040
111.0919_10.45	78	94	87	64	100	86	80	92	88	88
188.6174_10.45	584	616	540	610	573	676	833	538	602	564
184.0031_10.46	331	324	270	300	250	248	239	267	282	290
188.1158_10.46	3271	3935	3483	3737	4187	4860	5204	4041	4032	3760
219.1705_10.46	2545	2728	3274	2796	2995	3637	5087	3063	3474	2844
270.1686_10.46	3487	3661	3143	2946	3764	3590	3160	3108	2411	4284
215.1391_10.49	5507	4843	5230	5941	5776	6060	5984	5953	4965	5644
432.5979_10.49	406	232	350	294	81	523	366	423	258	394
528.7758_10.49	369	953	1184	951	1836	3443	2998	350	1863	2985
116.1073_10.5	553	508	533	568	518	561	526	582	620	637
156.1497_10.5	105	102	109	184	76	107	131	83	80	79
232.1656_10.5	1341	1216	1601	1591	1855	1979	2189	1841	1338	1627
117.1389_10.52	605	684	440	910	478	692	1023	479	481	503
252.1442_10.54	10375	12367	13761	13448	15960	17240	25682	14058	17757	15875
184.0033_10.55	273	242	245	248	263	281	233	275	248	302
478.9751_10.55	24391	131395	16874	31888	16240	81388	92031	91610	52299	17296
116.1073_10.57	289	258	293	276	249	233	231	277	231	288
473.2997_10.57	416	3189	106	642	269	1859	2039	1893	1118	268
229.1548_10.58	71677	62884	73277	79505	79599	84823	84782	83067	68938	81857
116.1073_10.6	280	247	254	204	248	283	283	260	295	304
198.124_10.6	16079	13219	12596	15553	14517	15849	11815	15463	10857	14789
369.2131_10.6	19295	37124	37167	21010	21637	23058	23904	22508	20043	21723
111.0919_10.64	92	105	97	81	87	88	89	82	72	78
261.1097_10.64	488	457	488	425	382	339	248	421	390	614
164.0741_10.66	3592	2060	3815	3849	4228	2521	1367	4857	805	2421
113.1075_10.67	11838	7673	10609	47078	5159	9107	5792	4396	5267	11266
145.0973_10.67	395	393	383	367	401	415	377	555	480	587
432.2217_10.68	3474	3205	2443	4684	6124	6571	5923	5683	4449	5902
389.1791_10.7	868	708	557	1907	1655	1668	919	1113	1620	1678
418.2312_10.7	7392	8995	5443	17790	15055	24196	46313	10971	28730	19431
296.0658_10.71	202279	251142	198779	355560	338985	423155	601071	269424	448669	351101
622.1721_10.72	6023	9300	4677	13200	11986	11318	2669	8948	10159	12162
576.6754_10.73	896	4263	272	10790	6607	12906	17414	1834	26930	8321
389.1795_10.74	2752	2975	2392	5299	4529	5274	4563	4647	4763	4916
408.222_10.75	2611	2570	5371	5203	4713	7390	9388	9635	4101	8973
448.1241_10.75	478	432	250	1168	693	899	527	215	2127	1577
86.0965_10.77	96	108	97	129	119	158	221	106	201	162
227.114_10.77	293	479	551	242	472	491	447	523	327	603
432.2217_10.77	4102	5121	3799	6589	7323	7235	8141	5843	6622	8472
493.6506_10.77	27582	149550	16949	34363	16295	96940	102451	101453	56761	18384
622.1723_10.77	1123	2261	427	3973	3044	5108	6424	857	7205	4536
472.2516_10.78	829	624	2136	2562	2899	6330	9441	4390	2557	2933
342.0624_10.79	423	657	349	790	720	1108	1479	427	1334	996
234.1813_10.8	4748	4931	6159	4735	6174	6160	4618	4747	3291	4431
399.1444_10.8	27589	37197	39259	29262	37007	32266	36754	32177	31417	36669
145.0973_10.81	261	228	251	258	299	274	201	499	395	496
163.116_10.82	1197	615	904	895	836	932	1146	1079	987	1112
164.0741_10.84	316	172	298	413	354	280	281	338	110	223
109.0763_10.86	263	252	210	212	286	288	330	767	856	1163
233.1497_10.86	28527	29926	30043	36448	39579	46212	93264	36721	48832	36089
147.1129_10.87	2278	2232	2287	2252	2637	2985	2706	2564	2405	3026
170.0926_10.87	467	518	690	571	557	650	875	620	585	532
231.1705_10.87	485	396	456	560	522	403	566	534	411	463
258.6627_10.87	1497	1703	1429	1251	1502	1585	1584	1367	1167	1694
128.0709_10.88	415	434	366	343	393	402	431	485	464	500
128.0765_10.88	664	749	833	818	903	803	1200	981	972	939
159.1494_10.9	5406	5108	4525	5543	5909	4998	4789	6465	3599	5011
171.1494_10.9	3357	3316	3242	3335	3587	3455	3514	3749	3758	3765
176.1283_10.9	5046	3287	4576	4515	4308	5076	1639	4649	1442	4443
249.1733_10.9	3395	3144	2862	2520	2187	2253	1839	2291	2191	2482
260.1968_10.9	184704	152384	186799	201479	202616	217464	284131	216841	231038	204678
261.1097_10.93	3181	3325	3071	2767	2687	2341	2238	3214	3008	4060
277.6558_10.93	243	297	195	162	117	187	150	76	92	243
116.1073_10.94	241	255	236	229	239	211	217	218	212	211
186.9812_10.97	8781	9107	9161	9062	8833	8302	8518	9759	9454	10317
111.0919_10.98	59	60	56	68	77	78	83	80	80	75
116.1073_10.98	186	171	175	185	201	202	195	193	195	208
508.3261_10.99	29899	152760	18551	37615	18954	97084	109400	105496	62637	19624
116.1073_11.01	218	203	175	177	210	203	187	182	216	198
184.0032_11.02	280	306	270	311	242	212	230	259	265	283
227.1139_11.07	75	78	107	61	66	111	128	127	119	130
490.7619_11.08	1082	639	1059	1223	640	1260	1483	1820	279	1972
123.5947_11.12	3639	4042	4124	3856	4193	4148	4708	4211	3733	3853
147.1129_11.12	252	239	285	260	283	348	278	302	264	354
246.1813_11.12	100455	115275	108952	108126	118448	117808	147806	115231	107597	112221
494.6075_11.12	694	485	682	1132	1196	1453	2262	2360	652	2172
205.1549_11.16	20660	21312	23159	24296	25409	21999	29563	27835	22250	23912
198.0893_11.18	7332	4689	5632	10636	7517	9955	19137	7853	8637	9577
116.1072_11.19	184	188	200	169	193	138	201	197	216	191
147.1129_11.19	162	150	154	158	197	159	168	174	156	180
523.0016_11.22	27905	152477	17651	35501	17479	95282	107337	100304	58054	18385
175.1192_11.23	328	355	359	326	456	453	676	524	513	633
499.948_11.26	333	202	222	306	196	267	275	580	99	492
175.1192_11.27	256	297	276	285	329	300	449	265	282	262
499.2795_11.27	1508	1271	2510	1865	1814	2425	3039	3347	1102	2472
523.3359_11.27	19747	109425	12070	24703	11474	65525	74973	70576	41625	13135
260.1968_11.28	995	816	1126	981	1044	1153	1419	1081	1143	1146
246.1813_11.3	503	593	548	328	507	572	668	536	534	578
242.642_11.32	48483	52143	47221	50839	55956	58012	67151	52298	50778	50739
260.1969_11.32	673	545	672	502	631	614	874	737	763	902
147.1129_11.33	237	206	206	225	219	243	216	231	205	291
161.1286_11.33	199	260	212	218	255	280	448	312	396	347
160.181_11.35	32903	34478	36076	32168	35906	33744	32248	31659	25793	32340
205.1549_11.37	152	163	169	161	171	173	226	203	180	214
298.1872_11.37	7008	8483	8490	12081	12717	12227	15811	13120	11366	12038
241.1548_11.39	303	303	288	386	377	366	382	425	287	392
260.1968_11.4	369	283	361	407	419	370	556	435	351	360
612.0021_11.4	708	203	1080	1158	924	1790	3380	1211	400	3950
147.1129_11.41	184	190	196	184	203	215	207	215	170	268
427.9017_11.41	309	119	151	489	207	376	415	572	211	380
399.3466_11.42	1064	1216	1046	1052	1252	1239	1303	1220	1378	1362
116.1073_11.44	191	196	169	182	173	199	217	215	223	210
86.0965_11.47	123	106	99	97	98	101	92	112	100	98
129.1026_11.47	14170	11171	13868	26256	9930	17001	12879	11076	8916	50616
537.6771_11.48	26551	138119	16459	33537	16009	92051	102140	97196	56265	17011
163.1331_11.52	285	254	254	268	237	250	251	318	327	311
84.0808_11.56	147	149	116	161	169	211	218	177	170	169
191.1664_11.56	89	100	86	143	103	109	162	123	157	116
191.1666_11.56	531	589	574	664	709	744	991	769	884	864
130.0865_11.57	2289	2333	2187	2447	2531	2814	3495	3028	2998	2960
161.1649_11.59	1759	2552	1024	2918	660	1740	3020	688	552	684
214.6472_11.63	562	595	522	605	705	825	691	630	617	693
147.1129_11.64	95	98	95	98	114	146	123	129	97	114
72.0809_11.65	12844	11885	13155	12378	14071	14186	13929	12102	11489	12487
125.1077_11.65	987	1056	999	953	1012	1016	1301	1032	1307	1231
162.1127_11.66	309	228	249	287	289	326	398	340	326	347
146.1653_11.68	3937670	3395498	4284811	3783036	4312883	4475446	4225046	3496809	3277335	3732269
239.128_11.68	231	210	160	200	224	234	225	266	219	266
478.9405_11.72	682	318	560	1022	451	1502	1900	1115	833	1073
552.3527_11.75	21082	119446	13694	29165	13362	76867	85202	84280	49434	14621
239.1279_11.76	279	299	236	275	286	303	304	417	391	447
489.1149_11.77	63354	49276	54406	80982	60739	54515	61268	48814	54141	56894
184.0032_11.79	422	425	397	422	422	403	390	422	412	432
239.128_11.8	262	274	212	252	219	203	253	302	281	410
179.1287_11.83	5304	5264	5133	5350	6189	6206	6867	5985	5237	5860
243.1579_11.84	1085	1303	1003	1081	1115	1046	1107	1043	900	1078
258.1101_11.9	232	228	199	580	475	713	1561	281	973	522
142.0977_11.93	159	147	150	162	182	181	170	178	176	162
611.8302_11.96	645	385	1294	1849	1297	2978	3845	2228	677	1900
162.1126_11.97	342	249	300	275	344	357	391	350	487	381
258.1101_11.97	113	148	108	298	228	260	699	141	695	260
159.113_12	489	472	417	398	414	426	418	437	485	487
199.1317_12.01	599	647	644	716	986	874	1095	915	800	822
271.2268_12.03	300	319	217	266	297	285	327	362	391	470
567.0274_12.03	16970	100973	10655	23897	10398	62441	69351	68547	37606	11232
111.0918_12.04	79	64	70	54	63	64	65	74	70	72
301.1521_12.07	1840	2680	2281	2183	2572	2266	3997	2766	1645	1595
369.2494_12.12	7249	7517	7244	6566	8546	8260	9652	7253	7110	7256
161.1287_12.13	227	238	226	246	276	275	531	356	291	295
185.1286_12.13	8224	8565	8333	8655	8906	9284	10002	8817	8028	8809
185.6303_12.13	1157	1302	1311	1265	1335	1380	1552	1263	1294	1441
161.1287_12.16	260	244	249	276	284	291	580	337	382	371
175.1192_12.17	5058	4745	4962	4754	6141	5390	7089	6314	6233	6375
218.1864_12.18	21816	17963	21127	21689	24298	23550	27766	21669	18738	18983
161.1286_12.19	525	514	536	547	569	588	919	696	795	694
262.0506_12.21	641	642	590	672	701	668	821	635	634	641
427.1055_12.21	688	740	660	1104	897	731	2362	1233	659	501
86.0965_12.22	178	186	143	168	195	180	249	210	198	186
184.0698_12.23	1191	576	3714	1618	1843	3005	4529	6122	5828	5261
268.0254_12.24	580	545	665	612	651	748	869	729	571	566
258.1102_12.25	275	329	229	599	484	783	1907	454	1236	547
161.1287_12.26	332	283	342	302	394	415	579	445	467	428
142.0266_12.28	493	617	554	616	595	592	550	579	546	513
258.1103_12.29	230	237	201	588	419	531	1608	348	973	472
116.1073_12.32	100	110	103	116	117	133	125	134	106	130
258.1102_12.32	368	531	332	760	619	982	2418	507	1453	689
142.0266_12.34	1234	1290	1267	1200	1308	1318	1194	1226	1151	1213
86.0965_12.35	131	129	125	126	147	151	145	145	142	151
175.1192_12.35	4258	4361	4285	4089	5121	4373	6146	5239	5372	5349
581.7029_12.35	12094	77579	7188	16991	8067	51882	55400	53487	31359	8401
582.3713_12.38	4398	29439	2432	6246	3685	18562	21112	20475	11335	2959
142.0266_12.39	2332	2612	2573	2544	2728	2735	2757	2737	2599	2644
86.0965_12.41	110	102	110	91	104	99	107	127	100	118
86.0965_12.48	82	84	74	83	88	87	102	97	89	108
142.0266_12.51	742	787	777	779	778	788	793	699	714	660
142.0266_12.56	552	631	579	552	568	616	587	554	543	540
184.1187_12.56	12	30	49	22	46	36	40	50	56	33
189.16_12.56	493	435	445	582	602	645	779	636	621	551
142.0266_12.59	756	793	810	867	857	816	877	826	803	823
189.16_12.61	703	781	827	928	858	1021	1277	944	939	926
142.0266_12.65	491	563	577	561	620	590	603	563	532	536
184.1195_12.65	937	899	888	862	866	910	830	896	850	899
189.1599_12.66	404	405	405	463	447	482	583	481	466	476
116.1073_12.67	139	143	120	120	143	128	135	147	127	168
596.3784_12.7	9716	61446	5368	13475	7918	39470	45963	46072	24832	5460
142.0266_12.78	830	1032	1021	870	998	1047	1148	990	989	978
189.1599_12.81	219	213	172	225	188	207	276	217	220	193
239.128_12.81	640	679	710	645	704	768	764	849	938	856
102.055_12.9	48	53	50	51	68	66	76	101	87	88
112.1123_12.91	330	326	372	346	428	425	426	338	336	340
86.0965_12.92	56	48	47	50	61	66	66	74	72	71
142.0266_12.92	1701	1911	1809	1807	1936	1881	1964	1751	1777	1790
112.1123_12.96	276	232	279	252	255	281	258	221	240	226
111.0919_13	71	65	62	68	77	80	73	67	64	59
112.1122_13	175	172	203	162	212	220	197	169	166	165
239.1279_13.02	399	399	408	365	488	442	448	492	471	468
163.1331_13.03	296	292	349	302	287	321	310	383	383	386
76.0758_13.05	98	96	104	97	96	96	99	106	104	100
159.9693_13.08	359	374	329	391	388	435	418	460	450	430
76.0758_13.11	114	105	141	106	109	133	122	95	100	100
112.1123_13.11	288	242	333	260	291	335	343	287	246	255
611.053_13.11	7204	44958	3991	8298	5820	27882	31065	30752	16636	4236
159.9694_13.12	382	356	439	364	406	442	481	388	401	401
142.0265_13.14	835	877	863	841	810	844	882	751	773	825
463.3002_13.14	82	1197	33	69	108	785	805	1317	367	49
163.133_13.15	288	277	333	299	300	296	301	402	403	366
228.196_13.18	721	620	701	591	602	628	574	611	616	554
126.0553_13.21	108	101	87	83	98	107	113	157	162	153
239.128_13.21	270	308	324	297	368	334	271	387	358	405
217.107_13.22	260	235	248	252	278	335	303	350	420	456
259.1475_13.22	285	260	271	301	327	386	331	424	522	557
273.2537_13.23	260	297	290	241	229	203	256	229	243	317
142.0266_13.24	809	911	894	834	946	924	942	857	825	956
239.128_13.25	394	410	412	401	422	428	458	521	509	542
159.9693_13.26	252	233	233	232	293	286	306	292	292	280
239.128_13.29	415	355	360	427	429	397	423	423	478	400
345.0779_13.29	23646	23569	25735	25025	25927	28042	31332	25951	23812	26109
259.1476_13.3	247	235	208	228	260	253	309	329	269	326
142.0265_13.31	324	385	390	370	340	370	350	337	338	379
159.9693_13.33	260	268	313	275	279	286	370	292	281	293
163.1332_13.33	290	300	372	298	301	301	402	334	384	350
239.128_13.33	545	484	558	555	566	666	624	615	597	550
116.1073_13.37	146	133	138	140	146	139	133	161	155	151
126.0552_13.37	420	355	342	338	402	425	418	537	566	608
239.1279_13.39	504	521	486	489	621	552	592	720	638	624
159.9694_13.45	323	352	318	318	318	332	300	371	334	327
142.0266_13.46	564	605	581	590	665	636	632	587	627	657
159.9693_13.47	355	368	322	352	349	355	346	346	353	326
215.1278_13.48	213	205	171	198	207	228	204	251	237	268
159.9694_13.5	498	490	475	523	518	549	605	585	564	605
228.1959_13.52	501	465	491	513	490	505	510	512	585	660
474.5574_13.53	34	820	44	96	142	427	837	623	153	81
473.8053_13.54	1099	8092	474	1362	1436	5040	5779	6005	3139	662
74.0601_13.55	77	104	75	71	81	86	84	86	78	84
259.1475_13.55	419	485	431	412	433	457	455	474	489	518
159.9693_13.57	723	682	633	705	737	741	773	739	752	758
625.7286_13.57	4030	27048	2110	5133	4137	16193	17923	20475	10363	2403
239.128_13.58	882	911	818	798	900	942	943	990	991	1084
159.9693_13.61	335	353	313	348	340	344	349	392	365	363
345.0778_13.67	689	724	718	589	737	806	767	652	591	707
181.1225_13.68	135	119	133	133	168	142	164	161	157	155
259.1474_13.68	471	479	489	472	478	458	452	460	452	442
271.2268_13.68	329	377	312	310	362	321	282	373	347	381
142.0266_13.69	363	396	365	376	353	354	364	322	306	342
239.128_13.69	487	507	455	505	474	548	444	614	628	632
239.128_13.77	521	477	517	468	546	513	496	570	506	543
259.1475_13.77	412	465	514	422	472	465	434	475	521	470
239.1281_13.82	895	901	783	869	839	865	936	986	947	976
163.1331_13.86	302	317	315	317	267	280	324	383	391	359
181.1225_13.86	130	121	120	143	122	117	144	118	121	132
111.0919_13.88	68	77	65	63	62	62	67	56	63	70
112.1122_13.89	166	166	170	176	186	182	197	184	155	186
144.1021_13.9	337	346	338	366	335	349	381	393	390	386
259.1475_13.91	505	623	539	538	520	589	512	576	578	638
111.0919_13.92	66	55	63	62	65	68	62	64	72	74
239.128_13.93	282	277	296	314	356	373	309	359	398	424
129.1026_13.94	6186	5666	6682	9626	4652	5938	9593	9289	5521	9722
112.1123_13.96	330	301	348	358	371	372	373	319	283	398
203.2233_13.97	911	1085	893	837	921	850	804	693	638	710
142.0264_13.98	281	300	319	275	308	288	300	318	289	306
640.4041_14.04	1862	16804	883	3025	2686	9798	11663	12186	6483	1332
649.7477_14.04	140	468	298	401	608	469	808	870	887	408
650.4145_14.04	1669	817	674	924	1343	1220	1062	1098	1319	1328
259.1475_14.07	563	539	497	618	649	543	675	632	667	690
111.0919_14.09	129	127	122	120	127	125	128	118	131	111
203.2233_14.09	1200	1396	1289	1217	1302	1244	1117	884	909	876
106.0864_14.12	117	117	159	151	131	120	129	147	130	137
271.2268_14.12	362	378	376	341	433	432	414	490	472	543
485.0627_14.12	1177	8518	612	1804	1720	5200	5866	6633	3049	660
259.1474_14.17	264	305	337	307	354	335	323	416	376	352
215.1278_14.19	220	217	210	207	248	202	232	269	247	278
259.1475_14.2	310	334	301	323	403	341	390	399	379	388
83.0604_14.23	42	43	42	41	39	39	34	43	40	43
259.1474_14.24	574	498	529	577	484	566	522	625	577	651
203.2232_14.28	1155	979	999	1039	1010	998	888	693	728	735
271.2269_14.28	548	520	467	529	574	577	567	650	639	641
259.1474_14.31	742	757	686	696	710	843	814	849	841	991
98.5121_14.36	83	72	88	85	90	89	72	67	81	76
259.1475_14.39	354	362	363	368	416	455	457	471	426	468
239.128_14.41	504	492	488	463	486	449	504	522	518	544
259.1476_14.42	312	380	301	306	331	340	329	354	358	407
163.1329_14.44	322	343	346	296	312	320	358	371	376	333
259.1475_14.46	451	453	424	461	570	415	502	515	490	553
259.1475_14.51	267	249	228	265	319	253	234	261	338	332
187.9994_14.52	305	369	335	330	328	320	310	350	325	324
138.9955_14.53	203	220	234	247	232	192	201	198	218	217
163.0755_14.53	659	609	607	619	683	658	659	654	719	672
173.2015_14.55	295	298	301	350	296	279	310	284	285	305
655.0796_14.55	875	8993	400	1272	1820	5463	6311	6878	2932	442
239.128_14.56	539	444	478	445	424	443	432	492	468	490
259.1474_14.57	447	403	413	421	459	435	494	459	483	494
83.0604_14.58	60	56	56	56	49	47	55	47	48	41
271.2268_14.61	358	358	297	311	364	318	344	364	418	385
259.1475_14.63	1027	1154	1125	1175	1178	1150	1214	1252	1432	1397
111.0919_14.73	91	105	82	90	89	99	95	127	101	98
106.0864_14.75	236	225	275	287	222	229	218	231	203	226
239.1279_14.8	200	203	215	206	239	201	211	242	237	213
187.9995_14.84	361	342	337	349	281	324	309	288	354	314
129.1389_14.86	261	246	282	230	283	325	277	246	199	242
129.139_14.89	417	401	434	340	457	384	421	389	333	422
183.9887_14.93	713	672	715	741	647	692	822	723	725	751
129.1389_14.94	245	210	249	249	260	263	246	234	211	259
138.9955_14.95	193	197	192	216	221	204	208	200	196	191
97.0761_14.99	209	205	205	211	204	208	193	212	205	230
129.1389_14.99	208	202	248	244	256	252	236	214	237	226
138.9955_14.99	155	160	174	160	160	160	163	171	172	161
187.9995_15.01	299	273	293	274	216	256	230	232	273	241
111.092_15.05	82	90	81	81	86	92	71	85	84	111
506.8251_15.07	944	6519	328	899	1998	3476	3915	4717	2014	237
239.128_15.11	219	286	243	198	182	169	167	242	214	191
669.7552_15.11	398	5190	245	992	1086	2640	3659	2943	1135	216
86.0965_15.15	65	54	51	51	65	61	62	67	73	78
98.5121_15.15	78	79	85	75	86	78	92	74	78	97
111.0919_15.18	84	87	81	95	98	99	93	108	110	90
111.0919_15.24	84	79	70	84	80	79	76	85	68	83
259.1474_15.24	305	276	313	340	293	342	324	383	380	416
138.9955_15.25	143	151	157	157	146	155	149	158	172	149
181.1225_15.25	154	187	147	150	186	168	143	167	150	125
259.1476_15.26	212	284	224	267	253	336	299	348	292	307
116.1073_15.3	122	118	114	111	123	145	136	164	160	152
259.1475_15.3	380	411	388	423	424	397	466	419	461	477
239.1281_15.32	213	221	204	226	242	227	209	225	202	215
98.5121_15.35	104	97	90	99	92	96	99	107	87	88
239.1279_15.35	232	185	216	192	201	176	201	213	246	266
259.1476_15.35	534	560	560	653	644	630	678	655	758	728
217.1072_15.38	511	496	491	505	618	620	651	723	725	726
138.9954_15.39	231	234	227	223	227	229	228	218	232	218
98.5121_15.4	74	82	74	77	71	70	79	90	71	69
106.0864_15.42	168	170	199	215	163	171	146	149	163	177
187.9995_15.44	226	211	213	198	168	193	182	191	207	203
113.964_15.47	231	247	213	216	236	222	235	228	242	204
138.9955_15.48	256	242	228	220	231	238	224	195	214	216
259.1475_15.5	818	750	832	754	856	825	845	937	848	990
138.9954_15.52	228	212	225	214	239	257	248	228	249	224
111.0919_15.54	104	105	104	102	105	102	101	115	120	129
138.9954_15.55	199	183	209	186	167	190	193	193	187	212
113.964_15.58	229	231	200	242	236	247	232	233	252	232
113.964_15.63	270	288	269	286	281	283	268	313	310	306
163.1331_15.63	351	328	349	320	336	320	322	396	367	326
187.9995_15.64	361	322	357	330	311	314	293	299	319	295
259.1473_15.65	288	292	296	289	384	316	355	351	389	388
160.9727_15.66	89	106	86	126	80	95	53	90	53	94
199.9755_15.67	592	617	617	589	573	636	549	646	618	632
517.8318_15.68	512	3384	127	320	1382	2188	2847	2611	1024	94
138.9955_15.7	304	300	318	334	306	292	312	285	303	303
113.964_15.72	241	222	241	238	226	219	250	242	227	239
138.9955_15.76	309	308	310	312	311	308	308	314	302	313
259.1473_15.78	465	483	512	453	477	460	472	542	511	603
147.113_15.8	46	48	23	31	37	34	31	33	30	45
98.5121_15.82	209	216	199	208	187	201	181	198	213	226
187.9995_15.82	348	369	360	310	241	248	251	251	295	299
113.964_15.84	249	232	219	217	226	230	223	234	221	250
113.964_15.87	238	250	232	245	243	213	246	227	247	242
271.2267_15.87	403	405	443	400	501	453	405	475	509	556
399.3467_15.88	645	711	655	804	892	777	918	1062	975	937
138.9955_15.91	235	237	250	222	264	219	230	216	250	249
259.1475_15.94	1002	1036	967	964	1073	1116	1058	1164	1344	1224
141.9588_15.95	253865	255565	251558	257178	254984	255196	259170	261996	260536	263990
159.9693_15.96	40139	39580	39909	40164	40643	40778	40600	41315	41623	41894
138.9955_15.97	497	471	512	520	511	508	518	515	554	514
113.964_15.99	307	329	304	311	312	308	293	307	322	335
182.9854_15.99	717169	709006	705335	716918	701681	699871	714293	713519	713209	725693
259.1475_15.99	210	222	160	176	117	204	185	236	219	216
586.5413_1.6	464	174	484	188	2052	400	352		104	209
668.6196_1.64		66	250	112	214	301	641	370	382	212
251.237_1.72	28	44	39	26	97		45	35	56	12
431.3156_1.73	103	108	167	367	334	166		7	5	27
650.5177_1.76	1356		1233	301	630	370	3025	2049	1069	1101
197.1539_1.93	1014	627	616	264	346	462	378		575	512
450.2334_1.94		981	3081	4780	6326	29741	6134	3852	11709	1268
325.1182_1.95		1251	2259	3847	5275	9865	5393	1001	1255	1435
582.5458_1.98		2165	2443	3174	3977	3360	3799	1676	1892	575
329.1495_1.99		1851	1233	1593	1627	3580	1715	825	895	852
782.6135_1.99		1858	10902	6061	11261	7585	12908	10022	2172	10393
243.1591_2		708	902	592	770	521	695	494	250	313
256.118_2		795	816	1003	1516	2215	1205	603	99	679
625.2655_2		2917	2235	5917	7566	14852	6070	1756	1341	2546
631.2762_2		698	764	1146	1822	5094	1814	293	1186	1170
654.3319_2		1708	6940	4326	4117	5846	5022	4568	4844	4456
395.3518_2.01	863		3215	487	817	660	1628	274	252	143
763.6389_2.01		787	3664	3753	3603	3256	5587	6274	330	2377
796.593_2.01		417	4099	1461	5454	4444	7731	6580	804	5803
271.2268_2.02		249	606	588	754	543	918	371	426	734
420.1919_2.02		5213	4643	7765	10273	21220	7815	3213	3554	2781
415.3352_2.03		674	1031	488	1035	1604	1713	843	215	775
751.6014_2.03		1780	2583	1304	3315	1641	3968	3934	324	2085
760.5929_2.03		1779	7141	1528	4714	3236	5770	4612	1678	2198
294.1911_2.04		703	659	874	740	626	945	234	182	205
389.3051_2.04		614	755	1059	2276	1747	2186	741	1559	589
422.3477_2.04	2018		14593	1505	4565	1089	1237	45	1908	1710
366.1755_2.16		336	535	2984	234	1484	548	209	109	735
301.2373_2.48		165	184	258	235	187	188	115	205	57
420.1917_2.48		665	321	1129	1303	2606	1441	609	697	581
210.0763_2.51		89	106	87	129	241	201	81	144	107
208.1546_2.57	243	283		87	12	45	57	197	115	139
367.2689_2.89	310	49	194	162	353	535	201	77	40	
253.0817_2.92	16	54		89	60	201	46	66	17	46
247.0382_3.5	73		54	98	87	178	249	153	135	162
590.4268_3.63	538	6287	14412	1893	1126	2508	189	265		4361
590.4264_3.68	233	1792	3310	513	444	879	67	27		1363
363.1787_3.79	1395	4807	3374	1446		5009	5906	1342	307	3134
198.0988_3.91	265	269	377	341	735	74		211	626	351
189.033_4.27	30	92	129	508		86	293	95	47	75
321.1113_4.29	252	193	158		80	179	206	144	128	218
203.1088_4.32	813	1069	80		124	1191	598	853	58	361
363.289_4.36		616	331	509	510	837	1466	548	849	528
250.111_4.83	93	158	145		28	589	597	163	248	231
248.1129_4.87	35	60	34	112		111	148	83	22	44
704.5593_4.87	1736	106	537	573		452	1766	763	1165	898
246.1522_5.33		234	431	726	463	1732	1353	500	841	868
218.0847_5.34		768	517	2095	576	431	358	281	92	326
542.515_5.42	20596	15945	49030	36224	4698	11992	10411		10946	2416
454.4619_5.45	3624	2557	4852	5937	588	2157	2545		1812	1048
204.1054_5.61		328	19	1084	88	143	152	174	26	138
371.2271_5.93	193	888	476	642	1917	1830	75		120	123
558.319_5.99		2606	795	1783	1720	2395	2231	609	1010	2741
216.2596_6.02	465	388		152	312	541	381	468	216	246
128.1437_6.52	57	58	23		64	39	16	1549	51	19
162.0584_6.54		179	47	420	50	43	80	55	48	71
770.0602_7.38		834	923	158	984	571	615	260	615	576
578.3383_7.6		63	132	253	244	233	82	161	69	145
107.0704_7.65	51	22	10	21	21	11		48	22	27
273.0797_7.69	165	70	215	246	85	111	294		270	253
401.7634_7.88	120	840	89	68	1392	93	181	69		57
105.1134_7.89	8		9	10	27	11	20	51	24	33
430.2642_8.12	81	137	64	194	375	305	48	115		233
654.3723_9.95		330	56	324	382	189	366	215	275	181
429.6076_9.96	169	1577	26	162		579	795	698	416	68
444.2831_10.11	152	1912		199	68	963	1134	1434	726	115
438.2725_10.12	116	313	35	65	32	100	204	130	30	
459.293_10.34	50	288		38	18	184	226	194	33	60
487.9752_10.75	132	2047	77	344	35	549	612	1292	301	
504.2857_11.42		96	210	140	34	148	358	464	31	380
532.3362_11.47	116	787	34	208	37	319	289	575	440	
550.3027_11.51	196		208	446	379	855	1655	671	278	757
648.3567_11.58	209	90	52	210	377	618	839	704		70
546.6772_11.72		866	59	77	38	452	468	403	181	35
547.0117_11.75	79	447	37	196		351	397	368	146	45
491.5618_14.54	26	40	7	27	52	91	79	87	25	
518.5839_15.68	23	433	59	47	214	170	330	272	91	
454.4255_1.96		378	4420	1151	5815	1239	988	3883		405
329.2683_2.01		413	2108	1070	544	451	544		290	1246
730.5825_2.01			4427	1710	4005	2211	4871	4812	549	1756
779.5633_2.01			1247	1312	1510	865	1690	1455	628	1114
410.3992_2.03			683	542	1217	1044	1994	656	478	372
246.1336_2.06		676	396	741	93	203	136	107		65
253.0818_2.89		74	26	45	38	147	38	73		71
115.0586_3.7	8	27	23	30	29	32	38			35
372.2589_4.78	1137		728	426	1177	2996	1908	487	73	
288.199_4.88			298	186	210	391	513	383	474	554
360.3515_5.67			1	1	2	2	16	2	4	2
374.3415_5.8		1745	485	1195	427	1566		826	69	107
359.7131_7.48	28	291	33	94	1062	321	30	123		
422.1911_7.86	99	683		86	2365	465	384	310		157
239.1062_8.06	26		279	291	52	27	100	25		258
433.7395_8.06	103	442		255	1960	386		111	48	181
445.7897_8.25	152	893		527	2837	708		429	176	166
444.6174_10.13	34	610	37	35		375	448	186	92	
452.9481_10.36	86	274	52	134		118	291	198	75	
467.6234_10.56	79	327		51	66	256	454	142	151	
488.3186_10.58	27	552	34	161		114	327	115	98	
164.0741_10.74	463	291	768	566	656	270		783		382
561.352_12.03	123	294	70			517	70	362	78	37
451.792_12.69	27	290	25	25		256	139	207	148	
148.1657_13.48	8		11	13	4	10	6		3	19
480.8061_13.97	52	130	22		24	52	155	136	63	
289.2527_1.6	55		142	22	9167	155	252	21		
441.3936_1.8	279				855	308	1153	397	305	357
518.3115_1.99			2418	4735	1091	1962	1196		234	1362
621.5449_2.01			1041	948	1509	181	2584	859		1965
237.2214_2.03		68	79	155	132		120	52		74
719.0577_3.93		1225			711	3036	3869	2044	2201	4142
660.4896_4.7			255	321	1078	1212	93		34	33
150.1045_8.08		1600	43618	14887	47	3242	1			205
414.9321_9.72		297		28	35	55	37	108	142	
423.5973_9.92		247		51	98	67	166	185	117	
720.4115_10.55		18		33	38	34	18	53	21	
488.3097_10.77		1259	110	55		793	585	1168	201	
517.6696_11.01		498		119		199	289	362	51	12
529.978_11.23	40	133	42			92	72	62		31
469.5486_13.54	24	124		53		113	113	136	54	
481.0568_13.98	20		50	24		37	33	118	66	
685.0986_15.68		807		145	251	481	396	599	117	
408.3111_1.68		47	22	65		83	87			24
433.3313_1.99		1260	1222	473	514	421	210			
331.2843_2		105	709	512	673	512	794			
684.343_2.03		120		6342	183	6799	313		1136	
356.2276_4.84		41	88	42		161	72	20		
191.1214_6.32	389			82	105	189	43	477		
178.1439_7.71	5716	27305	33243		8138	406				2114
467.8028_8.43		856		487	1840	304	248			377
489.3223_8.61		11		10	25	2	6	21		
473.6432_10.32		182				140	156	102	116	1
471.2756_10.35		126	39			60	46	118	30	
719.9096_10.55		90		11		13		8	17	2
510.3121_11	78	163				86	32	57	33	
509.9778_11.01	30	193				135	191	244	27	
532.345_11.22		536			99	214	147	381	159	
539.6632_11.48	30	236				175	39	39	35	
547.3552_11.48		117		25		197	51	79	38	
547.0204_11.49		248			38	118	39	305	40	
576.3706_12.03	511	304				192	139	117	53	
463.5509_13.14		173			25	140	182	105	27	
480.5552_13.99		133		21	25	38		70		22
650.0824_14.08		105	45	54			139	52		142
512.2704_2.49				656		162	32	34	130	
311.076_3.94						279	443	168	503	263
478.312_6.46		143	70	195	392	205				
370.7351_7.69	42	69			186	44		33		
429.9419_9.95		113		61		27		124	27	
465.9511_10.33		36				132	30	35	55	
701.4474_10.36		141			5	94	62		50	
485.9511_10.56		24				44	142	70	89	
502.9942_10.78		379				1	10	140	72	
515.3019_10.98		74		38		128		68	33	
515.6365_10.98		209				5	56	33	30	
518.004_11.02		95				78	236	149	79	
554.0038_11.77		123				43		151	33	1
576.0276_12.34		349				43	302	197	48	
605.3785_13.08		273					35	80	39	34
620.3966_13.12					73	87	53	37	56	
470.0502_13.5		34		19	23	23	22			
635.0723_13.52	12	103	4	39			3			
290.1598_1.96			288	1126		198	245			
276.2685_5.84	48	77	42					28		
441.9249_9.93		33		31				28	65	
456.6002_10.13		127				35	204	110		
451.2758_10.14		115				34	35	49		
679.434_10.14		124	57				94			29
480.9611_10.57		31				34	72	36		
500.9611_10.76		88		60		39			74	
524.9872_11.23		119				99	33	114		
539.3287_11.48		157					159	27	51	
561.6952_11.75		307				207		219	67	
561.6864_12.03		218					142	87	85	
605.7219_12.71	25	78	53						37	
458.542_13.11	27					29	23		24	
507.5772_15.11		101			42	40		60		
286.0743_3.69		217	144	2						
360.2148_7.48		36			90	21				
387.246_7.48		16	23		41					
701.3923_7.48					355			84	63	
349.2239_7.52		27		25	39					
740.4636_7.7	104	154			1004					
415.2633_8.06					59	352				34
234.0741_8.32						78	51			140
489.8161_8.62		4779			1921			1102		
587.8314_9.35		125					145		90	
415.2663_9.73		35					62	31		
632.3588_9.73		152				81			52	
631.8572_9.74		121					93	140		
634.8916_9.89		125	2	89						
423.932_9.95		55					43	31		
675.8829_10.14		93				79		94		
471.6099_10.34		133	29					29		
767.4863_10.99		188					152	175		
510.3312_11.01		60						28	25	
789.4995_11.28		125				83				18
544.9873_11.5		46					104	122		
554.6721_11.74		41				44		34		
576.705_12.03		69		35				47		
591.0465_12.36		175	136				87			
481.3075_14.03			15			26			20	
513.575_15.67		33							21	20
250.0744_3.5		31				39				
286.0744_3.6		172	144							
533.3261_4.86		7661	3471							
402.2693_5.4			76	97						
212.2372_5.69		20								16
212.1435_6						56			87	
279.2919_7.09		69						26		
335.2223_7.31					42	20				
409.259_7.64		39	103							
412.2281_7.87	78				774					
434.2412_8.05		55			201					
569.3691_9.17	120	87								
405.9321_9.52		30						68		
609.8438_9.55		98							79	
405.5977_9.56		140						89		
613.3807_9.72		83							24	
612.879_9.73		106						55		
436.6_9.95							35		27	
645.8837_9.95		56							61	
442.2594_9.96		65						96		
451.6102_10.13		35						32		
679.9356_10.13					55	51				
676.3847_10.15			64				70			
466.2854_10.35							31	30		
697.8964_10.35		132							53	
723.4608_10.55						62			61	
482.2986_10.77		142						135		
495.6364_10.77		242		52						
500.6268_10.77		137					90			
495.3022_10.78				31				185		
745.4741_10.78		204	99							
501.2953_10.8							70	38		
510.6464_10.98		37						57		
545.3212_11.49		47	19							
544.6528_11.51		91							41	
562.0298_11.75		390						138		
559.6627_11.76							42		6	
559.3283_11.79								35	40	
584.0231_12.33			34			57				
588.679_12.34	6								62	
591.3809_12.35							78	61		
576.3618_12.36		126				152				
590.7029_12.65		44				49				
606.0563_12.7							45	16		
635.741_13.59		39				49				
465.2904_13.72	19							24		
664.4231_14.59	36		70							
502.5685_15.1		32					70			
390.4001_5.64		44								
119.0845_5.71									2	
332.2187_5.72					39					
91.0533_5.73			1							
332.442_5.73		33								
300.3257_5.96		71								
293.3075_6.99		29								
279.7936_7.09		22								
386.2562_7.32				25						
362.1908_7.45			33							
371.2369_7.69						328				
422.6928_7.86					559					
444.2042_8.06					150					
414.7616_8.07					135					
521.7924_8.79					147					
568.8534_9.35						125				
591.3689_9.54									71	
400.2566_9.55		26								
427.2496_9.73						39				
623.8701_9.75		64								
634.8363_9.75	53									
422.2593_9.76							520			
635.91_9.76		67								
624.3719_9.77		54								
657.9232_9.93		60								
653.8705_9.94		166								
457.2689_10.16								27		
471.9441_10.32							37			
689.9094_10.32		98								
690.4107_10.32				51						
701.9487_10.33										1
466.6194_10.35								27		
723.9625_10.55		44								
481.2953_10.57		35								
486.6195_10.57			26							
700.9311_10.57						49				
495.6557_10.78								41		
515.9706_10.98								31		
755.9483_10.98		54								
709.4446_11.26		48								
530.6466_11.28		32								
539.9977_11.49		28								
539.6823_11.5								48		
554.3373_11.76		100								
561.6957_11.9						2				
574.004_12.03		116								
568.6788_12.04								51		
569.0129_12.06		134								
598.3644_12.66		46								
603.3545_12.74							52			
598.0302_12.75						42				
605.7125_13.11							36			
469.7995_13.5								28		
679.0977_15.08			51							
525.09_15.68			30							
